date,AUD,BYN,CAD,CHF,CNY,EUR,GBP,JPY,KGS,NOK,RUB,TRY,USD,UZS,ZAR
2005-01-01,101.270000,0.060000,108.120000,114.890000,15.710000,177.280000,250.650000,1.268000,3.120000,21.520000,4.680000,,130.000000,0.120000,23.160000
2005-01-06,99.360000,0.060000,106.230000,111.230000,15.710000,172.590000,244.280000,1.245000,3.190000,20.790000,4.690000,94.440000,130.000000,0.120000,22.380000
2005-01-07,98.610000,0.060000,105.650000,110.560000,15.710000,171.460000,243.840000,1.240000,3.190000,20.730000,4.660000,92.790000,130.000000,0.120000,21.720000
2005-01-08,99.090000,0.060000,105.430000,110.930000,15.710000,171.630000,244.200000,1.244000,3.180000,20.810000,4.680000,93.940000,130.010000,0.120000,21.470000
2005-01-11,98.610000,0.060000,105.780000,110.100000,15.710000,170.220000,243.850000,1.244000,3.180000,20.700000,4.690000,93.390000,130.040000,0.120000,21.570000
2005-01-12,98.950000,0.060000,106.430000,110.360000,15.710000,170.600000,243.920000,1.248000,3.180000,20.780000,4.650000,94.240000,130.010000,0.120000,21.870000
2005-01-13,98.260000,0.060000,106.540000,109.920000,15.710000,170.200000,243.240000,1.258000,3.180000,20.770000,4.660000,94.240000,130.010000,0.120000,21.550000
2005-01-14,99.490000,0.060000,108.150000,111.130000,15.710000,171.980000,245.620000,1.270000,3.180000,20.990000,4.660000,95.760000,130.000000,0.120000,21.760000
2005-01-15,98.380000,0.060000,107.040000,109.600000,15.710000,169.810000,242.450000,1.263000,3.180000,20.790000,4.650000,95.520000,130.000000,0.120000,21.450000
2005-01-18,98.700000,0.060000,107.050000,110.360000,15.710000,170.510000,243.340000,1.277000,3.180000,20.800000,4.640000,97.370000,129.990000,0.120000,21.520000
2005-01-19,97.690000,0.060000,106.230000,109.530000,15.700000,169.310000,241.390000,1.268000,3.180000,20.730000,4.620000,96.860000,129.980000,0.120000,21.380000
2005-01-20,99.220000,0.060000,106.790000,110.360000,15.710000,170.260000,243.920000,1.269000,3.180000,20.910000,4.620000,97.310000,130.000000,0.120000,21.610000
2005-01-21,98.700000,0.060000,105.650000,109.650000,15.710000,168.910000,242.620000,1.261000,3.180000,20.700000,4.620000,97.020000,130.010000,0.120000,21.410000
2005-01-22,99.350000,0.060000,105.950000,109.320000,15.720000,168.960000,243.520000,1.255000,3.130000,20.610000,4.630000,96.710000,130.070000,0.120000,21.540000
2005-01-25,100.290000,0.060000,106.790000,110.210000,15.720000,170.290000,245.030000,1.265000,3.130000,20.790000,4.650000,97.220000,130.130000,0.120000,21.910000
2005-01-26,100.580000,0.060000,106.610000,110.330000,15.740000,170.290000,244.840000,1.263000,3.140000,20.780000,4.660000,97.860000,130.250000,0.120000,21.980000
2005-01-27,100.220000,0.060000,105.790000,109.430000,15.770000,169.470000,243.870000,1.261000,3.140000,20.580000,4.650000,97.980000,130.510000,0.120000,21.910000
2005-01-28,101.300000,0.060000,105.940000,110.380000,15.780000,170.760000,245.810000,1.266000,3.150000,20.690000,4.660000,98.820000,130.640000,0.120000,22.100000
2005-01-29,101.000000,0.060000,105.090000,109.920000,15.750000,169.900000,246.030000,1.263000,3.140000,20.600000,4.640000,97.730000,130.370000,0.120000,22.040000
2005-02-01,100.520000,0.060000,104.780000,109.030000,15.710000,169.010000,244.770000,1.253000,3.180000,20.490000,4.620000,97.520000,129.990000,0.120000,21.760000
2005-02-02,100.390000,0.060000,104.790000,109.230000,15.710000,169.470000,244.790000,1.252000,3.180000,20.440000,4.650000,97.530000,130.040000,0.120000,21.710000
2005-02-03,100.770000,0.060000,105.530000,109.660000,15.720000,170.170000,245.320000,1.257000,3.190000,20.580000,4.650000,98.330000,130.130000,0.120000,21.700000
2005-02-04,100.840000,0.060000,105.040000,108.850000,15.720000,169.330000,244.970000,1.250000,3.180000,20.510000,4.650000,98.400000,130.080000,0.120000,21.570000
2005-02-05,99.900000,0.060000,104.700000,108.180000,15.700000,168.560000,244.450000,1.245000,3.180000,20.330000,4.650000,98.620000,129.980000,0.120000,21.170000
2005-02-08,100.180000,0.060000,103.780000,107.060000,15.690000,166.690000,243.050000,1.244000,3.160000,20.080000,4.620000,98.730000,129.830000,0.120000,21.020000
2005-02-09,99.620000,0.060000,103.520000,106.400000,15.700000,166.010000,241.180000,1.233000,3.160000,19.910000,4.610000,98.380000,129.980000,0.120000,20.900000
2005-02-10,99.860000,0.060000,104.340000,106.790000,15.730000,166.210000,241.800000,1.232000,3.170000,19.870000,4.630000,98.260000,130.190000,0.120000,20.850000
2005-02-11,100.930000,0.060000,104.070000,106.860000,15.700000,166.320000,241.710000,1.230000,3.160000,19.810000,4.630000,97.030000,129.970000,0.120000,20.920000
2005-02-12,101.740000,0.060000,104.700000,107.520000,15.700000,167.230000,242.980000,1.231000,3.160000,19.840000,4.630000,98.540000,129.970000,0.120000,21.250000
2005-02-15,102.440000,0.060000,105.740000,108.750000,15.740000,168.930000,245.170000,1.243000,3.160000,20.070000,4.650000,99.240000,130.250000,0.120000,21.520000
2005-02-16,102.550000,0.060000,105.870000,109.220000,15.770000,169.400000,246.540000,1.243000,3.160000,20.210000,4.660000,99.810000,130.550000,0.120000,21.630000
2005-02-17,102.240000,0.060000,106.000000,109.820000,15.780000,169.900000,247.060000,1.242000,3.160000,20.310000,4.660000,99.690000,130.590000,0.120000,21.900000
2005-02-18,102.610000,0.060000,105.540000,110.040000,15.760000,170.200000,246.320000,1.238000,3.160000,20.340000,4.660000,99.380000,130.410000,0.120000,21.890000
2005-02-19,102.190000,0.060000,105.800000,109.890000,15.710000,169.960000,246.470000,1.235000,3.150000,20.470000,4.660000,99.620000,130.050000,0.120000,21.910000
2005-02-22,102.640000,0.060000,105.760000,110.090000,15.720000,170.000000,246.950000,1.233000,3.170000,20.510000,4.660000,99.420000,130.090000,0.120000,21.970000
2005-02-23,103.190000,0.060000,106.080000,111.240000,15.720000,171.390000,247.920000,1.248000,3.170000,20.780000,4.680000,100.100000,130.080000,0.120000,22.310000
2005-02-24,102.690000,0.060000,105.860000,111.800000,15.720000,171.890000,248.180000,1.243000,3.170000,20.830000,4.680000,99.880000,130.100000,0.120000,22.470000
2005-02-25,102.650000,0.060000,104.560000,112.210000,15.720000,172.530000,248.400000,1.243000,3.170000,20.950000,4.690000,100.570000,130.140000,0.120000,22.430000
2005-02-26,101.950000,0.060000,104.820000,111.380000,15.730000,171.770000,248.660000,1.236000,3.170000,20.840000,4.690000,100.890000,130.150000,0.120000,22.400000
2005-03-01,103.130000,0.060000,105.620000,112.210000,15.730000,172.640000,250.530000,1.247000,3.170000,20.990000,4.700000,101.230000,130.180000,0.120000,22.600000
2005-03-02,102.680000,0.060000,105.600000,111.880000,15.730000,171.840000,250.060000,1.244000,3.170000,20.890000,4.700000,101.490000,130.210000,0.120000,22.300000
2005-03-03,101.580000,0.060000,104.930000,111.420000,15.760000,171.280000,249.400000,1.245000,3.170000,20.910000,4.710000,101.760000,130.410000,0.120000,22.150000
2005-03-04,101.920000,0.060000,105.050000,111.000000,15.760000,171.330000,248.960000,1.242000,3.170000,20.890000,4.700000,101.880000,130.420000,0.120000,22.080000
2005-03-05,102.070000,0.060000,104.730000,110.270000,15.740000,170.820000,248.320000,1.235000,3.170000,20.800000,4.690000,102.110000,130.290000,0.120000,21.840000
2005-03-06,102.860000,0.060000,105.510000,111.310000,15.710000,172.150000,249.800000,1.241000,3.190000,20.880000,4.690000,103.590000,130.010000,0.120000,22.260000
2005-03-10,103.490000,0.060000,107.710000,112.050000,15.690000,173.620000,250.670000,1.244000,3.190000,21.270000,4.720000,103.450000,129.880000,0.120000,22.670000
2005-03-11,103.210000,0.060000,108.190000,112.540000,15.690000,174.460000,250.310000,1.249000,3.190000,21.260000,4.730000,102.720000,129.890000,0.120000,22.570000
2005-03-12,102.560000,0.060000,107.880000,112.580000,15.700000,174.340000,249.240000,1.249000,3.190000,21.350000,4.730000,102.740000,129.960000,0.120000,22.350000
2005-03-15,102.520000,0.060000,107.460000,112.270000,15.700000,174.080000,249.200000,1.240000,3.190000,21.350000,4.730000,101.130000,129.900000,0.120000,22.100000
2005-03-16,102.390000,0.060000,107.540000,112.020000,15.700000,173.600000,248.520000,1.240000,3.190000,21.240000,4.730000,100.670000,129.970000,0.120000,21.560000
2005-03-17,103.140000,0.060000,108.380000,112.600000,15.750000,174.230000,250.470000,1.250000,3.200000,21.310000,4.740000,97.880000,130.380000,0.120000,21.290000
2005-03-18,103.360000,0.060000,108.310000,112.990000,15.750000,174.680000,250.880000,1.251000,3.200000,21.460000,4.750000,99.190000,130.340000,0.120000,21.390000
2005-03-19,103.310000,0.060000,108.130000,112.210000,15.760000,173.680000,249.780000,1.244000,3.200000,21.350000,4.740000,99.100000,130.420000,0.120000,21.500000
2005-03-20,103.530000,0.060000,108.480000,111.920000,15.740000,173.480000,250.380000,1.244000,3.170000,21.360000,4.740000,99.460000,130.290000,0.120000,21.580000
2005-03-24,101.500000,0.060000,107.860000,109.710000,15.760000,170.500000,245.710000,1.237000,3.180000,20.880000,4.720000,95.460000,130.440000,0.120000,21.060000
2005-03-25,101.060000,0.060000,107.790000,109.560000,15.790000,170.130000,244.560000,1.230000,3.180000,20.760000,4.720000,96.740000,130.690000,0.120000,21.200000
2005-03-26,101.050000,0.060000,107.690000,109.120000,15.800000,169.540000,244.760000,1.230000,3.190000,20.670000,4.720000,96.870000,130.770000,0.120000,21.030000
2005-03-29,101.350000,0.060000,107.990000,109.500000,15.910000,170.040000,245.270000,1.232000,3.190000,20.750000,4.730000,96.760000,131.690000,0.120000,21.110000
2005-03-30,102.310000,0.060000,109.310000,110.410000,16.000000,171.260000,248.060000,1.236000,3.210000,20.820000,4.760000,95.180000,132.400000,0.120000,20.880000
2005-03-31,102.360000,0.060000,109.730000,110.890000,16.020000,171.970000,248.980000,1.235000,3.210000,21.030000,4.770000,96.530000,132.590000,0.120000,21.130000
2005-04-01,102.510000,0.060000,109.240000,110.750000,16.020000,171.680000,249.260000,1.240000,3.210000,20.920000,4.760000,98.260000,132.550000,0.120000,21.240000
2005-04-02,102.230000,0.060000,109.030000,110.750000,16.010000,171.790000,250.110000,1.235000,3.210000,20.990000,4.750000,98.340000,132.510000,0.120000,21.450000
2005-04-05,101.610000,0.060000,108.500000,109.690000,15.970000,170.330000,247.680000,1.225000,3.200000,20.780000,4.740000,96.670000,132.150000,0.120000,21.310000
2005-04-06,100.130000,0.060000,107.450000,108.280000,15.860000,168.240000,245.990000,1.208000,3.180000,20.620000,4.700000,95.780000,131.260000,0.120000,20.960000
2005-04-07,100.580000,0.060000,107.850000,109.130000,15.860000,169.190000,247.020000,1.214000,3.180000,20.740000,4.710000,97.370000,131.260000,0.120000,21.630000
2005-04-08,100.980000,0.060000,107.720000,109.520000,15.870000,169.690000,246.940000,1.214000,3.180000,20.800000,4.720000,98.010000,131.330000,0.120000,21.610000
2005-04-09,100.530000,0.060000,107.180000,108.540000,15.850000,168.190000,245.070000,1.207000,3.180000,20.580000,4.710000,97.180000,131.150000,0.120000,21.290000
2005-04-12,101.220000,0.060000,106.820000,109.520000,15.800000,169.490000,247.230000,1.212000,3.170000,20.750000,4.710000,97.400000,130.810000,0.120000,21.530000
2005-04-13,101.240000,0.060000,106.000000,109.580000,15.790000,169.660000,247.070000,1.213000,3.160000,20.760000,4.710000,97.250000,130.650000,0.120000,21.300000
2005-04-14,101.660000,0.060000,105.870000,109.120000,15.780000,168.940000,247.200000,1.217000,3.160000,20.640000,4.700000,97.380000,130.600000,0.120000,21.330000
2005-04-15,101.120000,0.060000,105.310000,108.200000,15.760000,167.950000,246.160000,1.210000,3.160000,20.410000,4.690000,96.410000,130.450000,0.120000,21.180000
2005-04-16,100.110000,0.060000,104.940000,107.960000,15.760000,167.600000,245.680000,1.207000,3.160000,20.360000,4.680000,95.010000,130.450000,0.120000,20.740000
2005-04-19,100.220000,0.060000,104.890000,109.540000,15.780000,169.480000,248.110000,1.216000,3.160000,20.640000,4.700000,94.850000,130.610000,0.120000,20.840000
2005-04-20,100.760000,0.060000,105.210000,110.420000,15.870000,170.620000,250.350000,1.223000,3.180000,20.800000,4.730000,95.530000,131.350000,0.120000,21.120000
2005-04-21,101.430000,0.060000,105.920000,110.840000,15.860000,171.150000,251.220000,1.227000,3.180000,20.890000,4.730000,96.470000,131.290000,0.120000,21.350000
2005-04-22,101.750000,0.060000,106.030000,111.440000,15.860000,171.870000,251.010000,1.227000,3.180000,21.090000,4.740000,96.730000,131.260000,0.120000,21.620000
2005-04-23,102.380000,0.060000,106.230000,111.180000,15.880000,171.670000,251.050000,1.236000,3.180000,21.050000,4.740000,96.970000,131.440000,0.120000,21.750000
2005-04-26,103.210000,0.060000,106.850000,111.260000,15.990000,171.610000,252.620000,1.249000,3.200000,21.030000,4.770000,97.320000,132.350000,0.120000,21.860000
2005-04-27,103.050000,0.060000,106.610000,111.180000,15.980000,171.580000,252.100000,1.249000,3.200000,21.090000,4.760000,97.300000,132.230000,0.120000,21.750000
2005-04-28,101.840000,0.060000,105.180000,109.890000,15.860000,169.590000,249.510000,1.236000,3.180000,20.870000,4.720000,96.050000,131.300000,0.120000,21.510000
2005-04-29,102.490000,0.060000,105.330000,110.550000,15.920000,170.290000,250.890000,1.245000,3.190000,20.890000,4.740000,95.970000,131.770000,0.120000,21.680000
2005-04-30,102.930000,0.060000,105.370000,110.950000,15.900000,170.550000,251.590000,1.251000,3.190000,20.920000,4.740000,94.890000,131.610000,0.120000,21.740000
2005-05-04,102.140000,0.060000,104.740000,109.690000,15.900000,169.170000,249.090000,1.252000,3.200000,20.780000,4.730000,95.900000,131.570000,0.120000,21.580000
2005-05-05,102.080000,0.060000,105.090000,110.240000,15.870000,169.990000,249.420000,1.255000,3.190000,20.930000,4.730000,97.190000,131.310000,0.120000,21.730000
2005-05-06,102.570000,0.060000,105.340000,110.170000,15.850000,170.230000,249.660000,1.257000,3.190000,20.930000,4.720000,97.770000,131.160000,0.120000,22.040000
2005-05-07,101.730000,0.060000,104.900000,109.400000,15.790000,169.230000,247.880000,1.248000,3.170000,20.870000,4.700000,96.860000,130.670000,0.120000,21.930000
2005-05-11,101.100000,0.060000,105.510000,108.530000,15.780000,167.820000,245.550000,1.235000,3.190000,20.730000,4.700000,95.970000,130.620000,0.120000,21.140000
2005-05-12,101.650000,0.060000,105.230000,108.930000,15.780000,168.340000,246.780000,1.243000,3.190000,20.840000,4.700000,95.500000,130.640000,0.120000,21.180000
2005-05-13,101.010000,0.060000,105.080000,108.430000,15.840000,167.410000,244.560000,1.236000,3.200000,20.700000,4.700000,96.740000,131.130000,0.120000,21.130000
2005-05-14,100.830000,0.060000,105.390000,108.200000,15.940000,166.960000,245.100000,1.233000,3.220000,20.630000,4.720000,96.480000,131.890000,0.120000,20.870000
2005-05-17,99.680000,0.060000,103.840000,107.580000,15.900000,166.130000,242.280000,1.223000,3.210000,20.530000,4.700000,95.420000,131.630000,0.120000,20.790000
2005-05-18,99.480000,0.060000,103.460000,107.550000,15.860000,166.100000,241.560000,1.226000,3.200000,20.540000,4.690000,95.240000,131.240000,0.120000,20.580000
2005-05-19,98.400000,0.060000,103.150000,106.620000,15.740000,164.360000,238.660000,1.213000,3.180000,20.310000,4.650000,94.610000,130.280000,0.120000,20.280000
2005-05-20,99.120000,0.060000,103.600000,107.110000,15.770000,165.170000,240.360000,1.219000,3.190000,20.350000,4.670000,95.660000,130.530000,0.120000,20.550000
2005-05-21,99.490000,0.060000,104.110000,107.000000,15.810000,165.370000,240.530000,1.218000,3.190000,20.360000,4.680000,96.220000,130.860000,0.120000,20.540000
2005-05-24,99.690000,0.060000,104.370000,106.780000,15.910000,165.210000,240.620000,1.220000,3.210000,20.340000,4.690000,94.880000,131.690000,0.120000,20.200000
2005-05-25,100.150000,0.060000,104.580000,107.130000,15.910000,165.650000,241.060000,1.225000,3.210000,20.450000,4.700000,95.390000,131.690000,0.120000,20.300000
2005-05-26,100.220000,0.060000,104.670000,107.320000,15.930000,165.800000,240.850000,1.227000,3.220000,20.540000,4.700000,95.270000,131.850000,0.120000,20.170000
2005-05-27,100.850000,0.060000,104.570000,107.550000,15.990000,166.190000,241.620000,1.225000,3.230000,20.730000,4.710000,95.880000,132.310000,0.120000,20.370000
2005-05-28,100.660000,0.060000,104.500000,107.240000,15.980000,165.800000,241.220000,1.226000,3.230000,20.760000,4.710000,96.300000,132.270000,0.120000,19.960000
2005-05-31,100.970000,0.060000,105.450000,107.360000,16.010000,165.900000,241.780000,1.228000,3.230000,20.830000,4.720000,96.780000,132.490000,0.120000,20.020000
2005-06-01,100.330000,0.060000,105.200000,106.340000,16.000000,164.020000,240.920000,1.227000,3.230000,20.620000,4.700000,97.580000,132.410000,0.120000,19.780000
2005-06-02,98.840000,0.060000,104.650000,105.240000,15.880000,161.390000,238.800000,1.210000,3.210000,20.370000,4.630000,96.400000,131.390000,0.120000,19.320000
2005-06-03,99.150000,0.060000,105.290000,105.560000,15.910000,161.830000,239.600000,1.217000,3.220000,20.460000,4.650000,97.570000,131.720000,0.120000,19.190000
2005-06-04,100.280000,0.060000,106.310000,106.120000,16.020000,162.830000,241.020000,1.229000,3.240000,20.590000,4.680000,97.450000,132.630000,0.120000,19.520000
2005-06-07,100.700000,0.060000,105.990000,106.060000,15.970000,162.410000,240.700000,1.235000,3.230000,20.600000,4.650000,96.860000,132.210000,0.120000,19.600000
2005-06-08,101.660000,0.060000,106.390000,106.400000,15.980000,162.810000,242.280000,1.241000,3.230000,20.690000,4.660000,97.560000,132.290000,0.120000,19.920000
2005-06-09,101.880000,0.060000,106.280000,106.500000,16.020000,163.230000,243.410000,1.241000,3.230000,20.650000,4.670000,97.140000,132.590000,0.120000,19.900000
2005-06-10,101.760000,0.060000,105.720000,105.830000,16.020000,162.150000,241.900000,1.237000,3.240000,20.480000,4.660000,97.660000,132.620000,0.120000,19.470000
2005-06-11,102.240000,0.060000,106.060000,106.250000,16.100000,162.900000,243.050000,1.241000,3.250000,20.790000,4.680000,98.200000,133.260000,0.120000,19.900000
2005-06-14,102.050000,0.060000,106.560000,105.050000,16.170000,161.450000,241.870000,1.231000,3.260000,20.610000,4.700000,97.280000,133.860000,0.120000,19.810000
2005-06-15,102.550000,0.060000,106.810000,105.580000,16.190000,162.490000,242.420000,1.226000,3.260000,20.660000,4.690000,97.880000,134.000000,0.120000,19.630000
2005-06-16,102.350000,0.060000,107.120000,104.870000,16.180000,161.330000,242.090000,1.226000,3.260000,20.530000,4.680000,97.210000,133.950000,0.120000,19.480000
2005-06-17,102.350000,0.060000,107.710000,104.910000,16.110000,161.320000,242.550000,1.220000,3.250000,20.490000,4.660000,97.850000,133.370000,0.120000,19.690000
2005-06-18,103.650000,0.060000,108.280000,105.620000,16.200000,162.720000,244.730000,1.230000,3.270000,20.690000,4.700000,98.750000,134.100000,0.120000,20.140000
2005-06-21,104.500000,0.060000,109.130000,106.340000,16.240000,164.180000,245.340000,1.235000,3.270000,20.880000,4.720000,99.250000,134.390000,0.120000,20.090000
2005-06-22,104.460000,0.060000,108.740000,105.800000,16.310000,163.150000,245.390000,1.235000,3.290000,20.810000,4.720000,98.900000,135.000000,0.120000,19.910000
2005-06-23,105.490000,0.060000,110.060000,107.380000,16.390000,165.380000,247.320000,1.250000,3.310000,21.050000,4.750000,100.360000,135.680000,0.130000,20.170000
2005-06-24,105.220000,0.060000,109.950000,106.730000,16.430000,164.420000,247.620000,1.251000,3.310000,20.760000,4.750000,100.290000,136.000000,0.120000,20.120000
2005-06-25,104.770000,0.060000,110.060000,106.080000,16.370000,163.370000,246.230000,1.241000,3.300000,20.530000,4.730000,100.220000,135.500000,0.120000,20.100000
2005-06-28,103.880000,0.060000,109.600000,106.580000,16.320000,164.260000,246.900000,1.236000,3.300000,20.700000,4.730000,100.130000,135.080000,0.120000,20.300000
2005-06-29,103.780000,0.060000,109.550000,106.020000,16.340000,163.720000,246.060000,1.231000,3.300000,20.590000,4.730000,100.420000,135.270000,0.120000,20.380000
2005-06-30,103.030000,0.060000,109.700000,105.510000,16.340000,163.000000,245.470000,1.226000,3.300000,20.610000,4.720000,100.420000,135.260000,0.120000,20.050000
2005-07-01,102.860000,0.060000,109.690000,105.180000,16.310000,162.970000,242.940000,1.221000,3.300000,20.620000,4.710000,101.040000,134.990000,0.120000,20.270000
2005-07-02,102.520000,0.060000,109.900000,105.020000,16.340000,163.040000,240.330000,1.218000,3.300000,20.720000,4.720000,101.120000,135.200000,0.120000,20.250000
2005-07-05,101.710000,0.060000,108.940000,104.390000,16.370000,161.610000,238.720000,1.215000,3.310000,20.510000,4.710000,101.160000,135.500000,0.120000,19.880000
2005-07-06,101.210000,0.060000,109.540000,104.340000,16.410000,161.860000,238.870000,1.215000,3.320000,20.510000,4.710000,101.120000,135.800000,0.120000,19.860000
2005-07-07,100.860000,0.060000,109.370000,104.250000,16.410000,161.960000,238.590000,1.216000,3.320000,20.440000,4.710000,100.700000,135.850000,0.120000,19.950000
2005-07-08,100.870000,0.060000,109.840000,104.480000,16.370000,162.000000,237.260000,1.210000,3.310000,20.500000,4.700000,100.000000,135.500000,0.120000,19.920000
2005-07-09,99.990000,0.060000,110.120000,103.720000,16.350000,161.040000,235.030000,1.205000,3.300000,20.460000,4.690000,100.140000,135.290000,0.120000,19.580000
2005-07-12,100.730000,0.060000,111.510000,104.620000,16.360000,162.680000,236.170000,1.210000,3.310000,20.580000,4.720000,100.830000,135.410000,0.120000,19.860000
2005-07-13,102.210000,0.060000,112.020000,106.380000,16.410000,165.460000,240.000000,1.224000,3.320000,20.950000,4.750000,101.580000,135.810000,0.120000,20.420000
2005-07-14,102.160000,0.060000,112.750000,106.250000,16.410000,165.590000,239.710000,1.221000,3.320000,20.990000,4.750000,101.950000,135.850000,0.120000,20.820000
2005-07-15,102.130000,0.060000,112.680000,105.310000,16.400000,163.960000,239.020000,1.213000,3.310000,20.730000,4.740000,101.530000,135.740000,0.120000,20.320000
2005-07-16,102.030000,0.060000,111.970000,105.360000,16.390000,164.290000,238.910000,1.213000,3.310000,20.630000,4.740000,102.410000,135.690000,0.120000,20.580000
2005-07-19,101.730000,0.060000,111.220000,105.090000,16.410000,163.900000,237.280000,1.211000,3.320000,20.630000,4.740000,101.990000,135.800000,0.120000,20.510000
2005-07-20,102.100000,0.060000,111.540000,104.440000,16.450000,163.240000,236.850000,1.208000,3.320000,20.350000,4.740000,102.190000,136.120000,0.120000,20.330000
2005-07-21,102.340000,0.060000,111.850000,105.010000,16.440000,164.170000,235.770000,1.204000,3.320000,20.580000,4.750000,102.090000,136.040000,0.120000,20.420000
2005-07-22,103.290000,0.060000,111.500000,105.640000,16.400000,165.070000,237.200000,1.207000,3.310000,20.700000,4.750000,102.220000,135.700000,0.120000,20.730000
2005-07-23,104.170000,0.060000,111.740000,105.780000,16.730000,165.250000,238.010000,1.224000,3.310000,20.750000,4.750000,102.660000,135.720000,0.120000,20.670000
2005-07-26,103.290000,0.060000,111.520000,104.800000,16.730000,163.710000,235.860000,1.215000,3.310000,20.660000,4.730000,101.430000,135.710000,0.120000,20.390000
2005-07-27,103.080000,0.060000,111.230000,104.520000,16.740000,163.090000,235.870000,1.211000,3.310000,20.660000,4.730000,101.090000,135.760000,0.120000,20.340000
2005-07-28,102.250000,0.060000,110.090000,104.260000,16.720000,162.800000,235.740000,1.205000,3.310000,20.590000,4.720000,101.150000,135.640000,0.120000,20.350000
2005-07-29,102.500000,0.060000,109.950000,104.670000,16.740000,163.690000,236.680000,1.204000,3.310000,20.690000,4.730000,101.540000,135.710000,0.120000,20.440000
2005-07-30,103.200000,0.060000,110.520000,105.300000,16.760000,164.220000,238.130000,1.210000,3.320000,20.810000,4.740000,102.480000,135.840000,0.120000,20.570000
2005-08-02,103.480000,0.060000,111.670000,106.400000,16.760000,166.030000,240.040000,1.215000,3.320000,21.160000,4.760000,102.850000,135.870000,0.120000,20.790000
2005-08-03,103.960000,0.060000,112.010000,106.750000,16.770000,166.140000,240.880000,1.221000,3.320000,21.190000,4.760000,102.560000,135.890000,0.120000,20.950000
2005-08-04,103.980000,0.060000,111.990000,106.850000,16.760000,166.280000,240.960000,1.218000,3.320000,21.180000,4.750000,103.170000,135.820000,0.120000,20.920000
2005-08-05,104.400000,0.060000,111.520000,107.130000,16.710000,166.750000,240.340000,1.217000,3.310000,21.230000,4.760000,103.320000,135.450000,0.120000,21.080000
2005-08-06,104.420000,0.060000,111.660000,107.670000,16.730000,167.800000,240.960000,1.215000,3.310000,21.340000,4.780000,103.240000,135.560000,0.120000,21.090000
2005-08-09,104.110000,0.060000,111.790000,107.700000,16.750000,167.990000,242.590000,1.212000,3.320000,21.190000,4.780000,103.180000,135.830000,0.120000,21.080000
2005-08-10,103.370000,0.060000,111.710000,107.770000,16.720000,167.750000,241.880000,1.210000,3.310000,21.230000,4.780000,102.390000,135.570000,0.120000,21.080000
2005-08-11,103.610000,0.060000,111.450000,107.930000,16.730000,167.930000,242.760000,1.222000,3.310000,21.220000,4.780000,102.790000,135.580000,0.120000,21.280000
2005-08-12,104.170000,0.060000,111.950000,108.060000,16.710000,167.940000,244.070000,1.228000,3.310000,21.270000,4.770000,102.300000,135.340000,0.120000,21.270000
2005-08-13,104.680000,0.060000,112.800000,108.500000,16.700000,168.560000,245.600000,1.236000,3.300000,21.380000,4.780000,100.840000,135.230000,0.120000,21.380000
2005-08-16,104.300000,0.060000,112.870000,107.880000,16.680000,167.220000,244.590000,1.233000,3.300000,21.010000,4.760000,99.670000,135.050000,0.120000,21.070000
2005-08-17,103.980000,0.060000,112.610000,107.680000,16.720000,167.040000,245.240000,1.240000,3.310000,20.980000,4.760000,100.600000,135.410000,0.120000,21.080000
2005-08-18,103.440000,0.060000,112.730000,107.440000,16.730000,166.490000,244.660000,1.233000,3.310000,21.030000,4.760000,99.110000,135.480000,0.120000,20.970000
2005-08-19,102.990000,0.060000,111.910000,107.630000,16.750000,166.400000,245.130000,1.231000,3.310000,20.970000,4.760000,99.380000,135.650000,0.120000,20.970000
2005-08-20,101.690000,0.060000,110.960000,106.280000,16.710000,164.470000,242.560000,1.224000,3.310000,20.620000,4.730000,98.520000,135.370000,0.120000,20.710000
2005-08-23,102.210000,0.060000,111.890000,106.310000,16.710000,164.990000,243.370000,1.235000,3.310000,20.680000,4.740000,99.170000,135.470000,0.120000,20.830000
2005-08-24,102.440000,0.060000,112.870000,106.800000,16.730000,165.910000,243.900000,1.233000,3.310000,20.700000,4.750000,100.010000,135.570000,0.120000,20.950000
2005-08-25,102.000000,0.060000,112.960000,106.180000,16.730000,165.090000,242.870000,1.226000,3.310000,20.750000,4.740000,98.760000,135.500000,0.120000,20.940000
2005-08-26,102.840000,0.060000,113.890000,107.570000,16.710000,166.550000,244.130000,1.231000,3.300000,20.990000,4.760000,98.430000,135.340000,0.120000,20.980000
2005-08-27,102.710000,0.060000,113.410000,107.770000,16.720000,166.650000,244.440000,1.235000,3.310000,21.000000,4.760000,99.580000,135.380000,0.120000,21.010000
2005-08-28,102.300000,0.060000,112.990000,107.410000,16.700000,166.050000,243.420000,1.228000,3.300000,20.920000,4.760000,99.740000,135.250000,0.120000,20.910000
2005-09-01,101.230000,0.060000,113.600000,106.600000,16.710000,165.250000,241.530000,1.215000,3.300000,20.980000,4.740000,100.130000,135.320000,0.120000,20.880000
2005-09-02,102.380000,0.060000,113.920000,108.250000,16.720000,167.460000,244.690000,1.223000,3.300000,21.330000,4.760000,101.230000,135.350000,0.120000,21.310000
2005-09-03,103.360000,0.060000,114.190000,110.120000,16.680000,169.820000,248.420000,1.236000,3.300000,21.850000,4.780000,101.090000,135.060000,0.120000,21.660000
2005-09-06,103.780000,0.060000,113.990000,109.970000,16.710000,169.550000,249.530000,1.240000,3.300000,21.680000,4.800000,101.210000,135.010000,0.120000,21.770000
2005-09-07,103.150000,0.060000,113.150000,108.780000,16.680000,167.840000,247.900000,1.229000,3.290000,21.450000,4.770000,101.280000,134.700000,0.120000,21.420000
2005-09-08,103.170000,0.060000,113.160000,108.640000,16.640000,167.720000,247.260000,1.223000,3.280000,21.490000,4.760000,101.050000,134.390000,0.120000,21.320000
2005-09-09,103.340000,0.060000,113.380000,108.230000,16.640000,166.900000,246.940000,1.216000,3.280000,21.460000,4.750000,100.600000,134.350000,0.120000,21.260000
2005-09-10,103.780000,0.060000,113.890000,108.010000,16.630000,166.720000,246.650000,1.214000,3.280000,21.430000,4.750000,100.840000,134.320000,0.120000,21.330000
2005-09-13,103.430000,0.060000,113.260000,107.040000,16.590000,165.230000,245.050000,1.221000,3.270000,21.220000,4.730000,100.430000,134.010000,0.120000,21.160000
2005-09-14,103.070000,0.060000,113.100000,106.400000,16.590000,164.580000,243.880000,1.209000,3.270000,21.030000,4.720000,100.530000,134.010000,0.120000,21.010000
2005-09-15,103.280000,0.060000,113.730000,106.510000,16.600000,164.760000,244.530000,1.215000,3.280000,21.090000,4.740000,99.990000,134.090000,0.120000,21.180000
2005-09-16,102.910000,0.060000,113.070000,105.990000,16.600000,163.790000,242.630000,1.213000,3.270000,21.040000,4.720000,100.010000,134.010000,0.120000,20.970000
2005-09-17,102.950000,0.060000,113.400000,106.030000,16.600000,164.410000,242.530000,1.210000,3.270000,21.120000,4.730000,100.250000,134.030000,0.120000,21.170000
2005-09-20,102.510000,0.060000,113.630000,105.140000,16.630000,162.980000,241.900000,1.204000,3.280000,20.890000,4.720000,99.910000,134.180000,0.120000,20.910000
2005-09-21,103.400000,0.060000,114.780000,105.040000,16.610000,163.010000,241.920000,1.204000,3.280000,20.980000,4.720000,100.110000,134.100000,0.120000,21.000000
2005-09-22,103.270000,0.060000,114.720000,105.600000,16.600000,163.790000,242.680000,1.205000,3.280000,21.030000,4.730000,100.040000,134.010000,0.120000,21.130000
2005-09-23,102.940000,0.060000,115.100000,105.400000,16.590000,163.620000,242.030000,1.205000,3.280000,21.050000,4.720000,100.340000,133.950000,0.120000,21.140000
2005-09-24,101.850000,0.060000,114.170000,104.430000,16.590000,162.420000,239.100000,1.200000,3.280000,20.860000,4.710000,99.830000,133.920000,0.120000,21.120000
2005-09-27,101.600000,0.060000,113.960000,103.970000,16.610000,161.790000,237.960000,1.193000,3.280000,20.670000,4.700000,99.490000,134.110000,0.120000,21.060000
2005-09-28,101.320000,0.060000,114.240000,103.660000,16.600000,161.370000,237.200000,1.188000,3.280000,20.630000,4.700000,99.920000,134.040000,0.120000,21.080000
2005-09-29,101.420000,0.060000,113.640000,103.340000,16.580000,160.840000,236.690000,1.184000,3.280000,20.570000,4.690000,99.320000,133.890000,0.120000,20.760000
2005-09-30,101.960000,0.060000,114.220000,103.600000,16.580000,161.390000,236.410000,1.188000,3.280000,20.660000,4.700000,99.730000,133.890000,0.120000,21.040000
2005-10-01,101.700000,0.060000,114.620000,103.470000,16.570000,160.900000,235.370000,1.182000,3.280000,20.470000,4.690000,99.210000,133.830000,0.120000,21.040000
2005-10-04,101.730000,0.060000,114.660000,102.590000,16.550000,159.450000,234.560000,1.173000,3.270000,20.230000,4.670000,97.950000,133.700000,0.120000,20.840000
2005-10-05,101.980000,0.060000,114.440000,102.820000,16.550000,159.400000,234.780000,1.169000,3.270000,20.250000,4.670000,100.280000,133.670000,0.120000,20.830000
2005-10-06,101.550000,0.060000,114.020000,103.090000,16.550000,159.900000,236.030000,1.176000,3.270000,20.280000,4.670000,99.230000,133.660000,0.120000,20.760000
2005-10-07,101.450000,0.060000,113.360000,104.070000,16.540000,160.910000,236.070000,1.173000,3.270000,20.410000,4.680000,98.320000,133.570000,0.120000,20.390000
2005-10-08,101.320000,0.060000,113.270000,104.910000,16.540000,162.470000,236.480000,1.179000,3.270000,20.600000,4.690000,99.010000,133.610000,0.120000,20.440000
2005-10-11,101.590000,0.060000,113.820000,104.680000,16.560000,162.250000,235.470000,1.174000,3.270000,20.570000,4.700000,99.610000,133.670000,0.120000,20.530000
2005-10-12,101.250000,0.060000,113.740000,104.070000,16.570000,161.020000,234.380000,1.175000,3.270000,20.540000,4.680000,99.510000,133.740000,0.120000,20.580000
2005-10-13,100.730000,0.060000,114.030000,103.540000,16.570000,160.260000,233.240000,1.168000,3.270000,20.470000,4.670000,99.100000,133.740000,0.120000,20.420000
2005-10-14,100.470000,0.060000,114.150000,103.350000,16.580000,160.370000,233.940000,1.166000,3.280000,20.570000,4.680000,98.270000,133.850000,0.120000,20.210000
2005-10-15,100.650000,0.060000,113.290000,103.840000,16.600000,160.890000,235.020000,1.169000,3.280000,20.550000,4.680000,98.100000,133.900000,0.120000,20.410000
2005-10-18,100.830000,0.060000,113.460000,104.200000,16.600000,161.720000,236.340000,1.171000,3.280000,20.710000,4.700000,98.630000,134.070000,0.120000,20.630000
2005-10-19,100.350000,0.060000,113.470000,103.440000,16.630000,160.710000,234.460000,1.160000,3.290000,20.560000,4.690000,98.630000,134.230000,0.120000,20.520000
2005-10-20,100.030000,0.060000,113.530000,102.860000,16.590000,159.590000,234.400000,1.158000,3.280000,20.400000,4.670000,97.770000,133.940000,0.120000,20.330000
2005-10-21,100.700000,0.060000,114.040000,103.480000,16.590000,160.440000,236.910000,1.161000,3.280000,20.580000,4.680000,98.280000,134.020000,0.120000,20.430000
2005-10-22,100.590000,0.060000,113.820000,104.170000,16.560000,161.070000,237.740000,1.161000,3.270000,20.670000,4.680000,98.240000,133.710000,0.120000,20.340000
2005-10-23,100.270000,0.060000,112.750000,103.580000,16.570000,159.970000,237.030000,1.155000,3.280000,20.510000,4.670000,98.310000,133.800000,0.120000,20.370000
2005-10-27,101.140000,0.060000,113.730000,104.540000,16.570000,161.670000,237.920000,1.161000,3.280000,20.650000,4.700000,99.240000,133.820000,0.120000,20.270000
2005-10-29,101.160000,0.060000,114.500000,105.450000,16.600000,162.860000,238.800000,1.164000,3.280000,20.860000,4.720000,99.330000,134.000000,0.120000,20.020000
2005-11-01,100.830000,0.060000,114.360000,104.930000,16.640000,162.100000,238.960000,1.160000,3.290000,20.750000,4.710000,99.750000,134.210000,0.120000,20.010000
2005-11-02,99.740000,0.060000,113.320000,103.820000,16.560000,160.600000,236.830000,1.148000,3.280000,20.630000,4.680000,99.240000,133.820000,0.120000,20.010000
2005-11-03,99.180000,0.060000,113.740000,103.950000,16.580000,160.660000,235.960000,1.144000,3.270000,20.680000,4.680000,99.310000,133.770000,0.120000,20.060000
2005-11-04,99.300000,0.060000,113.620000,104.670000,16.600000,161.480000,237.670000,1.146000,3.290000,20.750000,4.690000,99.550000,133.920000,0.120000,20.250000
2005-11-05,98.940000,0.060000,113.330000,103.680000,16.570000,160.060000,236.730000,1.140000,3.290000,20.560000,4.690000,99.120000,133.950000,0.120000,20.250000
2005-11-08,98.370000,0.060000,113.330000,102.750000,16.630000,158.430000,234.620000,1.139000,3.290000,20.380000,4.670000,98.670000,134.160000,0.120000,20.040000
2005-11-09,98.180000,0.060000,112.640000,102.090000,16.620000,157.450000,233.080000,1.140000,3.300000,20.220000,4.660000,98.510000,134.370000,0.120000,19.930000
2005-11-10,98.690000,0.060000,112.920000,102.620000,16.630000,158.250000,234.230000,1.146000,3.300000,20.330000,4.660000,99.020000,134.420000,0.120000,20.060000
2005-11-11,98.440000,0.060000,113.150000,102.620000,16.620000,158.010000,234.540000,1.142000,3.300000,20.410000,4.660000,98.770000,134.330000,0.120000,19.960000
2005-11-12,98.240000,0.060000,112.920000,102.250000,16.620000,157.170000,233.830000,1.139000,3.300000,20.300000,4.650000,98.320000,134.330000,0.120000,19.840000
2005-11-15,98.390000,0.060000,112.790000,102.540000,16.640000,157.790000,234.430000,1.138000,3.290000,20.320000,4.660000,98.730000,134.230000,0.120000,20.020000
2005-11-16,97.900000,0.060000,112.460000,101.920000,16.630000,157.040000,233.250000,1.129000,3.290000,20.160000,4.650000,98.650000,134.200000,0.120000,19.820000
2005-11-17,98.120000,0.060000,112.540000,101.850000,16.640000,157.370000,232.880000,1.126000,3.300000,20.130000,4.660000,98.890000,134.240000,0.120000,19.870000
2005-11-18,98.220000,0.060000,112.600000,101.420000,16.610000,156.800000,230.660000,1.131000,3.290000,20.070000,4.650000,99.040000,134.200000,0.120000,19.960000
2005-11-19,97.930000,0.060000,112.700000,101.160000,16.580000,156.520000,229.240000,1.124000,3.290000,19.920000,4.640000,97.940000,133.980000,0.120000,19.980000
2005-11-22,98.560000,0.060000,112.830000,102.240000,16.610000,158.310000,230.560000,1.128000,3.290000,20.090000,4.660000,98.310000,133.990000,0.120000,20.140000
2005-11-23,98.330000,0.060000,113.150000,101.380000,16.570000,156.840000,229.330000,1.124000,3.290000,19.920000,4.650000,98.120000,133.940000,0.120000,20.260000
2005-11-24,98.800000,0.060000,114.080000,102.140000,16.580000,158.220000,230.720000,1.130000,3.290000,20.110000,4.650000,98.550000,133.890000,0.120000,20.390000
2005-11-25,98.930000,0.060000,114.350000,101.900000,16.590000,158.030000,230.820000,1.127000,3.260000,20.080000,4.660000,98.750000,134.000000,0.120000,20.540000
2005-11-26,98.650000,0.060000,114.260000,101.610000,16.600000,157.590000,230.460000,1.124000,3.260000,19.970000,4.660000,98.900000,134.060000,0.120000,20.540000
2005-11-29,98.330000,0.060000,114.630000,101.530000,16.600000,156.980000,229.200000,1.120000,3.260000,19.980000,4.650000,98.650000,134.170000,0.120000,20.570000
2005-11-30,99.310000,0.060000,114.780000,102.430000,16.600000,158.470000,231.350000,1.126000,3.260000,19.990000,4.670000,98.840000,134.070000,0.110000,20.730000
2005-12-01,99.040000,0.060000,114.890000,102.060000,16.620000,157.980000,230.800000,1.122000,3.260000,19.860000,4.660000,99.170000,134.180000,0.110000,20.710000
2005-12-02,99.260000,0.060000,115.000000,102.130000,16.600000,157.920000,232.140000,1.118000,3.260000,19.830000,4.660000,98.970000,134.100000,0.110000,20.760000
2005-12-03,99.550000,0.060000,114.840000,101.550000,16.580000,156.790000,231.400000,1.109000,3.250000,19.770000,4.620000,98.450000,133.890000,0.110000,20.890000
2005-12-06,100.320000,0.060000,115.350000,101.580000,16.590000,156.870000,232.000000,1.106000,3.250000,19.870000,4.620000,98.720000,134.010000,0.110000,21.040000
2005-12-07,101.060000,0.060000,115.940000,102.630000,16.610000,158.060000,234.040000,1.108000,3.260000,20.070000,4.640000,99.030000,134.180000,0.110000,21.300000
2005-12-08,100.350000,0.060000,115.570000,102.320000,16.610000,157.590000,232.520000,1.110000,3.250000,19.800000,4.630000,99.020000,134.070000,0.110000,21.280000
2005-12-09,100.260000,0.060000,115.620000,102.590000,16.610000,157.810000,233.560000,1.114000,3.260000,19.900000,4.630000,98.850000,134.090000,0.110000,21.210000
2005-12-10,100.440000,0.060000,115.540000,102.630000,16.610000,157.780000,234.180000,1.113000,3.260000,19.880000,4.640000,98.890000,134.100000,0.110000,21.150000
2005-12-13,100.980000,0.060000,116.040000,103.520000,16.600000,159.260000,236.370000,1.112000,3.250000,20.080000,4.650000,98.980000,134.020000,0.110000,21.120000
2005-12-14,101.120000,0.060000,116.230000,103.640000,16.600000,159.750000,237.270000,1.115000,3.250000,20.060000,4.660000,99.480000,134.000000,0.110000,21.130000
2005-12-15,101.310000,0.060000,116.720000,104.370000,16.580000,161.100000,238.140000,1.131000,3.240000,20.280000,4.670000,99.750000,133.870000,0.110000,21.380000
2005-12-16,100.380000,0.060000,115.800000,104.070000,16.570000,160.540000,236.760000,1.150000,3.240000,20.180000,4.660000,99.530000,133.770000,0.110000,21.150000
2005-12-21,98.770000,0.060000,114.560000,103.150000,16.560000,160.070000,235.600000,1.146000,3.240000,19.970000,4.660000,99.080000,133.660000,0.110000,21.040000
2005-12-22,98.150000,0.060000,114.010000,102.190000,16.540000,158.680000,234.540000,1.141000,3.230000,19.680000,4.640000,98.950000,133.580000,0.110000,21.020000
2005-12-23,97.670000,0.060000,114.480000,101.550000,16.530000,157.790000,232.450000,1.137000,3.230000,19.690000,4.630000,98.680000,133.460000,0.110000,20.950000
2005-12-24,97.520000,0.060000,114.570000,101.810000,16.540000,158.480000,232.010000,1.146000,3.230000,19.720000,4.640000,99.080000,133.510000,0.110000,20.970000
2005-12-27,97.750000,0.060000,114.650000,101.650000,16.560000,158.450000,231.570000,1.148000,3.240000,19.780000,4.640000,99.300000,133.660000,0.110000,21.020000
2005-12-28,97.480000,0.060000,114.620000,101.920000,16.560000,158.650000,231.900000,1.143000,3.240000,19.760000,4.640000,99.260000,133.700000,0.110000,21.080000
2005-12-29,97.590000,0.060000,114.510000,102.290000,16.570000,159.310000,232.430000,1.142000,3.240000,19.840000,4.650000,99.240000,133.780000,0.110000,21.110000
2005-12-30,97.890000,0.060000,115.020000,102.050000,16.610000,158.990000,230.700000,1.138000,3.240000,19.770000,4.660000,99.340000,133.980000,0.110000,21.120000
2005-12-31,98.190000,0.060000,115.120000,101.900000,16.580000,158.540000,231.010000,1.141000,3.240000,19.780000,4.650000,99.020000,133.770000,0.110000,21.150000
2006-01-05,99.330000,0.060000,115.850000,103.930000,16.590000,161.180000,234.510000,1.154000,3.240000,20.300000,4.660000,99.930000,133.800000,0.110000,21.670000
2006-01-06,99.940000,0.060000,116.450000,104.530000,16.590000,161.900000,234.460000,1.155000,3.240000,20.430000,4.660000,100.310000,133.810000,0.110000,21.720000
2006-01-07,99.850000,0.060000,114.800000,104.730000,16.600000,161.800000,234.680000,1.152000,3.240000,20.400000,4.670000,100.370000,133.850000,0.110000,21.830000
2006-01-10,100.670000,0.060000,114.540000,104.870000,16.600000,161.730000,236.260000,1.173000,3.240000,20.410000,4.670000,100.470000,133.820000,0.110000,21.960000
2006-01-13,100.930000,0.060000,115.450000,104.880000,16.580000,162.290000,236.120000,1.173000,3.240000,20.150000,4.710000,100.190000,133.650000,0.110000,22.250000
2006-01-14,100.610000,0.060000,115.070000,104.230000,16.560000,161.270000,236.340000,1.168000,3.230000,20.010000,4.690000,99.730000,133.600000,0.110000,21.980000
2006-01-15,100.870000,0.060000,115.130000,104.560000,16.550000,161.770000,237.020000,1.167000,3.230000,20.130000,4.700000,99.900000,133.510000,0.110000,22.190000
2006-01-17,100.760000,0.060000,115.240000,104.710000,16.550000,162.130000,236.970000,1.165000,3.230000,20.170000,4.720000,100.080000,133.510000,0.110000,22.380000
2006-01-18,100.560000,0.060000,115.140000,104.340000,16.520000,161.620000,235.700000,1.161000,3.220000,19.970000,4.710000,100.060000,133.230000,0.110000,22.230000
2006-01-19,99.800000,0.060000,114.470000,104.360000,16.490000,161.560000,235.320000,1.157000,3.220000,19.940000,4.710000,99.590000,133.100000,0.110000,21.960000
2006-01-20,99.140000,0.060000,113.210000,103.560000,16.500000,160.710000,233.610000,1.154000,3.220000,19.710000,4.700000,99.730000,133.090000,0.110000,22.090000
2006-01-21,99.490000,0.060000,114.250000,103.370000,16.500000,160.450000,233.420000,1.153000,3.220000,19.750000,4.700000,99.580000,132.940000,0.110000,22.150000
2006-01-24,99.830000,0.060000,115.110000,104.750000,16.460000,162.230000,235.520000,1.157000,3.200000,20.140000,4.730000,100.110000,132.700000,0.110000,22.300000
2006-01-25,99.300000,0.060000,114.850000,104.960000,16.430000,162.540000,236.070000,1.155000,3.200000,20.140000,4.730000,100.030000,132.470000,0.110000,22.100000
2006-01-26,99.630000,0.060000,115.110000,105.040000,16.420000,162.750000,236.290000,1.153000,3.200000,20.260000,4.740000,100.200000,132.380000,0.110000,21.990000
2006-01-27,99.540000,0.060000,114.750000,104.420000,16.380000,161.640000,235.880000,1.141000,3.190000,20.010000,4.720000,99.770000,132.050000,0.110000,21.670000
2006-01-28,99.410000,0.060000,115.010000,104.020000,16.380000,161.300000,235.050000,1.135000,3.220000,19.930000,4.720000,99.920000,132.090000,0.110000,21.730000
2006-01-31,99.050000,0.060000,115.000000,102.740000,16.390000,159.670000,233.100000,1.123000,3.200000,19.700000,4.700000,99.550000,132.170000,0.110000,21.530000
2006-02-01,99.310000,0.060000,115.340000,102.780000,16.380000,159.710000,233.990000,1.127000,3.210000,19.720000,4.690000,99.650000,132.080000,0.110000,21.620000
2006-02-02,99.750000,0.060000,115.650000,103.100000,16.360000,160.140000,234.780000,1.123000,3.200000,19.870000,4.690000,99.730000,131.890000,0.110000,21.760000
2006-02-03,98.940000,0.060000,115.280000,102.050000,16.330000,158.650000,233.330000,1.110000,3.200000,19.720000,4.670000,99.220000,131.670000,0.110000,21.480000
2006-02-04,99.060000,0.060000,114.940000,102.240000,16.330000,158.980000,233.980000,1.111000,3.200000,19.810000,4.670000,99.340000,131.670000,0.110000,21.650000
2006-02-07,98.260000,0.060000,115.050000,101.520000,16.340000,157.910000,231.290000,1.110000,3.180000,19.630000,4.660000,99.220000,131.720000,0.110000,21.560000
2006-02-08,98.100000,0.060000,114.970000,101.630000,16.390000,158.260000,230.740000,1.117000,3.190000,19.640000,4.670000,99.440000,132.050000,0.110000,21.600000
2006-02-09,97.610000,0.060000,114.660000,102.020000,16.440000,158.410000,230.540000,1.123000,3.200000,19.730000,4.680000,99.320000,132.370000,0.110000,21.280000
2006-02-10,97.870000,0.060000,114.830000,101.700000,16.390000,158.050000,229.910000,1.114000,3.190000,19.750000,4.670000,99.330000,131.960000,0.110000,21.410000
2006-02-11,97.530000,0.060000,114.930000,101.400000,16.360000,157.600000,229.620000,1.119000,3.180000,19.550000,4.660000,99.180000,131.710000,0.110000,21.600000
2006-02-14,96.990000,0.060000,114.030000,100.660000,16.350000,156.520000,228.820000,1.116000,3.180000,19.300000,4.660000,99.060000,131.550000,0.110000,21.360000
2006-02-15,96.900000,0.060000,113.910000,100.670000,16.330000,156.590000,228.970000,1.122000,3.170000,19.270000,4.660000,99.100000,131.410000,0.110000,21.370000
2006-02-16,97.310000,0.060000,113.730000,100.330000,16.290000,156.330000,227.710000,1.117000,3.170000,19.210000,4.650000,98.150000,131.230000,0.110000,21.510000
2006-02-17,96.770000,0.060000,113.160000,100.040000,16.300000,155.730000,227.680000,1.113000,3.170000,19.190000,4.650000,98.480000,131.130000,0.110000,21.530000
2006-02-18,96.490000,0.060000,113.280000,99.700000,16.280000,155.590000,227.340000,1.108000,3.160000,19.300000,4.640000,98.840000,131.010000,0.110000,21.630000
2006-02-21,96.880000,0.060000,113.750000,100.080000,16.270000,156.290000,228.050000,1.108000,3.170000,19.400000,4.650000,99.680000,130.920000,0.110000,21.790000
2006-02-22,96.540000,0.060000,114.000000,99.890000,16.260000,155.870000,227.990000,1.102000,3.160000,19.350000,4.640000,99.240000,130.810000,0.110000,21.630000
2006-02-23,96.570000,0.060000,114.140000,100.110000,16.290000,156.020000,228.500000,1.103000,3.170000,19.400000,4.650000,98.890000,131.080000,0.110000,21.500000
2006-02-24,96.450000,0.060000,113.920000,99.820000,16.270000,155.810000,228.540000,1.115000,3.170000,19.380000,4.640000,99.150000,130.880000,0.110000,21.490000
2006-02-25,96.470000,0.060000,113.180000,99.570000,16.220000,155.270000,228.160000,1.116000,3.160000,19.290000,4.630000,98.780000,130.490000,0.110000,21.430000
2006-02-28,96.210000,0.060000,113.420000,98.700000,16.210000,154.410000,226.500000,1.123000,3.140000,19.210000,4.630000,98.850000,130.300000,0.110000,21.240000
2006-03-01,96.340000,0.060000,114.350000,98.790000,16.220000,154.660000,226.860000,1.121000,3.140000,19.260000,4.640000,99.420000,130.350000,0.110000,21.180000
2006-03-02,96.700000,0.060000,114.370000,99.500000,16.200000,155.400000,228.250000,1.123000,3.140000,19.350000,4.650000,99.060000,130.170000,0.110000,21.230000
2006-03-03,97.040000,0.060000,114.740000,99.210000,16.180000,155.220000,227.480000,1.121000,3.140000,19.390000,4.640000,99.750000,130.080000,0.110000,21.250000
2006-03-04,96.780000,0.060000,114.540000,99.780000,16.160000,156.000000,227.450000,1.115000,3.130000,19.470000,4.650000,99.750000,129.830000,0.110000,21.220000
2006-03-07,96.510000,0.060000,113.950000,100.110000,16.130000,156.140000,227.750000,1.108000,3.140000,19.550000,4.650000,99.270000,129.600000,0.110000,20.780000
2006-03-08,95.510000,0.060000,113.310000,99.160000,16.100000,154.540000,225.460000,1.099000,3.140000,19.370000,4.620000,97.510000,129.450000,0.110000,20.650000
2006-03-10,95.310000,0.060000,112.200000,98.890000,16.100000,154.490000,224.950000,1.103000,3.140000,19.270000,4.620000,96.360000,129.550000,0.110000,20.690000
2006-03-11,95.100000,0.060000,111.580000,98.420000,16.060000,154.100000,224.770000,1.094000,3.130000,19.330000,4.610000,95.970000,129.270000,0.110000,20.590000
2006-03-14,94.440000,0.060000,111.270000,98.000000,16.030000,153.910000,222.380000,1.085000,3.120000,19.310000,4.600000,96.380000,129.000000,0.110000,20.820000
2006-03-15,94.450000,0.060000,111.150000,98.420000,16.010000,154.240000,223.520000,1.086000,3.120000,19.400000,4.600000,95.440000,128.800000,0.110000,20.560000
2006-03-16,94.980000,0.060000,111.350000,98.740000,15.990000,154.580000,224.380000,1.094000,3.110000,19.420000,4.620000,96.110000,128.510000,0.110000,20.650000
2006-03-17,94.570000,0.060000,111.160000,98.970000,15.960000,154.810000,224.330000,1.091000,3.130000,19.430000,4.610000,96.470000,128.300000,0.110000,20.690000
2006-03-18,93.720000,0.060000,110.680000,99.110000,15.940000,155.710000,224.610000,1.097000,3.120000,19.490000,4.630000,96.900000,128.000000,0.110000,20.680000
2006-03-21,92.010000,0.060000,109.970000,98.940000,15.900000,155.580000,224.430000,1.100000,3.090000,19.550000,4.620000,95.800000,127.700000,0.110000,20.460000
2006-03-22,91.230000,0.060000,109.590000,98.420000,15.870000,154.590000,222.770000,1.093000,3.080000,19.440000,4.600000,95.110000,127.400000,0.110000,20.210000
2006-03-24,91.720000,0.060000,109.360000,97.690000,15.880000,153.890000,222.250000,1.091000,3.080000,19.360000,4.590000,95.020000,127.510000,0.110000,20.210000
2006-03-25,90.540000,0.060000,109.480000,97.010000,15.910000,152.930000,221.390000,1.080000,3.090000,19.180000,4.590000,94.900000,127.720000,0.110000,20.180000
2006-03-28,90.050000,0.060000,109.320000,97.840000,15.950000,153.940000,223.420000,1.095000,3.090000,19.320000,4.600000,95.230000,127.890000,0.110000,20.370000
2006-03-29,91.200000,0.060000,109.910000,98.310000,15.970000,154.590000,223.830000,1.097000,3.100000,19.480000,4.620000,95.010000,128.120000,0.110000,20.430000
2006-03-30,90.020000,0.060000,109.190000,97.810000,15.970000,153.840000,222.650000,1.087000,3.100000,19.380000,4.610000,94.320000,128.180000,0.110000,20.830000
2006-03-31,91.330000,0.060000,110.100000,98.350000,16.010000,154.910000,223.250000,1.092000,3.100000,19.350000,4.630000,95.180000,128.450000,0.110000,20.520000
2006-04-01,91.740000,0.060000,110.470000,98.450000,16.020000,155.490000,223.220000,1.093000,3.100000,19.540000,4.630000,95.350000,128.400000,0.110000,20.790000
2006-04-04,91.920000,0.060000,109.400000,98.020000,16.010000,154.880000,221.790000,1.083000,3.120000,19.530000,4.620000,95.540000,128.400000,0.110000,20.920000
2006-04-05,92.030000,0.060000,109.960000,98.940000,16.060000,156.430000,224.570000,1.095000,3.120000,19.860000,4.650000,96.120000,128.700000,0.110000,21.210000
2006-04-06,93.060000,0.060000,110.670000,100.110000,16.080000,158.040000,225.860000,1.099000,3.130000,20.050000,4.670000,96.380000,128.770000,0.110000,21.340000
2006-04-07,94.200000,0.060000,111.050000,100.430000,16.090000,158.570000,226.200000,1.097000,3.130000,20.120000,4.680000,96.480000,128.800000,0.110000,21.510000
2006-04-08,94.280000,0.060000,111.740000,99.770000,16.100000,157.220000,225.640000,1.096000,3.130000,19.980000,4.670000,96.630000,128.950000,0.110000,21.300000
2006-04-11,93.880000,0.060000,112.280000,99.180000,16.110000,156.180000,224.860000,1.089000,3.130000,19.850000,4.650000,96.180000,128.880000,0.110000,21.110000
2006-04-12,94.290000,0.060000,112.450000,99.040000,16.070000,156.190000,224.200000,1.087000,3.130000,19.990000,4.650000,96.160000,128.720000,0.110000,21.140000
2006-04-13,94.160000,0.060000,112.340000,99.400000,16.080000,156.380000,225.840000,1.089000,3.140000,19.970000,4.650000,96.040000,128.700000,0.110000,21.120000
2006-04-14,93.820000,0.060000,112.160000,99.120000,16.020000,155.620000,225.440000,1.085000,3.140000,19.830000,4.640000,95.610000,128.450000,0.110000,21.000000
2006-04-15,93.150000,0.060000,111.350000,98.560000,15.970000,154.870000,224.130000,1.079000,3.130000,19.720000,4.620000,94.890000,128.000000,0.110000,20.880000
2006-04-18,93.470000,0.060000,111.200000,98.920000,15.920000,155.500000,224.370000,1.080000,3.110000,19.780000,4.620000,94.740000,127.620000,0.110000,20.910000
2006-04-19,93.610000,0.060000,110.770000,99.120000,15.840000,155.280000,224.360000,1.074000,3.110000,19.760000,4.600000,94.640000,126.860000,0.100000,20.950000
2006-04-20,93.560000,0.060000,110.500000,99.220000,15.710000,155.460000,224.620000,1.076000,3.080000,19.890000,4.590000,94.620000,125.860000,0.100000,21.160000
2006-04-21,92.890000,0.060000,109.880000,98.310000,15.600000,154.380000,222.950000,1.063000,3.060000,19.850000,4.550000,94.110000,124.980000,0.100000,20.960000
2006-04-22,91.000000,0.060000,108.060000,96.150000,15.340000,151.460000,218.960000,1.048000,3.010000,19.400000,4.470000,92.480000,122.920000,0.100000,20.360000
2006-04-25,92.360000,0.060000,108.860000,97.270000,15.410000,152.860000,221.120000,1.072000,3.020000,19.520000,4.500000,93.290000,123.470000,0.100000,20.670000
2006-04-26,92.450000,0.060000,109.250000,97.850000,15.500000,153.900000,221.720000,1.084000,3.040000,19.600000,4.530000,93.860000,124.190000,0.100000,20.560000
2006-04-27,92.260000,0.060000,109.490000,97.490000,15.470000,153.760000,220.940000,1.076000,3.030000,19.640000,4.530000,93.370000,124.020000,0.100000,20.090000
2006-04-28,93.290000,0.060000,110.140000,97.670000,15.480000,154.340000,221.440000,1.082000,3.040000,19.830000,4.540000,93.550000,124.110000,0.100000,20.190000
2006-04-29,93.990000,0.060000,110.710000,99.290000,15.520000,156.280000,224.670000,1.090000,3.040000,20.140000,4.560000,94.290000,124.420000,0.100000,20.240000
2006-05-03,94.460000,0.060000,112.050000,100.480000,15.520000,156.940000,227.900000,1.095000,3.040000,20.210000,4.570000,94.210000,124.360000,0.100000,20.630000
2006-05-04,95.900000,0.060000,112.560000,100.730000,15.530000,157.290000,228.750000,1.098000,3.040000,20.220000,4.580000,94.530000,124.400000,0.100000,20.600000
2006-05-05,94.980000,0.060000,111.350000,99.890000,15.480000,155.910000,227.620000,1.087000,3.040000,20.150000,4.550000,93.610000,124.010000,0.100000,20.260000
2006-05-06,95.250000,0.060000,111.700000,100.600000,15.460000,157.070000,228.970000,1.087000,3.040000,20.270000,4.570000,93.780000,123.830000,0.100000,20.430000
2006-05-07,95.020000,0.060000,111.540000,100.520000,15.390000,156.870000,229.210000,1.095000,3.020000,20.170000,4.550000,93.600000,123.280000,0.100000,20.390000
2006-05-11,94.830000,0.060000,111.680000,100.840000,15.360000,156.980000,229.300000,1.111000,3.010000,20.220000,4.550000,90.810000,122.870000,0.100000,20.310000
2006-05-12,94.540000,0.060000,110.840000,99.680000,15.310000,155.650000,227.800000,1.101000,3.010000,20.060000,4.520000,90.220000,122.520000,0.100000,20.100000
2006-05-13,94.500000,0.060000,110.470000,101.130000,15.210000,156.980000,230.290000,1.110000,2.990000,20.230000,4.520000,87.500000,121.750000,0.100000,19.880000
2006-05-16,92.210000,0.060000,108.490000,100.220000,15.130000,155.420000,228.110000,1.098000,2.970000,19.990000,4.490000,83.510000,121.000000,0.100000,18.860000
2006-05-17,92.680000,0.060000,109.000000,100.410000,15.200000,155.960000,228.730000,1.103000,2.990000,19.880000,4.510000,83.590000,121.750000,0.100000,18.980000
2006-05-18,94.290000,0.060000,110.730000,101.690000,15.290000,157.690000,232.020000,1.120000,3.010000,20.170000,4.540000,86.790000,122.290000,0.100000,19.620000
2006-05-19,93.210000,0.060000,109.570000,100.770000,15.240000,156.130000,230.310000,1.103000,3.010000,19.970000,4.520000,82.300000,122.050000,0.100000,18.950000
2006-05-20,92.440000,0.060000,108.200000,99.750000,15.150000,155.140000,227.980000,1.087000,2.990000,19.880000,4.490000,81.380000,121.420000,0.100000,18.960000
2006-05-23,91.000000,0.060000,108.180000,100.080000,15.160000,155.170000,227.810000,1.080000,3.000000,19.910000,4.500000,81.130000,121.620000,0.100000,18.350000
2006-05-24,92.680000,0.060000,110.170000,101.670000,15.300000,157.630000,231.060000,1.102000,3.030000,20.140000,4.550000,80.250000,122.700000,0.100000,18.780000
2006-05-25,92.510000,0.060000,109.410000,101.630000,15.280000,157.560000,230.870000,1.095000,3.030000,20.150000,4.550000,79.530000,122.590000,0.100000,18.520000
2006-05-26,92.520000,0.060000,109.750000,100.650000,15.250000,156.410000,229.040000,1.088000,3.020000,20.010000,4.530000,79.240000,122.350000,0.100000,18.550000
2006-05-27,93.020000,0.060000,110.370000,100.680000,15.260000,156.770000,229.190000,1.094000,3.020000,20.050000,4.530000,80.710000,122.390000,0.100000,18.730000
2006-05-30,92.490000,0.060000,110.190000,99.660000,15.210000,155.510000,226.900000,1.086000,3.010000,19.900000,4.510000,80.050000,121.950000,0.100000,18.820000
2006-05-31,92.770000,0.060000,110.360000,100.120000,15.140000,156.070000,227.790000,1.086000,3.000000,19.930000,4.500000,78.880000,121.480000,0.100000,18.620000
2006-06-01,92.300000,0.060000,110.720000,100.140000,15.110000,156.050000,227.700000,1.084000,2.990000,19.900000,4.500000,77.610000,121.260000,0.100000,18.240000
2006-06-02,90.730000,0.060000,109.940000,99.300000,15.120000,155.030000,226.020000,1.075000,3.000000,19.920000,4.480000,77.380000,121.260000,0.100000,17.960000
2006-06-03,90.350000,0.060000,109.600000,99.210000,15.100000,155.140000,225.710000,1.073000,2.990000,19.970000,4.510000,79.080000,121.110000,0.100000,18.210000
2006-06-06,90.260000,0.060000,109.260000,99.710000,14.980000,155.630000,226.270000,1.074000,2.960000,20.060000,4.500000,75.730000,120.000000,0.100000,18.140000
2006-06-07,89.490000,0.060000,108.330000,99.390000,14.980000,154.730000,224.590000,1.069000,2.960000,19.940000,4.490000,77.020000,119.990000,0.100000,17.790000
2006-06-08,88.830000,0.060000,107.500000,98.370000,14.950000,153.540000,222.780000,1.057000,2.960000,19.720000,4.460000,77.380000,119.820000,0.100000,17.730000
2006-06-09,89.380000,0.060000,107.470000,98.020000,14.950000,153.050000,221.550000,1.053000,2.960000,19.530000,4.460000,77.510000,119.830000,0.100000,17.590000
2006-06-10,89.570000,0.060000,107.200000,97.490000,15.000000,151.980000,221.380000,1.054000,2.970000,19.440000,4.450000,77.990000,120.180000,0.100000,17.840000
2006-06-13,90.030000,0.060000,109.010000,97.660000,15.010000,151.720000,221.890000,1.053000,2.980000,19.500000,4.450000,78.260000,120.290000,0.100000,17.980000
2006-06-14,88.500000,0.060000,108.370000,96.790000,14.910000,150.240000,219.960000,1.044000,2.950000,19.270000,4.410000,74.450000,119.380000,0.100000,17.510000
2006-06-15,88.250000,0.060000,107.200000,96.760000,14.910000,150.100000,219.800000,1.038000,2.960000,19.170000,4.410000,74.980000,119.290000,0.100000,17.480000
2006-06-16,89.240000,0.060000,108.410000,97.980000,15.080000,152.210000,222.640000,1.050000,3.000000,19.410000,4.460000,75.730000,120.640000,0.100000,17.720000
2006-06-17,89.170000,0.060000,107.950000,97.710000,15.000000,151.960000,222.530000,1.046000,2.990000,19.350000,4.450000,75.570000,120.010000,0.100000,17.520000
2006-06-20,87.810000,0.060000,106.000000,96.350000,14.880000,150.000000,219.600000,1.031000,2.960000,19.100000,4.410000,74.720000,119.180000,0.100000,17.300000
2006-06-21,87.380000,0.060000,105.500000,95.370000,14.780000,148.680000,218.110000,1.031000,2.940000,18.850000,4.370000,73.270000,118.260000,0.100000,16.870000
2006-06-22,87.560000,0.060000,106.550000,96.100000,14.830000,149.890000,218.890000,1.035000,2.950000,18.960000,4.390000,72.190000,118.650000,0.100000,16.640000
2006-06-23,87.620000,0.060000,106.870000,95.960000,14.840000,149.940000,218.190000,1.031000,2.950000,18.900000,4.400000,72.100000,118.640000,0.100000,16.660000
2006-06-24,87.610000,0.060000,106.750000,96.100000,14.970000,150.250000,218.380000,1.030000,2.980000,18.960000,4.420000,70.620000,119.700000,0.100000,16.170000
2006-06-27,87.600000,0.060000,106.850000,96.190000,14.960000,150.340000,218.020000,1.029000,2.980000,18.960000,4.420000,70.420000,119.710000,0.100000,16.110000
2006-06-28,87.770000,0.060000,106.800000,96.180000,14.950000,150.590000,218.030000,1.030000,2.980000,19.010000,4.430000,72.740000,119.620000,0.100000,16.500000
2006-06-29,87.000000,0.060000,106.120000,95.830000,14.910000,149.850000,216.820000,1.024000,2.970000,18.930000,4.410000,73.860000,119.210000,0.100000,16.320000
2006-06-30,86.540000,0.060000,105.770000,95.140000,14.840000,148.810000,215.410000,1.020000,2.960000,18.920000,4.380000,73.580000,118.690000,0.100000,16.360000
2006-07-01,87.920000,0.060000,106.660000,96.060000,14.820000,150.490000,217.060000,1.032000,2.950000,19.010000,4.400000,75.610000,118.410000,0.100000,16.680000
2006-07-04,88.070000,0.060000,106.390000,96.540000,14.810000,151.160000,218.390000,1.032000,2.950000,19.010000,4.400000,75.270000,118.360000,0.100000,16.740000
2006-07-05,88.140000,0.060000,106.520000,96.710000,14.790000,151.660000,218.510000,1.034000,2.950000,19.010000,4.410000,77.010000,118.330000,0.100000,16.930000
2006-07-06,87.980000,0.060000,106.770000,96.290000,14.790000,150.890000,217.860000,1.027000,2.940000,18.970000,4.400000,75.070000,118.240000,0.100000,16.550000
2006-07-07,87.820000,0.060000,106.360000,96.180000,14.830000,150.800000,217.240000,1.024000,2.960000,19.000000,4.400000,74.170000,118.450000,0.100000,16.370000
2006-07-08,88.560000,0.060000,106.590000,96.440000,14.830000,151.350000,217.800000,1.032000,2.970000,19.040000,4.410000,76.130000,118.490000,0.100000,16.550000
2006-07-11,88.760000,0.060000,105.580000,96.670000,14.800000,151.400000,218.640000,1.041000,2.960000,19.020000,4.410000,76.070000,118.250000,0.100000,16.720000
2006-07-12,88.730000,0.060000,105.110000,96.330000,14.800000,150.770000,217.760000,1.035000,2.970000,18.860000,4.400000,76.590000,118.260000,0.100000,16.620000
2006-07-13,89.310000,0.060000,104.190000,96.240000,14.800000,150.760000,218.110000,1.031000,2.970000,18.950000,4.400000,76.770000,118.260000,0.100000,16.710000
2006-07-14,89.420000,0.060000,104.780000,96.370000,14.820000,150.610000,218.010000,1.029000,2.970000,19.000000,4.400000,74.710000,118.420000,0.100000,16.460000
2006-07-15,89.080000,0.060000,104.700000,96.110000,14.810000,150.070000,217.780000,1.023000,2.970000,18.980000,4.390000,74.690000,118.380000,0.100000,16.470000
2006-07-18,88.700000,0.060000,104.510000,95.130000,14.790000,148.550000,215.720000,1.012000,2.970000,18.830000,4.380000,74.370000,118.250000,0.100000,16.300000
2006-07-19,88.510000,0.060000,103.810000,94.440000,14.750000,147.580000,215.190000,1.008000,2.960000,18.610000,4.360000,74.470000,117.930000,0.100000,16.390000
2006-07-20,87.830000,0.050000,103.610000,93.810000,14.710000,147.140000,215.200000,1.002000,2.960000,18.490000,4.350000,74.820000,117.730000,0.100000,16.410000
2006-07-21,87.940000,0.050000,103.490000,94.140000,14.680000,147.860000,216.620000,1.004000,2.950000,18.610000,4.350000,75.720000,117.290000,0.100000,16.640000
2006-07-22,88.180000,0.050000,104.000000,94.650000,14.690000,148.540000,217.380000,1.011000,2.940000,18.740000,4.360000,75.820000,117.250000,0.100000,16.820000
2006-07-25,88.250000,0.050000,102.910000,94.230000,14.720000,148.330000,217.560000,1.007000,2.950000,18.640000,4.360000,75.590000,117.510000,0.100000,16.640000
2006-07-26,89.140000,0.060000,103.460000,94.780000,14.780000,149.140000,218.340000,1.011000,2.960000,18.780000,4.380000,76.690000,118.020000,0.100000,16.880000
2006-07-27,89.570000,0.060000,103.810000,94.450000,14.790000,148.750000,217.420000,1.011000,2.960000,18.740000,4.380000,77.620000,118.140000,0.100000,16.860000
2006-07-28,90.370000,0.060000,104.410000,95.660000,14.840000,150.690000,220.280000,1.023000,2.970000,19.010000,4.410000,78.690000,118.310000,0.100000,17.200000
2006-07-29,90.120000,0.060000,104.220000,95.530000,14.850000,150.200000,220.060000,1.026000,2.970000,19.060000,4.410000,78.900000,118.410000,0.100000,17.150000
2006-08-01,90.750000,0.060000,105.080000,96.080000,14.860000,151.010000,220.940000,1.036000,2.970000,19.210000,4.420000,79.740000,118.410000,0.100000,17.270000
2006-08-02,90.460000,0.060000,104.890000,96.180000,14.890000,151.200000,221.520000,1.034000,2.980000,19.220000,4.420000,79.090000,118.680000,0.100000,17.050000
2006-08-03,91.000000,0.060000,105.460000,96.920000,14.940000,152.410000,223.260000,1.039000,2.990000,19.350000,4.450000,79.070000,119.080000,0.100000,17.260000
2006-08-04,90.810000,0.060000,106.190000,96.830000,14.980000,152.430000,223.560000,1.039000,3.000000,19.370000,4.460000,80.190000,119.440000,0.100000,17.320000
2006-08-05,91.290000,0.060000,106.840000,97.540000,15.090000,153.820000,227.610000,1.043000,3.020000,19.540000,4.500000,81.050000,120.360000,0.100000,17.510000
2006-08-08,92.800000,0.060000,108.080000,99.520000,15.250000,156.470000,231.910000,1.060000,3.060000,19.850000,4.550000,83.030000,121.550000,0.100000,17.940000
2006-08-09,92.920000,0.060000,109.080000,99.890000,15.350000,157.090000,233.170000,1.063000,3.080000,19.860000,4.580000,83.740000,122.350000,0.100000,18.070000
2006-08-10,93.490000,0.060000,109.500000,100.160000,15.360000,157.660000,233.890000,1.065000,3.110000,19.900000,4.590000,84.410000,122.560000,0.100000,18.090000
2006-08-11,94.280000,0.060000,109.430000,100.120000,15.380000,157.610000,233.290000,1.067000,3.110000,19.860000,4.590000,84.570000,122.540000,0.100000,18.130000
2006-08-12,94.060000,0.060000,108.860000,99.280000,15.370000,156.730000,232.580000,1.058000,3.110000,19.720000,4.580000,84.830000,122.580000,0.100000,18.100000
2006-08-15,93.910000,0.060000,108.850000,98.780000,15.360000,156.130000,231.360000,1.052000,3.110000,19.550000,4.570000,84.130000,122.580000,0.100000,18.050000
2006-08-16,93.310000,0.060000,108.510000,98.700000,15.350000,156.050000,231.460000,1.053000,3.110000,19.430000,4.570000,83.390000,122.660000,0.100000,17.840000
2006-08-17,94.300000,0.060000,109.870000,99.940000,15.450000,157.800000,233.260000,1.063000,3.120000,19.740000,4.610000,85.050000,123.370000,0.100000,17.960000
2006-08-18,95.000000,0.060000,110.800000,101.090000,15.520000,159.420000,234.960000,1.074000,3.140000,19.710000,4.640000,86.110000,123.840000,0.100000,18.280000
2006-08-19,94.220000,0.060000,110.470000,100.640000,15.540000,159.000000,233.420000,1.069000,3.140000,19.650000,4.640000,86.060000,123.890000,0.100000,18.080000
2006-08-22,94.670000,0.060000,111.130000,101.580000,15.600000,160.220000,235.450000,1.075000,3.150000,19.930000,4.660000,85.270000,124.240000,0.100000,17.640000
2006-08-23,95.020000,0.060000,111.400000,101.560000,15.650000,160.210000,235.670000,1.072000,3.160000,19.920000,4.670000,85.850000,124.660000,0.100000,17.550000
2006-08-24,95.450000,0.060000,112.180000,101.220000,15.660000,159.900000,236.070000,1.073000,3.160000,19.900000,4.670000,85.800000,124.760000,0.100000,17.660000
2006-08-25,95.290000,0.060000,112.490000,101.360000,15.660000,160.190000,236.310000,1.072000,3.160000,19.840000,4.670000,84.580000,124.840000,0.100000,17.550000
2006-08-26,95.040000,0.060000,112.940000,101.080000,15.690000,159.710000,236.040000,1.068000,3.180000,19.790000,4.670000,84.550000,125.090000,0.100000,17.550000
2006-08-29,95.020000,0.060000,113.060000,101.520000,15.720000,160.430000,237.240000,1.071000,3.180000,19.950000,4.680000,84.590000,125.230000,0.100000,17.510000
2006-08-30,95.350000,0.060000,113.100000,101.710000,15.730000,160.500000,237.860000,1.072000,3.180000,19.950000,4.680000,84.990000,125.240000,0.100000,17.540000
2006-09-01,95.660000,0.060000,113.200000,102.190000,15.760000,160.950000,238.870000,1.069000,3.190000,19.910000,4.690000,86.160000,125.320000,0.100000,17.730000
2006-09-02,95.780000,0.060000,113.470000,101.980000,15.770000,160.850000,238.910000,1.069000,3.190000,19.890000,4.690000,85.700000,125.460000,0.100000,17.520000
2006-09-05,96.600000,0.060000,113.480000,102.060000,15.820000,161.300000,239.120000,1.080000,3.190000,19.860000,4.700000,86.050000,125.590000,0.100000,17.460000
2006-09-06,96.680000,0.060000,113.140000,102.050000,15.830000,161.400000,238.620000,1.087000,3.200000,19.880000,4.720000,86.850000,125.720000,0.100000,17.530000
2006-09-07,96.640000,0.060000,113.240000,101.930000,15.820000,161.210000,237.740000,1.080000,3.200000,19.820000,4.720000,86.720000,125.750000,0.100000,17.450000
2006-09-08,96.080000,0.060000,113.810000,101.710000,15.830000,160.820000,236.790000,1.081000,3.200000,19.600000,4.710000,85.080000,125.840000,0.100000,17.030000
2006-09-09,95.420000,0.060000,113.310000,101.200000,15.830000,160.030000,235.590000,1.082000,3.200000,19.440000,4.700000,85.720000,125.840000,0.100000,17.080000
2006-09-12,94.940000,0.060000,112.710000,101.600000,15.840000,160.420000,235.340000,1.075000,3.200000,19.330000,4.710000,85.180000,125.980000,0.100000,16.960000
2006-09-13,95.020000,0.060000,112.700000,101.500000,15.870000,160.230000,236.230000,1.073000,3.200000,19.330000,4.710000,85.470000,126.070000,0.100000,17.110000
2006-09-14,94.810000,0.060000,112.700000,100.890000,15.870000,160.100000,236.350000,1.073000,3.210000,19.150000,4.710000,85.920000,126.140000,0.100000,17.200000
2006-09-15,95.020000,0.060000,112.880000,100.980000,15.880000,160.000000,237.120000,1.072000,3.210000,19.180000,4.710000,85.470000,126.150000,0.100000,17.000000
2006-09-16,94.830000,0.060000,112.770000,100.450000,15.880000,160.310000,237.700000,1.075000,3.210000,19.370000,4.710000,85.640000,126.150000,0.100000,17.010000
2006-09-19,94.990000,0.060000,112.940000,100.760000,15.890000,159.950000,237.410000,1.070000,3.210000,19.330000,4.710000,86.520000,126.270000,0.100000,17.310000
2006-09-20,95.330000,0.060000,112.910000,100.600000,15.930000,160.000000,237.350000,1.073000,3.210000,19.320000,4.710000,86.060000,126.380000,0.100000,17.170000
2006-09-21,95.260000,0.060000,112.360000,101.070000,15.960000,160.360000,238.120000,1.079000,3.220000,19.400000,4.720000,86.220000,126.480000,0.100000,17.160000
2006-09-22,95.490000,0.060000,112.550000,101.480000,15.980000,160.960000,239.760000,1.081000,3.220000,19.440000,4.730000,85.700000,126.580000,0.100000,17.040000
2006-09-23,95.700000,0.060000,113.750000,102.560000,16.000000,162.380000,241.360000,1.088000,3.220000,19.490000,4.750000,82.650000,126.700000,0.100000,16.570000
2006-09-26,95.370000,0.060000,113.590000,102.610000,16.010000,161.920000,241.180000,1.089000,3.220000,19.300000,4.750000,84.060000,126.810000,0.100000,16.750000
2006-09-27,95.390000,0.060000,113.740000,102.210000,16.030000,161.340000,240.420000,1.089000,3.240000,19.440000,4.740000,83.600000,126.900000,0.100000,16.550000
2006-09-28,95.170000,0.060000,113.890000,102.060000,16.070000,161.200000,239.970000,1.084000,3.240000,19.480000,4.740000,85.110000,127.030000,0.100000,16.660000
2006-09-29,95.150000,0.060000,114.440000,102.130000,16.090000,161.660000,238.930000,1.080000,3.240000,19.670000,4.750000,85.120000,127.120000,0.100000,16.770000
2006-09-30,94.800000,0.060000,114.220000,101.630000,16.090000,161.260000,238.070000,1.078000,3.240000,19.550000,4.750000,84.810000,127.220000,0.100000,16.410000
2006-10-03,94.740000,0.060000,113.470000,101.790000,16.100000,161.280000,238.370000,1.077000,3.240000,19.460000,4.750000,84.150000,127.240000,0.100000,16.470000
2006-10-04,95.110000,0.060000,113.930000,102.350000,16.100000,162.100000,240.230000,1.083000,3.240000,19.440000,4.760000,84.850000,127.270000,0.100000,16.600000
2006-10-05,94.520000,0.060000,112.950000,101.850000,16.110000,161.610000,239.610000,1.078000,3.260000,19.180000,4.750000,84.020000,127.380000,0.100000,16.040000
2006-10-06,95.060000,0.060000,113.180000,101.900000,16.120000,161.890000,240.150000,1.083000,3.260000,19.310000,4.760000,85.240000,127.440000,0.100000,16.360000
2006-10-07,95.020000,0.060000,113.420000,101.680000,16.130000,161.610000,239.090000,1.080000,3.260000,19.170000,4.760000,85.330000,127.490000,0.100000,16.420000
2006-10-10,94.960000,0.060000,113.400000,101.290000,16.150000,160.830000,238.340000,1.071000,3.260000,19.150000,4.750000,85.070000,127.600000,0.100000,16.390000
2006-10-11,95.110000,0.060000,113.330000,100.890000,16.150000,160.390000,237.430000,1.070000,3.260000,19.210000,4.740000,85.340000,127.670000,0.100000,16.390000
2006-10-12,94.880000,0.060000,112.440000,100.550000,16.140000,160.240000,237.160000,1.068000,3.260000,19.020000,4.740000,85.850000,127.750000,0.100000,16.450000
2006-10-13,95.600000,0.060000,112.560000,100.750000,16.150000,160.380000,237.370000,1.070000,3.260000,19.040000,4.740000,85.740000,127.760000,0.100000,16.790000
2006-10-14,96.090000,0.060000,112.760000,100.700000,16.170000,160.400000,237.810000,1.071000,3.270000,18.990000,4.740000,86.850000,127.760000,0.100000,16.940000
2006-10-17,96.130000,0.060000,112.260000,100.440000,16.150000,159.920000,237.700000,1.071000,3.270000,19.010000,4.740000,86.620000,127.770000,0.100000,17.070000
2006-10-18,96.460000,0.060000,112.410000,100.790000,16.160000,160.160000,238.530000,1.077000,3.270000,18.910000,4.740000,86.930000,127.790000,0.100000,16.950000
2006-10-19,96.340000,0.060000,112.220000,100.810000,16.170000,160.290000,239.160000,1.077000,3.270000,18.930000,4.750000,86.830000,127.820000,0.100000,16.830000
2006-10-20,96.640000,0.060000,112.640000,101.120000,16.170000,160.700000,238.890000,1.078000,3.270000,18.920000,4.750000,87.440000,127.830000,0.100000,16.940000
2006-10-21,97.130000,0.060000,113.540000,101.650000,16.180000,161.440000,240.500000,1.081000,3.270000,19.210000,4.760000,87.950000,127.830000,0.100000,17.090000
2006-10-24,96.990000,0.060000,113.410000,101.190000,16.190000,160.820000,239.800000,1.074000,3.280000,19.080000,4.760000,87.560000,127.860000,0.100000,16.850000
2006-10-25,96.790000,0.060000,113.140000,100.790000,16.180000,160.410000,239.120000,1.070000,3.290000,19.150000,4.750000,86.740000,127.860000,0.100000,16.510000
2006-10-27,97.520000,0.060000,113.840000,101.690000,16.200000,161.850000,240.890000,1.077000,3.270000,19.520000,4.770000,88.120000,127.860000,0.100000,17.020000
2006-10-28,97.580000,0.060000,113.590000,101.870000,16.200000,162.000000,241.360000,1.078000,3.270000,19.500000,4.770000,88.420000,127.850000,0.100000,17.000000
2006-10-31,98.220000,0.060000,114.210000,102.310000,16.230000,162.560000,242.680000,1.089000,3.270000,19.570000,4.780000,87.610000,127.820000,0.100000,17.170000
2006-11-01,98.270000,0.060000,113.410000,102.240000,16.230000,162.270000,243.090000,1.087000,3.270000,19.500000,4.780000,87.560000,127.840000,0.100000,16.850000
2006-11-02,98.910000,0.060000,113.240000,102.760000,16.240000,163.070000,243.970000,1.093000,3.290000,19.580000,4.780000,88.100000,127.840000,0.100000,17.420000
2006-11-03,98.600000,0.060000,112.920000,102.600000,16.240000,163.090000,243.690000,1.091000,3.290000,19.790000,4.790000,87.940000,127.870000,0.100000,17.380000
2006-11-04,99.040000,0.060000,112.950000,102.730000,16.250000,163.370000,244.170000,1.093000,3.280000,19.830000,4.790000,87.230000,127.930000,0.100000,17.180000
2006-11-07,98.280000,0.060000,113.050000,101.890000,16.240000,162.550000,242.800000,1.083000,3.280000,19.720000,4.780000,88.240000,127.950000,0.100000,17.390000
2006-11-08,98.900000,0.060000,113.540000,102.190000,16.240000,163.190000,243.550000,1.086000,3.280000,19.780000,4.790000,89.030000,127.930000,0.100000,17.490000
2006-11-09,98.550000,0.060000,113.260000,102.480000,16.260000,163.520000,244.010000,1.089000,3.280000,19.840000,4.790000,88.110000,127.890000,0.100000,17.400000
2006-11-10,98.120000,0.060000,113.160000,102.430000,16.260000,163.480000,243.910000,1.086000,3.280000,19.890000,4.790000,88.260000,127.890000,0.100000,17.500000
2006-11-11,98.340000,0.060000,113.440000,103.500000,16.260000,164.770000,244.860000,1.090000,3.290000,20.020000,4.810000,88.480000,127.850000,0.100000,17.690000
2006-11-14,97.890000,0.060000,112.960000,103.290000,16.260000,164.360000,244.370000,1.089000,3.290000,20.080000,4.800000,88.420000,127.850000,0.100000,17.650000
2006-11-15,97.910000,0.060000,112.520000,103.020000,16.260000,164.120000,243.510000,1.086000,3.290000,20.020000,4.800000,88.390000,127.900000,0.100000,17.700000
2006-11-16,97.880000,0.060000,112.600000,102.590000,16.260000,164.070000,242.560000,1.086000,3.290000,19.940000,4.800000,88.580000,127.910000,0.100000,17.630000
2006-11-17,97.940000,0.060000,112.300000,102.560000,16.270000,163.930000,241.330000,1.083000,3.300000,19.950000,4.800000,89.040000,127.990000,0.100000,17.870000
2006-11-18,98.050000,0.060000,112.040000,102.480000,16.260000,163.660000,241.370000,1.083000,3.300000,19.870000,4.800000,88.750000,127.980000,0.100000,17.650000
2006-11-21,98.300000,0.060000,111.870000,102.950000,16.260000,164.240000,242.570000,1.084000,3.300000,19.910000,4.800000,88.180000,127.990000,0.100000,17.630000
2006-11-22,98.350000,0.060000,111.670000,102.950000,16.250000,163.990000,242.820000,1.084000,3.290000,19.840000,4.800000,88.270000,127.910000,0.100000,17.810000
2006-11-23,98.890000,0.060000,111.780000,103.440000,16.270000,164.590000,243.790000,1.089000,3.290000,19.960000,4.810000,87.440000,127.920000,0.100000,17.820000
2006-11-24,99.070000,0.060000,112.110000,104.310000,16.280000,165.550000,244.980000,1.098000,3.290000,20.090000,4.820000,86.320000,127.920000,0.100000,17.900000
2006-11-25,99.450000,0.060000,112.480000,105.570000,16.290000,167.150000,247.100000,1.104000,3.290000,20.250000,4.840000,86.300000,127.940000,0.100000,17.640000
2006-11-28,99.430000,0.060000,112.810000,105.760000,16.320000,167.630000,247.310000,1.100000,3.300000,20.290000,4.850000,87.370000,127.950000,0.100000,18.040000
2006-11-29,99.550000,0.060000,113.000000,106.090000,16.310000,168.100000,248.630000,1.101000,3.300000,20.310000,4.860000,86.470000,127.970000,0.100000,17.890000
2006-11-30,100.140000,0.060000,112.940000,106.080000,16.340000,168.540000,249.460000,1.102000,3.300000,20.370000,4.860000,87.360000,127.980000,0.100000,18.060000
2006-12-01,100.760000,0.060000,112.410000,106.010000,16.350000,168.790000,250.140000,1.103000,3.300000,20.630000,4.860000,88.140000,127.980000,0.100000,17.950000
2006-12-02,100.940000,0.060000,112.250000,106.670000,16.350000,169.420000,251.860000,1.101000,3.300000,20.750000,4.870000,88.610000,127.950000,0.100000,18.020000
2006-12-05,100.540000,0.060000,111.970000,106.940000,16.350000,170.080000,252.980000,1.107000,3.300000,20.820000,4.880000,87.830000,127.930000,0.100000,17.990000
2006-12-06,100.930000,0.060000,112.290000,107.130000,16.360000,170.510000,253.110000,1.115000,3.310000,20.900000,4.890000,88.360000,127.950000,0.100000,18.020000
2006-12-07,100.540000,0.060000,112.150000,107.160000,16.360000,170.180000,252.300000,1.115000,3.310000,20.950000,4.880000,88.720000,127.980000,0.100000,18.030000
2006-12-08,101.090000,0.060000,111.650000,107.280000,16.350000,170.380000,252.010000,1.114000,3.310000,21.030000,4.890000,89.130000,127.990000,0.100000,18.140000
2006-12-09,100.980000,0.060000,111.490000,107.030000,16.360000,169.970000,251.020000,1.110000,3.310000,20.960000,4.880000,89.370000,127.980000,0.100000,18.150000
2006-12-12,100.290000,0.060000,111.540000,106.310000,16.350000,168.970000,250.040000,1.096000,3.310000,20.830000,4.870000,89.180000,128.020000,0.100000,18.150000
2006-12-13,100.610000,0.060000,111.680000,106.510000,16.350000,169.420000,250.750000,1.096000,3.320000,20.870000,4.870000,90.150000,128.020000,0.100000,18.280000
2006-12-14,100.840000,0.060000,111.140000,106.450000,16.360000,169.680000,252.030000,1.093000,3.320000,20.900000,4.880000,89.720000,127.980000,0.100000,18.440000
2006-12-15,100.600000,0.060000,110.680000,106.020000,16.340000,169.370000,251.710000,1.090000,3.320000,20.700000,4.870000,90.080000,127.960000,0.100000,18.330000
2006-12-16,100.000000,0.060000,110.930000,105.360000,16.340000,168.250000,250.900000,1.084000,3.320000,20.630000,4.860000,90.020000,127.920000,0.100000,18.340000
2006-12-21,100.360000,0.060000,110.890000,105.410000,16.370000,169.100000,252.150000,1.083000,3.330000,20.730000,4.870000,89.690000,127.900000,0.100000,18.340000
2006-12-22,100.530000,0.060000,111.660000,105.340000,16.370000,168.960000,251.960000,1.082000,3.330000,20.780000,4.870000,89.700000,127.950000,0.100000,18.450000
2006-12-23,100.720000,0.060000,110.870000,105.470000,16.380000,169.020000,251.620000,1.081000,3.330000,20.720000,4.870000,89.750000,127.990000,0.100000,18.280000
2006-12-26,100.730000,0.060000,110.590000,104.990000,16.360000,168.030000,251.100000,1.078000,3.360000,20.520000,4.860000,89.630000,127.990000,0.100000,18.190000
2006-12-27,100.500000,0.060000,110.500000,104.890000,16.360000,167.950000,250.620000,1.076000,3.360000,20.520000,4.850000,89.880000,127.940000,0.100000,18.220000
2006-12-28,100.270000,0.060000,110.020000,104.770000,16.350000,167.970000,250.280000,1.076000,3.350000,20.460000,4.850000,89.540000,127.750000,0.100000,18.180000
2006-12-29,100.250000,0.060000,109.760000,103.950000,16.310000,167.300000,249.370000,1.073000,3.340000,20.320000,4.830000,89.800000,127.420000,0.100000,18.190000
2006-12-30,100.410000,0.060000,109.440000,104.070000,16.270000,167.120000,249.010000,1.068000,3.360000,20.230000,4.820000,90.170000,127.000000,0.100000,18.180000
2007-01-04,100.960000,0.060000,108.730000,104.290000,16.230000,168.300000,249.950000,1.066000,3.350000,20.500000,4.820000,90.110000,126.790000,0.100000,18.410000
2007-01-05,99.270000,0.060000,107.840000,102.760000,16.220000,165.910000,245.790000,1.060000,3.350000,20.080000,4.810000,89.560000,126.550000,0.100000,18.030000
2007-01-06,98.800000,0.060000,107.170000,102.560000,16.150000,164.950000,244.650000,1.068000,3.340000,19.880000,4.780000,87.830000,126.080000,0.100000,17.650000
2007-01-09,98.040000,0.060000,107.260000,101.900000,16.100000,163.730000,243.190000,1.063000,3.330000,19.820000,4.770000,86.820000,125.760000,0.100000,17.340000
2007-01-10,98.250000,0.060000,106.600000,101.410000,16.070000,163.470000,243.590000,1.053000,3.320000,19.850000,4.740000,87.490000,125.450000,0.100000,17.510000
2007-01-11,97.640000,0.060000,106.410000,100.760000,16.040000,162.530000,242.850000,1.050000,3.310000,19.640000,4.730000,86.520000,125.200000,0.100000,17.040000
2007-01-12,98.080000,0.060000,106.990000,100.670000,16.110000,162.720000,242.870000,1.044000,3.300000,19.520000,4.730000,87.390000,125.540000,0.100000,17.200000
2007-01-13,97.970000,0.060000,106.760000,100.460000,16.100000,162.050000,244.290000,1.043000,3.300000,19.420000,4.720000,87.670000,125.540000,0.100000,17.350000
2007-01-16,98.410000,0.060000,107.250000,100.580000,16.080000,162.150000,246.100000,1.040000,3.260000,19.500000,4.720000,87.870000,125.300000,0.100000,17.380000
2007-01-17,98.100000,0.060000,107.380000,100.510000,16.090000,162.290000,246.190000,1.041000,3.260000,19.510000,4.720000,87.970000,125.270000,0.100000,17.350000
2007-01-18,98.110000,0.060000,106.520000,100.300000,16.080000,161.780000,246.000000,1.038000,3.260000,19.460000,4.710000,87.500000,125.170000,0.100000,17.280000
2007-01-19,98.550000,0.060000,106.420000,100.270000,16.090000,161.960000,247.000000,1.030000,3.240000,19.440000,4.710000,87.900000,125.000000,0.100000,17.490000
2007-01-20,98.390000,0.060000,106.430000,100.280000,16.060000,162.090000,246.570000,1.031000,3.240000,19.400000,4.710000,88.180000,124.860000,0.100000,17.460000
2007-01-23,98.940000,0.060000,106.900000,100.380000,16.110000,162.440000,247.340000,1.032000,3.250000,19.480000,4.720000,88.770000,125.260000,0.100000,17.630000
2007-01-24,99.220000,0.060000,106.280000,100.800000,16.170000,163.100000,249.070000,1.035000,3.260000,19.510000,4.740000,89.120000,125.710000,0.100000,17.660000
2007-01-25,98.250000,0.060000,106.410000,100.900000,16.180000,163.130000,247.880000,1.041000,3.260000,19.610000,4.740000,88.820000,125.720000,0.100000,17.630000
2007-01-26,97.970000,0.060000,106.890000,100.850000,16.190000,163.160000,247.700000,1.042000,3.260000,19.910000,4.750000,89.030000,125.750000,0.100000,17.620000
2007-01-27,97.640000,0.060000,106.650000,100.980000,16.230000,163.140000,247.920000,1.040000,3.270000,19.880000,4.750000,88.330000,126.230000,0.100000,17.390000
2007-01-30,97.420000,0.060000,106.820000,100.480000,16.220000,162.820000,246.850000,1.034000,3.270000,19.930000,4.750000,88.520000,126.100000,0.100000,17.270000
2007-01-31,97.560000,0.060000,106.630000,100.740000,16.240000,163.540000,248.260000,1.035000,3.270000,20.090000,4.760000,88.470000,126.240000,0.100000,17.220000
2007-02-01,97.350000,0.060000,107.180000,100.600000,16.250000,163.470000,246.890000,1.042000,3.280000,20.070000,4.760000,89.110000,126.360000,0.100000,17.360000
2007-02-02,97.850000,0.060000,107.100000,101.460000,16.260000,164.320000,247.800000,1.046000,3.270000,20.240000,4.760000,89.780000,126.180000,0.100000,17.570000
2007-02-03,97.260000,0.060000,106.670000,101.340000,16.250000,164.030000,247.740000,1.043000,3.270000,20.180000,4.760000,89.790000,125.980000,0.100000,17.540000
2007-02-06,97.280000,0.060000,106.100000,100.520000,16.190000,162.590000,246.570000,1.040000,3.260000,20.030000,4.730000,89.610000,125.540000,0.100000,17.440000
2007-02-07,97.260000,0.060000,106.100000,100.530000,16.170000,162.280000,246.250000,1.041000,3.250000,19.970000,4.730000,89.580000,125.450000,0.100000,17.430000
2007-02-08,97.650000,0.060000,106.140000,101.160000,16.210000,162.940000,247.320000,1.042000,3.260000,20.160000,4.740000,89.710000,125.550000,0.100000,17.440000
2007-02-09,97.840000,0.060000,105.860000,100.590000,16.210000,163.040000,246.990000,1.036000,3.260000,20.120000,4.760000,89.380000,125.580000,0.100000,17.590000
2007-02-10,97.380000,0.060000,105.540000,100.080000,16.130000,162.600000,243.680000,1.030000,3.240000,20.000000,4.740000,89.440000,124.990000,0.100000,17.490000
2007-02-13,96.380000,0.060000,106.280000,99.790000,16.070000,162.030000,242.990000,1.022000,3.230000,19.950000,4.730000,88.730000,124.580000,0.100000,17.220000
2007-02-14,96.080000,0.060000,105.720000,99.350000,16.010000,161.330000,242.130000,1.023000,3.210000,19.980000,4.710000,88.320000,124.180000,0.100000,17.100000
2007-02-15,96.990000,0.060000,106.220000,99.810000,15.980000,162.350000,241.990000,1.023000,3.210000,20.060000,4.720000,88.880000,123.950000,0.100000,17.260000
2007-02-16,97.330000,0.060000,106.470000,100.310000,16.000000,162.990000,243.910000,1.032000,3.210000,20.190000,4.730000,89.410000,124.060000,0.100000,17.330000
2007-02-17,97.500000,0.060000,106.750000,100.580000,16.040000,163.120000,242.240000,1.040000,3.220000,20.290000,4.740000,89.570000,124.320000,0.100000,17.320000
2007-02-20,97.880000,0.060000,106.910000,100.830000,16.060000,163.490000,242.760000,1.040000,3.230000,20.330000,4.750000,89.920000,124.450000,0.100000,17.500000
2007-02-21,97.880000,0.060000,106.940000,100.780000,16.080000,163.800000,242.880000,1.039000,3.230000,20.390000,4.750000,90.200000,124.610000,0.100000,17.540000
2007-02-22,98.360000,0.060000,106.510000,100.810000,16.090000,163.900000,243.870000,1.034000,3.240000,20.360000,4.760000,89.950000,124.670000,0.100000,17.490000
2007-02-23,98.130000,0.060000,107.110000,100.240000,16.070000,163.060000,242.580000,1.028000,3.240000,20.210000,4.740000,90.030000,124.520000,0.100000,17.510000
2007-02-24,97.450000,0.060000,106.390000,99.690000,15.940000,161.960000,241.710000,1.017000,3.220000,20.090000,4.710000,89.460000,123.540000,0.100000,17.440000
2007-02-27,97.800000,0.060000,106.670000,100.380000,15.960000,162.740000,242.470000,1.025000,3.230000,20.190000,4.720000,89.150000,123.610000,0.100000,17.380000
2007-02-28,98.100000,0.060000,106.700000,101.040000,15.980000,163.510000,243.090000,1.035000,3.230000,20.310000,4.730000,88.710000,123.710000,0.100000,17.340000
2007-03-01,97.800000,0.060000,106.450000,101.630000,16.050000,163.860000,242.760000,1.049000,3.240000,20.220000,4.750000,87.160000,124.210000,0.100000,17.170000
2007-03-02,98.250000,0.060000,106.810000,102.390000,16.120000,165.140000,244.730000,1.055000,3.270000,20.370000,4.780000,88.520000,124.810000,0.100000,17.280000
2007-03-03,98.060000,0.060000,106.850000,102.280000,16.170000,164.940000,244.850000,1.064000,3.280000,20.330000,4.780000,88.430000,125.210000,0.100000,17.220000
2007-03-06,97.130000,0.060000,106.290000,102.980000,16.180000,164.520000,241.060000,1.085000,3.280000,20.120000,4.780000,86.260000,125.330000,0.100000,16.780000
2007-03-07,96.800000,0.060000,106.150000,102.430000,16.140000,164.130000,241.060000,1.074000,3.270000,20.100000,4.770000,87.170000,125.050000,0.100000,16.920000
2007-03-08,96.590000,0.060000,105.750000,101.630000,16.070000,163.100000,239.700000,1.068000,3.270000,20.040000,4.740000,87.060000,124.360000,0.100000,16.860000
2007-03-12,96.280000,0.060000,105.430000,100.080000,15.960000,162.070000,238.610000,1.045000,3.240000,20.020000,4.710000,87.840000,123.550000,0.100000,16.850000
2007-03-13,96.470000,0.060000,105.110000,100.100000,15.900000,161.880000,238.800000,1.042000,3.230000,20.000000,4.700000,87.670000,123.170000,0.100000,16.920000
2007-03-14,96.540000,0.060000,105.440000,100.690000,15.920000,162.350000,237.910000,1.051000,3.240000,20.090000,4.710000,87.760000,123.340000,0.100000,16.740000
2007-03-15,96.720000,0.060000,105.240000,101.540000,15.970000,163.130000,237.730000,1.065000,3.250000,20.100000,4.730000,86.660000,123.620000,0.100000,16.530000
2007-03-16,97.780000,0.060000,105.690000,101.700000,16.020000,163.850000,239.780000,1.058000,3.260000,20.240000,4.750000,88.070000,124.050000,0.100000,16.680000
2007-03-17,98.370000,0.060000,105.610000,102.710000,16.020000,165.030000,240.810000,1.061000,3.260000,20.290000,4.760000,88.160000,124.000000,0.100000,16.670000
2007-03-20,98.540000,0.060000,105.020000,102.250000,15.990000,164.540000,240.540000,1.054000,3.250000,20.230000,4.750000,88.340000,123.670000,0.100000,16.660000
2007-03-21,98.970000,0.060000,105.120000,101.990000,15.990000,164.450000,240.910000,1.050000,3.250000,20.180000,4.750000,89.000000,123.710000,0.100000,16.720000
2007-03-22,99.220000,0.060000,106.580000,102.140000,16.020000,164.860000,243.130000,1.053000,3.260000,20.140000,4.760000,88.860000,123.920000,0.100000,16.920000
2007-03-26,99.720000,0.060000,106.610000,101.480000,16.000000,164.310000,242.630000,1.048000,3.250000,20.200000,4.750000,89.390000,123.720000,0.100000,17.230000
2007-03-27,99.250000,0.060000,106.100000,101.000000,15.940000,163.510000,241.640000,1.043000,3.240000,20.150000,4.730000,89.160000,123.310000,0.100000,17.110000
2007-03-28,99.920000,0.060000,106.950000,101.960000,16.010000,165.190000,243.380000,1.046000,3.260000,20.350000,4.760000,89.120000,123.790000,0.100000,17.120000
2007-03-29,99.750000,0.060000,106.830000,102.240000,16.040000,165.240000,243.140000,1.056000,3.260000,20.340000,4.770000,88.950000,123.960000,0.100000,17.060000
2007-03-30,100.130000,0.060000,106.730000,101.910000,16.020000,165.060000,243.140000,1.054000,3.250000,20.380000,4.760000,88.840000,123.750000,0.100000,16.960000
2007-03-31,99.980000,0.060000,107.390000,101.470000,16.020000,164.870000,242.320000,1.049000,3.260000,20.330000,4.760000,89.380000,123.840000,0.100000,17.080000
2007-04-03,100.410000,0.060000,106.810000,101.480000,15.960000,164.670000,243.340000,1.047000,3.240000,20.220000,4.740000,88.990000,123.340000,0.100000,17.020000
2007-04-04,100.380000,0.060000,106.840000,101.390000,15.980000,165.010000,244.070000,1.041000,3.250000,20.240000,4.750000,89.300000,123.550000,0.100000,17.180000
2007-04-05,100.490000,0.060000,106.860000,101.300000,15.980000,165.020000,244.170000,1.040000,3.250000,20.190000,4.760000,90.380000,123.600000,0.100000,17.250000
2007-04-06,100.900000,0.060000,106.540000,101.060000,15.970000,164.830000,243.450000,1.039000,3.240000,20.210000,4.750000,90.150000,123.370000,0.100000,17.290000
2007-04-07,101.040000,0.060000,107.240000,101.520000,15.990000,165.670000,243.380000,1.040000,3.250000,20.300000,4.760000,90.510000,123.460000,0.100000,17.310000
2007-04-10,100.550000,0.060000,106.930000,100.700000,15.920000,164.540000,241.670000,1.032000,3.240000,20.190000,4.740000,89.870000,123.030000,0.100000,17.280000
2007-04-11,101.190000,0.060000,106.740000,100.700000,15.890000,164.730000,242.060000,1.031000,3.230000,20.320000,4.740000,89.450000,122.860000,0.100000,17.150000
2007-04-12,100.950000,0.060000,106.810000,100.470000,15.850000,164.400000,242.160000,1.027000,3.220000,20.310000,4.720000,89.750000,122.420000,0.100000,17.170000
2007-04-13,100.710000,0.060000,107.080000,100.050000,15.800000,164.200000,241.100000,1.023000,3.210000,20.310000,4.720000,88.920000,122.090000,0.100000,17.070000
2007-04-14,101.280000,0.060000,107.380000,100.650000,15.770000,164.670000,241.850000,1.029000,3.200000,20.310000,4.720000,88.710000,121.800000,0.100000,16.970000
2007-04-17,101.500000,0.060000,107.460000,100.420000,15.760000,165.090000,242.530000,1.019000,3.200000,20.410000,4.720000,89.590000,121.800000,0.100000,17.150000
2007-04-18,101.570000,0.060000,107.670000,100.640000,15.780000,165.110000,243.890000,1.023000,3.210000,20.440000,4.730000,89.790000,122.020000,0.100000,17.100000
2007-04-19,102.310000,0.060000,108.130000,101.630000,15.830000,166.390000,246.000000,1.031000,3.220000,20.570000,4.750000,91.060000,122.250000,0.100000,17.370000
2007-04-20,101.600000,0.060000,108.060000,101.390000,15.790000,165.680000,244.110000,1.034000,3.210000,20.450000,4.730000,89.680000,121.880000,0.100000,17.120000
2007-04-21,100.980000,0.060000,107.240000,100.290000,15.690000,164.670000,242.330000,1.020000,3.180000,20.320000,4.700000,90.120000,121.070000,0.100000,17.200000
2007-04-24,100.710000,0.060000,107.670000,99.940000,15.660000,163.960000,241.650000,1.021000,3.180000,20.250000,4.690000,90.210000,120.920000,0.100000,17.150000
2007-04-25,100.000000,0.060000,107.940000,100.270000,15.670000,164.190000,241.760000,1.021000,3.180000,20.270000,4.700000,90.030000,121.050000,0.100000,17.070000
2007-04-26,100.740000,0.060000,107.880000,100.460000,15.660000,164.950000,242.340000,1.020000,3.180000,20.360000,4.710000,90.840000,120.910000,0.100000,17.200000
2007-04-27,100.420000,0.060000,108.080000,100.150000,15.630000,164.570000,241.660000,1.014000,3.170000,20.250000,4.700000,90.940000,120.680000,0.100000,17.300000
2007-04-28,99.200000,0.060000,107.240000,99.490000,15.540000,163.380000,239.320000,1.005000,3.160000,20.100000,4.670000,90.110000,120.020000,0.100000,17.080000
2007-05-01,99.300000,0.060000,107.410000,99.260000,15.590000,163.200000,238.910000,1.003000,3.160000,20.110000,4.670000,88.080000,120.100000,0.100000,16.870000
2007-05-03,99.170000,0.060000,108.060000,98.840000,15.610000,163.230000,239.780000,1.001000,3.170000,20.140000,4.670000,88.480000,120.240000,0.100000,17.130000
2007-05-04,98.880000,0.060000,108.180000,98.980000,15.560000,163.080000,238.840000,0.998000,3.160000,20.080000,4.660000,88.760000,119.870000,0.100000,17.140000
2007-05-05,97.680000,0.060000,107.900000,98.200000,15.480000,161.800000,236.910000,0.991000,3.150000,19.920000,4.630000,88.060000,119.280000,0.090000,17.030000
2007-05-08,97.950000,0.060000,107.450000,98.200000,15.420000,161.600000,237.140000,0.990000,3.130000,19.910000,4.620000,88.680000,118.790000,0.090000,17.180000
2007-05-09,98.890000,0.060000,108.380000,98.220000,15.510000,162.040000,237.710000,0.996000,3.150000,19.950000,4.630000,89.210000,119.320000,0.100000,17.330000
2007-05-11,99.850000,0.060000,108.290000,98.620000,15.590000,162.490000,238.880000,0.998000,3.160000,19.940000,4.650000,89.940000,119.980000,0.100000,17.360000
2007-05-12,99.750000,0.060000,108.260000,98.850000,15.670000,162.280000,238.200000,1.006000,3.180000,19.860000,4.660000,89.380000,120.400000,0.100000,17.140000
2007-05-15,100.100000,0.060000,107.990000,98.470000,15.640000,162.570000,237.860000,0.998000,3.170000,19.860000,4.650000,90.030000,120.100000,0.100000,17.310000
2007-05-16,99.450000,0.060000,108.330000,98.160000,15.570000,161.870000,236.380000,0.993000,3.150000,19.760000,4.640000,89.480000,119.590000,0.100000,17.220000
2007-05-17,99.330000,0.060000,108.750000,98.430000,15.570000,162.560000,237.350000,0.993000,3.150000,19.900000,4.650000,90.480000,119.570000,0.100000,17.250000
2007-05-18,99.450000,0.060000,109.230000,98.600000,15.700000,163.050000,238.190000,0.996000,3.180000,19.970000,4.670000,91.190000,120.460000,0.100000,17.290000
2007-05-19,99.260000,0.060000,110.160000,98.370000,15.730000,162.840000,237.890000,0.994000,3.180000,19.920000,4.670000,90.900000,120.580000,0.100000,17.120000
2007-05-22,98.670000,0.060000,110.840000,97.870000,15.680000,162.200000,236.820000,0.990000,3.170000,19.880000,4.650000,91.120000,120.140000,0.100000,17.180000
2007-05-23,98.760000,0.060000,110.910000,97.670000,15.700000,161.770000,237.010000,0.989000,3.170000,19.880000,4.640000,91.080000,120.140000,0.100000,17.200000
2007-05-24,98.670000,0.060000,110.410000,97.540000,15.670000,161.090000,237.020000,0.985000,3.160000,19.810000,4.630000,90.520000,119.980000,0.100000,16.960000
2007-05-25,98.960000,0.060000,111.100000,97.940000,15.730000,161.680000,239.010000,0.991000,3.170000,19.940000,4.650000,90.560000,120.360000,0.100000,17.000000
2007-05-26,98.730000,0.060000,111.230000,98.310000,15.770000,162.060000,239.560000,0.994000,3.180000,20.000000,4.660000,90.740000,120.680000,0.100000,16.920000
2007-05-29,99.620000,0.060000,112.550000,99.100000,15.910000,163.660000,241.220000,1.000000,3.200000,20.230000,4.700000,91.880000,121.650000,0.100000,17.210000
2007-05-30,100.060000,0.060000,112.790000,99.690000,15.950000,164.550000,242.640000,1.006000,3.210000,20.340000,4.720000,92.380000,122.030000,0.100000,17.130000
2007-05-31,99.560000,0.060000,113.660000,99.310000,15.910000,163.450000,240.520000,1.000000,3.200000,20.150000,4.700000,91.510000,121.620000,0.100000,16.970000
2007-06-01,100.940000,0.060000,114.300000,99.890000,16.010000,164.540000,241.720000,1.007000,3.220000,20.260000,4.730000,92.460000,122.420000,0.100000,17.150000
2007-06-02,101.240000,0.060000,114.400000,99.520000,15.990000,164.230000,241.820000,1.003000,3.220000,20.250000,4.720000,93.060000,122.240000,0.100000,17.220000
2007-06-05,101.290000,0.060000,115.260000,99.150000,15.920000,163.710000,241.560000,0.998000,3.200000,20.200000,4.700000,92.920000,121.730000,0.100000,17.120000
2007-06-06,101.990000,0.060000,115.200000,99.790000,15.950000,164.600000,242.850000,1.001000,3.210000,20.380000,4.720000,92.960000,121.870000,0.100000,17.150000
2007-06-07,101.920000,0.060000,114.290000,99.370000,15.850000,163.590000,241.030000,0.997000,3.180000,20.280000,4.690000,91.950000,121.000000,0.100000,16.860000
2007-06-08,102.400000,0.060000,114.400000,99.100000,15.810000,163.230000,240.940000,0.997000,3.190000,20.290000,4.680000,91.820000,120.930000,0.100000,16.880000
2007-06-09,101.910000,0.060000,113.910000,98.540000,15.820000,162.160000,238.580000,1.000000,3.190000,20.070000,4.670000,90.130000,121.090000,0.100000,16.630000
2007-06-12,102.870000,0.060000,114.740000,98.530000,15.910000,162.730000,239.930000,1.002000,3.210000,20.030000,4.690000,91.460000,121.910000,0.100000,16.810000
2007-06-13,102.540000,0.060000,114.780000,98.100000,15.940000,162.450000,240.050000,1.000000,3.210000,20.050000,4.680000,91.270000,121.780000,0.100000,16.880000
2007-06-14,102.010000,0.060000,113.620000,97.780000,15.970000,161.630000,239.790000,0.996000,3.210000,19.930000,4.670000,90.390000,121.800000,0.100000,16.710000
2007-06-15,101.950000,0.060000,114.290000,97.910000,15.960000,162.070000,240.010000,0.991000,3.210000,19.990000,4.680000,91.310000,121.820000,0.100000,16.910000
2007-06-16,102.560000,0.060000,115.010000,98.520000,16.090000,163.310000,241.630000,0.993000,3.230000,20.180000,4.710000,92.570000,122.660000,0.100000,17.150000
2007-06-19,103.080000,0.060000,114.300000,98.530000,16.030000,163.720000,242.290000,0.990000,3.220000,20.280000,4.710000,94.010000,122.210000,0.100000,17.200000
2007-06-20,103.140000,0.060000,114.390000,98.570000,16.060000,163.830000,242.660000,0.990000,3.230000,20.300000,4.710000,94.230000,122.360000,0.100000,17.280000
2007-06-21,104.140000,0.060000,115.550000,99.350000,16.150000,165.120000,244.920000,0.997000,3.240000,20.500000,4.740000,94.510000,123.000000,0.100000,17.370000
2007-06-22,104.070000,0.060000,115.390000,99.170000,16.150000,164.710000,245.130000,0.996000,3.240000,20.510000,4.740000,93.920000,123.040000,0.100000,17.240000
2007-06-23,104.000000,0.060000,114.300000,99.310000,16.080000,164.540000,244.640000,0.989000,3.230000,20.630000,4.730000,93.800000,122.600000,0.100000,17.180000
2007-06-26,103.770000,0.060000,114.370000,99.720000,16.080000,164.770000,244.940000,0.992000,3.230000,20.600000,4.730000,93.250000,122.490000,0.100000,17.180000
2007-06-27,103.120000,0.060000,113.630000,98.900000,15.970000,163.550000,243.080000,0.989000,3.210000,20.430000,4.720000,91.720000,121.620000,0.100000,16.990000
2007-06-28,101.610000,0.060000,112.890000,98.420000,15.890000,162.500000,241.280000,0.988000,3.190000,20.240000,4.680000,90.890000,120.980000,0.100000,16.800000
2007-06-29,102.640000,0.060000,114.270000,98.990000,15.980000,163.710000,243.440000,0.988000,3.210000,20.610000,4.720000,92.410000,121.660000,0.100000,17.170000
2007-06-30,103.940000,0.060000,116.010000,99.390000,16.060000,164.630000,244.890000,0.990000,3.220000,20.700000,4.740000,93.440000,122.310000,0.100000,17.250000
2007-07-03,104.030000,0.060000,114.840000,100.160000,16.010000,165.210000,244.760000,0.993000,3.210000,20.720000,4.740000,93.330000,121.770000,0.100000,17.410000
2007-07-04,104.380000,0.060000,115.280000,100.290000,16.050000,165.820000,245.790000,0.996000,3.210000,20.900000,4.750000,94.250000,121.870000,0.100000,17.550000
2007-07-05,104.350000,0.060000,115.150000,100.070000,16.030000,165.730000,245.580000,0.994000,3.210000,20.890000,4.740000,94.160000,121.720000,0.100000,17.500000
2007-07-06,104.620000,0.060000,115.200000,100.540000,16.050000,166.260000,245.700000,0.995000,3.210000,20.990000,4.750000,94.370000,121.880000,0.100000,17.440000
2007-07-07,104.470000,0.060000,115.350000,99.900000,16.030000,165.600000,244.820000,0.989000,3.210000,20.950000,4.730000,94.070000,121.820000,0.100000,17.410000
2007-07-10,104.900000,0.060000,116.570000,100.250000,16.030000,166.150000,245.630000,0.988000,3.210000,21.040000,4.750000,94.850000,121.850000,0.100000,17.510000
2007-07-11,104.710000,0.060000,116.130000,100.380000,16.070000,166.270000,245.580000,0.989000,3.210000,20.900000,4.750000,94.750000,121.830000,0.100000,17.450000
2007-07-12,104.300000,0.060000,114.520000,100.660000,16.020000,166.490000,245.810000,0.997000,3.200000,20.890000,4.750000,94.090000,121.190000,0.100000,17.310000
2007-07-13,104.900000,0.060000,115.670000,101.160000,16.080000,167.640000,247.270000,0.997000,3.210000,21.110000,4.770000,94.500000,121.620000,0.100000,17.360000
2007-07-14,105.970000,0.060000,116.580000,101.420000,16.120000,168.140000,247.820000,0.997000,3.220000,21.270000,4.790000,95.900000,121.990000,0.100000,17.530000
2007-07-17,106.600000,0.060000,116.680000,101.580000,16.120000,168.210000,248.610000,1.002000,3.220000,21.290000,4.790000,96.020000,121.980000,0.100000,17.540000
2007-07-18,106.320000,0.060000,116.490000,101.370000,16.090000,167.600000,248.540000,0.999000,3.210000,21.280000,4.780000,95.350000,121.670000,0.100000,17.450000
2007-07-19,106.650000,0.060000,116.770000,101.420000,16.110000,167.930000,249.840000,0.999000,3.210000,21.240000,4.790000,95.440000,121.830000,0.100000,17.500000
2007-07-20,107.460000,0.060000,117.070000,101.670000,16.140000,168.660000,250.230000,1.001000,3.230000,21.350000,4.810000,96.350000,122.070000,0.100000,17.740000
2007-07-21,107.290000,0.060000,116.920000,101.250000,16.130000,168.280000,250.490000,0.998000,3.230000,21.260000,4.800000,96.770000,122.030000,0.100000,17.760000
2007-07-24,107.720000,0.060000,116.750000,101.310000,16.130000,168.420000,250.860000,1.005000,3.230000,21.290000,4.800000,97.240000,121.990000,0.100000,17.840000
2007-07-25,108.430000,0.060000,117.420000,101.700000,16.210000,169.380000,252.830000,1.016000,3.240000,21.420000,4.830000,98.510000,122.590000,0.100000,17.990000
2007-07-26,108.220000,0.060000,117.850000,100.920000,16.200000,168.050000,251.000000,1.018000,3.240000,21.140000,4.800000,98.150000,122.340000,0.100000,17.870000
2007-07-27,108.630000,0.060000,117.840000,101.250000,16.230000,168.380000,251.300000,1.019000,3.250000,21.240000,4.820000,97.170000,122.770000,0.100000,17.720000
2007-07-28,105.970000,0.060000,116.460000,101.720000,16.290000,168.260000,250.770000,1.033000,3.260000,20.980000,4.820000,95.000000,123.160000,0.100000,17.460000
2007-07-31,105.450000,0.060000,116.010000,102.650000,16.340000,168.960000,250.510000,1.041000,3.270000,21.080000,4.830000,95.140000,123.610000,0.100000,17.380000
2007-08-01,106.280000,0.060000,116.420000,102.590000,16.320000,169.390000,251.110000,1.037000,3.270000,21.250000,4.840000,96.700000,123.580000,0.100000,17.450000
2007-08-02,104.470000,0.060000,115.570000,102.750000,16.290000,168.270000,249.320000,1.048000,3.260000,21.000000,4.810000,93.680000,123.310000,0.100000,17.180000
2007-08-03,105.290000,0.060000,116.580000,102.430000,16.280000,168.490000,250.160000,1.038000,3.260000,21.180000,4.820000,95.760000,123.280000,0.100000,17.380000
2007-08-04,106.040000,0.060000,117.260000,102.820000,16.390000,169.750000,252.340000,1.040000,3.280000,21.400000,4.850000,97.480000,123.940000,0.100000,17.550000
2007-08-07,106.610000,0.060000,118.060000,105.030000,16.460000,171.960000,253.940000,1.057000,3.290000,21.590000,4.890000,97.160000,124.430000,0.100000,17.440000
2007-08-08,106.770000,0.060000,118.160000,104.720000,16.480000,172.060000,252.730000,1.050000,3.300000,21.580000,4.900000,98.080000,124.750000,0.100000,17.630000
2007-08-09,106.720000,0.060000,118.250000,104.150000,16.440000,171.330000,252.060000,1.044000,3.300000,21.470000,4.890000,98.640000,124.530000,0.100000,17.710000
2007-08-10,106.920000,0.060000,118.280000,104.340000,16.490000,171.430000,253.050000,1.049000,3.300000,21.590000,4.910000,97.800000,124.760000,0.100000,17.660000
2007-08-11,105.600000,0.060000,118.540000,104.680000,16.500000,171.260000,252.960000,1.059000,3.310000,21.460000,4.910000,96.860000,125.000000,0.100000,17.430000
2007-08-14,105.270000,0.060000,118.550000,104.420000,16.510000,170.790000,251.420000,1.062000,3.310000,21.370000,4.910000,96.990000,125.170000,0.100000,17.470000
2007-08-15,105.220000,0.060000,118.720000,103.910000,16.570000,170.450000,251.140000,1.060000,3.320000,21.370000,4.910000,96.840000,125.500000,0.100000,17.360000
2007-08-16,103.330000,0.060000,116.740000,103.210000,16.510000,169.000000,249.000000,1.073000,3.310000,21.120000,4.890000,93.840000,125.220000,0.100000,16.970000
2007-08-17,100.070000,0.060000,115.950000,103.070000,16.510000,168.290000,248.780000,1.082000,3.320000,21.080000,4.870000,90.940000,125.400000,0.100000,16.830000
2007-08-18,97.450000,0.060000,116.410000,103.560000,16.450000,168.050000,247.220000,1.098000,3.310000,20.940000,4.850000,89.810000,125.010000,0.100000,16.720000
2007-08-21,100.370000,0.060000,117.910000,103.550000,16.470000,168.660000,248.560000,1.085000,3.310000,21.130000,4.850000,93.370000,125.020000,0.100000,17.080000
2007-08-22,99.920000,0.060000,117.640000,103.860000,16.480000,168.430000,247.400000,1.093000,3.310000,21.040000,4.830000,90.940000,125.040000,0.100000,16.830000
2007-08-23,100.530000,0.060000,117.870000,103.670000,16.460000,168.700000,248.240000,1.089000,3.310000,21.110000,4.840000,93.160000,125.110000,0.100000,17.100000
2007-08-24,102.270000,0.060000,118.370000,103.530000,16.520000,169.720000,250.430000,1.078000,3.320000,21.290000,4.870000,94.800000,125.290000,0.100000,17.350000
2007-08-25,103.110000,0.060000,119.400000,104.520000,16.600000,170.670000,251.560000,1.083000,3.320000,21.470000,4.870000,94.730000,125.560000,0.100000,17.300000
2007-08-28,104.730000,0.060000,120.090000,104.650000,16.660000,172.020000,253.710000,1.084000,3.330000,21.660000,4.910000,95.950000,125.940000,0.100000,17.530000
2007-08-29,103.760000,0.060000,119.460000,104.960000,16.680000,171.940000,252.770000,1.090000,3.340000,21.650000,4.910000,95.380000,126.050000,0.100000,17.420000
2007-08-30,102.990000,0.060000,118.690000,104.970000,16.730000,171.660000,253.430000,1.101000,3.340000,21.560000,4.910000,95.210000,126.250000,0.100000,17.380000
2007-09-03,103.140000,0.060000,119.330000,104.240000,16.700000,171.700000,254.030000,1.088000,3.330000,21.610000,4.910000,97.020000,125.990000,0.100000,17.700000
2007-09-04,102.760000,0.060000,118.700000,103.580000,16.570000,170.640000,252.410000,1.078000,3.310000,21.500000,4.890000,96.260000,125.030000,0.100000,17.470000
2007-09-05,102.170000,0.060000,117.460000,102.500000,16.430000,168.530000,249.710000,1.074000,3.280000,21.240000,4.830000,94.750000,123.980000,0.100000,17.120000
2007-09-06,101.070000,0.060000,116.760000,101.510000,16.290000,167.230000,247.190000,1.062000,3.260000,21.150000,4.790000,94.750000,123.030000,0.100000,17.030000
2007-09-07,101.680000,0.060000,116.820000,102.120000,16.310000,167.920000,248.980000,1.065000,3.250000,21.300000,4.790000,94.560000,122.940000,0.100000,17.000000
2007-09-08,101.030000,0.060000,116.400000,101.920000,16.230000,167.400000,247.130000,1.062000,3.240000,21.170000,4.770000,94.550000,122.330000,0.100000,17.030000
2007-09-11,100.480000,0.060000,115.600000,102.950000,16.250000,168.420000,247.840000,1.076000,3.230000,21.360000,4.780000,93.980000,122.210000,0.100000,16.890000
2007-09-12,101.060000,0.060000,116.730000,102.850000,16.240000,168.570000,247.850000,1.075000,3.240000,21.460000,4.790000,94.510000,122.170000,0.100000,16.960000
2007-09-13,102.070000,0.060000,117.310000,103.110000,16.240000,169.280000,248.540000,1.072000,3.240000,21.610000,4.810000,95.580000,122.150000,0.100000,17.020000
2007-09-14,102.650000,0.060000,118.010000,103.080000,16.220000,169.560000,246.860000,1.064000,3.240000,21.670000,4.810000,95.840000,121.820000,0.100000,17.150000
2007-09-15,102.140000,0.060000,117.860000,102.550000,16.190000,168.760000,245.300000,1.058000,3.230000,21.600000,4.800000,96.420000,121.630000,0.100000,16.930000
2007-09-18,102.270000,0.060000,118.270000,102.410000,16.170000,168.620000,242.690000,1.058000,3.230000,21.560000,4.800000,96.070000,121.630000,0.100000,16.960000
2007-09-19,101.100000,0.060000,118.330000,102.440000,16.150000,168.430000,242.270000,1.057000,3.230000,21.630000,4.790000,95.850000,121.530000,0.100000,16.870000
2007-09-20,103.610000,0.060000,119.890000,102.740000,16.150000,169.480000,243.370000,1.047000,3.250000,21.800000,4.820000,97.670000,121.320000,0.100000,17.110000
2007-09-21,104.580000,0.060000,119.790000,103.340000,16.150000,170.240000,243.200000,1.049000,3.280000,21.890000,4.830000,98.120000,121.280000,0.100000,17.170000
2007-09-22,105.040000,0.060000,121.400000,103.380000,16.170000,170.720000,244.340000,1.052000,3.280000,21.960000,4.840000,98.220000,121.290000,0.100000,17.210000
2007-09-25,105.180000,0.060000,121.150000,103.540000,16.160000,171.050000,245.580000,1.056000,3.280000,22.020000,4.850000,99.190000,121.310000,0.100000,17.350000
2007-09-26,104.900000,0.060000,120.920000,103.590000,16.150000,170.970000,244.110000,1.057000,3.290000,21.930000,4.850000,98.370000,121.290000,0.100000,17.320000
2007-09-27,105.760000,0.060000,120.340000,103.620000,16.150000,171.200000,243.990000,1.053000,3.290000,21.970000,4.850000,99.130000,121.290000,0.100000,17.390000
2007-09-28,106.510000,0.060000,120.980000,103.530000,16.130000,171.380000,245.030000,1.049000,3.290000,22.080000,4.850000,99.590000,121.200000,0.100000,17.560000
2007-09-29,106.480000,0.060000,120.950000,103.400000,16.110000,171.470000,245.140000,1.049000,3.300000,22.260000,4.850000,100.170000,120.960000,0.090000,17.600000
2007-10-02,107.720000,0.060000,121.870000,103.600000,16.120000,172.200000,247.210000,1.046000,3.300000,22.340000,4.860000,100.560000,120.970000,0.090000,17.600000
2007-10-03,107.120000,0.060000,121.500000,103.290000,16.120000,171.790000,246.710000,1.047000,3.360000,22.310000,4.860000,100.520000,120.980000,0.090000,17.520000
2007-10-04,107.370000,0.060000,121.210000,103.000000,16.120000,171.370000,246.330000,1.042000,3.410000,22.300000,4.850000,100.410000,120.980000,0.090000,17.510000
2007-10-05,106.990000,0.060000,121.340000,102.670000,16.120000,170.740000,245.690000,1.038000,3.530000,22.190000,4.840000,100.730000,120.980000,0.090000,17.490000
2007-10-06,107.780000,0.060000,121.450000,102.710000,16.120000,170.570000,246.290000,1.037000,3.530000,22.280000,4.840000,101.170000,120.940000,0.090000,17.530000
2007-10-09,108.770000,0.060000,123.120000,102.210000,16.110000,170.370000,246.260000,1.031000,3.520000,22.290000,4.830000,102.360000,120.900000,0.090000,17.670000
2007-10-10,107.910000,0.060000,122.520000,101.900000,16.100000,169.760000,245.880000,1.031000,3.530000,22.040000,4.830000,101.840000,120.940000,0.090000,17.630000
2007-10-11,108.660000,0.060000,123.380000,102.340000,16.110000,170.960000,247.230000,1.031000,3.530000,22.270000,4.850000,102.340000,120.960000,0.090000,17.710000
2007-10-12,109.330000,0.060000,123.740000,102.640000,16.120000,171.840000,246.790000,1.031000,3.480000,22.400000,4.860000,102.010000,120.930000,0.090000,17.740000
2007-10-13,109.100000,0.060000,123.730000,102.190000,16.090000,171.490000,245.290000,1.030000,3.470000,22.450000,4.850000,101.400000,120.820000,0.090000,17.940000
2007-10-16,109.270000,0.060000,124.080000,102.320000,16.040000,171.680000,245.840000,1.025000,3.470000,22.390000,4.850000,101.140000,120.660000,0.090000,17.970000
2007-10-17,107.680000,0.060000,123.330000,102.080000,16.060000,171.170000,245.430000,1.033000,3.460000,22.370000,4.840000,99.020000,120.740000,0.090000,17.590000
2007-10-18,107.460000,0.060000,123.270000,102.230000,16.080000,171.300000,245.510000,1.034000,3.470000,22.330000,4.850000,100.070000,120.780000,0.090000,17.720000
2007-10-19,107.720000,0.060000,124.130000,102.960000,16.080000,172.090000,246.850000,1.040000,3.470000,22.480000,4.860000,100.560000,120.750000,0.090000,17.860000
2007-10-20,107.750000,0.060000,123.880000,102.970000,16.060000,172.180000,246.520000,1.047000,3.460000,22.440000,4.850000,100.270000,120.550000,0.090000,17.760000
2007-10-23,107.240000,0.060000,124.440000,103.690000,16.080000,172.660000,247.200000,1.062000,3.470000,22.490000,4.860000,97.780000,120.710000,0.090000,17.630000
2007-10-24,107.830000,0.060000,124.190000,102.950000,16.090000,171.660000,246.530000,1.056000,3.470000,22.250000,4.850000,99.350000,120.760000,0.090000,17.700000
2007-10-25,108.310000,0.060000,124.570000,102.790000,16.120000,171.770000,247.260000,1.056000,3.470000,22.210000,4.850000,99.650000,120.770000,0.090000,18.110000
2007-10-29,110.980000,0.060000,125.600000,103.750000,16.130000,173.870000,247.940000,1.058000,3.470000,22.530000,4.880000,101.800000,120.780000,0.090000,18.650000
2007-10-30,111.760000,0.060000,125.940000,103.920000,16.160000,174.150000,248.480000,1.058000,3.470000,22.570000,4.890000,101.730000,120.780000,0.090000,18.680000
2007-10-31,111.270000,0.060000,126.570000,103.690000,16.180000,174.020000,249.500000,1.054000,3.470000,22.560000,4.890000,101.550000,120.840000,0.110000,18.400000
2007-11-01,111.570000,0.060000,126.470000,104.400000,16.200000,174.650000,250.570000,1.050000,3.470000,22.610000,4.900000,102.670000,120.890000,0.090000,18.580000
2007-11-02,112.360000,0.060000,128.050000,104.020000,16.230000,174.500000,251.330000,1.046000,3.480000,22.430000,4.900000,103.400000,120.930000,0.090000,18.490000
2007-11-03,111.210000,0.060000,127.770000,104.930000,16.230000,175.110000,252.260000,1.054000,3.480000,22.340000,4.910000,102.590000,121.000000,0.090000,18.360000
2007-11-06,111.200000,0.060000,129.810000,104.810000,16.230000,175.120000,252.070000,1.056000,3.480000,22.410000,4.910000,101.950000,121.000000,0.090000,18.410000
2007-11-07,111.840000,0.060000,130.500000,105.430000,16.220000,175.670000,252.350000,1.055000,3.470000,22.650000,4.910000,102.890000,120.920000,0.090000,18.570000
2007-11-08,113.150000,0.060000,132.810000,106.250000,16.220000,176.900000,253.100000,1.061000,3.470000,22.770000,4.930000,103.570000,120.710000,0.090000,18.710000
2007-11-09,112.010000,0.060000,129.970000,106.680000,16.260000,176.950000,253.690000,1.069000,3.470000,22.810000,4.930000,102.190000,120.650000,0.090000,18.530000
2007-11-10,111.920000,0.060000,130.100000,107.290000,16.290000,177.450000,254.660000,1.073000,3.470000,22.950000,4.940000,102.970000,120.730000,0.090000,18.730000
2007-11-13,108.050000,0.060000,127.260000,107.210000,16.280000,176.210000,250.750000,1.092000,3.470000,22.530000,4.920000,100.390000,120.670000,0.090000,18.050000
2007-11-14,107.540000,0.060000,125.720000,107.150000,16.230000,176.070000,249.130000,1.097000,3.470000,22.290000,4.920000,99.860000,120.620000,0.090000,17.820000
2007-11-15,109.060000,0.060000,126.180000,107.350000,16.240000,176.730000,250.460000,1.084000,3.470000,22.390000,4.930000,101.980000,120.640000,0.090000,18.200000
2007-11-16,107.930000,0.060000,125.110000,107.490000,16.250000,176.770000,248.080000,1.089000,3.470000,22.300000,4.930000,102.450000,120.690000,0.090000,18.200000
2007-11-17,107.230000,0.060000,123.160000,107.490000,16.260000,176.220000,246.500000,1.095000,3.490000,21.950000,4.920000,101.870000,120.660000,0.090000,18.970000
2007-11-20,107.630000,0.060000,123.890000,107.890000,16.250000,176.610000,246.880000,1.092000,3.490000,22.020000,4.930000,102.000000,120.670000,0.090000,18.040000
2007-11-21,107.020000,0.060000,123.170000,108.630000,16.260000,177.810000,248.410000,1.094000,3.490000,22.190000,4.940000,101.390000,120.600000,0.090000,17.940000
2007-11-22,106.120000,0.060000,122.660000,108.870000,16.250000,178.290000,248.370000,1.105000,3.480000,22.250000,4.950000,100.760000,120.480000,0.090000,17.900000
2007-11-23,105.250000,0.060000,122.360000,109.200000,16.240000,178.510000,248.480000,1.108000,3.490000,22.260000,4.950000,100.100000,120.340000,0.090000,17.780000
2007-11-24,104.900000,0.060000,121.940000,109.140000,16.250000,178.260000,247.960000,1.110000,3.490000,22.180000,4.950000,100.440000,120.370000,0.090000,17.740000
2007-11-27,106.690000,0.060000,122.750000,109.420000,16.270000,179.060000,249.370000,1.109000,3.490000,22.380000,4.960000,101.450000,120.420000,0.090000,17.850000
2007-11-28,105.900000,0.060000,121.820000,109.650000,16.330000,179.020000,249.490000,1.115000,3.500000,22.250000,4.960000,99.330000,120.590000,0.090000,17.260000
2007-11-29,105.410000,0.060000,120.940000,108.380000,16.320000,177.880000,248.820000,1.107000,3.500000,21.950000,4.950000,99.480000,120.750000,0.090000,17.330000
2007-11-30,106.850000,0.060000,122.330000,108.140000,16.380000,178.190000,249.540000,1.098000,3.500000,22.070000,4.950000,102.130000,120.870000,0.090000,17.590000
2007-12-01,107.180000,0.060000,121.480000,107.870000,16.330000,178.190000,249.650000,1.097000,3.500000,21.970000,4.950000,102.780000,120.820000,0.090000,17.770000
2007-12-04,106.370000,0.060000,120.610000,106.990000,16.320000,176.850000,248.180000,1.094000,3.500000,21.850000,4.930000,102.290000,120.830000,0.090000,17.680000
2007-12-05,105.630000,0.060000,120.510000,107.130000,16.340000,177.040000,249.430000,1.097000,3.510000,21.830000,4.940000,102.610000,120.870000,0.090000,17.770000
2007-12-06,104.980000,0.060000,118.930000,107.940000,16.360000,177.750000,246.700000,1.095000,3.500000,22.010000,4.950000,102.480000,120.820000,0.090000,17.740000
2007-12-07,105.200000,0.060000,119.090000,106.800000,16.280000,175.900000,244.330000,1.090000,3.500000,21.860000,4.920000,102.420000,120.710000,0.090000,17.780000
2007-12-08,105.860000,0.060000,119.690000,106.760000,16.320000,176.560000,244.880000,1.086000,3.500000,22.010000,4.930000,102.790000,120.760000,0.090000,17.940000
2007-12-11,106.200000,0.060000,120.290000,107.020000,16.330000,176.990000,246.250000,1.081000,3.500000,22.170000,4.930000,103.030000,120.780000,0.090000,18.080000
2007-12-12,107.010000,0.060000,119.790000,106.830000,16.360000,177.560000,246.980000,1.078000,3.500000,22.200000,4.940000,103.750000,120.710000,0.090000,18.160000
2007-12-13,106.380000,0.060000,119.490000,106.630000,16.370000,177.200000,246.580000,1.085000,3.500000,22.200000,4.940000,103.120000,120.700000,0.090000,17.900000
2007-12-14,106.490000,0.060000,119.260000,106.560000,16.390000,177.530000,246.520000,1.080000,3.500000,22.340000,4.940000,103.670000,120.770000,0.090000,17.940000
2007-12-15,105.830000,0.060000,118.720000,105.660000,16.380000,176.300000,246.180000,1.073000,3.500000,22.180000,4.920000,102.780000,120.730000,0.090000,17.870000
2007-12-20,103.950000,0.060000,119.790000,104.750000,16.360000,173.750000,243.670000,1.070000,3.440000,21.610000,4.880000,101.340000,120.660000,0.090000,17.540000
2007-12-22,104.610000,0.060000,121.170000,104.580000,16.390000,173.640000,239.730000,1.067000,3.450000,21.660000,4.880000,101.260000,120.760000,0.090000,17.230000
2007-12-25,105.090000,0.060000,121.720000,104.460000,16.400000,173.700000,239.320000,1.058000,3.450000,21.680000,4.880000,101.870000,120.770000,0.090000,17.350000
2007-12-26,105.240000,0.060000,122.530000,105.160000,16.490000,173.960000,238.760000,1.058000,3.450000,21.720000,4.890000,102.310000,120.840000,0.090000,17.320000
2007-12-27,105.480000,0.060000,122.720000,104.700000,16.490000,174.370000,239.520000,1.059000,3.450000,21.800000,4.900000,103.010000,120.940000,0.090000,17.270000
2007-12-28,105.880000,0.060000,123.410000,105.180000,16.540000,175.390000,240.670000,1.059000,3.450000,21.890000,4.910000,102.880000,120.990000,0.090000,17.450000
2007-12-29,105.470000,0.060000,123.040000,106.380000,16.500000,176.820000,240.790000,1.065000,3.440000,22.200000,4.920000,103.120000,120.550000,0.090000,17.620000
2007-12-30,105.430000,0.060000,122.580000,106.840000,16.470000,177.170000,240.140000,1.071000,3.430000,22.280000,4.920000,102.930000,120.300000,0.090000,17.730000
2008-01-04,105.940000,0.060000,121.100000,107.720000,16.550000,176.880000,237.960000,1.100000,3.430000,22.300000,4.920000,103.060000,120.370000,0.090000,17.590000
2008-01-05,106.200000,0.060000,122.240000,108.450000,16.570000,177.430000,237.590000,1.104000,3.440000,22.520000,4.930000,103.710000,120.550000,0.090000,17.670000
2008-01-09,106.050000,0.060000,120.670000,108.050000,16.610000,177.510000,239.130000,1.101000,3.440000,22.500000,4.930000,104.280000,120.650000,0.090000,17.570000
2008-01-10,106.440000,0.060000,120.140000,108.450000,16.610000,177.490000,236.980000,1.104000,3.440000,22.500000,4.940000,104.220000,120.630000,0.090000,17.590000
2008-01-11,106.530000,0.060000,119.400000,108.140000,16.590000,176.930000,236.000000,1.098000,3.440000,22.470000,4.930000,104.040000,120.580000,0.090000,17.590000
2008-01-12,107.770000,0.060000,119.230000,109.310000,16.600000,177.970000,235.040000,1.106000,3.440000,22.790000,4.940000,104.820000,120.470000,0.090000,17.640000
2008-01-15,108.040000,0.060000,118.480000,110.200000,16.610000,179.190000,236.150000,1.116000,3.440000,22.880000,4.960000,105.010000,120.450000,0.090000,17.930000
2008-01-16,108.390000,0.060000,118.360000,110.260000,16.630000,178.880000,235.870000,1.119000,3.360000,22.870000,4.960000,104.720000,120.420000,0.090000,17.950000
2008-01-17,105.810000,0.060000,117.690000,110.410000,16.620000,178.160000,235.850000,1.132000,3.350000,22.450000,4.940000,103.390000,120.240000,0.090000,17.510000
2008-01-18,105.940000,0.060000,117.670000,108.490000,16.570000,175.430000,236.430000,1.114000,3.350000,22.070000,4.900000,102.390000,120.050000,0.090000,17.290000
2008-01-19,105.470000,0.060000,116.980000,108.940000,16.600000,175.890000,236.640000,1.122000,3.350000,21.980000,4.910000,101.410000,120.220000,0.090000,17.100000
2008-01-22,104.910000,0.060000,116.810000,109.330000,16.660000,174.700000,234.880000,1.135000,3.360000,21.820000,4.880000,100.250000,120.500000,0.090000,16.790000
2008-01-23,104.790000,0.060000,116.670000,109.200000,16.640000,174.500000,234.610000,1.134000,3.360000,21.800000,4.870000,100.130000,120.360000,0.090000,16.770000
2008-01-24,104.650000,0.060000,117.270000,109.760000,16.630000,175.770000,235.730000,1.130000,3.350000,21.860000,4.880000,100.730000,120.260000,0.090000,16.910000
2008-01-25,105.040000,0.060000,118.160000,110.560000,16.650000,175.740000,234.980000,1.134000,3.350000,21.830000,4.880000,100.380000,120.220000,0.090000,17.040000
2008-01-26,106.100000,0.060000,119.340000,109.900000,16.670000,176.950000,237.730000,1.116000,3.350000,22.100000,4.910000,101.750000,120.120000,0.090000,17.020000
2008-01-29,105.880000,0.060000,119.260000,110.180000,16.700000,176.930000,238.070000,1.128000,3.350000,21.960000,4.900000,101.170000,120.190000,0.090000,16.840000
2008-01-30,106.820000,0.060000,120.010000,110.140000,16.720000,177.540000,238.900000,1.128000,3.350000,22.040000,4.910000,102.250000,120.250000,0.090000,16.870000
2008-01-31,106.600000,0.060000,120.520000,110.170000,16.720000,177.660000,239.210000,1.126000,3.350000,22.090000,4.910000,102.130000,120.220000,0.090000,16.720000
2008-02-01,106.900000,0.060000,120.850000,110.780000,16.740000,178.260000,238.870000,1.127000,3.350000,22.090000,4.920000,102.830000,120.210000,0.090000,16.320000
2008-02-02,107.820000,0.060000,119.970000,111.170000,16.720000,178.590000,239.140000,1.129000,3.330000,22.220000,4.920000,103.180000,120.110000,0.090000,16.230000
2008-02-05,108.800000,0.060000,120.580000,110.280000,16.730000,177.930000,237.150000,1.125000,3.330000,22.190000,4.910000,103.610000,120.190000,0.090000,16.210000
2008-02-06,109.170000,0.060000,120.360000,109.670000,16.750000,177.600000,236.850000,1.121000,3.340000,22.160000,4.900000,103.250000,120.350000,0.090000,16.090000
2008-02-07,107.640000,0.060000,119.570000,109.520000,16.750000,175.980000,235.860000,1.131000,3.340000,21.860000,4.880000,101.420000,120.380000,0.090000,15.770000
2008-02-08,107.350000,0.060000,119.360000,109.450000,16.730000,175.710000,235.120000,1.128000,3.340000,21.790000,4.880000,101.140000,120.240000,0.090000,15.660000
2008-02-09,107.860000,0.060000,119.500000,108.780000,16.740000,174.270000,234.450000,1.118000,3.340000,21.680000,4.860000,100.800000,120.350000,0.090000,15.730000
2008-02-12,108.800000,0.060000,120.850000,109.830000,16.740000,175.300000,233.910000,1.128000,3.340000,21.910000,4.880000,98.120000,120.350000,0.090000,15.450000
2008-02-13,108.860000,0.060000,120.020000,109.070000,16.740000,174.550000,234.660000,1.125000,3.340000,21.800000,4.880000,98.330000,120.370000,0.090000,15.540000
2008-02-14,108.110000,0.060000,120.180000,109.060000,16.700000,175.190000,235.450000,1.122000,3.340000,21.930000,4.880000,99.530000,120.320000,0.090000,15.560000
2008-02-15,108.570000,0.060000,120.610000,108.820000,16.720000,175.740000,236.860000,1.110000,3.330000,22.090000,4.880000,100.700000,120.150000,0.090000,15.760000
2008-02-16,108.890000,0.060000,120.530000,109.490000,16.760000,176.180000,236.470000,1.111000,3.340000,22.240000,4.890000,100.720000,120.250000,0.090000,15.860000
2008-02-19,109.420000,0.060000,119.120000,109.390000,16.760000,175.760000,234.200000,1.111000,3.350000,22.280000,4.880000,100.530000,120.070000,0.090000,15.730000
2008-02-20,109.530000,0.060000,119.240000,109.500000,16.780000,175.930000,234.430000,1.112000,3.350000,22.310000,4.890000,100.630000,120.190000,0.090000,15.750000
2008-02-21,110.150000,0.060000,118.460000,109.620000,16.810000,176.730000,233.970000,1.117000,3.350000,22.440000,4.890000,100.060000,120.120000,0.090000,15.460000
2008-02-22,110.350000,0.060000,118.830000,109.600000,16.830000,177.140000,234.080000,1.113000,3.350000,22.540000,4.900000,99.600000,120.220000,0.090000,15.400000
2008-02-23,110.960000,0.060000,119.130000,110.580000,16.860000,178.600000,236.720000,1.122000,3.360000,22.650000,4.930000,100.130000,120.390000,0.090000,15.470000
2008-02-26,111.470000,0.060000,119.510000,110.690000,16.840000,178.480000,236.610000,1.121000,3.360000,22.680000,4.930000,100.630000,120.500000,0.090000,15.680000
2008-02-27,111.730000,0.060000,121.320000,110.750000,16.880000,178.660000,237.440000,1.118000,3.320000,22.690000,4.940000,101.030000,120.750000,0.090000,15.760000
2008-02-28,113.440000,0.060000,123.650000,113.130000,16.920000,182.100000,240.470000,1.137000,3.320000,23.200000,5.000000,102.440000,120.770000,0.090000,16.190000
2008-02-29,113.650000,0.060000,123.440000,113.710000,16.990000,182.500000,239.500000,1.135000,3.320000,23.180000,5.020000,102.260000,120.870000,0.090000,16.190000
2008-03-01,114.200000,0.060000,123.710000,115.250000,16.990000,183.730000,239.590000,1.157000,3.320000,23.300000,5.030000,101.630000,120.850000,0.090000,15.860000
2008-03-04,112.220000,0.060000,122.490000,116.230000,16.990000,183.060000,239.330000,1.172000,3.320000,23.140000,5.020000,98.720000,120.680000,0.090000,15.220000
2008-03-05,112.560000,0.060000,121.970000,116.070000,17.000000,183.450000,239.930000,1.169000,3.320000,23.350000,5.020000,100.280000,120.770000,0.090000,15.530000
2008-03-06,111.760000,0.060000,121.660000,116.150000,17.000000,183.330000,238.670000,1.167000,3.320000,23.360000,5.020000,99.890000,120.820000,0.090000,15.430000
2008-03-07,113.010000,0.060000,122.810000,117.100000,16.970000,185.120000,240.970000,1.168000,3.320000,23.610000,5.050000,99.600000,120.660000,0.090000,15.640000
2008-03-08,112.460000,0.060000,122.520000,118.390000,16.980000,185.860000,243.020000,1.184000,3.320000,23.570000,5.070000,97.070000,120.660000,0.090000,15.040000
2008-03-12,111.090000,0.060000,121.570000,118.310000,16.990000,185.520000,242.640000,1.183000,3.320000,23.530000,5.060000,96.710000,120.650000,0.090000,15.150000
2008-03-13,112.130000,0.060000,122.120000,117.170000,17.000000,185.570000,242.830000,1.170000,3.320000,23.530000,5.060000,99.090000,120.740000,0.090000,15.450000
2008-03-14,113.010000,0.060000,122.060000,119.870000,17.010000,188.100000,245.430000,1.205000,3.310000,23.770000,5.100000,97.300000,120.600000,0.090000,15.190000
2008-03-15,113.670000,0.060000,122.540000,119.320000,17.010000,187.720000,244.450000,1.199000,3.310000,23.620000,5.090000,98.390000,120.480000,0.090000,15.200000
2008-03-18,111.640000,0.060000,122.030000,122.950000,17.040000,190.510000,243.360000,1.245000,3.310000,23.720000,5.140000,95.320000,120.680000,0.090000,14.870000
2008-03-19,111.710000,0.060000,121.010000,122.250000,17.040000,190.350000,242.060000,1.237000,3.310000,23.660000,5.130000,96.780000,120.720000,0.090000,14.990000
2008-03-20,112.150000,0.060000,121.600000,121.620000,17.090000,190.020000,241.520000,1.228000,3.310000,23.620000,5.130000,97.960000,120.710000,0.090000,14.990000
2008-03-21,109.610000,0.060000,117.720000,119.810000,17.080000,187.220000,238.130000,1.209000,3.310000,23.140000,5.080000,97.450000,120.450000,0.090000,14.860000
2008-03-22,108.700000,0.060000,117.520000,119.490000,17.070000,186.180000,238.900000,1.209000,3.310000,22.950000,5.070000,97.030000,120.420000,0.090000,14.780000
2008-03-26,110.150000,0.060000,118.770000,119.010000,17.110000,187.440000,240.310000,1.199000,3.310000,23.160000,5.090000,97.710000,120.650000,0.090000,14.940000
2008-03-27,110.210000,0.060000,118.700000,119.890000,17.190000,188.660000,241.960000,1.208000,3.320000,23.430000,5.110000,95.460000,120.780000,0.090000,14.940000
2008-03-28,110.770000,0.060000,118.270000,121.040000,17.210000,190.110000,242.810000,1.212000,3.310000,23.700000,5.130000,95.930000,120.680000,0.090000,15.060000
2008-03-29,111.120000,0.060000,118.570000,121.040000,17.210000,190.220000,240.840000,1.207000,3.310000,23.720000,5.130000,94.700000,120.690000,0.090000,15.060000
2008-04-01,110.350000,0.060000,118.360000,121.600000,17.210000,190.930000,239.750000,1.214000,3.310000,23.740000,5.140000,91.790000,120.690000,0.090000,14.910000
2008-04-02,109.710000,0.060000,117.610000,120.200000,17.200000,189.100000,238.500000,1.204000,3.310000,23.460000,5.110000,91.030000,120.600000,0.090000,14.900000
2008-04-03,109.840000,0.060000,118.500000,119.310000,17.190000,188.610000,239.080000,1.184000,3.310000,23.380000,5.110000,93.190000,120.600000,0.090000,15.220000
2008-04-04,110.230000,0.060000,118.810000,118.600000,17.180000,187.720000,238.690000,1.173000,3.310000,23.460000,5.090000,94.300000,120.470000,0.090000,15.570000
2008-04-05,110.510000,0.060000,119.930000,119.720000,17.190000,189.480000,241.340000,1.178000,3.310000,23.700000,5.120000,93.140000,120.610000,0.090000,15.520000
2008-04-08,111.360000,0.060000,119.760000,118.950000,17.220000,189.280000,239.560000,1.176000,3.310000,23.740000,5.120000,94.410000,120.560000,0.090000,15.450000
2008-04-09,111.810000,0.060000,118.870000,119.500000,17.220000,189.910000,238.230000,1.181000,3.310000,23.830000,5.130000,93.640000,120.550000,0.090000,15.520000
2008-04-10,111.910000,0.060000,118.800000,119.140000,17.220000,189.670000,237.630000,1.179000,3.310000,23.850000,5.120000,93.120000,120.570000,0.090000,15.500000
2008-04-11,112.380000,0.060000,118.470000,121.560000,17.240000,191.310000,238.380000,1.199000,3.310000,24.130000,5.150000,91.940000,120.530000,0.090000,15.230000
2008-04-12,112.450000,0.060000,118.910000,120.180000,17.220000,190.810000,238.120000,1.185000,3.310000,24.070000,5.140000,93.250000,120.520000,0.090000,15.520000
2008-04-15,111.080000,0.060000,117.350000,120.240000,17.210000,190.020000,237.570000,1.194000,3.310000,23.940000,5.130000,92.080000,120.440000,0.090000,15.330000
2008-04-16,111.390000,0.060000,117.630000,120.550000,17.200000,190.560000,236.950000,1.193000,3.300000,24.090000,5.130000,91.680000,120.320000,0.090000,15.330000
2008-04-17,111.780000,0.060000,118.930000,120.240000,17.190000,191.060000,237.250000,1.186000,3.300000,24.170000,5.140000,90.900000,120.260000,0.090000,15.120000
2008-04-18,113.030000,0.060000,120.220000,120.640000,17.250000,192.140000,237.970000,1.182000,3.310000,24.320000,5.160000,90.480000,120.450000,0.090000,15.270000
2008-04-19,113.170000,0.060000,120.230000,119.780000,17.230000,192.090000,240.750000,1.177000,3.310000,24.260000,5.160000,90.570000,120.570000,0.090000,15.420000
2008-04-22,113.490000,0.060000,119.630000,119.110000,17.230000,191.240000,239.690000,1.164000,3.310000,24.080000,5.150000,91.710000,120.540000,0.090000,15.520000
2008-04-23,113.700000,0.060000,119.740000,119.610000,17.230000,192.080000,238.780000,1.168000,3.310000,24.230000,5.160000,91.720000,120.450000,0.090000,15.610000
2008-04-24,114.700000,0.060000,119.360000,119.580000,17.240000,192.190000,239.970000,1.166000,3.300000,24.290000,5.160000,92.860000,120.360000,0.090000,15.800000
2008-04-25,113.850000,0.060000,118.460000,117.400000,17.230000,189.400000,237.910000,1.160000,3.310000,23.850000,5.120000,92.730000,120.440000,0.090000,15.610000
2008-04-26,112.320000,0.060000,118.220000,115.980000,17.200000,187.810000,238.120000,1.153000,3.310000,23.450000,5.090000,93.570000,120.490000,0.090000,15.780000
2008-04-29,113.170000,0.060000,119.280000,116.810000,17.190000,188.790000,239.380000,1.154000,3.310000,23.660000,5.110000,94.090000,120.520000,0.090000,15.950000
2008-04-30,112.360000,0.060000,118.880000,116.030000,17.240000,187.350000,238.380000,1.155000,3.310000,23.490000,5.090000,93.980000,120.390000,0.090000,15.940000
2008-05-01,112.390000,0.060000,119.010000,115.880000,17.220000,187.020000,236.880000,1.156000,3.310000,23.400000,5.080000,93.320000,120.380000,0.090000,15.850000
2008-05-05,112.630000,0.060000,118.090000,113.820000,17.230000,185.670000,237.210000,1.143000,3.310000,23.490000,5.060000,95.310000,120.360000,0.090000,15.890000
2008-05-06,113.440000,0.060000,118.360000,114.480000,17.240000,186.600000,237.730000,1.145000,3.310000,23.560000,5.070000,95.530000,120.480000,0.090000,15.850000
2008-05-07,114.050000,0.060000,119.190000,114.710000,17.240000,186.660000,236.650000,1.150000,3.310000,23.700000,5.080000,95.890000,120.480000,0.090000,16.050000
2008-05-08,113.920000,0.060000,119.850000,114.250000,17.250000,186.380000,235.850000,1.145000,3.310000,23.720000,5.070000,96.680000,120.500000,0.090000,16.040000
2008-05-09,113.330000,0.060000,119.470000,114.240000,17.220000,184.910000,236.260000,1.160000,3.310000,23.480000,5.050000,95.270000,120.560000,0.090000,15.830000
2008-05-13,113.560000,0.060000,119.600000,115.030000,17.270000,186.050000,236.060000,1.162000,3.310000,23.730000,5.070000,96.060000,120.560000,0.090000,15.800000
2008-05-14,113.930000,0.060000,119.820000,115.260000,17.260000,186.740000,234.980000,1.164000,3.310000,23.790000,5.070000,96.200000,120.610000,0.090000,15.880000
2008-05-15,112.420000,0.060000,120.040000,114.000000,17.220000,186.020000,234.200000,1.145000,3.310000,23.740000,5.050000,96.300000,120.570000,0.090000,15.730000
2008-05-16,113.050000,0.060000,120.400000,114.750000,17.260000,187.460000,235.240000,1.151000,3.320000,23.850000,5.060000,96.420000,120.740000,0.090000,15.860000
2008-05-17,114.120000,0.060000,120.710000,114.720000,17.270000,187.070000,235.200000,1.154000,3.320000,23.780000,5.070000,98.250000,120.700000,0.090000,16.060000
2008-05-20,115.370000,0.060000,121.570000,115.630000,17.300000,188.340000,236.320000,1.162000,3.320000,24.130000,5.090000,98.290000,120.690000,0.090000,16.120000
2008-05-21,115.530000,0.060000,121.480000,115.420000,17.290000,187.980000,236.120000,1.161000,3.310000,24.080000,5.090000,97.860000,120.610000,0.090000,15.900000
2008-05-22,115.950000,0.060000,121.960000,116.720000,17.340000,189.710000,237.180000,1.165000,3.310000,24.170000,5.100000,97.450000,120.590000,0.090000,15.800000
2008-05-23,115.560000,0.060000,122.390000,117.380000,17.360000,190.000000,238.340000,1.167000,3.310000,24.160000,5.110000,96.450000,120.580000,0.090000,15.610000
2008-05-24,115.810000,0.060000,122.170000,117.230000,17.370000,189.680000,238.410000,1.162000,3.310000,23.990000,5.110000,96.880000,120.590000,0.090000,15.740000
2008-05-27,115.530000,0.060000,121.860000,117.430000,17.370000,189.760000,238.410000,1.166000,3.310000,24.050000,5.120000,96.530000,120.530000,0.090000,15.650000
2008-05-28,115.840000,0.060000,122.060000,117.590000,17.360000,190.050000,238.230000,1.162000,3.310000,24.110000,5.120000,96.890000,120.580000,0.090000,15.590000
2008-05-29,115.500000,0.060000,121.150000,116.730000,17.360000,189.270000,238.510000,1.156000,3.310000,24.070000,5.110000,97.100000,120.540000,0.090000,15.570000
2008-05-30,115.580000,0.060000,121.540000,115.180000,17.370000,187.510000,237.540000,1.145000,3.310000,23.810000,5.090000,98.790000,120.470000,0.090000,15.840000
2008-05-31,115.040000,0.060000,121.730000,114.780000,17.360000,186.690000,237.580000,1.143000,3.310000,23.530000,5.080000,99.410000,120.570000,0.090000,15.910000
2008-06-03,115.100000,0.060000,121.370000,116.040000,17.400000,187.720000,236.970000,1.152000,3.310000,23.630000,5.090000,98.420000,120.650000,0.090000,15.700000
2008-06-04,115.950000,0.060000,121.120000,117.290000,17.430000,188.550000,237.540000,1.161000,3.310000,23.700000,5.110000,98.160000,120.740000,0.090000,15.610000
2008-06-05,115.710000,0.060000,119.350000,116.040000,17.400000,186.590000,235.970000,1.152000,3.310000,23.410000,5.070000,97.640000,120.730000,0.090000,15.570000
2008-06-06,115.260000,0.060000,118.620000,115.280000,17.370000,186.190000,235.130000,1.139000,3.310000,23.370000,5.070000,98.160000,120.670000,0.090000,15.550000
2008-06-07,115.500000,0.060000,118.490000,116.070000,17.420000,188.150000,235.940000,1.137000,3.310000,23.740000,5.100000,97.220000,120.610000,0.090000,15.400000
2008-06-10,116.130000,0.060000,118.170000,118.320000,17.430000,190.730000,238.250000,1.142000,3.310000,24.020000,5.130000,97.030000,120.700000,0.090000,15.370000
2008-06-11,114.360000,0.060000,117.320000,116.600000,17.430000,187.520000,236.450000,1.132000,3.310000,23.520000,5.110000,97.340000,120.700000,0.090000,15.240000
2008-06-12,114.390000,0.060000,118.410000,115.930000,17.440000,186.970000,235.890000,1.122000,3.310000,23.440000,5.100000,96.500000,120.720000,0.090000,15.220000
2008-06-13,113.150000,0.060000,118.000000,116.060000,17.480000,186.460000,235.550000,1.124000,3.320000,23.250000,5.090000,96.200000,120.750000,0.090000,15.130000
2008-06-14,112.780000,0.060000,117.660000,115.260000,17.480000,185.650000,234.940000,1.116000,3.320000,23.030000,5.080000,96.300000,120.670000,0.090000,14.810000
2008-06-17,113.450000,0.060000,117.400000,115.530000,17.490000,186.260000,236.130000,1.115000,3.320000,23.220000,5.090000,96.880000,120.690000,0.090000,14.930000
2008-06-18,113.530000,0.060000,118.360000,115.800000,17.520000,187.100000,236.680000,1.117000,3.320000,23.330000,5.100000,97.860000,120.720000,0.090000,15.100000
2008-06-19,113.600000,0.060000,118.420000,115.460000,17.530000,186.840000,235.470000,1.114000,3.310000,23.240000,5.100000,98.720000,120.630000,0.090000,15.070000
2008-06-20,114.100000,0.060000,118.580000,115.640000,17.550000,186.930000,237.480000,1.119000,3.320000,23.260000,5.100000,98.540000,120.710000,0.090000,14.970000
2008-06-21,114.940000,0.060000,118.960000,116.050000,17.540000,187.920000,238.040000,1.119000,3.320000,23.370000,5.110000,98.800000,120.720000,0.090000,15.210000
2008-06-24,115.080000,0.060000,118.840000,115.820000,17.560000,187.470000,237.310000,1.121000,3.320000,23.400000,5.110000,98.360000,120.720000,0.090000,15.000000
2008-06-25,115.340000,0.060000,118.930000,115.980000,17.580000,187.990000,237.580000,1.119000,3.320000,23.560000,5.120000,98.340000,120.770000,0.090000,15.010000
2008-06-26,115.560000,0.060000,119.470000,116.100000,17.600000,188.290000,237.920000,1.120000,3.320000,23.660000,5.120000,98.850000,120.840000,0.090000,15.160000
2008-06-27,115.860000,0.060000,119.620000,116.860000,17.590000,189.370000,238.780000,1.120000,3.320000,23.830000,5.140000,99.350000,120.740000,0.090000,15.340000
2008-06-28,115.870000,0.060000,119.630000,116.870000,17.590000,189.380000,238.800000,1.120000,3.320000,23.830000,5.140000,99.360000,120.750000,0.090000,15.350000
2008-07-01,116.620000,0.060000,119.730000,119.120000,17.610000,191.060000,240.790000,1.148000,3.320000,23.920000,5.160000,98.610000,120.750000,0.090000,15.350000
2008-07-02,115.270000,0.060000,118.530000,118.330000,17.590000,190.070000,240.940000,1.142000,3.320000,23.750000,5.140000,97.770000,120.650000,0.090000,15.330000
2008-07-03,115.760000,0.060000,118.050000,118.190000,17.570000,190.500000,239.510000,1.132000,3.310000,23.700000,5.150000,97.380000,120.580000,0.090000,15.340000
2008-07-04,115.990000,0.060000,118.650000,118.870000,17.600000,191.490000,239.630000,1.134000,3.310000,23.820000,5.160000,96.740000,120.560000,0.090000,15.350000
2008-07-05,115.960000,0.060000,118.630000,117.500000,17.580000,189.160000,238.740000,1.128000,3.310000,23.700000,5.120000,97.570000,120.540000,0.090000,15.570000
2008-07-09,114.900000,0.060000,118.330000,117.790000,17.590000,189.470000,238.210000,1.132000,3.310000,23.630000,5.130000,97.640000,120.480000,0.090000,15.440000
2008-07-10,114.250000,0.060000,118.310000,116.420000,17.550000,188.640000,236.960000,1.119000,3.320000,23.430000,5.140000,98.590000,120.380000,0.090000,15.690000
2008-07-11,115.220000,0.060000,118.740000,116.390000,17.560000,188.770000,237.170000,1.121000,3.310000,23.390000,5.130000,98.540000,120.200000,0.090000,15.640000
2008-07-12,115.630000,0.060000,118.780000,116.990000,17.590000,189.840000,237.680000,1.122000,3.310000,23.570000,5.150000,98.610000,120.210000,0.090000,15.560000
2008-07-15,116.220000,0.060000,118.760000,117.600000,17.590000,190.770000,238.330000,1.127000,3.310000,23.690000,5.170000,98.770000,120.200000,0.090000,15.830000
2008-07-16,117.660000,0.060000,119.890000,119.130000,17.600000,191.680000,241.010000,1.141000,3.310000,23.880000,5.200000,98.680000,120.060000,0.090000,15.750000
2008-07-17,117.430000,0.060000,119.750000,119.230000,17.620000,191.240000,240.600000,1.153000,3.310000,23.770000,5.180000,98.670000,120.050000,0.090000,15.670000
2008-07-18,117.390000,0.060000,120.030000,118.220000,17.600000,190.580000,240.390000,1.141000,3.310000,23.630000,5.170000,99.620000,120.140000,0.090000,15.840000
2008-07-19,116.880000,0.060000,119.440000,117.810000,17.630000,190.630000,239.630000,1.131000,3.310000,23.680000,5.180000,100.830000,120.190000,0.090000,15.870000
2008-07-22,117.270000,0.060000,119.700000,117.770000,17.610000,190.900000,239.790000,1.127000,3.310000,23.680000,5.180000,101.020000,120.200000,0.090000,15.850000
2008-07-23,117.480000,0.060000,119.930000,118.230000,17.620000,191.330000,240.740000,1.129000,3.310000,23.760000,5.180000,100.370000,120.180000,0.090000,15.880000
2008-07-24,116.180000,0.060000,118.840000,116.030000,17.600000,188.920000,239.360000,1.115000,3.310000,23.390000,5.150000,100.540000,120.160000,0.090000,16.040000
2008-07-25,115.510000,0.060000,118.980000,115.900000,17.600000,188.410000,238.880000,1.117000,3.310000,23.280000,5.140000,99.980000,120.190000,0.090000,15.930000
2008-07-26,114.970000,0.060000,118.480000,116.250000,17.620000,188.730000,239.170000,1.124000,3.310000,23.350000,5.150000,99.580000,120.170000,0.090000,15.790000
2008-07-29,114.940000,0.060000,118.020000,116.210000,17.590000,189.070000,238.850000,1.116000,3.430000,23.390000,5.150000,100.020000,120.180000,0.090000,15.920000
2008-07-30,114.980000,0.060000,117.640000,116.230000,17.610000,189.070000,239.490000,1.116000,3.430000,23.410000,5.150000,99.670000,120.180000,0.090000,16.130000
2008-07-31,113.920000,0.060000,117.500000,115.010000,17.600000,187.460000,238.280000,1.114000,3.310000,23.270000,5.130000,100.920000,120.190000,0.090000,16.330000
2008-08-01,113.640000,0.060000,117.510000,114.830000,17.590000,187.600000,238.120000,1.112000,3.310000,23.410000,5.130000,103.430000,120.180000,0.090000,16.270000
2008-08-02,112.460000,0.060000,117.120000,114.680000,17.560000,187.030000,237.670000,1.117000,3.310000,23.390000,5.120000,103.590000,120.170000,0.090000,16.350000
2008-08-05,111.980000,0.060000,116.770000,114.620000,17.530000,187.240000,236.540000,1.112000,3.310000,23.440000,5.140000,104.560000,120.140000,0.090000,16.660000
2008-08-06,110.410000,0.060000,115.340000,114.120000,17.520000,186.130000,234.970000,1.112000,3.310000,23.170000,5.120000,104.360000,120.110000,0.090000,16.390000
2008-08-07,109.780000,0.060000,114.990000,114.080000,17.530000,185.730000,234.410000,1.107000,3.310000,23.130000,5.100000,103.420000,120.030000,0.090000,16.190000
2008-08-08,109.370000,0.060000,114.730000,113.800000,17.510000,185.790000,234.100000,1.097000,3.310000,23.240000,5.090000,103.200000,120.080000,0.090000,16.140000
2008-08-09,107.240000,0.060000,113.840000,111.910000,17.510000,182.070000,231.340000,1.096000,3.310000,22.780000,5.020000,101.750000,120.060000,0.090000,15.730000
2008-08-12,107.310000,0.060000,113.180000,111.820000,17.520000,181.140000,231.270000,1.095000,3.310000,22.610000,4.940000,101.820000,120.140000,0.090000,15.670000
2008-08-13,105.240000,0.060000,112.150000,110.210000,17.510000,178.700000,228.050000,1.091000,3.450000,22.330000,4.970000,101.400000,120.170000,0.090000,15.420000
2008-08-14,104.540000,0.060000,112.660000,110.430000,17.500000,179.160000,228.020000,1.102000,3.310000,22.380000,4.970000,101.990000,120.050000,0.090000,15.400000
2008-08-15,105.340000,0.060000,113.210000,110.640000,17.510000,179.170000,224.940000,1.097000,3.450000,22.360000,4.950000,101.710000,120.150000,0.090000,15.410000
2008-08-16,103.500000,0.060000,112.470000,109.220000,17.480000,176.750000,222.780000,1.087000,3.310000,22.120000,4.900000,101.560000,120.150000,0.090000,15.040000
2008-08-19,104.670000,0.060000,113.350000,109.720000,17.470000,177.010000,224.280000,1.090000,3.310000,22.250000,4.900000,101.620000,120.130000,0.090000,15.350000
2008-08-20,103.900000,0.060000,112.870000,109.310000,17.500000,176.100000,223.180000,1.093000,3.310000,22.130000,4.890000,101.070000,120.100000,0.090000,15.470000
2008-08-21,104.530000,0.060000,112.710000,109.430000,17.510000,176.890000,223.080000,1.089000,3.460000,22.260000,4.910000,100.870000,120.000000,0.090000,15.500000
2008-08-22,104.380000,0.060000,113.520000,109.650000,17.520000,177.410000,224.050000,1.104000,3.460000,22.310000,4.930000,100.650000,119.960000,0.090000,15.550000
2008-08-23,104.730000,0.060000,114.670000,109.700000,17.520000,177.700000,222.710000,1.097000,3.450000,22.390000,4.930000,100.950000,119.750000,0.090000,15.640000
2008-08-26,103.660000,0.060000,114.220000,109.040000,17.500000,176.660000,221.360000,1.090000,3.460000,22.280000,4.910000,100.960000,119.820000,0.090000,15.500000
2008-08-27,102.310000,0.060000,113.800000,108.340000,17.490000,175.010000,220.300000,1.092000,3.470000,22.120000,4.860000,100.760000,119.840000,0.090000,15.400000
2008-08-28,103.240000,0.060000,114.730000,109.430000,17.510000,176.330000,221.040000,1.101000,3.460000,22.270000,4.870000,100.770000,119.790000,0.090000,15.390000
2008-08-29,103.580000,0.060000,114.340000,109.490000,17.520000,176.570000,219.810000,1.098000,3.450000,22.280000,4.870000,100.740000,119.650000,0.090000,15.520000
2008-08-30,103.320000,0.060000,114.050000,109.210000,17.470000,176.190000,218.540000,1.100000,3.460000,22.220000,4.860000,101.170000,119.540000,0.090000,15.640000
2008-09-03,99.720000,0.060000,111.720000,107.700000,17.490000,173.480000,213.640000,1.103000,3.450000,21.700000,4.820000,100.800000,119.650000,0.090000,15.340000
2008-09-04,99.060000,0.060000,111.520000,107.350000,17.490000,172.380000,212.210000,1.103000,3.460000,21.550000,4.760000,99.310000,119.770000,0.090000,15.240000
2008-09-05,100.220000,0.060000,113.190000,108.520000,17.510000,173.740000,213.480000,1.104000,3.450000,21.670000,4.740000,98.300000,119.690000,0.090000,15.290000
2008-09-06,97.320000,0.060000,111.930000,107.400000,17.490000,170.390000,210.910000,1.126000,3.450000,21.380000,4.700000,96.390000,119.620000,0.090000,14.860000
2008-09-09,98.350000,0.060000,112.630000,105.920000,17.480000,169.900000,211.050000,1.101000,3.420000,21.280000,4.690000,97.810000,119.620000,0.090000,15.220000
2008-09-10,97.230000,0.060000,112.550000,105.920000,17.500000,169.380000,210.590000,1.111000,3.420000,21.150000,4.680000,98.280000,119.710000,0.090000,15.140000
2008-09-11,96.510000,0.060000,112.050000,106.180000,17.490000,169.200000,211.040000,1.114000,3.410000,21.030000,4.680000,97.130000,119.610000,0.090000,14.930000
2008-09-12,94.850000,0.060000,111.220000,104.970000,17.470000,166.450000,209.260000,1.118000,3.450000,20.600000,4.630000,95.440000,119.590000,0.090000,14.560000
2008-09-13,96.920000,0.060000,111.990000,105.430000,17.460000,168.720000,211.740000,1.112000,3.380000,20.820000,4.670000,96.590000,119.480000,0.090000,14.770000
2008-09-16,97.110000,0.060000,111.940000,107.250000,17.480000,170.430000,214.710000,1.141000,3.450000,20.820000,4.690000,94.650000,119.490000,0.090000,14.680000
2008-09-17,94.030000,0.060000,111.660000,107.930000,17.460000,170.210000,214.070000,1.151000,3.360000,20.570000,4.680000,93.560000,119.480000,0.090000,14.610000
2008-09-18,95.170000,0.060000,112.360000,106.890000,17.490000,170.050000,213.420000,1.134000,3.360000,20.580000,4.690000,94.890000,119.650000,0.090000,14.760000
2008-09-19,96.000000,0.060000,112.740000,108.850000,17.520000,172.460000,217.770000,1.146000,3.460000,20.680000,4.720000,93.670000,119.850000,0.090000,14.690000
2008-09-20,96.850000,0.060000,112.740000,106.570000,17.520000,169.890000,215.100000,1.115000,3.320000,20.530000,4.690000,95.690000,119.800000,0.090000,14.820000
2008-09-23,100.120000,0.060000,114.480000,109.100000,17.530000,174.370000,220.610000,1.125000,3.300000,21.310000,4.750000,96.550000,119.720000,0.090000,14.930000
2008-09-24,100.550000,0.060000,115.520000,110.620000,17.570000,176.210000,221.720000,1.135000,3.450000,21.490000,4.780000,96.610000,119.700000,0.090000,14.960000
2008-09-25,100.450000,0.060000,115.700000,110.110000,17.550000,175.720000,222.290000,1.128000,3.450000,21.390000,4.780000,96.710000,119.740000,0.090000,14.710000
2008-09-26,100.730000,0.060000,115.860000,110.710000,17.560000,176.390000,222.990000,1.132000,3.450000,21.360000,4.800000,96.980000,119.780000,0.090000,14.700000
2008-09-27,99.100000,0.060000,115.570000,110.070000,17.490000,174.760000,220.070000,1.137000,3.460000,21.170000,4.780000,96.970000,119.800000,0.090000,14.730000
2008-09-30,98.060000,0.060000,115.200000,108.460000,17.510000,171.960000,216.150000,1.129000,3.460000,20.730000,4.730000,95.500000,119.810000,0.090000,14.590000
2008-10-01,96.780000,0.060000,114.610000,109.080000,17.510000,172.310000,216.650000,1.141000,3.460000,20.780000,4.720000,94.660000,119.840000,0.090000,14.400000
2008-10-02,95.880000,0.060000,113.590000,107.350000,17.530000,169.590000,213.490000,1.130000,3.460000,20.520000,4.690000,94.790000,119.970000,0.090000,14.560000
2008-10-03,94.510000,0.060000,112.650000,106.110000,17.540000,167.080000,211.920000,1.139000,3.460000,20.210000,4.650000,93.310000,120.000000,0.090000,14.350000
2008-10-04,93.190000,0.060000,111.300000,106.040000,17.530000,166.250000,212.110000,1.141000,3.460000,20.010000,4.630000,91.940000,119.970000,0.090000,14.070000
2008-10-07,89.670000,0.060000,110.180000,105.020000,17.530000,162.910000,210.740000,1.161000,3.460000,19.460000,4.590000,89.380000,119.980000,0.090000,13.850000
2008-10-08,86.370000,0.060000,108.930000,105.050000,17.590000,162.810000,208.590000,1.179000,3.460000,19.310000,4.580000,88.230000,120.040000,0.090000,13.610000
2008-10-09,80.910000,0.060000,108.280000,105.520000,17.600000,163.420000,210.220000,1.198000,3.460000,19.300000,4.590000,84.730000,119.950000,0.090000,12.960000
2008-10-10,84.600000,0.060000,106.990000,106.510000,17.580000,165.030000,207.660000,1.183000,3.460000,19.710000,4.610000,87.180000,119.850000,0.090000,13.380000
2008-10-11,79.510000,0.060000,103.060000,107.090000,17.530000,163.130000,203.070000,1.209000,3.460000,19.390000,4.580000,84.480000,119.850000,0.090000,12.820000
2008-10-14,80.500000,0.060000,102.030000,106.180000,17.560000,163.420000,205.630000,1.191000,3.460000,19.470000,4.590000,85.980000,119.850000,0.090000,13.040000
2008-10-15,84.840000,0.060000,104.550000,105.550000,17.540000,163.290000,209.540000,1.171000,3.460000,19.440000,4.590000,86.850000,119.870000,0.090000,13.190000
2008-10-16,83.220000,0.060000,103.150000,105.110000,17.540000,162.730000,209.050000,1.185000,3.460000,18.890000,4.580000,85.840000,119.790000,0.090000,12.980000
2008-10-17,80.470000,0.060000,100.250000,105.290000,17.520000,161.110000,206.460000,1.192000,3.450000,18.430000,4.550000,81.450000,119.740000,0.090000,12.080000
2008-10-18,81.280000,0.060000,100.990000,105.450000,17.530000,160.980000,207.100000,1.185000,3.450000,18.170000,4.550000,80.020000,119.760000,0.090000,11.630000
2008-10-21,84.070000,0.060000,101.750000,105.440000,17.540000,161.470000,209.140000,1.174000,3.450000,18.390000,4.590000,80.270000,119.760000,0.090000,11.950000
2008-10-22,82.170000,0.060000,99.940000,103.830000,17.530000,158.440000,204.210000,1.184000,3.450000,17.880000,4.520000,78.550000,119.760000,0.090000,11.710000
2008-10-23,80.580000,0.060000,97.040000,102.900000,17.520000,154.470000,196.360000,1.208000,3.280000,17.160000,4.450000,73.190000,119.790000,0.090000,10.950000
2008-10-24,79.970000,0.060000,95.260000,102.800000,17.530000,153.740000,195.350000,1.226000,3.140000,16.680000,4.440000,70.640000,119.800000,0.090000,10.430000
2008-10-25,74.440000,0.060000,93.340000,103.130000,17.490000,150.490000,185.830000,1.286000,3.140000,16.980000,4.390000,70.350000,119.780000,0.090000,10.390000
2008-10-29,73.690000,0.060000,93.340000,103.030000,17.530000,149.570000,186.570000,1.267000,3.090000,17.380000,4.380000,75.030000,119.820000,0.090000,11.270000
2008-10-30,76.640000,0.060000,94.560000,104.090000,17.500000,152.510000,191.500000,1.236000,3.090000,17.690000,4.430000,78.690000,119.810000,0.090000,11.630000
2008-10-31,80.700000,0.060000,99.610000,105.870000,17.510000,157.320000,198.610000,1.219000,3.090000,18.340000,4.510000,80.730000,119.810000,0.090000,12.420000
2008-11-01,78.790000,0.060000,97.040000,104.160000,17.530000,152.120000,194.370000,1.239000,3.090000,17.840000,4.420000,76.060000,119.840000,0.090000,11.820000
2008-11-04,81.390000,0.060000,100.270000,103.690000,17.540000,153.810000,194.490000,1.210000,3.090000,18.160000,4.450000,78.910000,119.940000,0.090000,12.280000
2008-11-05,81.030000,0.060000,100.930000,102.420000,17.550000,152.160000,189.340000,1.211000,3.090000,17.810000,4.420000,77.780000,119.940000,0.090000,11.950000
2008-11-06,82.570000,0.060000,103.340000,102.880000,17.560000,154.400000,190.860000,1.211000,3.080000,17.880000,4.460000,80.010000,119.930000,0.090000,12.330000
2008-11-07,81.380000,0.060000,102.220000,102.740000,17.560000,154.640000,191.060000,1.221000,3.080000,17.670000,4.460000,78.240000,119.800000,0.090000,12.220000
2008-11-08,80.090000,0.060000,100.390000,102.440000,17.560000,153.700000,188.520000,1.231000,3.080000,17.640000,4.440000,78.270000,119.870000,0.090000,12.000000
2008-11-11,82.550000,0.060000,102.270000,102.130000,17.570000,154.320000,189.030000,1.211000,3.080000,17.680000,4.450000,78.880000,119.900000,0.090000,12.050000
2008-11-12,79.980000,0.060000,100.610000,101.990000,17.580000,153.170000,187.000000,1.226000,3.090000,17.600000,4.400000,76.260000,120.000000,0.090000,11.860000
2008-11-13,78.570000,0.060000,99.590000,101.150000,17.580000,150.630000,184.500000,1.231000,3.090000,17.150000,4.360000,73.750000,120.050000,0.090000,11.660000
2008-11-14,76.860000,0.060000,97.090000,101.140000,17.590000,150.110000,179.010000,1.254000,3.090000,16.810000,4.350000,72.820000,120.130000,0.090000,11.610000
2008-11-15,78.420000,0.060000,98.560000,100.970000,17.600000,152.350000,178.610000,1.240000,3.080000,17.310000,4.390000,73.610000,120.130000,0.090000,11.660000
2008-11-18,78.560000,0.060000,97.730000,100.590000,17.600000,152.130000,178.320000,1.236000,3.080000,17.380000,4.400000,74.430000,120.120000,0.090000,11.860000
2008-11-19,77.160000,0.060000,97.460000,100.030000,17.590000,151.110000,180.640000,1.247000,3.080000,17.000000,4.370000,72.090000,120.100000,0.090000,11.760000
2008-11-20,77.410000,0.060000,97.160000,99.600000,17.590000,151.450000,179.780000,1.244000,3.080000,17.030000,4.370000,71.900000,120.140000,0.090000,11.740000
2008-11-21,75.490000,0.060000,95.820000,99.090000,17.590000,150.450000,178.520000,1.262000,3.090000,16.950000,4.360000,70.110000,120.210000,0.090000,11.350000
2008-11-22,74.960000,0.060000,94.060000,98.030000,17.600000,150.650000,178.870000,1.262000,3.090000,16.960000,4.360000,71.470000,120.240000,0.090000,11.410000
2008-11-25,75.230000,0.060000,94.360000,98.420000,17.600000,151.160000,178.800000,1.262000,3.070000,16.770000,4.330000,73.290000,120.160000,0.090000,11.480000
2008-11-26,76.660000,0.060000,96.750000,100.020000,17.600000,154.780000,181.890000,1.249000,3.070000,17.230000,4.390000,76.580000,120.160000,0.090000,11.980000
2008-11-27,78.230000,0.060000,98.490000,101.020000,17.610000,156.540000,185.400000,1.263000,3.070000,17.210000,4.410000,76.540000,120.250000,0.090000,12.180000
2008-11-28,78.470000,0.060000,97.890000,100.500000,17.630000,155.400000,185.510000,1.265000,3.070000,17.320000,4.390000,76.750000,120.350000,0.090000,12.270000
2008-11-29,79.310000,0.060000,97.620000,100.450000,17.610000,155.490000,185.480000,1.263000,3.070000,17.500000,4.350000,76.940000,120.350000,0.090000,12.170000
2008-12-02,77.440000,0.060000,96.940000,99.410000,17.490000,152.580000,182.900000,1.272000,3.070000,17.200000,4.310000,76.210000,120.360000,0.090000,11.870000
2008-12-03,76.850000,0.060000,96.500000,99.770000,17.490000,151.580000,178.310000,1.300000,3.070000,16.800000,4.300000,74.490000,120.480000,0.090000,11.580000
2008-12-04,77.220000,0.060000,95.940000,99.590000,17.510000,152.260000,177.870000,1.300000,3.070000,16.930000,4.310000,75.990000,120.450000,0.090000,11.680000
2008-12-05,77.260000,0.060000,95.470000,98.980000,17.500000,151.650000,174.930000,1.300000,3.070000,16.750000,4.300000,76.540000,120.450000,0.090000,11.810000
2008-12-06,77.670000,0.060000,94.210000,100.310000,17.500000,153.890000,177.330000,1.310000,3.060000,16.840000,4.290000,77.040000,120.360000,0.090000,11.820000
2008-12-10,78.710000,0.060000,95.930000,99.510000,17.520000,154.990000,178.030000,1.300000,3.060000,16.950000,4.300000,76.170000,120.440000,0.090000,11.850000
2008-12-11,79.170000,0.060000,95.470000,100.020000,17.550000,156.060000,178.350000,1.300000,3.060000,17.060000,4.320000,76.610000,120.460000,0.090000,11.780000
2008-12-12,79.390000,0.050000,96.200000,100.830000,17.580000,157.730000,179.670000,1.300000,3.060000,17.230000,4.310000,77.600000,120.440000,0.090000,11.850000
2008-12-13,78.770000,0.050000,96.530000,101.830000,17.610000,160.110000,179.170000,1.340000,3.060000,17.430000,4.340000,77.290000,120.500000,0.090000,11.840000
2008-12-16,80.340000,0.050000,97.540000,102.860000,17.610000,162.220000,181.030000,1.330000,3.060000,17.520000,4.330000,77.110000,120.600000,0.090000,11.890000
2008-12-19,84.910000,0.050000,101.170000,113.330000,17.670000,174.440000,185.630000,1.370000,3.070000,18.170000,4.370000,78.800000,120.650000,0.090000,12.330000
2008-12-20,82.620000,0.050000,97.620000,110.170000,17.650000,170.040000,181.550000,1.360000,3.070000,17.210000,4.330000,79.900000,120.760000,0.090000,12.480000
2008-12-23,82.770000,0.050000,99.510000,110.450000,17.640000,169.940000,179.710000,1.350000,3.070000,17.180000,4.270000,79.470000,120.830000,0.090000,12.540000
2008-12-24,82.450000,0.050000,98.730000,110.630000,17.640000,168.650000,179.350000,1.340000,3.070000,17.160000,4.260000,79.250000,120.820000,0.090000,12.470000
2008-12-25,82.270000,0.050000,99.210000,111.760000,17.650000,168.880000,177.650000,1.340000,3.070000,16.740000,4.220000,79.550000,120.700000,0.090000,12.590000
2008-12-26,82.390000,0.050000,99.230000,112.290000,17.680000,169.220000,178.010000,1.340000,3.070000,17.700000,4.210000,79.770000,120.700000,0.090000,12.440000
2008-12-27,82.500000,0.050000,98.970000,112.180000,17.640000,169.610000,177.810000,1.330000,3.070000,16.990000,4.160000,79.950000,120.650000,0.090000,12.450000
2008-12-30,83.330000,0.050000,99.070000,114.810000,17.630000,172.130000,177.140000,1.340000,3.070000,17.300000,4.130000,79.780000,120.750000,0.090000,12.640000
2008-12-31,83.660000,0.050000,98.200000,114.430000,17.670000,170.890000,175.120000,1.340000,3.070000,17.260000,4.110000,79.680000,120.770000,0.090000,12.770000
2009-01-01,83.720000,0.050000,99.570000,114.530000,17.710000,170.240000,174.640000,1.340000,3.060000,17.270000,4.110000,79.390000,120.790000,0.090000,12.990000
2009-01-06,85.790000,0.050000,98.920000,109.700000,17.690000,165.260000,174.840000,1.300000,3.060000,17.500000,4.150000,79.200000,120.860000,0.090000,12.760000
2009-01-07,85.630000,0.050000,101.090000,108.170000,17.690000,162.340000,177.580000,1.290000,3.060000,17.240000,4.150000,79.310000,120.950000,0.090000,12.840000
2009-01-09,84.580000,0.050000,100.360000,109.610000,17.700000,164.040000,182.130000,1.320000,3.060000,17.220000,4.150000,78.250000,120.990000,0.090000,12.540000
2009-01-10,85.350000,0.050000,101.940000,110.520000,17.700000,165.170000,183.570000,1.330000,3.060000,17.440000,4.150000,77.730000,121.000000,0.090000,12.500000
2009-01-13,83.140000,0.050000,101.090000,107.790000,17.700000,161.490000,180.660000,1.340000,3.060000,17.120000,3.890000,77.080000,121.040000,0.090000,12.220000
2009-01-14,81.130000,0.050000,99.150000,108.410000,17.720000,160.640000,177.910000,1.360000,3.070000,17.060000,3.880000,75.450000,121.140000,0.090000,11.900000
2009-01-15,81.660000,0.050000,99.360000,108.220000,17.740000,160.120000,177.050000,1.350000,3.070000,17.060000,3.830000,76.300000,121.260000,0.090000,12.190000
2009-01-16,79.850000,0.050000,97.210000,108.830000,17.750000,159.840000,177.130000,1.370000,3.070000,16.740000,3.770000,74.890000,121.370000,0.090000,11.930000
2009-01-17,81.410000,0.050000,97.360000,108.010000,17.740000,160.140000,180.950000,1.340000,3.070000,17.250000,3.720000,75.580000,121.310000,0.090000,12.240000
2009-01-20,82.150000,0.050000,97.600000,108.400000,17.740000,161.290000,177.850000,1.340000,3.070000,17.720000,3.680000,74.610000,121.290000,0.090000,12.180000
2009-01-21,80.590000,0.050000,96.650000,105.990000,17.730000,157.110000,169.540000,1.330000,3.070000,17.110000,3.630000,73.320000,121.300000,0.090000,11.850000
2009-01-22,78.690000,0.050000,95.880000,105.980000,17.740000,156.720000,166.930000,1.350000,3.070000,17.080000,3.680000,72.910000,121.310000,0.090000,11.860000
2009-01-23,80.120000,0.050000,96.620000,105.000000,17.750000,158.240000,168.440000,1.360000,3.020000,17.700000,3.700000,73.790000,121.320000,0.090000,12.130000
2009-01-24,78.500000,0.050000,96.550000,104.540000,17.760000,156.180000,166.150000,1.380000,3.030000,17.210000,3.690000,73.030000,121.600000,0.090000,11.830000
2009-01-27,79.670000,0.050000,99.180000,105.020000,17.790000,157.660000,166.620000,1.370000,3.030000,17.590000,3.690000,73.380000,121.650000,0.090000,11.920000
2009-01-28,81.730000,0.050000,100.120000,107.390000,17.790000,161.960000,173.130000,1.360000,3.030000,18.300000,3.690000,75.630000,121.700000,0.090000,12.190000
2009-01-29,81.330000,0.050000,99.650000,107.250000,17.800000,161.790000,174.120000,1.360000,3.030000,18.200000,3.660000,75.390000,121.710000,0.090000,12.240000
2009-01-30,79.780000,0.040000,99.490000,105.220000,17.770000,158.850000,171.870000,1.350000,3.030000,17.970000,3.490000,75.150000,121.560000,0.090000,12.220000
2009-01-31,78.230000,0.040000,98.710000,105.150000,17.760000,156.300000,173.020000,1.360000,3.030000,17.660000,3.430000,74.140000,121.470000,0.090000,12.020000
2009-02-03,76.780000,0.040000,98.740000,104.690000,17.800000,155.450000,174.020000,1.370000,3.040000,17.470000,3.370000,73.830000,121.870000,0.090000,12.010000
2009-02-04,77.990000,0.040000,98.230000,105.280000,17.890000,157.070000,174.310000,1.370000,3.030000,17.400000,3.380000,74.470000,122.320000,0.090000,12.040000
2009-02-05,92.310000,0.050000,116.250000,124.990000,21.070000,186.550000,206.990000,1.620000,3.560000,20.790000,3.990000,87.850000,143.980000,0.100000,14.300000
2009-02-06,97.210000,0.050000,121.580000,129.230000,21.950000,192.400000,216.650000,1.670000,3.670000,21.860000,4.130000,91.420000,149.970000,0.110000,15.000000
2009-02-07,98.610000,0.050000,120.650000,127.820000,21.880000,191.620000,219.720000,1.640000,3.660000,21.960000,4.120000,91.880000,149.540000,0.110000,15.130000
2009-02-10,99.290000,0.050000,120.790000,127.310000,21.740000,191.480000,219.250000,1.620000,3.630000,21.950000,4.100000,92.040000,148.500000,0.110000,15.260000
2009-02-11,98.650000,0.050000,120.330000,127.240000,21.720000,191.530000,219.440000,1.630000,3.630000,22.040000,4.130000,91.610000,148.300000,0.110000,15.270000
2009-02-12,97.040000,0.050000,118.760000,128.470000,21.670000,192.080000,213.440000,1.650000,3.620000,22.110000,4.150000,90.530000,148.110000,0.110000,15.010000
2009-02-13,96.260000,0.050000,119.260000,127.530000,21.720000,190.270000,210.430000,1.650000,3.630000,21.700000,4.270000,89.960000,148.390000,0.110000,14.810000
2009-02-14,98.510000,0.050000,120.690000,128.400000,21.790000,192.230000,216.140000,1.630000,3.650000,21.890000,4.320000,90.620000,148.900000,0.110000,15.040000
2009-02-17,96.880000,0.050000,119.930000,127.540000,21.820000,190.150000,212.170000,1.620000,3.650000,21.640000,4.280000,90.030000,149.110000,0.110000,14.810000
2009-02-18,95.480000,0.050000,118.850000,127.440000,21.830000,188.650000,211.070000,1.620000,3.660000,21.350000,4.170000,88.830000,149.280000,0.110000,14.660000
2009-02-19,95.660000,0.050000,118.250000,127.470000,21.850000,188.210000,211.760000,1.620000,3.650000,21.320000,4.100000,88.120000,149.420000,0.110000,14.700000
2009-02-20,96.250000,0.050000,118.820000,126.820000,21.800000,188.400000,214.170000,1.590000,3.640000,21.340000,4.150000,88.530000,149.000000,0.110000,14.820000
2009-02-21,95.290000,0.050000,118.450000,125.850000,21.850000,187.980000,212.080000,1.590000,3.650000,21.530000,4.140000,87.430000,149.360000,0.110000,14.610000
2009-02-24,97.730000,0.050000,120.400000,129.840000,21.940000,193.520000,217.860000,1.600000,3.670000,22.170000,4.190000,88.950000,150.000000,0.110000,15.030000
2009-02-25,97.170000,0.050000,120.150000,129.430000,21.970000,191.460000,217.910000,1.580000,3.670000,21.910000,4.180000,88.710000,150.190000,0.110000,14.930000
2009-02-26,98.010000,0.050000,120.640000,129.420000,21.940000,192.710000,218.540000,1.550000,3.670000,22.000000,4.190000,89.260000,150.000000,0.110000,15.060000
2009-02-27,97.440000,0.050000,119.900000,128.690000,21.970000,191.450000,214.020000,1.540000,3.670000,21.900000,4.210000,89.190000,150.260000,0.110000,15.120000
2009-02-28,96.280000,0.050000,119.570000,128.060000,21.990000,190.310000,213.100000,1.540000,3.680000,21.520000,4.210000,88.870000,150.430000,0.110000,15.150000
2009-03-03,95.480000,0.050000,117.770000,128.130000,22.010000,189.590000,214.210000,1.550000,3.680000,20.950000,4.160000,87.250000,150.600000,0.110000,14.550000
2009-03-04,96.890000,0.050000,117.140000,128.350000,22.000000,190.370000,212.430000,1.540000,3.650000,21.160000,4.150000,87.740000,150.540000,0.110000,14.520000
2009-03-05,95.860000,0.050000,116.400000,127.460000,21.980000,188.330000,211.570000,1.520000,3.640000,20.870000,4.160000,86.820000,150.420000,0.110000,14.280000
2009-03-06,96.680000,0.050000,117.610000,128.150000,21.970000,189.270000,213.550000,1.510000,3.640000,21.310000,4.180000,86.960000,150.310000,0.110000,14.450000
2009-03-07,96.510000,0.050000,117.270000,130.540000,22.010000,190.970000,214.130000,1.550000,3.610000,21.340000,4.210000,84.230000,150.490000,0.110000,14.250000
2009-03-11,96.400000,0.050000,116.910000,130.400000,22.010000,191.250000,208.500000,1.530000,3.610000,21.370000,4.250000,84.590000,150.530000,0.110000,14.370000
2009-03-12,96.750000,0.050000,117.140000,129.440000,22.000000,190.680000,206.450000,1.530000,3.610000,21.530000,4.290000,85.830000,150.520000,0.110000,14.580000
2009-03-13,96.770000,0.050000,116.480000,130.070000,22.010000,192.070000,206.880000,1.570000,3.580000,21.550000,4.280000,85.490000,150.480000,0.110000,14.770000
2009-03-14,98.920000,0.050000,117.700000,126.730000,21.980000,194.230000,211.070000,1.530000,3.580000,22.080000,4.320000,88.440000,150.290000,0.110000,15.130000
2009-03-17,99.240000,0.050000,118.570000,126.940000,21.970000,195.080000,212.720000,1.530000,3.580000,22.160000,4.320000,88.880000,150.250000,0.110000,15.190000
2009-03-18,98.950000,0.050000,118.240000,127.100000,22.000000,195.250000,211.370000,1.530000,3.580000,22.100000,4.350000,88.560000,150.380000,0.110000,15.130000
2009-03-19,99.290000,0.050000,118.470000,127.580000,22.030000,195.800000,209.800000,1.520000,3.540000,22.300000,4.370000,88.170000,150.580000,0.110000,15.170000
2009-03-20,102.290000,0.050000,121.400000,132.240000,22.100000,203.420000,215.690000,1.580000,3.550000,23.320000,4.470000,89.360000,150.930000,0.110000,15.580000
2009-03-21,104.410000,0.050000,122.440000,134.780000,22.130000,206.510000,219.770000,1.600000,3.560000,23.900000,4.520000,88.360000,151.100000,0.110000,15.710000
2009-03-25,106.490000,0.050000,123.590000,134.570000,22.160000,205.810000,222.090000,1.540000,3.560000,24.040000,4.550000,91.810000,151.310000,0.110000,16.130000
2009-03-26,105.090000,0.050000,122.780000,133.830000,22.160000,203.710000,220.950000,1.550000,3.560000,23.610000,4.500000,90.980000,151.380000,0.110000,15.800000
2009-03-27,106.140000,0.050000,123.190000,135.170000,22.160000,205.610000,221.230000,1.540000,3.560000,23.340000,4.520000,91.530000,151.350000,0.110000,16.070000
2009-03-28,105.700000,0.050000,122.970000,134.120000,22.150000,205.020000,218.080000,1.540000,3.560000,23.340000,4.530000,91.100000,151.350000,0.110000,15.990000
2009-03-31,102.800000,0.050000,121.010000,131.810000,22.150000,199.730000,214.280000,1.570000,3.560000,22.520000,4.440000,89.510000,151.400000,0.110000,15.600000
2009-04-01,104.120000,0.050000,120.560000,132.260000,22.110000,200.620000,215.680000,1.540000,3.550000,22.510000,4.460000,89.980000,151.080000,0.110000,15.720000
2009-04-02,104.180000,0.050000,119.400000,132.000000,22.090000,199.340000,217.230000,1.530000,3.550000,22.320000,4.440000,90.990000,150.990000,0.110000,15.960000
2009-04-03,106.520000,0.050000,120.400000,131.600000,22.090000,200.410000,220.050000,1.520000,3.550000,22.780000,4.470000,93.070000,150.980000,0.110000,16.310000
2009-04-04,108.390000,0.050000,122.060000,133.200000,22.090000,203.260000,223.430000,1.510000,3.550000,22.970000,4.530000,94.900000,151.010000,0.110000,16.610000
2009-04-07,108.490000,0.050000,123.490000,133.950000,22.110000,204.460000,225.400000,1.490000,3.550000,23.280000,4.550000,96.830000,151.080000,0.110000,16.760000
2009-04-09,106.950000,0.050000,121.930000,131.620000,22.090000,199.380000,221.460000,1.510000,3.550000,22.400000,4.490000,93.780000,151.000000,0.110000,16.370000
2009-04-10,107.290000,0.050000,122.310000,131.650000,22.060000,200.640000,221.150000,1.510000,3.550000,22.770000,4.500000,95.580000,150.770000,0.100000,16.560000
2009-04-11,108.340000,0.050000,122.880000,130.070000,22.060000,198.010000,220.530000,1.500000,3.550000,22.530000,4.490000,95.960000,150.760000,0.100000,16.690000
2009-04-14,109.190000,0.050000,123.130000,131.020000,22.070000,199.190000,221.950000,1.500000,3.550000,22.780000,4.510000,95.740000,150.830000,0.110000,16.710000
2009-04-15,109.320000,0.050000,123.230000,131.870000,22.050000,200.030000,223.960000,1.510000,3.540000,22.810000,4.520000,95.730000,150.660000,0.100000,16.720000
2009-04-16,108.520000,0.050000,123.730000,131.650000,22.000000,199.220000,224.640000,1.520000,3.540000,22.510000,4.500000,94.770000,150.310000,0.100000,16.490000
2009-04-17,107.940000,0.050000,124.400000,130.610000,21.980000,197.490000,224.040000,1.520000,3.530000,22.320000,4.490000,93.820000,150.170000,0.100000,16.560000
2009-04-18,108.170000,0.050000,123.700000,129.110000,21.980000,196.290000,222.430000,1.510000,3.530000,22.370000,4.490000,93.140000,150.150000,0.100000,16.870000
2009-04-21,106.660000,0.050000,122.990000,128.540000,22.000000,194.890000,219.110000,1.520000,3.540000,22.230000,4.480000,92.680000,150.330000,0.100000,16.620000
2009-04-22,105.790000,0.050000,121.720000,128.970000,22.030000,195.190000,219.250000,1.530000,3.540000,22.170000,4.420000,90.870000,150.490000,0.100000,16.570000
2009-04-23,105.890000,0.050000,121.470000,128.990000,22.070000,194.810000,219.070000,1.540000,3.550000,22.240000,4.430000,91.490000,150.760000,0.100000,16.770000
2009-04-24,106.620000,0.050000,121.630000,129.320000,22.050000,196.310000,219.210000,1.530000,3.540000,22.530000,4.470000,91.820000,150.590000,0.100000,16.890000
2009-04-25,107.760000,0.050000,123.200000,131.980000,22.060000,199.370000,220.130000,1.550000,3.540000,22.920000,4.510000,92.810000,150.580000,0.100000,17.100000
2009-04-28,107.960000,0.050000,123.910000,131.560000,22.080000,198.400000,219.390000,1.560000,3.540000,22.720000,4.510000,93.020000,150.660000,0.100000,17.050000
2009-04-29,105.660000,0.050000,123.250000,130.280000,22.070000,195.980000,219.450000,1.570000,3.550000,22.290000,4.490000,91.930000,150.670000,0.100000,17.080000
2009-04-30,107.920000,0.050000,124.920000,132.400000,22.090000,199.270000,222.150000,1.560000,3.550000,22.780000,4.540000,93.830000,150.720000,0.100000,17.490000
2009-05-01,110.550000,0.050000,126.750000,133.140000,22.080000,200.920000,224.200000,1.540000,3.540000,22.990000,4.570000,95.140000,150.640000,0.100000,17.870000
2009-05-05,110.460000,0.050000,127.270000,132.580000,22.090000,200.220000,223.990000,1.520000,3.550000,23.000000,4.570000,95.000000,150.680000,0.100000,17.990000
2009-05-06,112.170000,0.050000,128.450000,133.120000,22.090000,201.400000,227.300000,1.520000,3.540000,23.130000,4.600000,96.780000,150.660000,0.100000,18.180000
2009-05-07,111.860000,0.050000,128.200000,133.040000,22.080000,200.610000,227.290000,1.530000,3.540000,22.960000,4.580000,96.140000,150.610000,0.100000,17.820000
2009-05-08,113.700000,0.050000,128.730000,132.310000,22.060000,200.310000,227.620000,1.520000,3.540000,23.150000,4.600000,97.110000,150.460000,0.100000,17.980000
2009-05-09,113.750000,0.050000,128.910000,133.390000,22.060000,201.770000,226.170000,1.510000,3.540000,23.320000,4.630000,96.950000,150.460000,0.100000,17.910000
2009-05-13,114.990000,0.050000,129.540000,136.050000,22.020000,205.110000,229.240000,1.540000,3.540000,23.430000,4.680000,96.210000,150.250000,0.100000,17.810000
2009-05-14,115.140000,0.050000,129.580000,136.130000,21.990000,205.200000,229.620000,1.560000,3.530000,23.320000,4.690000,96.800000,150.000000,0.100000,17.960000
2009-05-15,112.830000,0.050000,127.850000,135.360000,21.950000,203.980000,226.890000,1.570000,3.530000,23.050000,4.660000,95.150000,149.820000,0.100000,17.570000
2009-05-16,113.570000,0.050000,128.130000,135.490000,22.000000,203.710000,227.990000,1.580000,3.530000,23.090000,4.670000,95.920000,150.150000,0.100000,17.580000
2009-05-19,113.450000,0.050000,128.230000,133.620000,22.010000,202.160000,229.070000,1.570000,3.540000,22.980000,4.660000,96.060000,150.270000,0.100000,17.340000
2009-05-20,116.640000,0.050000,130.280000,135.550000,22.040000,205.260000,233.020000,1.560000,3.540000,23.490000,4.730000,98.210000,150.420000,0.100000,17.910000
2009-05-21,116.470000,0.050000,130.570000,135.900000,22.070000,205.560000,233.690000,1.570000,3.540000,23.420000,4.750000,98.490000,150.590000,0.100000,17.910000
2009-05-22,115.830000,0.050000,131.720000,136.980000,22.070000,207.410000,234.510000,1.590000,3.540000,23.480000,4.770000,98.230000,150.580000,0.100000,17.950000
2009-05-23,117.260000,0.050000,132.730000,138.030000,22.030000,209.700000,237.890000,1.600000,3.540000,23.540000,4.830000,97.880000,150.300000,0.100000,18.060000
2009-05-26,116.890000,0.050000,133.300000,138.220000,21.990000,209.740000,238.120000,1.580000,3.530000,23.660000,4.820000,97.040000,150.070000,0.100000,18.040000
2009-05-27,116.110000,0.050000,132.430000,137.500000,21.950000,208.310000,236.950000,1.580000,3.530000,23.320000,4.760000,96.310000,149.960000,0.100000,18.010000
2009-05-28,117.940000,0.050000,135.050000,138.480000,21.980000,209.670000,240.190000,1.570000,3.530000,23.520000,4.810000,96.450000,150.130000,0.100000,18.190000
2009-05-29,117.330000,0.050000,134.190000,137.830000,22.030000,208.320000,239.540000,1.550000,3.540000,23.110000,4.800000,95.720000,150.390000,0.100000,18.580000
2009-05-30,119.430000,0.050000,136.370000,139.270000,22.030000,210.930000,241.910000,1.560000,3.540000,23.640000,4.860000,97.500000,150.440000,0.100000,18.950000
2009-06-02,122.020000,0.050000,139.080000,141.380000,22.000000,213.690000,246.020000,1.590000,3.530000,24.190000,4.900000,98.200000,150.220000,0.100000,18.830000
2009-06-03,121.300000,0.050000,137.110000,140.260000,22.010000,212.120000,246.080000,1.560000,3.540000,24.070000,4.880000,97.690000,150.290000,0.100000,18.540000
2009-06-04,123.400000,0.050000,138.420000,140.820000,22.000000,213.680000,248.950000,1.560000,3.540000,24.060000,4.910000,98.220000,150.270000,0.100000,18.710000
2009-06-05,121.300000,0.050000,136.220000,141.020000,21.990000,213.690000,246.510000,1.560000,3.540000,23.920000,4.880000,97.750000,150.240000,0.100000,18.800000
2009-06-06,121.110000,0.050000,136.420000,140.520000,22.000000,213.240000,241.110000,1.560000,3.540000,23.860000,4.890000,97.780000,150.330000,0.100000,18.710000
2009-06-09,118.100000,0.050000,133.710000,137.510000,22.010000,208.690000,238.070000,1.530000,3.540000,23.190000,4.810000,96.490000,150.460000,0.100000,18.500000
2009-06-10,119.250000,0.050000,135.360000,138.180000,21.990000,209.410000,242.640000,1.530000,3.540000,23.460000,4.800000,96.540000,150.300000,0.100000,18.480000
2009-06-11,122.130000,0.050000,137.410000,140.240000,22.000000,212.580000,246.750000,1.540000,3.540000,24.060000,4.870000,97.900000,150.350000,0.100000,18.720000
2009-06-12,122.330000,0.050000,136.590000,139.470000,22.000000,211.090000,247.830000,1.540000,3.540000,23.720000,4.860000,97.850000,150.390000,0.100000,18.730000
2009-06-13,122.190000,0.050000,135.160000,139.850000,22.000000,211.150000,247.640000,1.530000,3.540000,23.750000,4.860000,98.270000,150.350000,0.100000,18.760000
2009-06-16,120.310000,0.050000,132.940000,137.840000,21.950000,208.370000,246.110000,1.530000,3.530000,23.340000,4.800000,97.190000,150.130000,0.100000,18.730000
2009-06-17,120.240000,0.050000,133.640000,138.780000,21.990000,208.980000,247.370000,1.560000,3.540000,23.480000,4.810000,97.700000,150.260000,0.100000,18.910000
2009-06-18,119.190000,0.050000,132.600000,138.130000,21.980000,208.450000,244.820000,1.560000,3.540000,23.500000,4.820000,96.910000,150.290000,0.100000,18.810000
2009-06-19,119.190000,0.050000,132.320000,139.190000,21.990000,209.160000,244.120000,1.570000,3.540000,23.530000,4.820000,95.960000,150.300000,0.100000,18.540000
2009-06-20,120.800000,0.050000,133.000000,138.120000,21.980000,208.750000,245.940000,1.550000,3.540000,23.490000,4.820000,96.410000,150.300000,0.100000,18.490000
2009-06-23,119.970000,0.050000,131.790000,138.520000,22.000000,208.560000,247.140000,1.570000,3.540000,23.290000,4.810000,96.850000,150.390000,0.100000,18.540000
2009-06-24,117.970000,0.050000,130.320000,139.240000,22.010000,209.350000,244.510000,1.580000,3.540000,22.990000,4.770000,95.540000,150.430000,0.100000,18.290000
2009-06-25,120.250000,0.050000,131.110000,141.020000,22.030000,211.990000,248.990000,1.580000,3.540000,23.420000,4.830000,96.250000,150.540000,0.100000,18.480000
2009-06-26,120.030000,0.050000,130.220000,137.450000,22.000000,210.040000,245.410000,1.560000,3.540000,23.270000,4.820000,96.830000,150.380000,0.100000,18.660000
2009-06-27,121.000000,0.050000,131.020000,138.110000,22.010000,211.280000,247.760000,1.570000,3.540000,23.370000,4.830000,97.490000,150.420000,0.100000,18.940000
2009-06-30,120.640000,0.050000,130.240000,138.130000,22.010000,210.810000,248.300000,1.580000,3.540000,23.250000,4.820000,97.760000,150.410000,0.100000,19.140000
2009-07-01,122.310000,0.050000,130.430000,139.090000,22.020000,211.990000,250.230000,1.580000,3.540000,23.420000,4.840000,98.100000,150.430000,0.100000,19.490000
2009-07-02,121.320000,0.050000,129.830000,138.920000,22.010000,211.700000,247.270000,1.550000,3.540000,23.520000,4.830000,98.120000,150.410000,0.100000,19.570000
2009-07-03,120.870000,0.050000,130.710000,139.130000,22.010000,211.880000,245.820000,1.560000,3.540000,23.690000,4.830000,98.480000,150.330000,0.100000,19.370000
2009-07-04,120.010000,0.050000,129.890000,138.390000,22.000000,210.310000,245.820000,1.570000,3.540000,23.350000,4.810000,97.890000,150.330000,0.100000,19.140000
2009-07-09,118.430000,0.050000,129.350000,138.200000,22.040000,209.530000,242.530000,1.600000,3.540000,23.060000,4.740000,96.960000,150.620000,0.100000,18.520000
2009-07-10,118.060000,0.050000,129.790000,138.790000,22.040000,210.090000,243.170000,1.610000,3.480000,23.120000,4.720000,97.200000,150.530000,0.100000,18.550000
2009-07-11,116.950000,0.050000,129.420000,138.220000,22.040000,209.370000,245.130000,1.620000,3.480000,23.130000,4.670000,96.950000,150.590000,0.100000,18.430000
2009-07-14,116.200000,0.050000,129.230000,138.560000,22.020000,209.730000,241.670000,1.630000,3.470000,23.110000,4.550000,96.500000,150.440000,0.100000,18.070000
2009-07-15,118.710000,0.050000,131.190000,139.170000,22.050000,210.880000,245.620000,1.620000,3.480000,23.390000,4.640000,97.760000,150.650000,0.100000,18.450000
2009-07-16,120.350000,0.050000,133.070000,139.450000,22.060000,211.820000,246.580000,1.610000,3.480000,23.500000,4.710000,98.200000,150.720000,0.100000,18.510000
2009-07-17,120.370000,0.050000,134.540000,140.060000,22.070000,212.270000,246.970000,1.610000,3.470000,23.540000,4.750000,98.420000,150.750000,0.100000,18.520000
2009-07-18,120.870000,0.050000,134.870000,139.910000,22.070000,212.590000,245.920000,1.610000,3.470000,23.600000,4.750000,98.970000,150.730000,0.100000,18.650000
2009-07-21,122.160000,0.050000,136.290000,141.070000,22.070000,214.350000,248.620000,1.600000,3.470000,23.780000,4.830000,99.760000,150.780000,0.100000,18.900000
2009-07-22,122.650000,0.050000,136.290000,141.180000,22.090000,214.400000,247.830000,1.600000,3.480000,23.970000,4.850000,99.810000,150.860000,0.100000,19.110000
2009-07-23,122.770000,0.050000,136.080000,141.010000,22.070000,213.820000,246.750000,1.610000,3.470000,23.920000,4.840000,100.370000,150.750000,0.100000,19.430000
2009-07-24,123.480000,0.050000,137.090000,141.210000,22.060000,214.520000,249.190000,1.600000,3.470000,24.080000,4.840000,101.410000,150.730000,0.100000,19.640000
2009-07-25,123.080000,0.050000,138.870000,140.780000,22.070000,214.190000,247.830000,1.590000,3.470000,24.140000,4.850000,101.470000,150.720000,0.100000,19.530000
2009-07-28,123.870000,0.050000,139.070000,140.950000,22.070000,214.770000,248.300000,1.580000,3.470000,24.330000,4.910000,101.940000,150.770000,0.100000,19.430000
2009-07-29,125.460000,0.050000,139.770000,141.230000,22.070000,215.040000,249.000000,1.590000,3.470000,24.510000,4.910000,102.380000,150.760000,0.100000,19.500000
2009-07-30,123.570000,0.050000,138.760000,139.990000,22.060000,213.180000,246.600000,1.590000,3.470000,24.160000,4.800000,101.390000,150.680000,0.100000,19.040000
2009-07-31,123.600000,0.050000,138.790000,140.010000,22.060000,213.220000,246.650000,1.590000,3.470000,24.170000,4.800000,101.410000,150.710000,0.100000,19.040000
2009-08-01,124.590000,0.050000,139.530000,138.560000,22.060000,212.440000,249.330000,1.580000,3.470000,24.260000,4.810000,102.140000,150.710000,0.100000,19.330000
2009-08-04,126.460000,0.050000,140.470000,141.110000,22.070000,215.200000,253.850000,1.590000,3.470000,24.790000,4.830000,102.560000,150.750000,0.100000,19.610000
2009-08-05,126.820000,0.050000,141.520000,142.360000,22.080000,217.350000,256.040000,1.600000,3.470000,24.980000,4.850000,103.160000,150.800000,0.100000,19.350000
2009-08-06,127.050000,0.050000,140.120000,141.970000,22.080000,216.940000,256.200000,1.590000,3.470000,24.990000,4.840000,103.370000,150.820000,0.100000,19.110000
2009-08-07,127.010000,0.050000,140.760000,142.020000,22.080000,217.200000,256.150000,1.580000,3.470000,25.110000,4.840000,102.960000,150.810000,0.100000,18.870000
2009-08-08,126.060000,0.050000,139.860000,141.580000,22.060000,216.430000,252.020000,1.580000,3.460000,24.780000,4.760000,101.780000,150.730000,0.100000,18.630000
2009-08-11,126.720000,0.050000,139.360000,139.360000,22.060000,213.970000,250.890000,1.550000,3.460000,24.610000,4.770000,102.470000,150.750000,0.100000,18.830000
2009-08-12,126.290000,0.050000,138.050000,139.250000,22.050000,213.650000,248.160000,1.560000,3.460000,24.390000,4.720000,101.350000,150.720000,0.100000,18.720000
2009-08-13,123.940000,0.050000,136.540000,139.400000,22.060000,212.780000,247.820000,1.580000,3.460000,24.100000,4.620000,100.050000,150.780000,0.100000,18.460000
2009-08-14,126.810000,0.050000,139.040000,140.370000,22.060000,214.970000,249.830000,1.560000,3.460000,24.990000,4.720000,102.050000,150.770000,0.100000,18.960000
2009-08-15,127.070000,0.050000,138.730000,140.850000,22.070000,215.310000,249.510000,1.580000,3.460000,25.020000,4.780000,102.160000,150.790000,0.100000,18.780000
2009-08-18,123.400000,0.050000,135.970000,139.880000,22.060000,212.810000,246.480000,1.600000,3.460000,24.490000,4.680000,99.930000,150.800000,0.100000,18.450000
2009-08-19,124.590000,0.050000,136.720000,140.170000,22.070000,213.300000,248.120000,1.580000,3.460000,24.620000,4.730000,100.990000,150.840000,0.100000,18.760000
2009-08-20,123.980000,0.050000,136.270000,140.130000,22.080000,212.740000,247.340000,1.600000,3.460000,24.530000,4.720000,100.510000,150.880000,0.100000,18.680000
2009-08-21,125.340000,0.050000,137.660000,141.480000,22.080000,214.560000,249.080000,1.600000,3.460000,24.990000,4.770000,101.530000,150.830000,0.100000,19.050000
2009-08-22,125.280000,0.050000,138.920000,142.420000,22.080000,215.640000,248.740000,1.610000,3.460000,25.130000,4.740000,101.170000,150.850000,0.100000,19.150000
2009-08-25,126.570000,0.050000,139.610000,142.010000,22.070000,215.540000,248.480000,1.590000,3.460000,25.170000,4.780000,101.620000,150.770000,0.100000,19.420000
2009-08-26,126.180000,0.050000,139.710000,141.910000,22.060000,215.130000,246.470000,1.600000,3.460000,24.940000,4.780000,100.820000,150.680000,0.100000,19.310000
2009-08-27,125.980000,0.050000,138.230000,142.060000,22.070000,215.770000,245.900000,1.600000,3.460000,25.080000,4.790000,100.650000,150.750000,0.100000,19.480000
2009-08-28,125.140000,0.050000,137.240000,141.000000,22.070000,214.790000,244.190000,1.610000,3.430000,24.850000,4.770000,100.340000,150.770000,0.100000,19.160000
2009-08-29,127.260000,0.050000,139.130000,142.590000,22.080000,216.550000,246.200000,1.600000,3.430000,25.100000,4.790000,100.940000,150.800000,0.100000,19.440000
2009-09-02,126.370000,0.050000,138.060000,142.760000,22.070000,216.340000,245.000000,1.620000,3.430000,25.220000,4.740000,100.270000,150.750000,0.100000,19.350000
2009-09-03,125.240000,0.050000,136.700000,141.390000,22.060000,214.400000,243.460000,1.630000,3.430000,24.630000,4.720000,99.680000,150.710000,0.100000,19.160000
2009-09-04,126.620000,0.050000,137.040000,142.450000,22.070000,215.690000,246.700000,1.630000,3.420000,25.020000,4.760000,100.070000,150.760000,0.100000,19.430000
2009-09-05,127.010000,0.050000,137.440000,142.130000,22.080000,215.330000,246.530000,1.630000,3.420000,24.980000,4.770000,100.710000,150.810000,0.100000,19.650000
2009-09-08,128.970000,0.050000,139.910000,142.530000,22.090000,216.300000,247.530000,1.620000,3.420000,25.170000,4.800000,101.180000,150.840000,0.100000,19.980000
2009-09-09,129.990000,0.050000,140.720000,143.410000,22.090000,217.530000,249.040000,1.630000,3.420000,25.360000,4.810000,101.440000,150.840000,0.100000,20.020000
2009-09-10,129.580000,0.050000,139.640000,144.160000,22.090000,218.600000,248.520000,1.630000,3.420000,25.410000,4.840000,101.360000,150.820000,0.100000,20.010000
2009-09-11,129.390000,0.050000,139.450000,144.990000,22.090000,219.560000,249.210000,1.640000,3.420000,25.420000,4.890000,100.350000,150.860000,0.100000,19.960000
2009-09-12,130.050000,0.050000,140.170000,145.350000,22.100000,220.040000,252.050000,1.660000,3.430000,25.410000,4.910000,101.030000,150.890000,0.100000,19.860000
2009-09-15,129.140000,0.050000,138.970000,145.030000,22.100000,219.380000,249.580000,1.660000,3.430000,25.210000,4.890000,100.350000,150.920000,0.100000,20.150000
2009-09-16,129.890000,0.050000,139.270000,145.450000,22.110000,220.460000,250.860000,1.660000,3.430000,25.560000,4.880000,101.480000,150.950000,0.100000,20.430000
2009-09-17,131.630000,0.050000,141.290000,146.170000,22.120000,221.930000,248.900000,1.670000,3.450000,25.790000,4.940000,102.330000,150.940000,0.100000,20.500000
2009-09-18,132.000000,0.050000,142.050000,146.390000,22.110000,222.310000,249.290000,1.660000,3.450000,25.830000,4.980000,102.870000,150.910000,0.100000,20.580000
2009-09-19,131.100000,0.050000,140.530000,146.180000,22.110000,221.570000,246.630000,1.660000,3.450000,25.650000,4.960000,102.200000,150.930000,0.100000,20.260000
2009-09-22,130.120000,0.050000,140.310000,145.890000,22.100000,221.210000,243.940000,1.640000,3.440000,25.550000,4.970000,101.490000,150.880000,0.100000,20.140000
2009-09-23,131.860000,0.050000,141.230000,147.250000,22.110000,223.090000,246.280000,1.650000,3.460000,25.870000,5.010000,101.850000,150.900000,0.100000,20.340000
2009-09-24,132.160000,0.050000,141.430000,147.660000,22.110000,223.210000,247.930000,1.660000,3.460000,25.940000,5.020000,102.250000,150.920000,0.100000,20.500000
2009-09-25,131.970000,0.050000,140.480000,147.350000,22.110000,222.760000,244.960000,1.670000,3.480000,26.120000,5.030000,102.190000,150.930000,0.100000,20.470000
2009-09-26,131.150000,0.050000,138.270000,146.670000,22.100000,221.650000,241.820000,1.670000,3.480000,26.060000,5.020000,101.410000,150.950000,0.100000,20.190000
2009-09-29,130.480000,0.050000,137.650000,146.180000,22.110000,220.760000,240.010000,1.690000,3.480000,25.860000,5.000000,101.180000,150.950000,0.100000,20.300000
2009-09-30,131.790000,0.050000,139.010000,145.760000,22.110000,220.100000,239.440000,1.680000,3.480000,25.840000,5.020000,101.370000,150.950000,0.100000,20.420000
2009-10-01,133.200000,0.050000,140.350000,146.380000,22.110000,220.870000,242.640000,1.690000,3.480000,26.090000,5.030000,101.700000,150.950000,0.100000,20.510000
2009-10-02,132.960000,0.050000,140.770000,145.000000,22.110000,219.980000,240.870000,1.680000,3.480000,26.140000,5.020000,101.320000,150.950000,0.100000,19.760000
2009-10-03,130.680000,0.050000,138.700000,145.300000,22.120000,219.660000,240.090000,1.690000,3.470000,25.970000,5.010000,100.810000,150.970000,0.100000,19.510000
2009-10-06,131.810000,0.050000,140.210000,146.120000,22.120000,220.630000,241.280000,1.680000,3.470000,26.130000,5.020000,101.550000,150.990000,0.100000,19.780000
2009-10-07,133.900000,0.050000,141.530000,147.140000,22.120000,222.330000,240.860000,1.700000,3.470000,26.500000,5.060000,103.040000,150.970000,0.100000,20.260000
2009-10-08,134.850000,0.050000,143.080000,146.810000,22.110000,222.150000,239.870000,1.710000,3.470000,26.640000,5.070000,103.000000,150.940000,0.100000,20.420000
2009-10-09,136.300000,0.060000,142.910000,147.000000,22.100000,222.750000,241.960000,1.710000,3.470000,26.670000,5.090000,103.390000,150.840000,0.100000,20.570000
2009-10-10,135.950000,0.050000,142.940000,146.210000,22.090000,221.900000,240.480000,1.690000,3.460000,26.680000,5.090000,102.950000,150.740000,0.100000,20.390000
2009-10-13,136.280000,0.050000,145.220000,146.100000,22.080000,222.010000,237.770000,1.670000,3.460000,26.700000,5.100000,103.040000,150.670000,0.100000,20.260000
2009-10-14,136.670000,0.060000,145.790000,146.990000,22.080000,222.850000,236.980000,1.680000,3.460000,26.830000,5.100000,103.300000,150.750000,0.100000,20.580000
2009-10-15,137.830000,0.060000,146.790000,148.130000,22.080000,224.630000,241.310000,1.690000,3.450000,27.120000,5.120000,104.320000,150.750000,0.100000,20.770000
2009-10-16,139.050000,0.060000,147.320000,148.890000,22.080000,225.270000,244.140000,1.680000,3.450000,27.250000,5.140000,104.910000,150.750000,0.100000,20.970000
2009-10-17,138.770000,0.060000,145.690000,148.100000,22.070000,224.620000,246.080000,1.650000,3.450000,26.920000,5.140000,103.430000,150.690000,0.100000,20.490000
2009-10-20,138.820000,0.060000,145.560000,148.650000,22.080000,225.070000,245.450000,1.660000,3.450000,26.890000,5.150000,103.420000,150.730000,0.100000,20.550000
2009-10-21,139.620000,0.060000,146.350000,149.200000,22.090000,225.570000,247.280000,1.670000,3.470000,27.070000,5.160000,103.650000,150.780000,0.100000,20.670000
2009-10-22,139.600000,0.060000,143.270000,149.250000,22.080000,225.340000,249.880000,1.660000,3.470000,26.960000,5.170000,103.200000,150.760000,0.100000,20.460000
2009-10-23,138.780000,0.060000,143.330000,149.130000,22.060000,225.420000,248.780000,1.650000,3.470000,26.950000,5.170000,102.370000,150.640000,0.100000,20.070000
2009-10-24,139.220000,0.060000,143.190000,149.800000,22.060000,226.500000,247.490000,1.640000,3.470000,27.240000,5.200000,102.890000,150.640000,0.100000,20.230000
2009-10-27,139.290000,0.060000,143.070000,149.710000,22.070000,226.550000,245.580000,1.640000,3.460000,27.210000,5.210000,102.480000,150.680000,0.100000,20.150000
2009-10-28,138.220000,0.060000,140.920000,148.060000,22.060000,224.230000,247.060000,1.640000,3.460000,26.810000,5.180000,101.370000,150.710000,0.100000,19.890000
2009-10-29,136.800000,0.060000,140.820000,147.510000,22.070000,223.020000,246.650000,1.650000,3.460000,26.610000,5.160000,100.570000,150.710000,0.100000,19.480000
2009-10-30,136.150000,0.060000,140.040000,147.160000,22.080000,222.240000,247.590000,1.660000,3.470000,26.470000,5.150000,100.710000,150.740000,0.100000,19.390000
2009-10-31,137.840000,0.060000,141.340000,148.070000,22.080000,223.560000,249.700000,1.660000,3.470000,26.780000,5.190000,101.370000,150.740000,0.100000,19.560000
2009-11-03,136.700000,0.060000,139.540000,147.560000,22.080000,222.670000,246.870000,1.670000,3.450000,26.460000,5.170000,100.540000,150.750000,0.100000,19.210000
2009-11-04,135.060000,0.060000,139.610000,147.160000,22.100000,222.280000,246.010000,1.680000,3.450000,26.050000,5.150000,99.990000,150.850000,0.100000,19.180000
2009-11-05,136.720000,0.060000,141.930000,147.430000,22.090000,222.700000,248.940000,1.660000,3.450000,26.390000,5.150000,100.700000,150.810000,0.100000,19.510000
2009-11-06,136.450000,0.060000,141.390000,148.040000,22.090000,223.500000,249.020000,1.680000,3.450000,26.420000,5.170000,100.840000,150.820000,0.100000,19.670000
2009-11-07,138.320000,0.060000,142.080000,148.610000,22.090000,224.630000,250.600000,1.670000,3.450000,26.660000,5.210000,101.860000,150.820000,0.100000,19.960000
2009-11-10,139.730000,0.060000,141.740000,149.510000,22.110000,225.760000,253.040000,1.670000,3.450000,26.850000,5.240000,102.170000,150.900000,0.100000,20.250000
2009-11-11,139.850000,0.060000,142.500000,149.520000,22.090000,225.960000,251.090000,1.680000,3.440000,27.020000,5.240000,102.470000,150.780000,0.100000,20.330000
2009-11-12,140.470000,0.060000,144.050000,150.040000,22.080000,226.530000,252.530000,1.680000,3.440000,27.110000,5.260000,102.360000,150.690000,0.100000,20.550000
2009-11-13,140.290000,0.060000,143.840000,149.120000,22.040000,225.150000,248.900000,1.680000,3.450000,26.850000,5.240000,101.990000,150.430000,0.100000,20.280000
2009-11-14,139.290000,0.060000,142.780000,147.880000,21.970000,223.370000,250.100000,1.660000,3.430000,26.710000,5.210000,101.420000,149.950000,0.100000,20.190000
2009-11-17,139.330000,0.050000,142.750000,148.280000,21.900000,223.730000,249.580000,1.670000,3.420000,26.830000,5.210000,101.460000,149.500000,0.100000,20.240000
2009-11-18,138.770000,0.050000,141.770000,147.680000,21.850000,222.920000,251.320000,1.680000,3.410000,26.660000,5.200000,101.100000,149.170000,0.100000,20.210000
2009-11-19,138.920000,0.050000,142.040000,147.280000,21.850000,222.550000,250.840000,1.670000,3.410000,26.690000,5.200000,100.910000,149.140000,0.100000,20.080000
2009-11-20,137.200000,0.050000,140.520000,146.370000,21.800000,221.430000,248.260000,1.670000,3.400000,26.450000,5.160000,100.330000,148.890000,0.100000,19.830000
2009-11-21,136.630000,0.050000,139.900000,146.730000,21.810000,221.880000,247.140000,1.680000,3.400000,26.400000,5.150000,99.970000,148.900000,0.100000,19.810000
2009-11-24,137.300000,0.050000,140.420000,147.500000,21.790000,222.800000,246.670000,1.670000,3.400000,26.620000,5.160000,99.770000,148.800000,0.100000,19.980000
2009-11-25,136.540000,0.050000,140.110000,146.960000,21.780000,222.080000,246.110000,1.680000,3.400000,26.530000,5.160000,99.370000,148.750000,0.100000,19.830000
2009-11-26,138.110000,0.050000,141.440000,148.270000,21.820000,223.720000,248.850000,1.700000,3.400000,26.650000,5.170000,99.750000,148.940000,0.100000,20.140000
2009-11-27,136.580000,0.050000,141.190000,148.600000,21.790000,224.140000,246.000000,1.710000,3.400000,26.470000,5.130000,98.890000,148.720000,0.100000,20.030000
2009-12-01,136.110000,0.050000,140.870000,148.370000,21.780000,223.580000,245.380000,1.730000,3.400000,26.340000,5.100000,98.050000,148.670000,0.100000,20.170000
2009-12-02,137.010000,0.050000,142.170000,148.750000,21.780000,224.110000,245.710000,1.710000,3.390000,26.400000,5.110000,98.490000,148.680000,0.100000,20.260000
2009-12-03,137.900000,0.050000,142.400000,148.960000,21.780000,224.450000,247.360000,1.700000,3.390000,26.590000,5.120000,99.390000,148.690000,0.100000,20.410000
2009-12-04,138.410000,0.050000,141.980000,149.150000,21.800000,224.840000,248.040000,1.700000,3.390000,26.690000,5.090000,99.920000,148.810000,0.100000,20.480000
2009-12-05,137.660000,0.050000,141.050000,148.750000,21.790000,224.090000,247.300000,1.690000,3.390000,26.430000,5.090000,100.360000,148.740000,0.100000,20.170000
2009-12-08,134.920000,0.050000,139.970000,145.490000,21.810000,219.880000,243.340000,1.660000,3.390000,25.990000,5.010000,99.520000,148.940000,0.100000,19.950000
2009-12-09,135.840000,0.050000,141.660000,146.250000,21.830000,220.850000,243.890000,1.670000,3.400000,26.080000,4.950000,99.710000,149.030000,0.100000,19.970000
2009-12-10,135.260000,0.050000,140.380000,145.510000,21.840000,219.770000,242.820000,1.700000,3.400000,25.830000,4.860000,99.000000,149.080000,0.100000,19.750000
2009-12-11,136.480000,0.050000,141.330000,145.170000,21.840000,219.400000,242.850000,1.690000,3.390000,25.980000,4.880000,99.090000,149.080000,0.100000,19.770000
2009-12-12,136.660000,0.050000,142.000000,145.620000,21.860000,219.990000,243.560000,1.680000,3.390000,26.040000,4.970000,100.050000,149.270000,0.100000,19.840000
2009-12-15,135.480000,0.050000,140.180000,144.280000,21.790000,218.200000,241.370000,1.680000,3.380000,25.770000,4.960000,99.130000,148.800000,0.100000,19.870000
2009-12-16,135.180000,0.050000,140.210000,143.280000,21.790000,216.680000,242.080000,1.670000,3.380000,25.550000,4.940000,98.850000,148.800000,0.100000,19.990000
2009-12-21,132.380000,0.050000,139.350000,142.580000,21.770000,213.120000,240.130000,1.640000,3.380000,25.460000,4.860000,97.740000,148.670000,0.100000,19.720000
2009-12-22,131.040000,0.050000,138.930000,141.970000,21.760000,212.310000,239.440000,1.640000,3.380000,25.310000,4.850000,97.470000,148.590000,0.100000,19.420000
2009-12-23,131.040000,0.050000,140.280000,142.130000,21.750000,212.640000,238.610000,1.630000,3.380000,25.410000,4.870000,97.500000,148.500000,0.100000,19.280000
2009-12-24,129.880000,0.050000,140.660000,141.580000,21.740000,211.600000,236.660000,1.620000,3.380000,25.270000,4.860000,97.310000,148.420000,0.100000,19.210000
2009-12-25,130.880000,0.050000,141.520000,142.980000,21.730000,212.960000,237.010000,1.620000,3.360000,25.560000,4.950000,98.010000,148.360000,0.100000,19.700000
2009-12-26,131.200000,0.050000,141.270000,143.200000,21.720000,213.430000,236.700000,1.630000,3.360000,25.640000,5.030000,98.050000,148.300000,0.100000,19.740000
2009-12-29,131.740000,0.050000,141.560000,143.420000,21.740000,213.560000,237.100000,1.620000,3.370000,25.590000,5.020000,98.170000,148.440000,0.100000,19.810000
2009-12-30,132.570000,0.050000,142.580000,144.090000,21.720000,214.130000,238.060000,1.620000,3.360000,25.730000,4.960000,98.320000,148.350000,0.100000,19.880000
2009-12-31,132.380000,0.050000,141.580000,143.010000,21.740000,212.840000,235.580000,1.610000,3.360000,25.560000,4.920000,98.160000,148.360000,0.100000,20.070000
2010-01-01,133.440000,0.050000,141.650000,144.120000,21.750000,213.950000,239.600000,1.610000,3.370000,25.770000,4.900000,99.700000,148.460000,0.100000,20.160000
2010-01-06,135.620000,0.050000,142.880000,144.080000,21.740000,213.950000,238.060000,1.610000,3.370000,26.020000,4.960000,100.920000,148.400000,0.100000,20.440000
2010-01-07,135.520000,0.050000,142.820000,143.400000,21.710000,212.730000,237.890000,1.610000,3.360000,25.960000,4.960000,100.520000,148.220000,0.100000,20.230000
2010-01-11,136.980000,0.050000,143.840000,144.840000,21.700000,213.360000,237.370000,1.600000,3.360000,26.170000,4.960000,101.560000,148.170000,0.100000,20.210000
2010-01-12,138.000000,0.050000,144.310000,145.620000,21.700000,215.080000,238.890000,1.610000,3.360000,26.380000,5.040000,101.820000,148.150000,0.100000,20.210000
2010-01-13,137.160000,0.050000,143.250000,145.310000,21.690000,214.430000,238.310000,1.610000,3.360000,26.250000,5.040000,101.970000,148.110000,0.100000,20.010000
2010-01-14,136.840000,0.050000,142.630000,145.120000,21.690000,214.430000,240.040000,1.620000,3.360000,26.210000,5.000000,101.980000,148.080000,0.100000,19.960000
2010-01-15,137.770000,0.050000,143.610000,145.290000,21.690000,214.980000,241.220000,1.610000,3.360000,26.310000,5.030000,102.030000,148.060000,0.100000,20.020000
2010-01-16,137.190000,0.050000,144.250000,144.490000,21.690000,213.300000,241.730000,1.630000,3.350000,26.210000,5.010000,101.530000,148.040000,0.100000,20.070000
2010-01-19,136.630000,0.050000,144.050000,144.240000,21.680000,212.660000,241.860000,1.630000,3.350000,26.140000,5.000000,101.570000,148.000000,0.100000,19.990000
2010-01-20,136.970000,0.050000,144.110000,144.340000,21.670000,212.970000,242.340000,1.640000,3.350000,26.170000,5.010000,102.040000,147.960000,0.100000,19.980000
2010-01-21,135.460000,0.050000,142.860000,142.520000,21.670000,210.070000,240.850000,1.630000,3.350000,25.810000,4.990000,101.420000,147.950000,0.100000,19.810000
2010-01-22,134.690000,0.050000,140.970000,141.390000,21.670000,208.230000,239.290000,1.610000,3.350000,25.550000,4.970000,100.520000,147.910000,0.100000,19.610000
2010-01-23,134.080000,0.050000,141.170000,142.150000,21.660000,209.040000,240.470000,1.640000,3.350000,25.560000,4.960000,99.840000,147.880000,0.100000,19.620000
2010-01-26,134.050000,0.050000,140.280000,142.150000,21.670000,209.360000,239.100000,1.640000,3.350000,25.520000,4.920000,99.700000,147.940000,0.100000,19.580000
2010-01-27,132.600000,0.050000,139.400000,141.860000,21.680000,208.730000,240.200000,1.650000,3.350000,25.320000,4.890000,98.820000,147.990000,0.100000,19.450000
2010-01-28,132.690000,0.050000,138.810000,141.210000,21.690000,207.760000,238.790000,1.660000,3.350000,25.220000,4.880000,99.000000,148.070000,0.100000,19.400000
2010-01-29,133.850000,0.050000,140.230000,141.340000,21.710000,208.090000,241.120000,1.640000,3.360000,25.420000,4.890000,99.590000,148.190000,0.100000,19.670000
2010-01-30,132.660000,0.050000,139.470000,141.170000,21.710000,207.170000,239.690000,1.640000,3.360000,25.320000,4.880000,99.410000,148.210000,0.100000,19.590000
2010-02-02,130.600000,0.050000,138.400000,139.750000,21.670000,205.580000,235.570000,1.640000,3.350000,25.050000,4.880000,99.400000,147.950000,0.100000,19.550000
2010-02-03,130.120000,0.050000,139.580000,139.820000,21.680000,205.910000,235.470000,1.630000,3.340000,25.280000,4.900000,99.620000,148.010000,0.100000,19.840000
2010-02-04,131.750000,0.050000,140.120000,140.780000,21.670000,207.280000,237.420000,1.640000,3.340000,25.440000,4.950000,99.920000,147.900000,0.100000,19.910000
2010-02-05,130.030000,0.050000,139.230000,139.280000,21.660000,204.760000,234.740000,1.630000,3.340000,25.060000,4.920000,98.830000,147.860000,0.100000,19.670000
2010-02-06,127.670000,0.050000,137.560000,137.690000,21.650000,202.300000,231.760000,1.650000,3.330000,24.700000,4.850000,97.310000,147.780000,0.100000,19.240000
2010-02-09,128.670000,0.050000,138.730000,138.190000,21.680000,202.730000,231.100000,1.650000,3.330000,24.840000,4.860000,97.820000,147.960000,0.100000,19.310000
2010-02-10,128.970000,0.050000,138.540000,138.460000,21.700000,203.160000,230.860000,1.650000,3.340000,24.920000,4.880000,98.170000,148.140000,0.100000,19.220000
2010-02-11,129.670000,0.050000,138.760000,139.020000,21.710000,203.920000,232.350000,1.650000,3.320000,25.080000,4.900000,98.280000,148.210000,0.100000,19.330000
2010-02-12,131.420000,0.050000,139.840000,138.820000,21.660000,203.660000,230.540000,1.640000,3.320000,25.140000,4.910000,98.180000,148.010000,0.100000,19.300000
2010-02-13,131.570000,0.050000,140.780000,137.430000,21.650000,201.550000,232.480000,1.640000,3.310000,25.000000,4.900000,97.840000,147.880000,0.100000,19.380000
2010-02-16,131.470000,0.050000,140.920000,137.330000,21.670000,201.340000,232.130000,1.640000,3.320000,24.960000,4.900000,97.590000,148.080000,0.100000,19.220000
2010-02-17,132.570000,0.050000,141.630000,138.090000,21.680000,202.490000,232.830000,1.650000,3.320000,25.150000,4.920000,98.120000,148.160000,0.100000,19.280000
2010-02-18,133.220000,0.050000,141.760000,138.590000,21.640000,203.470000,233.050000,1.640000,3.310000,25.310000,4.930000,98.420000,147.830000,0.100000,19.260000
2010-02-19,132.230000,0.050000,141.020000,136.710000,21.630000,200.330000,230.710000,1.630000,3.310000,25.010000,4.910000,97.270000,147.760000,0.100000,19.350000
2010-02-20,131.870000,0.050000,140.870000,136.220000,21.640000,199.530000,227.620000,1.610000,3.310000,24.660000,4.900000,97.070000,147.770000,0.100000,19.290000
2010-02-23,132.500000,0.050000,141.960000,137.110000,21.630000,200.760000,228.160000,1.610000,3.310000,24.870000,4.930000,97.860000,147.670000,0.100000,19.270000
2010-02-24,132.550000,0.050000,141.970000,137.460000,21.610000,201.560000,229.200000,1.620000,3.300000,25.140000,4.920000,96.730000,147.520000,0.100000,19.260000
2010-02-25,130.720000,0.050000,139.390000,136.100000,21.580000,199.230000,227.330000,1.630000,3.300000,24.780000,4.910000,95.640000,147.340000,0.100000,19.080000
2010-02-26,130.980000,0.050000,139.650000,135.830000,21.580000,198.720000,225.580000,1.650000,3.300000,24.740000,4.900000,95.410000,147.330000,0.100000,18.930000
2010-02-27,131.110000,0.050000,139.130000,136.690000,21.580000,199.970000,225.000000,1.650000,3.300000,24.830000,4.900000,95.430000,147.320000,0.100000,19.010000
2010-03-02,132.370000,0.050000,140.070000,137.110000,21.570000,200.690000,223.080000,1.650000,3.300000,24.930000,4.930000,95.700000,147.230000,0.100000,19.320000
2010-03-03,132.450000,0.050000,141.540000,135.830000,21.590000,198.710000,219.600000,1.650000,3.300000,24.640000,4.910000,95.810000,147.360000,0.100000,19.250000
2010-03-04,133.180000,0.050000,142.460000,137.500000,21.600000,201.080000,221.160000,1.660000,3.300000,24.870000,4.940000,95.630000,147.450000,0.100000,19.440000
2010-03-05,132.630000,0.050000,142.880000,137.520000,21.580000,201.210000,221.610000,1.670000,3.300000,24.950000,4.940000,95.570000,147.280000,0.100000,19.640000
2010-03-06,132.760000,0.050000,142.580000,136.790000,21.560000,200.090000,221.210000,1.650000,3.300000,24.890000,4.940000,95.230000,147.200000,0.100000,19.730000
2010-03-10,133.810000,0.050000,143.140000,136.830000,21.560000,200.100000,220.560000,1.640000,3.300000,24.840000,4.950000,95.700000,147.190000,0.100000,19.860000
2010-03-11,134.860000,0.050000,143.450000,136.720000,21.580000,199.830000,219.820000,1.630000,3.300000,24.940000,4.950000,95.730000,147.290000,0.100000,19.890000
2010-03-12,134.780000,0.050000,143.490000,137.530000,21.560000,200.900000,220.490000,1.630000,3.300000,25.060000,4.990000,95.810000,147.160000,0.100000,19.750000
2010-03-13,134.830000,0.050000,143.750000,138.240000,21.560000,201.860000,222.330000,1.630000,3.300000,25.210000,5.010000,96.300000,147.130000,0.100000,19.860000
2010-03-16,134.380000,0.050000,144.390000,138.710000,21.550000,201.900000,222.000000,1.620000,3.290000,25.190000,5.020000,96.190000,147.090000,0.100000,19.800000
2010-03-17,134.610000,0.050000,144.440000,138.630000,21.540000,201.110000,221.210000,1.630000,3.290000,25.100000,4.990000,96.380000,147.050000,0.100000,19.900000
2010-03-18,135.490000,0.050000,145.320000,139.540000,21.540000,202.530000,223.840000,1.620000,3.290000,25.290000,5.040000,96.960000,147.030000,0.100000,20.110000
2010-03-19,135.390000,0.050000,145.510000,138.940000,21.540000,200.970000,224.460000,1.630000,3.290000,25.200000,5.030000,96.570000,147.050000,0.100000,20.190000
2010-03-20,135.180000,0.050000,144.390000,139.160000,21.530000,199.760000,222.420000,1.620000,3.280000,25.110000,5.020000,96.110000,146.950000,0.090000,20.200000
2010-03-26,133.880000,0.050000,143.910000,137.220000,21.520000,195.790000,219.220000,1.600000,3.280000,24.260000,4.960000,95.200000,146.890000,0.090000,19.960000
2010-03-27,133.240000,0.050000,143.390000,137.450000,21.520000,196.530000,218.000000,1.590000,3.280000,24.300000,4.970000,95.780000,146.920000,0.090000,19.770000
2010-03-30,134.200000,0.050000,143.820000,138.510000,21.530000,198.160000,220.230000,1.590000,3.280000,24.530000,4.970000,95.990000,146.960000,0.090000,19.860000
2010-03-31,135.220000,0.050000,144.410000,138.530000,21.550000,198.200000,221.490000,1.590000,3.280000,24.640000,5.000000,96.160000,147.110000,0.090000,19.870000
2010-04-01,134.650000,0.050000,144.690000,138.310000,21.530000,197.690000,222.630000,1.580000,3.250000,24.660000,4.980000,96.560000,146.980000,0.090000,20.070000
2010-04-02,134.950000,0.050000,145.280000,139.710000,21.550000,198.290000,223.660000,1.570000,3.260000,24.810000,5.000000,96.820000,147.070000,0.090000,20.310000
2010-04-03,135.090000,0.050000,145.260000,139.070000,21.540000,199.170000,224.230000,1.570000,3.250000,24.810000,5.030000,96.900000,147.000000,0.090000,20.190000
2010-04-06,135.290000,0.050000,146.150000,138.310000,21.530000,198.140000,223.850000,1.560000,3.250000,24.710000,5.030000,97.000000,146.910000,0.090000,20.240000
2010-04-07,135.700000,0.050000,146.830000,137.520000,21.520000,196.920000,222.550000,1.570000,3.250000,24.620000,5.020000,97.340000,146.890000,0.090000,20.210000
2010-04-08,135.990000,0.050000,147.000000,137.330000,21.520000,196.640000,223.950000,1.560000,3.250000,24.670000,5.010000,97.930000,146.900000,0.090000,20.340000
2010-04-09,135.700000,0.050000,145.740000,136.290000,21.520000,195.250000,223.110000,1.580000,3.250000,24.490000,4.990000,97.500000,146.850000,0.090000,20.150000
2010-04-10,136.650000,0.050000,146.760000,137.330000,21.510000,196.830000,225.660000,1.570000,3.250000,24.780000,5.010000,98.660000,146.790000,0.090000,20.290000
2010-04-13,136.440000,0.050000,146.110000,138.440000,21.510000,200.000000,226.820000,1.570000,3.250000,24.990000,5.070000,98.770000,146.770000,0.090000,20.260000
2010-04-14,135.770000,0.050000,146.010000,138.540000,21.490000,199.160000,225.650000,1.580000,3.250000,24.880000,5.050000,98.400000,146.670000,0.090000,20.120000
2010-04-15,136.700000,0.050000,146.860000,139.320000,21.480000,200.120000,226.130000,1.570000,3.250000,25.020000,5.060000,99.280000,146.630000,0.090000,20.200000
2010-04-16,136.830000,0.050000,146.770000,138.790000,21.480000,198.920000,226.670000,1.580000,3.250000,24.940000,5.050000,99.130000,146.580000,0.090000,20.000000
2010-04-17,136.620000,0.050000,146.420000,138.590000,21.460000,198.510000,226.400000,1.580000,3.240000,25.000000,5.050000,99.320000,146.490000,0.090000,19.940000
2010-04-20,134.460000,0.050000,144.200000,137.490000,21.480000,197.100000,223.390000,1.600000,3.250000,24.680000,5.020000,98.530000,146.610000,0.090000,19.700000
2010-04-21,136.500000,0.050000,145.030000,138.100000,21.490000,197.900000,225.770000,1.580000,3.250000,24.880000,5.040000,98.570000,146.680000,0.090000,19.800000
2010-04-22,136.530000,0.050000,147.360000,137.250000,21.450000,196.670000,225.780000,1.570000,3.240000,24.840000,5.040000,98.890000,146.460000,0.090000,19.920000
2010-04-23,136.420000,0.050000,147.160000,137.240000,21.480000,196.620000,226.440000,1.570000,3.250000,24.870000,5.040000,99.260000,146.630000,0.090000,19.730000
2010-04-24,135.150000,0.050000,146.800000,136.090000,21.460000,195.030000,225.060000,1.570000,3.240000,24.760000,5.020000,98.650000,146.540000,0.090000,19.620000
2010-04-27,136.020000,0.050000,146.650000,136.230000,21.470000,195.310000,226.740000,1.560000,3.240000,24.870000,5.040000,99.260000,146.560000,0.090000,19.950000
2010-04-28,135.330000,0.050000,146.280000,136.180000,21.450000,195.550000,225.160000,1.560000,3.240000,24.940000,5.040000,99.260000,146.410000,0.090000,19.890000
2010-04-29,134.290000,0.050000,143.860000,134.500000,21.470000,192.630000,222.330000,1.570000,3.240000,24.510000,4.990000,96.730000,146.540000,0.090000,19.530000
2010-04-30,136.010000,0.050000,145.950000,135.510000,21.500000,194.350000,223.370000,1.560000,3.250000,24.720000,5.020000,98.810000,146.780000,0.090000,19.950000
2010-05-01,136.380000,0.050000,146.040000,135.920000,21.460000,194.970000,225.050000,1.550000,3.240000,24.850000,5.030000,98.920000,146.430000,0.090000,20.010000
2010-05-05,134.740000,0.050000,144.480000,134.390000,21.460000,192.370000,222.530000,1.550000,3.240000,24.580000,4.990000,98.040000,146.520000,0.090000,19.680000
2010-05-06,133.460000,0.050000,143.080000,132.830000,21.490000,190.210000,222.290000,1.550000,3.250000,24.260000,4.940000,96.940000,146.710000,0.090000,19.430000
2010-05-07,133.130000,0.050000,142.020000,131.430000,21.520000,188.290000,221.010000,1.560000,3.250000,24.190000,4.870000,95.920000,146.860000,0.090000,19.350000
2010-05-08,130.650000,0.050000,139.770000,131.990000,21.540000,187.120000,215.300000,1.600000,3.260000,23.620000,4.800000,93.700000,147.040000,0.090000,18.970000
2010-05-12,131.520000,0.050000,143.240000,132.050000,21.470000,185.990000,217.640000,1.580000,3.250000,23.690000,4.840000,95.590000,146.610000,0.090000,19.500000
2010-05-13,131.440000,0.050000,144.500000,132.440000,21.500000,186.700000,220.650000,1.580000,3.250000,23.960000,4.890000,96.300000,146.780000,0.090000,19.630000
2010-05-14,131.620000,0.050000,144.720000,131.600000,21.470000,184.410000,216.570000,1.570000,3.250000,23.810000,4.890000,96.500000,146.600000,0.090000,19.590000
2010-05-15,130.980000,0.050000,143.010000,130.540000,21.460000,183.020000,213.250000,1.580000,3.240000,23.620000,4.850000,95.920000,146.510000,0.090000,19.470000
2010-05-18,128.490000,0.050000,141.480000,128.740000,21.490000,180.240000,211.540000,1.590000,3.250000,23.440000,4.790000,94.920000,146.740000,0.090000,19.350000
2010-05-19,128.450000,0.050000,142.430000,129.780000,21.500000,181.850000,212.020000,1.580000,3.250000,23.560000,4.840000,95.450000,146.770000,0.090000,19.610000
2010-05-20,124.270000,0.050000,140.170000,127.480000,21.460000,178.490000,209.230000,1.600000,3.240000,22.940000,4.760000,93.020000,146.530000,0.090000,18.960000
2010-05-21,121.780000,0.050000,139.130000,127.580000,21.470000,181.770000,210.780000,1.610000,3.240000,22.790000,4.770000,93.450000,146.550000,0.090000,18.730000
2010-05-22,121.420000,0.050000,137.960000,127.640000,21.530000,183.770000,211.870000,1.630000,3.250000,22.490000,4.730000,93.000000,146.980000,0.090000,18.630000
2010-05-25,121.660000,0.050000,138.380000,126.650000,21.450000,182.180000,211.440000,1.630000,3.240000,22.570000,4.720000,93.360000,146.470000,0.090000,18.730000
2010-05-26,118.790000,0.050000,135.750000,125.910000,21.460000,178.910000,209.170000,1.630000,3.250000,22.070000,4.640000,91.910000,146.600000,0.090000,18.390000
2010-05-27,122.020000,0.050000,137.750000,127.180000,21.500000,181.170000,211.600000,1.630000,3.210000,22.640000,4.710000,92.970000,146.840000,0.090000,18.790000
2010-05-28,122.270000,0.050000,138.690000,126.920000,21.470000,179.620000,212.340000,1.620000,3.200000,22.440000,4.740000,93.460000,146.620000,0.090000,19.200000
2010-05-29,125.020000,0.050000,139.980000,127.410000,21.450000,182.060000,213.410000,1.610000,3.200000,22.890000,4.820000,93.990000,146.500000,0.090000,19.450000
2010-06-01,124.310000,0.050000,139.850000,126.860000,21.490000,180.400000,212.630000,1.600000,3.200000,22.700000,4.760000,93.250000,146.690000,0.090000,19.200000
2010-06-02,121.810000,0.050000,139.460000,125.710000,21.500000,178.290000,212.430000,1.620000,3.210000,22.450000,4.690000,92.470000,146.850000,0.090000,18.930000
2010-06-03,121.980000,0.050000,139.320000,127.040000,21.500000,179.400000,215.360000,1.600000,3.210000,22.650000,4.710000,92.930000,146.860000,0.090000,19.030000
2010-06-04,124.860000,0.050000,141.870000,127.460000,21.480000,180.470000,215.740000,1.580000,3.200000,22.930000,4.740000,93.430000,146.650000,0.090000,19.350000
2010-06-05,124.190000,0.050000,141.500000,127.330000,21.490000,179.080000,215.310000,1.580000,3.200000,22.820000,4.740000,93.020000,146.750000,0.090000,19.260000
2010-06-08,119.700000,0.050000,138.220000,126.360000,21.530000,175.640000,212.280000,1.600000,3.210000,22.110000,4.630000,91.810000,147.050000,0.090000,18.940000
2010-06-09,119.880000,0.050000,139.150000,127.220000,21.560000,175.500000,212.450000,1.610000,3.210000,21.970000,4.630000,91.580000,147.220000,0.090000,18.890000
2010-06-10,121.350000,0.050000,140.290000,127.800000,21.560000,175.930000,213.030000,1.610000,3.210000,22.050000,4.630000,91.820000,147.230000,0.090000,19.080000
2010-06-11,123.440000,0.050000,141.570000,128.250000,21.510000,177.100000,214.580000,1.610000,3.210000,22.430000,4.640000,92.060000,146.920000,0.090000,18.970000
2010-06-12,124.370000,0.050000,142.440000,128.710000,21.520000,178.070000,215.530000,1.610000,3.210000,22.650000,4.670000,93.170000,147.030000,0.090000,19.110000
2010-06-15,126.060000,0.050000,142.850000,129.410000,21.530000,179.830000,216.380000,1.600000,3.210000,22.980000,4.650000,93.930000,147.080000,0.090000,19.400000
2010-06-16,125.570000,0.050000,142.750000,128.440000,21.560000,179.400000,216.580000,1.610000,3.220000,22.790000,4.690000,93.540000,147.280000,0.090000,19.160000
2010-06-17,127.060000,0.050000,143.120000,130.060000,21.530000,180.980000,217.470000,1.600000,3.210000,23.000000,4.720000,94.080000,147.100000,0.090000,19.370000
2010-06-18,126.960000,0.050000,143.510000,131.670000,21.530000,181.300000,216.690000,1.610000,3.210000,23.030000,4.740000,93.970000,147.050000,0.090000,19.350000
2010-06-19,127.850000,0.050000,143.000000,132.440000,21.530000,182.160000,218.620000,1.620000,3.210000,23.190000,4.760000,94.480000,146.990000,0.090000,19.610000
2010-06-22,129.960000,0.050000,144.490000,132.780000,21.620000,182.200000,218.430000,1.610000,3.210000,23.220000,4.770000,94.790000,146.950000,0.090000,19.750000
2010-06-23,129.120000,0.050000,143.910000,132.660000,21.590000,180.970000,216.460000,1.620000,3.210000,22.890000,4.760000,94.390000,146.990000,0.090000,19.630000
2010-06-24,127.990000,0.050000,142.670000,132.880000,21.610000,180.650000,219.050000,1.630000,3.210000,22.750000,4.740000,94.060000,147.120000,0.090000,19.480000
2010-06-25,128.010000,0.050000,141.670000,133.210000,21.640000,180.720000,220.230000,1.640000,3.210000,22.630000,4.730000,93.390000,147.200000,0.090000,19.480000
2010-06-26,126.870000,0.050000,141.230000,133.510000,21.700000,180.880000,219.240000,1.640000,3.220000,22.590000,4.730000,92.880000,147.300000,0.090000,19.250000
2010-06-29,128.830000,0.050000,142.740000,135.670000,21.690000,182.240000,221.840000,1.650000,3.220000,22.880000,4.750000,93.920000,147.350000,0.090000,19.690000
2010-06-30,126.370000,0.050000,140.980000,135.310000,21.690000,179.810000,221.720000,1.660000,3.220000,22.670000,4.720000,93.210000,147.460000,0.090000,19.380000
2010-07-01,125.850000,0.050000,140.600000,136.280000,21.760000,180.250000,221.470000,1.670000,3.220000,22.720000,4.720000,93.400000,147.550000,0.090000,19.390000
2010-07-02,123.650000,0.050000,138.390000,137.590000,21.750000,181.390000,220.010000,1.670000,3.220000,22.680000,4.720000,93.180000,147.480000,0.090000,19.260000
2010-07-03,124.920000,0.050000,139.290000,138.080000,21.780000,184.390000,224.210000,1.680000,3.220000,22.880000,4.740000,93.550000,147.480000,0.090000,19.280000
2010-07-04,123.990000,0.050000,138.660000,138.710000,21.760000,185.060000,223.940000,1.680000,3.220000,22.910000,4.740000,94.420000,147.340000,0.090000,19.080000
2010-07-08,124.620000,0.050000,139.050000,138.980000,21.730000,185.200000,222.410000,1.690000,3.220000,22.900000,4.730000,94.330000,147.250000,0.090000,19.240000
2010-07-09,128.710000,0.050000,141.020000,140.070000,21.760000,186.660000,223.670000,1.670000,3.220000,23.170000,4.760000,94.920000,147.490000,0.090000,19.480000
2010-07-10,128.870000,0.050000,141.170000,139.780000,21.780000,186.970000,224.040000,1.670000,3.220000,23.200000,4.790000,95.090000,147.520000,0.090000,19.510000
2010-07-13,128.600000,0.050000,142.900000,138.440000,21.800000,185.490000,220.710000,1.660000,3.220000,23.050000,4.780000,94.710000,147.600000,0.090000,19.490000
2010-07-14,128.990000,0.050000,142.900000,138.910000,21.810000,185.260000,222.420000,1.670000,3.220000,23.220000,4.790000,94.920000,147.700000,0.090000,19.460000
2010-07-15,130.460000,0.050000,143.160000,139.580000,21.800000,187.820000,225.300000,1.660000,3.230000,23.690000,4.830000,95.820000,147.730000,0.090000,19.600000
2010-07-16,130.080000,0.050000,143.060000,140.730000,21.780000,188.710000,226.180000,1.680000,3.220000,23.790000,4.830000,95.870000,147.570000,0.090000,19.600000
2010-07-17,129.180000,0.050000,141.300000,141.600000,21.780000,191.020000,227.460000,1.700000,3.220000,23.810000,4.850000,96.170000,147.550000,0.090000,19.630000
2010-07-20,128.280000,0.050000,140.450000,140.640000,21.760000,191.190000,225.820000,1.700000,3.220000,23.520000,4.830000,95.900000,147.470000,0.090000,19.400000
2010-07-21,129.730000,0.050000,140.330000,140.380000,21.770000,191.570000,224.660000,1.700000,3.220000,23.540000,4.850000,96.370000,147.540000,0.090000,19.440000
2010-07-22,130.440000,0.050000,142.340000,140.330000,21.770000,189.610000,225.290000,1.700000,3.220000,23.560000,4.850000,96.560000,147.560000,0.090000,19.530000
2010-07-23,130.660000,0.050000,141.850000,142.000000,21.780000,189.630000,225.560000,1.700000,3.220000,23.730000,4.850000,96.840000,147.650000,0.090000,19.670000
2010-07-24,131.980000,0.050000,142.310000,141.290000,21.760000,190.800000,226.990000,1.690000,3.220000,23.970000,4.860000,97.130000,147.460000,0.090000,20.040000
2010-07-27,132.170000,0.050000,141.990000,139.580000,21.720000,189.990000,228.040000,1.690000,3.220000,23.760000,4.860000,97.100000,147.300000,0.090000,19.950000
2010-07-28,133.170000,0.050000,142.980000,139.330000,21.750000,191.400000,227.760000,1.690000,3.220000,23.950000,4.870000,97.340000,147.380000,0.090000,20.120000
2010-07-29,132.270000,0.050000,143.100000,139.330000,21.770000,192.020000,229.780000,1.680000,3.220000,23.970000,4.880000,97.980000,147.560000,0.090000,20.030000
2010-07-30,133.100000,0.050000,143.090000,140.420000,21.780000,192.870000,230.930000,1.690000,3.180000,24.160000,4.890000,97.780000,147.580000,0.090000,20.240000
2010-07-31,132.770000,0.050000,142.990000,142.090000,21.810000,192.660000,230.750000,1.710000,3.180000,24.190000,4.880000,97.720000,147.690000,0.090000,20.100000
2010-08-03,134.630000,0.050000,144.330000,141.130000,21.810000,192.960000,233.330000,1.700000,3.180000,24.580000,4.890000,98.600000,147.780000,0.090000,20.370000
2010-08-04,134.470000,0.050000,144.170000,142.340000,21.800000,195.160000,234.760000,1.720000,3.180000,24.770000,4.940000,99.030000,147.660000,0.090000,20.270000
2010-08-05,134.420000,0.050000,143.750000,141.450000,21.770000,194.660000,234.450000,1.730000,3.180000,24.640000,4.940000,98.310000,147.460000,0.090000,20.160000
2010-08-06,134.780000,0.050000,145.530000,140.510000,21.770000,194.080000,233.480000,1.710000,3.180000,24.620000,4.940000,98.090000,147.410000,0.090000,20.240000
2010-08-07,134.910000,0.050000,144.850000,140.670000,21.760000,194.200000,233.420000,1.710000,3.170000,24.690000,4.940000,98.430000,147.270000,0.090000,20.340000
2010-08-10,135.490000,0.050000,143.340000,141.920000,21.760000,195.770000,234.880000,1.720000,3.170000,24.800000,4.940000,98.940000,147.240000,0.090000,20.550000
2010-08-11,134.480000,0.050000,142.940000,140.130000,21.760000,194.260000,232.920000,1.720000,3.180000,24.570000,4.920000,98.550000,147.370000,0.090000,20.440000
2010-08-12,133.270000,0.050000,142.470000,139.900000,21.750000,192.510000,232.310000,1.730000,3.170000,24.180000,4.880000,97.800000,147.290000,0.090000,20.300000
2010-08-13,132.060000,0.050000,140.900000,139.820000,21.770000,189.770000,231.050000,1.730000,3.180000,23.860000,4.830000,97.080000,147.680000,0.090000,20.270000
2010-08-14,132.690000,0.050000,142.110000,140.040000,21.700000,189.600000,230.610000,1.720000,3.180000,23.990000,4.840000,97.490000,147.380000,0.090000,20.390000
2010-08-17,131.280000,0.050000,141.630000,141.530000,21.660000,188.570000,229.560000,1.720000,3.180000,23.720000,4.830000,97.430000,147.390000,0.090000,20.170000
2010-08-18,132.750000,0.050000,141.570000,141.600000,21.670000,189.570000,230.520000,1.730000,3.170000,24.000000,4.850000,98.500000,147.260000,0.090000,20.380000
2010-08-19,132.630000,0.050000,142.660000,141.400000,21.680000,189.500000,229.890000,1.720000,3.170000,23.910000,4.850000,98.290000,147.170000,0.090000,20.370000
2010-08-20,132.380000,0.050000,142.940000,141.520000,21.670000,188.570000,230.040000,1.720000,3.170000,23.820000,4.830000,98.020000,147.170000,0.090000,20.250000
2010-08-21,130.670000,0.050000,141.200000,142.230000,21.670000,187.610000,228.330000,1.720000,3.170000,23.570000,4.820000,97.120000,147.120000,0.090000,20.130000
2010-08-24,131.520000,0.050000,140.730000,142.610000,21.650000,187.090000,229.310000,1.720000,3.170000,23.620000,4.810000,96.970000,147.200000,0.090000,20.240000
2010-08-25,130.170000,0.050000,139.050000,141.250000,21.650000,185.790000,226.450000,1.740000,3.170000,23.400000,4.780000,96.130000,147.170000,0.090000,20.060000
2010-08-26,130.720000,0.050000,138.970000,143.360000,21.660000,186.940000,227.090000,1.740000,3.170000,23.420000,4.780000,96.530000,147.270000,0.090000,20.170000
2010-08-27,130.480000,0.050000,139.150000,142.990000,21.630000,186.780000,228.360000,1.740000,3.170000,23.300000,4.770000,96.640000,147.150000,0.090000,20.150000
2010-08-28,130.410000,0.050000,139.010000,143.800000,21.640000,186.990000,228.260000,1.740000,3.170000,23.360000,4.790000,96.800000,147.140000,0.090000,20.100000
2010-09-01,131.090000,0.050000,139.100000,144.710000,21.630000,186.780000,227.360000,1.750000,3.180000,23.340000,4.780000,96.450000,147.330000,0.090000,19.950000
2010-09-02,132.830000,0.050000,138.720000,145.410000,21.630000,187.980000,226.130000,1.750000,3.170000,23.580000,4.790000,96.620000,147.240000,0.090000,19.990000
2010-09-03,133.770000,0.050000,140.130000,145.660000,21.630000,188.890000,226.650000,1.750000,3.170000,23.950000,4.800000,97.450000,147.280000,0.090000,20.260000
2010-09-04,134.020000,0.050000,139.700000,145.270000,21.660000,188.960000,226.800000,1.750000,3.170000,23.990000,4.800000,97.820000,147.290000,0.090000,20.450000
2010-09-07,134.860000,0.050000,141.980000,144.970000,21.700000,189.740000,226.580000,1.750000,3.170000,24.120000,4.820000,98.350000,147.280000,0.090000,20.480000
2010-09-08,134.220000,0.050000,141.550000,145.560000,21.700000,188.110000,226.420000,1.760000,3.180000,23.880000,4.790000,97.560000,147.350000,0.090000,20.280000
2010-09-09,134.890000,0.050000,140.630000,146.060000,21.710000,187.020000,227.640000,1.760000,3.180000,23.670000,4.770000,97.310000,147.490000,0.090000,20.380000
2010-09-10,136.440000,0.050000,142.470000,145.200000,21.740000,187.700000,227.120000,1.760000,3.180000,23.890000,4.780000,97.490000,147.470000,0.090000,20.530000
2010-09-11,136.150000,0.050000,142.950000,144.260000,21.780000,187.840000,227.790000,1.760000,3.180000,23.920000,4.780000,97.690000,147.380000,0.090000,20.500000
2010-09-14,137.270000,0.050000,142.830000,145.190000,21.780000,188.730000,227.780000,1.750000,3.170000,24.050000,4.790000,98.490000,147.240000,0.090000,20.660000
2010-09-15,137.340000,0.050000,143.160000,146.820000,21.810000,189.430000,227.060000,1.770000,3.170000,24.050000,4.790000,98.160000,147.200000,0.090000,20.640000
2010-09-16,137.700000,0.050000,142.760000,146.530000,21.830000,190.810000,228.050000,1.720000,3.170000,24.190000,4.780000,98.600000,147.160000,0.090000,20.780000
2010-09-17,137.930000,0.050000,143.550000,147.100000,21.900000,192.300000,229.480000,1.720000,3.170000,24.260000,4.770000,98.800000,147.280000,0.090000,20.790000
2010-09-18,139.460000,0.050000,144.170000,145.070000,21.910000,193.800000,231.610000,1.720000,3.180000,24.360000,4.750000,98.850000,147.390000,0.090000,20.880000
2010-09-21,139.330000,0.050000,143.060000,146.610000,21.960000,193.050000,229.980000,1.720000,3.180000,24.290000,4.750000,98.600000,147.420000,0.090000,20.730000
2010-09-22,139.520000,0.050000,143.230000,147.200000,22.000000,193.630000,229.100000,1.730000,3.180000,24.410000,4.760000,98.860000,147.480000,0.090000,20.770000
2010-09-23,140.670000,0.050000,143.970000,148.410000,21.980000,196.310000,230.580000,1.740000,3.170000,24.820000,4.750000,99.370000,147.310000,0.090000,21.050000
2010-09-24,140.070000,0.050000,142.630000,149.330000,22.000000,196.690000,230.410000,1.750000,3.180000,24.860000,4.760000,99.180000,147.490000,0.090000,20.900000
2010-09-25,140.720000,0.050000,142.920000,150.280000,22.010000,197.330000,231.400000,1.740000,3.180000,24.900000,4.770000,99.240000,147.540000,0.090000,20.970000
2010-09-28,141.510000,0.050000,143.900000,149.710000,22.050000,198.280000,233.080000,1.750000,3.180000,25.070000,4.820000,99.890000,147.540000,0.090000,21.030000
2010-09-29,141.350000,0.050000,142.590000,149.570000,22.030000,197.570000,233.200000,1.750000,3.180000,24.810000,4.810000,99.940000,147.420000,0.090000,20.960000
2010-09-30,143.050000,0.050000,143.370000,151.050000,22.060000,200.380000,233.270000,1.760000,3.180000,25.140000,4.850000,100.980000,147.470000,0.090000,21.150000
2010-10-01,142.980000,0.050000,143.190000,151.480000,22.050000,201.290000,234.590000,1.770000,3.180000,25.200000,4.830000,101.790000,147.570000,0.090000,21.200000
2010-10-02,143.470000,0.050000,143.650000,150.860000,22.070000,202.560000,233.490000,1.770000,3.180000,25.260000,4.840000,102.310000,147.630000,0.090000,21.380000
2010-10-05,142.470000,0.050000,144.130000,150.990000,22.050000,201.750000,232.870000,1.770000,3.180000,25.110000,4.830000,101.910000,147.500000,0.090000,21.200000
2010-10-06,141.700000,0.050000,144.550000,152.540000,22.050000,203.250000,234.400000,1.770000,3.180000,25.270000,4.860000,101.830000,147.540000,0.090000,21.090000
2010-10-07,143.990000,0.050000,145.620000,152.650000,22.040000,204.280000,234.580000,1.780000,3.180000,25.470000,4.940000,103.650000,147.440000,0.090000,21.430000
2010-10-08,145.770000,0.050000,145.990000,153.720000,22.040000,205.880000,234.730000,1.790000,3.180000,25.550000,4.970000,103.930000,147.450000,0.090000,21.530000
2010-10-09,143.970000,0.050000,145.310000,152.630000,22.120000,205.240000,234.030000,1.790000,3.180000,25.360000,4.930000,103.440000,147.590000,0.090000,21.370000
2010-10-12,145.240000,0.050000,146.070000,153.320000,22.140000,205.740000,235.380000,1.800000,3.180000,25.360000,4.940000,104.700000,147.600000,0.090000,21.530000
2010-10-13,144.380000,0.050000,145.190000,152.080000,22.140000,203.650000,233.350000,1.800000,3.180000,25.040000,4.890000,103.620000,147.730000,0.090000,21.370000
2010-10-14,145.990000,0.050000,146.860000,154.460000,22.170000,206.600000,234.480000,1.800000,3.190000,25.390000,4.900000,104.850000,147.790000,0.090000,21.670000
2010-10-15,146.980000,0.050000,147.820000,155.380000,22.190000,207.760000,236.690000,1.820000,3.190000,25.760000,4.930000,105.570000,147.610000,0.090000,21.780000
2010-10-18,146.750000,0.050000,146.620000,154.460000,22.200000,207.890000,236.540000,1.820000,3.190000,25.690000,4.880000,105.010000,147.460000,0.090000,21.670000
2010-10-19,145.130000,0.050000,144.480000,153.130000,22.210000,204.560000,234.040000,1.820000,3.180000,25.150000,4.830000,103.530000,147.560000,0.090000,21.450000
2010-10-20,145.990000,0.050000,144.690000,153.910000,22.210000,205.590000,233.780000,1.810000,3.180000,25.190000,4.850000,104.150000,147.580000,0.090000,21.450000
2010-10-21,144.330000,0.050000,143.410000,152.730000,22.190000,203.940000,232.160000,1.820000,3.180000,25.030000,4.790000,103.540000,147.550000,0.090000,21.230000
2010-10-22,145.670000,0.050000,144.920000,153.400000,22.230000,207.090000,233.220000,1.820000,3.160000,25.440000,4.810000,104.110000,147.690000,0.090000,21.430000
2010-10-23,144.170000,0.050000,143.330000,151.290000,22.160000,204.850000,231.250000,1.820000,3.160000,25.120000,4.820000,103.280000,147.520000,0.090000,21.180000
2010-10-26,146.890000,0.050000,144.840000,152.220000,22.170000,207.160000,232.100000,1.830000,3.160000,25.680000,4.890000,104.280000,147.580000,0.090000,21.460000
2010-10-27,145.990000,0.050000,144.600000,151.880000,22.160000,205.840000,234.190000,1.820000,3.160000,25.410000,4.860000,103.910000,147.640000,0.090000,21.460000
2010-10-28,143.450000,0.050000,143.370000,148.940000,22.080000,203.750000,233.160000,1.800000,3.150000,25.060000,4.830000,102.770000,147.540000,0.090000,21.050000
2010-10-29,144.160000,0.050000,143.930000,149.850000,22.070000,204.120000,233.000000,1.820000,3.160000,25.060000,4.800000,102.750000,147.570000,0.090000,21.090000
2010-10-30,143.310000,0.050000,144.350000,149.360000,22.110000,203.980000,234.660000,1.830000,3.160000,24.850000,4.790000,102.520000,147.510000,0.090000,20.980000
2010-11-02,145.950000,0.050000,144.840000,149.820000,22.080000,206.250000,236.610000,1.830000,3.160000,25.360000,4.780000,103.590000,147.510000,0.090000,21.200000
2010-11-03,147.490000,0.050000,146.120000,149.600000,22.110000,205.960000,237.070000,1.830000,3.160000,25.290000,4.800000,104.440000,147.580000,0.090000,21.350000
2010-11-04,147.370000,0.050000,146.490000,150.740000,22.130000,207.260000,237.240000,1.830000,3.160000,25.290000,4.800000,104.790000,147.650000,0.090000,21.480000
2010-11-05,148.860000,0.050000,146.900000,152.640000,22.130000,209.670000,238.710000,1.820000,3.160000,25.680000,4.800000,105.630000,147.590000,0.090000,21.590000
2010-11-06,149.780000,0.050000,147.160000,154.170000,22.180000,209.480000,239.070000,1.830000,3.160000,25.760000,4.800000,105.580000,147.510000,0.090000,21.680000
2010-11-09,149.290000,0.050000,147.220000,152.850000,22.110000,205.870000,238.330000,1.820000,3.160000,25.450000,4.800000,105.370000,147.680000,0.090000,21.670000
2010-11-10,149.170000,0.050000,146.950000,153.220000,22.220000,204.550000,237.760000,1.830000,3.160000,25.330000,4.780000,104.460000,147.660000,0.090000,21.540000
2010-11-11,148.060000,0.050000,147.080000,151.940000,22.230000,203.440000,235.770000,1.800000,3.150000,25.210000,4.810000,104.540000,147.460000,0.090000,21.530000
2010-11-12,147.920000,0.050000,147.510000,152.370000,22.280000,202.900000,238.170000,1.790000,3.160000,25.130000,4.830000,104.620000,147.510000,0.090000,21.420000
2010-11-13,145.540000,0.050000,145.550000,151.510000,22.220000,201.380000,237.010000,1.800000,3.160000,24.800000,4.790000,102.740000,147.530000,0.090000,21.180000
2010-11-16,145.240000,0.050000,145.980000,150.200000,22.240000,201.300000,237.200000,1.780000,3.160000,24.660000,4.780000,102.050000,147.690000,0.090000,21.120000
2010-11-18,143.820000,0.050000,144.200000,148.140000,22.200000,199.060000,234.500000,1.770000,3.160000,24.310000,4.700000,100.770000,147.520000,0.090000,20.890000
2010-11-19,145.830000,0.050000,145.030000,149.480000,22.220000,201.050000,235.050000,1.770000,3.150000,24.670000,4.730000,102.180000,147.420000,0.090000,21.200000
2010-11-20,145.870000,0.050000,145.040000,148.720000,22.200000,201.950000,237.090000,1.770000,3.150000,24.710000,4.760000,102.530000,147.400000,0.090000,21.270000
2010-11-23,146.610000,0.050000,145.560000,149.120000,22.190000,202.590000,236.710000,1.770000,3.150000,24.770000,4.760000,102.550000,147.380000,0.090000,21.170000
2010-11-24,144.460000,0.050000,144.600000,148.940000,22.190000,200.040000,234.770000,1.760000,3.150000,24.470000,4.720000,101.240000,147.360000,0.090000,20.980000
2010-11-25,143.850000,0.050000,144.340000,148.140000,22.150000,196.500000,232.530000,1.770000,3.140000,24.110000,4.700000,99.330000,147.280000,0.090000,20.880000
2010-11-26,144.630000,0.050000,146.040000,147.490000,22.170000,196.280000,232.510000,1.760000,3.150000,24.180000,4.700000,99.840000,147.370000,0.090000,20.910000
2010-11-27,143.070000,0.050000,145.620000,147.190000,22.120000,195.750000,231.800000,1.760000,3.150000,24.090000,4.700000,99.310000,147.400000,0.090000,20.770000
2010-11-30,142.640000,0.050000,144.850000,147.330000,22.140000,195.570000,230.010000,1.760000,3.150000,24.040000,4.720000,99.130000,147.490000,0.090000,20.710000
2010-12-01,141.310000,0.050000,144.490000,147.960000,22.150000,192.470000,228.910000,1.760000,3.150000,23.850000,4.700000,98.040000,147.580000,0.090000,20.700000
2010-12-02,142.150000,0.050000,144.490000,146.870000,22.160000,193.090000,230.320000,1.760000,3.150000,23.980000,4.700000,98.720000,147.630000,0.090000,20.990000
2010-12-03,142.570000,0.050000,145.440000,147.250000,22.170000,193.800000,230.220000,1.760000,3.150000,24.020000,4.710000,99.170000,147.680000,0.090000,21.120000
2010-12-04,144.490000,0.050000,147.110000,149.030000,22.160000,195.220000,230.820000,1.760000,3.150000,24.400000,4.710000,99.730000,147.600000,0.090000,21.490000
2010-12-07,145.770000,0.050000,146.830000,150.970000,22.190000,196.300000,231.760000,1.780000,3.150000,24.620000,4.710000,99.690000,147.560000,0.090000,21.460000
2010-12-08,146.320000,0.050000,146.850000,150.600000,22.200000,196.710000,232.470000,1.780000,3.140000,24.650000,4.720000,99.790000,147.500000,0.090000,21.490000
2010-12-09,144.370000,0.050000,145.690000,149.160000,22.150000,194.750000,231.690000,1.760000,3.140000,24.460000,4.720000,99.050000,147.440000,0.090000,21.220000
2010-12-10,145.420000,0.050000,146.050000,149.910000,22.150000,195.540000,232.650000,1.760000,3.140000,24.590000,4.750000,99.080000,147.380000,0.090000,21.340000
2010-12-11,145.390000,0.050000,145.890000,150.260000,22.150000,195.200000,233.220000,1.760000,3.140000,24.510000,4.770000,98.060000,147.390000,0.090000,21.510000
2010-12-14,145.270000,0.050000,145.970000,150.090000,22.100000,194.610000,231.920000,1.750000,3.140000,24.570000,4.770000,97.690000,147.300000,0.090000,21.590000
2010-12-15,146.750000,0.050000,146.260000,152.540000,22.130000,197.930000,233.710000,1.770000,3.140000,25.040000,4.790000,98.060000,147.310000,0.090000,21.610000
2010-12-16,146.430000,0.050000,146.510000,153.690000,22.150000,196.600000,232.360000,1.760000,3.140000,24.930000,4.800000,97.310000,147.420000,0.090000,21.590000
2010-12-21,145.840000,0.050000,145.460000,152.430000,22.080000,193.930000,229.080000,1.760000,3.140000,24.630000,4.790000,95.030000,147.340000,0.090000,21.450000
2010-12-22,146.610000,0.050000,144.930000,153.160000,22.120000,193.720000,228.740000,1.760000,3.130000,24.690000,4.790000,94.580000,147.260000,0.090000,21.600000
2010-12-23,146.830000,0.050000,145.100000,154.620000,22.150000,193.380000,227.530000,1.760000,3.130000,24.650000,4.790000,94.740000,147.200000,0.090000,21.660000
2010-12-24,147.630000,0.050000,145.430000,154.530000,22.150000,192.760000,226.230000,1.770000,3.130000,24.570000,4.800000,94.730000,147.130000,0.090000,21.720000
2010-12-25,147.790000,0.050000,146.060000,152.920000,22.210000,193.340000,227.140000,1.780000,3.130000,24.720000,4.810000,95.330000,147.140000,0.090000,21.820000
2010-12-28,147.860000,0.050000,146.460000,153.380000,22.230000,193.800000,227.570000,1.780000,3.140000,24.700000,4.840000,95.160000,147.400000,0.090000,21.880000
2010-12-29,148.670000,0.050000,146.850000,154.840000,22.250000,194.960000,227.650000,1.790000,3.140000,24.950000,4.870000,95.600000,147.420000,0.090000,22.000000
2010-12-30,149.260000,0.050000,147.730000,154.750000,22.270000,193.470000,226.810000,1.790000,3.140000,24.790000,4.850000,94.820000,147.450000,0.090000,22.060000
2010-12-31,149.920000,0.050000,147.550000,156.760000,22.330000,195.230000,228.460000,1.810000,3.140000,24.980000,4.840000,94.830000,147.400000,0.090000,22.280000
2011-01-01,150.140000,0.050000,147.810000,157.400000,22.380000,196.880000,228.290000,1.810000,3.130000,25.210000,4.830000,95.510000,147.500000,0.090000,22.250000
2011-01-06,147.230000,0.050000,147.170000,154.850000,22.240000,195.090000,229.420000,1.790000,3.120000,25.010000,4.810000,95.340000,147.170000,0.090000,21.870000
2011-01-07,146.880000,0.050000,148.060000,152.150000,22.210000,193.050000,228.830000,1.770000,3.120000,24.840000,4.800000,95.350000,147.130000,0.090000,21.820000
2011-01-11,146.000000,0.050000,147.860000,152.770000,22.200000,190.100000,228.230000,1.770000,3.120000,24.670000,4.790000,93.020000,147.330000,0.090000,21.560000
2011-01-12,144.950000,0.050000,148.540000,151.880000,22.250000,190.600000,229.210000,1.770000,3.120000,24.680000,4.810000,93.580000,147.280000,0.090000,21.580000
2011-01-13,146.020000,0.050000,149.230000,151.510000,22.320000,191.930000,230.610000,1.770000,3.120000,24.840000,4.850000,94.140000,147.390000,0.090000,21.630000
2011-01-14,146.370000,0.050000,148.980000,150.830000,22.280000,193.320000,231.600000,1.770000,3.110000,24.940000,4.890000,94.310000,147.120000,0.090000,21.520000
2011-01-15,146.220000,0.050000,148.200000,152.830000,22.320000,197.240000,232.780000,1.780000,3.110000,25.140000,4.910000,95.130000,147.070000,0.090000,21.560000
2011-01-18,145.550000,0.050000,148.690000,152.010000,22.300000,195.090000,233.080000,1.770000,3.110000,25.050000,4.890000,94.890000,146.990000,0.090000,21.190000
2011-01-19,146.790000,0.050000,149.030000,153.700000,22.330000,197.130000,234.880000,1.780000,3.110000,25.320000,4.920000,96.080000,147.000000,0.090000,21.440000
2011-01-20,147.750000,0.050000,148.410000,153.320000,22.330000,197.750000,235.310000,1.790000,3.110000,25.240000,4.930000,95.610000,146.960000,0.090000,21.370000
2011-01-21,146.210000,0.050000,147.330000,153.920000,22.310000,197.920000,234.690000,1.790000,3.110000,25.200000,4.910000,94.450000,146.890000,0.090000,20.960000
2011-01-22,145.290000,0.050000,147.380000,152.670000,22.340000,199.290000,233.970000,1.780000,3.110000,25.180000,4.900000,93.040000,147.010000,0.090000,20.940000
2011-01-25,145.220000,0.050000,147.490000,152.800000,22.320000,199.300000,234.560000,1.770000,3.100000,25.220000,4.920000,93.320000,146.860000,0.090000,20.980000
2011-01-26,146.160000,0.050000,147.770000,154.330000,22.300000,200.200000,233.770000,1.780000,3.090000,25.420000,4.930000,94.070000,146.810000,0.090000,20.900000
2011-01-27,146.610000,0.050000,147.550000,155.510000,22.310000,201.090000,232.250000,1.790000,3.100000,25.560000,4.930000,93.490000,146.800000,0.090000,20.750000
2011-01-28,145.440000,0.050000,147.250000,155.400000,22.300000,200.630000,233.600000,1.770000,3.100000,25.440000,4.940000,93.370000,146.780000,0.090000,20.770000
2011-01-29,145.570000,0.050000,147.480000,155.110000,22.310000,201.200000,233.140000,1.780000,3.100000,25.370000,4.950000,92.610000,146.830000,0.090000,20.830000
2011-02-01,145.800000,0.050000,146.610000,155.810000,22.250000,199.980000,232.690000,1.790000,3.110000,25.220000,4.920000,91.250000,146.870000,0.090000,20.510000
2011-02-02,147.440000,0.050000,147.180000,156.040000,22.290000,201.440000,235.970000,1.800000,3.110000,25.540000,4.950000,92.320000,146.960000,0.090000,20.660000
2011-02-03,148.580000,0.050000,148.690000,157.200000,22.400000,203.020000,237.630000,1.800000,3.110000,25.780000,4.990000,92.980000,146.860000,0.090000,20.730000
2011-02-04,148.670000,0.050000,148.700000,155.880000,22.380000,202.490000,237.970000,1.800000,3.090000,25.660000,5.010000,92.950000,146.750000,0.090000,20.520000
2011-02-05,149.620000,0.050000,148.450000,155.150000,22.400000,200.200000,237.160000,1.800000,3.100000,25.620000,4.990000,91.660000,146.830000,0.090000,20.170000
2011-02-08,148.800000,0.050000,148.530000,153.210000,22.380000,199.710000,237.200000,1.780000,3.090000,25.430000,5.000000,93.140000,146.730000,0.090000,20.330000
2011-02-09,149.230000,0.050000,148.460000,153.690000,22.390000,199.720000,236.340000,1.790000,3.090000,25.470000,5.020000,93.400000,146.650000,0.090000,20.390000
2011-02-10,147.960000,0.050000,147.290000,151.860000,22.220000,199.730000,235.540000,1.770000,3.090000,25.340000,5.000000,92.470000,146.470000,0.090000,20.250000
2011-02-11,146.940000,0.050000,146.840000,152.080000,22.230000,199.730000,235.060000,1.770000,3.090000,25.250000,4.980000,91.880000,146.410000,0.090000,20.290000
2011-02-12,146.030000,0.050000,146.910000,150.850000,22.210000,198.210000,235.080000,1.750000,3.090000,24.900000,5.000000,91.890000,146.430000,0.090000,20.140000
2011-02-15,146.950000,0.050000,148.200000,150.590000,22.210000,197.280000,234.600000,1.760000,3.090000,24.930000,5.010000,92.360000,146.480000,0.090000,20.150000
2011-02-16,146.610000,0.050000,148.320000,151.090000,22.210000,197.750000,235.140000,1.750000,3.090000,25.100000,5.000000,91.810000,146.350000,0.090000,20.110000
2011-02-17,146.420000,0.050000,148.350000,152.190000,22.210000,198.430000,236.590000,1.750000,3.080000,25.300000,5.000000,92.110000,146.360000,0.090000,20.060000
2011-02-18,146.910000,0.050000,148.680000,152.750000,22.220000,198.310000,235.410000,1.750000,3.080000,25.430000,5.000000,92.890000,146.300000,0.090000,20.250000
2011-02-19,147.890000,0.050000,148.610000,153.460000,22.240000,198.580000,236.740000,1.750000,3.080000,25.610000,5.000000,92.580000,146.190000,0.090000,20.370000
2011-02-22,147.990000,0.050000,148.460000,154.440000,22.260000,200.140000,237.230000,1.760000,3.080000,25.780000,5.020000,92.270000,146.160000,0.090000,20.480000
2011-02-23,146.160000,0.050000,148.140000,154.570000,22.210000,198.050000,235.910000,1.760000,3.080000,25.510000,4.990000,91.140000,146.130000,0.090000,20.270000
2011-02-24,146.550000,0.050000,147.790000,155.990000,22.220000,200.410000,236.910000,1.770000,3.080000,25.910000,5.000000,91.990000,146.080000,0.090000,20.500000
2011-02-25,146.520000,0.050000,148.270000,157.600000,22.210000,200.970000,236.010000,1.780000,3.080000,26.000000,5.010000,90.760000,146.020000,0.090000,20.680000
2011-02-26,147.360000,0.050000,148.690000,157.570000,22.210000,201.520000,235.400000,1.780000,3.080000,26.040000,5.050000,91.140000,146.000000,0.090000,20.850000
2011-03-01,148.400000,0.050000,149.630000,157.550000,22.230000,201.540000,235.650000,1.790000,3.080000,26.010000,5.050000,91.230000,146.020000,0.090000,20.950000
2011-03-02,148.640000,0.050000,150.200000,156.680000,22.210000,201.840000,238.040000,1.780000,3.070000,26.140000,5.080000,90.910000,145.900000,0.090000,20.990000
2011-03-03,147.480000,0.050000,149.400000,157.380000,22.190000,200.950000,237.000000,1.780000,3.080000,26.090000,5.100000,90.470000,145.830000,0.090000,20.910000
2011-03-04,148.020000,0.050000,149.700000,157.270000,22.180000,201.770000,237.900000,1.780000,3.080000,26.210000,5.160000,90.290000,145.790000,0.090000,21.250000
2011-03-05,147.520000,0.050000,149.650000,156.710000,22.180000,203.330000,236.570000,1.770000,3.070000,26.150000,5.160000,90.910000,145.680000,0.090000,21.110000
2011-03-06,147.560000,0.050000,149.650000,157.350000,22.170000,203.520000,236.900000,1.770000,3.070000,26.140000,5.170000,91.040000,145.580000,0.090000,21.240000
2011-03-10,146.980000,0.050000,150.130000,156.200000,22.170000,202.160000,235.700000,1.760000,3.070000,26.100000,5.150000,91.440000,145.700000,0.090000,21.140000
2011-03-11,146.250000,0.050000,150.210000,156.120000,22.140000,201.460000,235.050000,1.760000,3.070000,26.030000,5.120000,91.830000,145.550000,0.090000,21.160000
2011-03-12,145.910000,0.050000,149.760000,156.040000,22.160000,201.460000,233.760000,1.760000,3.070000,25.800000,5.080000,92.170000,145.660000,0.090000,21.080000
2011-03-15,147.100000,0.050000,150.160000,156.950000,22.210000,203.180000,234.480000,1.780000,3.070000,25.970000,5.090000,92.270000,145.850000,0.090000,21.180000
2011-03-16,144.830000,0.050000,148.840000,158.440000,22.220000,203.320000,234.530000,1.790000,3.080000,25.820000,5.080000,92.790000,146.000000,0.090000,21.180000
2011-03-17,144.710000,0.050000,148.410000,158.650000,22.170000,203.460000,234.400000,1.800000,3.070000,25.790000,5.080000,92.480000,145.660000,0.090000,20.890000
2011-03-18,143.720000,0.050000,147.550000,161.490000,22.180000,203.930000,234.820000,1.850000,3.070000,25.910000,5.090000,91.890000,145.790000,0.090000,20.700000
2011-03-19,144.360000,0.050000,148.570000,161.540000,22.200000,204.800000,234.200000,1.790000,3.070000,25.830000,5.130000,92.060000,145.820000,0.090000,20.710000
2011-03-25,148.200000,0.050000,149.310000,160.450000,22.270000,206.050000,236.940000,1.810000,3.080000,26.100000,5.150000,93.940000,146.070000,0.090000,21.190000
2011-03-26,148.870000,0.050000,149.290000,159.250000,22.210000,206.260000,234.140000,1.790000,3.070000,26.170000,5.150000,94.130000,145.620000,0.090000,21.170000
2011-03-29,149.760000,0.050000,148.620000,158.450000,22.180000,204.700000,232.200000,1.780000,3.070000,25.940000,5.130000,93.640000,145.570000,0.090000,21.280000
2011-03-30,149.260000,0.050000,149.370000,158.820000,22.190000,205.720000,233.320000,1.780000,3.070000,26.070000,5.130000,93.270000,145.590000,0.090000,21.360000
2011-03-31,150.140000,0.050000,149.850000,157.970000,22.220000,205.420000,234.130000,1.750000,3.080000,26.070000,5.100000,93.660000,145.700000,0.090000,21.380000
2011-04-01,150.640000,0.050000,150.220000,159.150000,22.250000,207.140000,235.000000,1.760000,3.080000,26.380000,5.130000,94.530000,145.700000,0.090000,21.540000
2011-04-02,150.680000,0.050000,150.430000,158.140000,22.250000,206.380000,233.600000,1.740000,3.080000,26.380000,5.130000,94.470000,145.680000,0.090000,21.530000
2011-04-05,151.310000,0.050000,151.400000,157.730000,22.310000,207.080000,235.260000,1.740000,3.070000,26.480000,5.160000,94.900000,145.810000,0.090000,21.660000
2011-04-06,150.380000,0.050000,150.620000,157.800000,22.270000,206.530000,236.530000,1.730000,3.070000,26.530000,5.130000,94.820000,145.620000,0.090000,21.620000
2011-04-07,150.840000,0.050000,151.330000,158.520000,22.220000,207.850000,236.600000,1.710000,3.070000,26.690000,5.150000,95.490000,145.430000,0.090000,21.760000
2011-04-08,152.450000,0.050000,151.590000,158.380000,22.230000,207.880000,237.610000,1.710000,3.080000,26.570000,5.150000,96.060000,145.440000,0.090000,21.760000
2011-04-09,153.000000,0.050000,152.300000,159.200000,22.250000,209.540000,238.650000,1.710000,3.070000,26.870000,5.180000,96.770000,145.400000,0.090000,21.960000
2011-04-12,153.410000,0.050000,152.160000,160.130000,22.240000,210.200000,237.760000,1.720000,3.080000,26.900000,5.200000,96.340000,145.400000,0.090000,21.850000
2011-04-13,152.250000,0.050000,151.840000,161.180000,22.230000,209.930000,236.170000,1.730000,3.080000,26.640000,5.170000,95.690000,145.370000,0.090000,21.700000
2011-04-14,152.430000,0.050000,151.230000,162.110000,22.250000,210.740000,236.490000,1.730000,3.080000,26.740000,5.160000,95.920000,145.380000,0.090000,21.570000
2011-04-15,152.910000,0.050000,151.300000,162.720000,22.250000,210.210000,237.470000,1.750000,3.080000,26.730000,5.140000,95.700000,145.310000,0.090000,21.360000
2011-04-16,152.970000,0.050000,150.830000,162.720000,22.240000,210.120000,237.360000,1.750000,3.080000,26.880000,5.150000,95.600000,145.280000,0.090000,21.240000
2011-04-19,153.100000,0.050000,151.130000,162.380000,22.260000,208.170000,236.170000,1.760000,3.100000,26.820000,5.160000,95.660000,145.300000,0.090000,21.220000
2011-04-20,152.370000,0.050000,150.910000,162.230000,22.280000,207.470000,236.580000,1.760000,3.100000,26.680000,5.130000,94.740000,145.490000,0.090000,21.290000
2011-04-21,155.080000,0.050000,152.950000,162.950000,22.300000,210.800000,237.840000,1.760000,3.110000,27.100000,5.170000,95.840000,145.530000,0.090000,21.510000
2011-04-22,156.190000,0.050000,153.310000,164.690000,22.300000,212.660000,240.440000,1.770000,3.100000,27.330000,5.210000,95.980000,145.310000,0.090000,21.560000
2011-04-23,156.060000,0.050000,152.390000,164.170000,22.330000,211.770000,240.060000,1.770000,3.100000,27.150000,5.190000,95.890000,145.290000,0.090000,21.670000
2011-04-26,156.210000,0.050000,152.890000,164.680000,22.270000,212.170000,240.210000,1.770000,3.100000,27.180000,5.200000,95.630000,145.380000,0.090000,21.690000
2011-04-27,156.370000,0.050000,152.780000,165.990000,22.290000,212.650000,240.070000,1.780000,3.100000,27.340000,5.230000,95.130000,145.460000,0.090000,21.570000
2011-04-28,157.500000,0.050000,152.850000,166.370000,22.330000,213.550000,240.820000,1.780000,3.100000,27.440000,5.250000,95.750000,145.390000,0.090000,21.880000
2011-04-29,159.010000,0.050000,153.680000,166.900000,22.400000,216.070000,242.770000,1.790000,3.100000,27.650000,5.300000,96.090000,145.570000,0.090000,22.080000
2011-04-30,158.900000,0.050000,152.890000,167.730000,22.430000,216.170000,242.750000,1.790000,3.110000,27.740000,5.340000,95.590000,145.540000,0.090000,21.980000
2011-05-04,158.740000,0.050000,153.530000,168.580000,22.440000,215.870000,240.470000,1.800000,3.120000,27.770000,5.340000,95.530000,145.790000,0.090000,21.920000
2011-05-05,158.350000,0.050000,153.040000,169.480000,22.460000,216.560000,240.400000,1.800000,3.130000,27.570000,5.350000,94.760000,145.800000,0.090000,21.990000
2011-05-06,156.030000,0.050000,151.840000,170.180000,22.440000,216.980000,240.090000,1.820000,3.130000,27.540000,5.350000,94.710000,145.710000,0.090000,21.930000
2011-05-07,155.410000,0.050000,150.570000,167.030000,22.440000,211.570000,238.580000,1.810000,3.130000,26.580000,5.250000,94.440000,145.680000,0.090000,21.590000
2011-05-11,157.400000,0.050000,151.580000,166.360000,22.470000,209.420000,238.780000,1.810000,3.130000,26.770000,5.260000,93.770000,145.900000,0.090000,21.650000
2011-05-12,158.420000,0.050000,152.990000,165.890000,22.450000,210.000000,239.060000,1.810000,3.130000,26.950000,5.280000,92.930000,145.750000,0.090000,21.600000
2011-05-13,154.430000,0.050000,151.060000,164.340000,22.430000,206.760000,237.380000,1.800000,3.130000,26.470000,5.210000,91.950000,145.740000,0.090000,21.050000
2011-05-14,155.950000,0.050000,151.530000,165.210000,22.430000,208.770000,237.200000,1.810000,3.130000,26.670000,5.240000,92.340000,145.730000,0.090000,21.160000
2011-05-17,153.980000,0.050000,150.110000,164.180000,22.400000,206.150000,236.210000,1.800000,3.140000,26.260000,5.180000,91.690000,145.790000,0.090000,20.810000
2011-05-18,154.070000,0.050000,149.780000,164.480000,22.400000,206.590000,237.340000,1.780000,3.130000,26.090000,5.180000,92.160000,145.750000,0.090000,20.910000
2011-05-19,154.440000,0.050000,149.860000,165.360000,22.390000,207.600000,236.030000,1.800000,3.140000,26.240000,5.190000,92.080000,145.600000,0.090000,21.050000
2011-05-20,154.650000,0.050000,150.170000,164.740000,22.370000,206.770000,235.100000,1.780000,3.150000,26.190000,5.190000,92.300000,145.480000,0.090000,21.020000
2011-05-21,155.230000,0.050000,150.530000,165.290000,22.370000,207.940000,236.030000,1.780000,3.140000,26.530000,5.200000,92.140000,145.220000,0.090000,21.140000
2011-05-24,153.000000,0.050000,148.330000,164.600000,22.330000,203.080000,234.340000,1.780000,3.140000,25.890000,5.110000,90.310000,145.230000,0.090000,20.710000
2011-05-25,153.580000,0.030000,148.910000,164.850000,22.380000,204.750000,234.400000,1.780000,3.150000,26.120000,5.120000,91.090000,145.380000,0.090000,20.770000
2011-05-26,152.330000,0.030000,148.360000,165.610000,22.370000,204.290000,234.760000,1.770000,3.140000,26.070000,5.100000,90.570000,145.270000,0.090000,20.670000
2011-05-27,153.590000,0.030000,148.360000,166.730000,22.360000,205.490000,236.410000,1.780000,3.160000,26.340000,5.150000,90.740000,145.170000,0.090000,20.810000
2011-05-28,154.830000,0.030000,148.570000,169.230000,22.380000,206.410000,238.350000,1.790000,3.170000,26.540000,5.160000,90.150000,145.300000,0.090000,20.910000
2011-05-31,155.350000,0.030000,148.930000,170.910000,22.420000,207.600000,239.490000,1.800000,3.180000,26.770000,5.180000,90.860000,145.340000,0.090000,21.030000
2011-06-01,155.410000,0.030000,149.730000,170.690000,22.450000,209.450000,240.000000,1.780000,3.180000,27.070000,5.200000,91.220000,145.430000,0.090000,21.140000
2011-06-02,155.710000,0.030000,149.930000,171.340000,22.430000,209.300000,238.310000,1.790000,3.180000,27.050000,5.190000,91.380000,145.330000,0.090000,21.450000
2011-06-03,154.780000,0.030000,148.790000,172.310000,22.450000,209.620000,238.170000,1.800000,3.210000,26.960000,5.200000,91.510000,145.500000,0.090000,21.490000
2011-06-04,155.220000,0.030000,148.910000,172.840000,22.460000,210.800000,237.590000,1.810000,3.210000,27.040000,5.220000,92.110000,145.530000,0.090000,21.710000
2011-06-07,156.220000,0.030000,148.340000,173.980000,22.470000,213.030000,238.930000,1.820000,3.220000,27.230000,5.240000,92.310000,145.550000,0.090000,21.760000
2011-06-08,155.700000,0.030000,149.200000,174.630000,22.450000,213.540000,239.390000,1.810000,3.220000,27.240000,5.250000,92.210000,145.470000,0.090000,21.580000
2011-06-09,154.670000,0.030000,148.550000,174.030000,22.470000,213.260000,238.110000,1.820000,3.220000,27.020000,5.250000,91.700000,145.490000,0.090000,21.590000
2011-06-10,153.760000,0.030000,148.620000,173.830000,22.470000,212.790000,239.240000,1.820000,3.220000,27.020000,5.250000,92.250000,145.480000,0.090000,21.620000
2011-06-11,154.720000,0.030000,149.480000,172.990000,22.460000,210.770000,236.820000,1.820000,3.220000,26.870000,5.230000,92.470000,145.520000,0.090000,21.460000
2011-06-14,153.780000,0.030000,149.160000,173.230000,22.480000,208.980000,236.930000,1.810000,3.220000,26.560000,5.210000,92.800000,145.740000,0.090000,21.480000
2011-06-15,155.220000,0.030000,149.630000,173.720000,22.490000,210.670000,238.800000,1.820000,3.220000,26.980000,5.230000,92.430000,145.750000,0.090000,21.540000
2011-06-16,155.750000,0.030000,150.400000,171.560000,22.490000,208.900000,237.500000,1.800000,3.220000,26.750000,5.220000,91.370000,145.740000,0.090000,21.380000
2011-06-17,153.370000,0.030000,148.390000,171.080000,22.490000,205.830000,235.050000,1.810000,3.220000,26.190000,5.160000,90.670000,145.620000,0.090000,21.270000
2011-06-18,153.460000,0.030000,148.010000,171.930000,22.560000,206.750000,235.250000,1.810000,3.220000,26.250000,5.180000,90.690000,145.920000,0.090000,21.260000
2011-06-21,153.570000,0.030000,148.510000,172.510000,22.560000,207.790000,235.870000,1.820000,3.220000,26.250000,5.190000,90.680000,146.030000,0.090000,21.430000
2011-06-22,154.090000,0.030000,149.210000,172.760000,22.560000,209.180000,236.030000,1.820000,3.220000,26.410000,5.210000,91.150000,145.840000,0.090000,21.570000
2011-06-23,154.770000,0.030000,150.110000,173.500000,22.580000,210.110000,235.730000,1.820000,3.220000,26.640000,5.230000,90.680000,145.910000,0.090000,21.640000
2011-06-24,153.750000,0.030000,150.210000,173.850000,22.580000,208.440000,233.670000,1.810000,3.220000,26.750000,5.200000,90.180000,146.000000,0.090000,21.460000
2011-06-25,154.800000,0.030000,149.560000,174.870000,22.570000,209.020000,234.140000,1.820000,3.230000,26.890000,5.200000,89.890000,146.120000,0.090000,21.320000
2011-06-28,152.750000,0.030000,147.990000,174.800000,22.580000,207.430000,233.340000,1.810000,3.230000,26.550000,5.160000,89.050000,146.270000,0.090000,21.180000
2011-06-29,153.010000,0.030000,148.130000,175.510000,22.620000,208.910000,233.270000,1.810000,3.240000,26.760000,5.190000,89.370000,146.340000,0.090000,21.320000
2011-06-30,154.860000,0.030000,149.450000,175.840000,22.630000,210.290000,234.100000,1.800000,3.240000,27.010000,5.220000,89.020000,146.250000,0.090000,21.410000
2011-07-01,156.430000,0.030000,151.030000,174.980000,22.560000,211.190000,233.630000,1.810000,3.230000,27.200000,5.230000,89.830000,145.830000,0.090000,21.510000
2011-07-02,156.250000,0.030000,151.510000,172.340000,22.560000,211.750000,233.530000,1.810000,3.220000,27.130000,5.230000,90.220000,145.800000,0.090000,21.560000
2011-07-05,156.810000,0.030000,151.950000,171.900000,22.570000,211.920000,235.150000,1.810000,3.220000,27.240000,5.250000,90.470000,145.840000,0.090000,21.740000
2011-07-06,156.000000,0.030000,151.510000,172.580000,22.530000,210.990000,234.140000,1.800000,3.220000,27.220000,5.230000,89.780000,145.710000,0.090000,21.610000
2011-07-08,156.230000,0.030000,150.770000,173.260000,22.510000,208.120000,232.480000,1.800000,3.210000,26.920000,5.190000,89.090000,145.490000,0.090000,21.680000
2011-07-09,156.660000,0.030000,151.710000,171.300000,22.500000,207.920000,232.140000,1.790000,3.210000,26.870000,5.210000,89.610000,145.430000,0.080000,21.730000
2011-07-12,155.860000,0.030000,150.790000,173.810000,22.520000,205.570000,232.290000,1.800000,3.210000,26.560000,5.170000,88.790000,145.620000,0.090000,21.590000
2011-07-13,154.320000,0.030000,150.100000,175.210000,22.580000,203.190000,231.210000,1.840000,3.220000,26.140000,5.150000,88.390000,146.140000,0.090000,21.190000
2011-07-14,155.790000,0.030000,151.900000,175.810000,22.590000,205.430000,232.830000,1.840000,3.230000,26.280000,5.180000,88.680000,146.130000,0.080000,21.320000
2011-07-15,157.170000,0.030000,152.590000,179.490000,22.640000,208.000000,235.820000,1.850000,3.230000,26.510000,5.210000,88.840000,146.180000,0.080000,21.310000
2011-07-16,155.490000,0.030000,152.080000,178.650000,22.600000,206.380000,235.040000,1.840000,3.230000,26.260000,5.190000,88.710000,146.030000,0.080000,21.170000
2011-07-19,154.700000,0.030000,152.090000,178.650000,22.560000,204.850000,234.590000,1.850000,3.230000,26.120000,5.170000,87.820000,145.870000,0.080000,21.050000
2011-07-20,156.140000,0.030000,153.320000,178.360000,22.640000,207.760000,236.320000,1.850000,3.250000,26.470000,5.210000,88.350000,146.310000,0.090000,21.050000
2011-07-21,157.260000,0.030000,154.420000,178.170000,22.690000,207.710000,236.080000,1.860000,3.250000,26.590000,5.230000,88.390000,146.470000,0.090000,21.210000
2011-07-22,156.560000,0.030000,154.390000,177.850000,22.660000,207.930000,236.360000,1.850000,3.250000,26.660000,5.230000,87.450000,146.210000,0.080000,21.260000
2011-07-23,158.350000,0.030000,154.750000,177.720000,22.660000,210.430000,237.930000,1.860000,3.250000,27.080000,5.270000,87.480000,146.050000,0.080000,21.660000
2011-07-26,157.980000,0.030000,153.550000,181.150000,22.640000,209.570000,237.440000,1.870000,3.260000,26.970000,5.270000,85.370000,145.900000,0.080000,21.510000
2011-07-27,158.810000,0.030000,154.160000,181.160000,22.570000,210.520000,238.190000,1.860000,3.250000,27.140000,5.270000,84.440000,145.400000,0.080000,21.700000
2011-07-28,160.990000,0.030000,154.450000,182.040000,22.590000,210.830000,238.930000,1.880000,3.260000,27.250000,5.310000,85.700000,145.520000,0.080000,21.940000
2011-07-29,161.510000,0.030000,154.230000,182.350000,22.680000,209.920000,238.800000,1.880000,3.270000,27.130000,5.300000,87.340000,146.120000,0.080000,22.040000
2011-07-30,159.880000,0.030000,153.800000,182.450000,22.710000,208.690000,237.950000,1.880000,3.270000,26.980000,5.270000,86.880000,146.140000,0.080000,21.610000
2011-08-02,160.930000,0.030000,153.310000,184.390000,22.680000,210.040000,239.360000,1.880000,3.260000,27.220000,5.300000,87.150000,145.890000,0.080000,21.870000
2011-08-03,158.810000,0.030000,152.820000,187.430000,22.700000,207.340000,237.760000,1.890000,3.270000,27.090000,5.250000,86.140000,146.140000,0.080000,21.730000
2011-08-04,157.470000,0.030000,152.680000,188.590000,22.730000,209.080000,239.650000,1.900000,3.270000,27.220000,5.260000,85.780000,146.250000,0.080000,21.610000
2011-08-05,155.850000,0.030000,151.410000,188.690000,22.750000,208.940000,240.050000,1.840000,3.300000,27.150000,5.250000,86.610000,146.460000,0.080000,21.540000
2011-08-06,153.150000,0.030000,149.700000,190.500000,22.760000,207.270000,238.680000,1.870000,3.300000,26.670000,5.180000,84.300000,146.530000,0.080000,21.170000
2011-08-09,151.870000,0.030000,149.130000,192.990000,22.790000,210.190000,240.760000,1.880000,3.280000,26.840000,5.150000,84.230000,146.650000,0.080000,21.190000
2011-08-10,148.950000,0.030000,147.150000,196.150000,22.840000,209.010000,240.240000,1.900000,3.280000,26.680000,4.930000,82.490000,146.840000,0.080000,20.050000
2011-08-11,152.100000,0.030000,149.520000,203.400000,22.910000,211.210000,238.810000,1.920000,3.290000,27.040000,4.990000,84.020000,147.040000,0.090000,20.600000
2011-08-12,151.280000,0.030000,148.830000,199.390000,23.000000,209.650000,238.030000,1.920000,3.290000,26.800000,5.000000,83.370000,147.070000,0.090000,20.550000
2011-08-13,151.620000,0.030000,149.070000,191.040000,23.040000,209.250000,239.390000,1.920000,3.290000,26.590000,5.010000,82.920000,147.180000,0.090000,20.430000
2011-08-16,153.220000,0.030000,148.860000,185.250000,23.010000,210.570000,239.780000,1.910000,3.290000,26.760000,5.090000,83.470000,147.070000,0.090000,20.650000
2011-08-17,153.120000,0.030000,149.160000,188.130000,23.020000,211.230000,240.340000,1.910000,3.290000,26.870000,5.110000,82.650000,146.890000,0.080000,20.530000
2011-08-18,153.660000,0.030000,149.180000,186.400000,22.900000,210.800000,239.750000,1.910000,3.270000,27.000000,5.090000,82.520000,146.270000,0.080000,20.630000
2011-08-19,153.050000,0.030000,148.710000,184.040000,22.900000,210.880000,241.670000,1.910000,3.270000,27.080000,5.050000,82.420000,146.290000,0.080000,20.520000
2011-08-20,152.160000,0.030000,148.500000,185.430000,22.970000,210.120000,242.360000,1.920000,3.280000,26.760000,5.010000,81.950000,146.790000,0.080000,20.350000
2011-08-23,153.010000,0.030000,148.740000,186.450000,22.920000,211.370000,241.880000,1.910000,3.270000,26.900000,5.030000,82.000000,146.700000,0.080000,20.470000
2011-08-24,153.660000,0.030000,148.320000,186.150000,22.890000,211.810000,242.530000,1.910000,3.270000,27.080000,5.070000,82.070000,146.410000,0.080000,20.450000
2011-08-25,153.420000,0.030000,148.080000,185.140000,22.910000,211.310000,241.660000,1.910000,3.270000,26.950000,5.060000,82.330000,146.390000,0.080000,20.330000
2011-08-26,153.270000,0.030000,148.500000,184.840000,22.920000,211.470000,239.840000,1.900000,3.270000,27.100000,5.070000,82.610000,146.450000,0.080000,20.250000
2011-08-27,153.710000,0.030000,148.570000,185.050000,22.930000,211.430000,238.970000,1.900000,3.270000,27.180000,5.070000,83.580000,146.430000,0.080000,20.370000
2011-08-28,154.730000,0.030000,149.250000,181.650000,22.920000,212.250000,239.670000,1.910000,3.250000,27.290000,5.080000,83.730000,146.410000,0.080000,20.520000
2011-09-01,156.430000,0.030000,149.820000,180.330000,22.960000,211.520000,238.520000,1.910000,3.280000,27.370000,5.060000,85.290000,146.460000,0.080000,20.920000
2011-09-02,157.070000,0.030000,149.860000,183.620000,22.980000,209.670000,237.760000,1.910000,3.280000,27.210000,5.060000,85.400000,146.640000,0.080000,21.020000
2011-09-03,156.770000,0.030000,150.030000,187.870000,22.990000,208.860000,237.550000,1.910000,3.280000,27.140000,5.050000,84.300000,146.710000,0.080000,21.000000
2011-09-06,155.210000,0.030000,148.720000,186.930000,22.990000,207.520000,236.660000,1.910000,3.280000,27.130000,5.000000,83.330000,146.800000,0.080000,20.740000
2011-09-07,155.390000,0.030000,148.450000,173.160000,22.990000,208.410000,236.910000,1.900000,3.290000,27.120000,4.980000,83.140000,146.910000,0.080000,20.890000
2011-09-08,155.860000,0.030000,148.930000,171.620000,22.970000,207.030000,235.110000,1.900000,3.260000,27.580000,4.980000,83.730000,146.870000,0.080000,20.730000
2011-09-09,156.070000,0.030000,149.270000,169.920000,23.010000,206.760000,234.230000,1.900000,3.260000,27.310000,4.980000,83.370000,146.900000,0.080000,20.670000
2011-09-10,155.880000,0.030000,148.850000,167.930000,23.030000,203.750000,235.020000,1.900000,3.270000,27.060000,4.940000,82.930000,147.110000,0.080000,20.310000
2011-09-13,151.890000,0.030000,147.500000,166.250000,23.060000,200.330000,233.040000,1.920000,3.300000,26.450000,4.870000,82.340000,147.310000,0.080000,20.160000
2011-09-14,151.670000,0.030000,147.950000,166.750000,23.030000,200.560000,232.660000,1.910000,3.300000,25.940000,4.870000,82.540000,147.340000,0.080000,19.970000
2011-09-15,150.190000,0.030000,148.420000,167.070000,23.040000,200.990000,232.160000,1.920000,3.290000,25.950000,4.850000,83.190000,147.290000,0.080000,19.980000
2011-09-16,150.740000,0.030000,148.330000,167.860000,23.020000,202.490000,232.220000,1.920000,3.260000,26.060000,4.820000,82.680000,147.080000,0.080000,19.870000
2011-09-17,152.120000,0.030000,149.300000,168.210000,23.040000,202.940000,232.060000,1.920000,3.260000,26.290000,4.820000,82.520000,147.080000,0.080000,19.860000
2011-09-20,150.480000,0.030000,149.600000,166.570000,23.020000,200.810000,231.450000,1.920000,3.270000,25.990000,4.760000,81.860000,147.100000,0.080000,19.420000
2011-09-21,150.920000,0.030000,148.630000,166.930000,23.080000,201.320000,231.040000,1.930000,3.260000,25.950000,4.690000,81.820000,147.350000,0.080000,19.290000
2011-09-22,150.950000,0.030000,148.660000,166.960000,23.090000,201.370000,231.090000,1.930000,3.260000,25.960000,4.690000,81.840000,147.380000,0.080000,19.290000
2011-09-23,146.500000,0.030000,144.820000,162.180000,23.090000,199.410000,227.800000,1.930000,3.260000,25.580000,4.620000,80.610000,147.500000,0.080000,18.060000
2011-09-24,145.260000,0.030000,143.980000,163.600000,23.120000,199.960000,228.220000,1.940000,3.270000,25.440000,4.620000,80.990000,147.680000,0.080000,17.870000
2011-09-27,143.920000,0.030000,143.500000,162.740000,23.100000,198.870000,229.010000,1.930000,3.280000,25.400000,4.560000,79.970000,147.780000,0.080000,18.160000
2011-09-28,145.950000,0.030000,143.840000,163.320000,23.090000,199.290000,229.620000,1.930000,3.280000,25.540000,4.580000,79.670000,147.710000,0.080000,18.610000
2011-09-29,146.120000,0.030000,144.230000,164.670000,23.100000,201.020000,230.850000,1.930000,3.280000,25.730000,4.630000,79.950000,147.660000,0.080000,18.770000
2011-09-30,145.710000,0.030000,143.650000,165.350000,23.120000,201.720000,231.790000,1.930000,3.290000,25.750000,4.640000,79.850000,147.870000,0.080000,18.760000
2011-10-01,144.110000,0.020000,141.980000,164.320000,23.200000,200.300000,230.810000,1.930000,3.290000,25.390000,4.610000,79.840000,147.990000,0.080000,18.480000
2011-10-04,142.590000,0.020000,141.250000,162.540000,23.250000,197.550000,229.930000,1.930000,3.280000,25.170000,4.560000,79.520000,148.190000,0.080000,18.300000
2011-10-05,140.040000,0.020000,140.380000,160.740000,23.240000,195.350000,228.180000,1.930000,3.280000,24.980000,4.520000,78.190000,148.170000,0.080000,17.990000
2011-10-06,141.660000,0.020000,140.740000,160.720000,23.250000,197.240000,229.060000,1.930000,3.280000,25.220000,4.530000,79.120000,148.200000,0.080000,18.310000
2011-10-07,144.450000,0.020000,142.940000,160.730000,23.270000,198.460000,229.750000,1.930000,3.290000,25.370000,4.580000,80.660000,148.340000,0.080000,18.630000
2011-10-08,145.040000,0.020000,142.640000,161.120000,23.270000,199.190000,230.200000,1.940000,3.280000,25.480000,4.600000,80.720000,148.360000,0.080000,18.600000
2011-10-11,146.970000,0.020000,143.980000,162.490000,23.350000,201.100000,231.920000,1.940000,3.280000,25.780000,4.660000,80.830000,148.240000,0.080000,18.890000
2011-10-12,146.840000,0.020000,143.360000,163.410000,23.230000,201.340000,231.380000,1.930000,3.270000,25.830000,4.680000,80.520000,148.080000,0.080000,18.580000
2011-10-13,149.070000,0.020000,144.830000,164.580000,23.260000,203.560000,231.820000,1.930000,3.270000,26.220000,4.730000,80.810000,147.890000,0.080000,18.950000
2011-10-14,149.970000,0.020000,144.610000,164.410000,23.150000,202.860000,231.700000,1.920000,3.270000,26.140000,4.730000,80.770000,147.720000,0.080000,18.830000
2011-10-15,151.160000,0.020000,145.120000,164.810000,23.160000,203.760000,232.840000,1.920000,3.270000,26.320000,4.770000,80.630000,147.720000,0.080000,18.860000
2011-10-18,153.190000,0.020000,147.130000,166.110000,23.220000,205.520000,233.680000,1.910000,3.270000,26.620000,4.820000,80.690000,147.870000,0.080000,18.950000
2011-10-19,149.920000,0.020000,144.370000,163.900000,23.180000,202.170000,232.360000,1.920000,3.290000,26.120000,4.740000,79.300000,147.890000,0.080000,18.350000
2011-10-20,152.450000,0.020000,146.170000,164.260000,23.180000,204.340000,232.980000,1.930000,3.290000,26.440000,4.770000,80.140000,147.850000,0.080000,18.580000
2011-10-21,150.860000,0.020000,144.980000,163.860000,23.180000,203.020000,232.520000,1.930000,3.270000,26.310000,4.710000,79.230000,147.920000,0.080000,18.280000
2011-10-22,151.370000,0.020000,145.510000,166.120000,23.190000,203.410000,233.690000,1.930000,3.270000,26.390000,4.720000,79.960000,148.000000,0.080000,18.030000
2011-10-25,153.490000,0.020000,146.930000,167.100000,23.210000,204.890000,235.690000,1.940000,3.290000,26.590000,4.790000,81.120000,147.970000,0.080000,18.430000
2011-10-26,154.910000,0.020000,147.750000,168.290000,23.260000,205.960000,236.430000,1.940000,3.260000,26.850000,4.850000,82.000000,147.960000,0.080000,18.710000
2011-10-27,153.240000,0.020000,145.920000,169.230000,23.290000,206.180000,236.660000,1.950000,3.250000,26.820000,4.840000,83.790000,147.960000,0.080000,18.580000
2011-10-28,156.260000,0.020000,148.310000,168.860000,23.250000,206.860000,236.350000,1.950000,3.250000,27.010000,4.890000,84.170000,147.850000,0.080000,18.800000
2011-10-29,157.630000,0.020000,149.030000,171.100000,23.220000,209.170000,237.720000,1.950000,3.240000,27.270000,4.960000,84.450000,147.540000,0.080000,19.110000
2011-11-01,155.970000,0.020000,147.990000,169.500000,23.250000,206.830000,236.550000,1.890000,3.240000,26.980000,4.900000,84.200000,147.770000,0.080000,18.920000
2011-11-02,153.150000,0.020000,146.410000,166.340000,23.290000,202.810000,236.430000,1.900000,3.250000,26.260000,4.820000,82.770000,147.990000,0.080000,18.470000
2011-11-03,154.110000,0.020000,145.970000,167.770000,23.300000,204.090000,237.160000,1.900000,3.250000,26.290000,4.850000,83.120000,148.040000,0.080000,18.580000
2011-11-04,151.790000,0.020000,145.470000,167.280000,23.290000,203.010000,235.920000,1.900000,3.240000,26.150000,4.800000,82.820000,147.910000,0.080000,18.410000
2011-11-05,153.440000,0.020000,145.960000,167.070000,23.340000,204.200000,236.730000,1.900000,3.240000,26.440000,4.850000,83.980000,147.940000,0.080000,18.770000
2011-11-08,152.250000,0.020000,145.080000,164.300000,23.310000,202.910000,236.780000,1.890000,3.240000,26.180000,4.820000,83.630000,147.970000,0.080000,18.520000
2011-11-09,152.890000,0.020000,145.790000,164.080000,23.320000,203.810000,237.720000,1.900000,3.230000,26.360000,4.860000,83.310000,147.980000,0.080000,18.660000
2011-11-10,152.820000,0.020000,146.370000,165.000000,23.330000,204.070000,238.020000,1.900000,3.230000,26.390000,4.910000,83.410000,147.910000,0.080000,18.780000
2011-11-11,149.630000,0.020000,144.620000,163.010000,23.340000,200.890000,235.740000,1.910000,3.240000,25.920000,4.820000,83.050000,148.080000,0.080000,18.470000
2011-11-12,150.510000,0.020000,145.230000,163.500000,23.360000,202.150000,235.700000,1.910000,3.240000,26.100000,4.850000,83.520000,148.130000,0.080000,18.640000
2011-11-15,152.180000,0.020000,145.860000,164.400000,23.320000,203.290000,236.850000,1.920000,3.240000,26.300000,4.880000,83.440000,148.140000,0.080000,18.770000
2011-11-16,150.610000,0.020000,145.270000,162.260000,23.350000,201.190000,235.510000,1.920000,3.210000,25.840000,4.830000,83.130000,148.220000,0.080000,18.330000
2011-11-17,150.240000,0.020000,144.610000,161.570000,23.340000,200.370000,233.950000,1.920000,3.210000,25.750000,4.830000,82.380000,148.080000,0.080000,18.110000
2011-11-18,149.180000,0.020000,144.630000,160.640000,23.310000,199.550000,233.060000,1.920000,3.210000,25.600000,4.810000,82.050000,148.010000,0.080000,18.120000
2011-11-19,147.860000,0.020000,143.920000,161.820000,23.290000,199.990000,233.990000,1.930000,3.180000,25.550000,4.790000,81.510000,148.020000,0.080000,18.090000
2011-11-22,146.720000,0.020000,143.330000,160.900000,23.260000,199.070000,232.280000,1.930000,3.170000,25.460000,4.770000,80.630000,147.950000,0.080000,17.940000
2011-11-23,145.780000,0.020000,142.220000,161.700000,23.200000,199.630000,231.180000,1.920000,3.170000,25.540000,4.760000,80.290000,147.570000,0.080000,17.830000
2011-11-24,143.790000,0.020000,141.520000,161.200000,23.180000,198.250000,229.380000,1.910000,3.160000,25.400000,4.720000,79.470000,147.340000,0.080000,17.470000
2011-11-25,143.400000,0.020000,140.730000,160.370000,23.140000,197.040000,228.780000,1.910000,3.150000,25.240000,4.690000,78.900000,147.200000,0.080000,17.270000
2011-11-26,142.470000,0.020000,140.300000,159.080000,23.080000,195.340000,227.570000,1.900000,3.150000,24.940000,4.660000,78.290000,147.230000,0.080000,17.240000
2011-11-29,145.750000,0.020000,142.300000,159.640000,23.100000,197.050000,228.840000,1.900000,3.230000,25.170000,4.710000,79.210000,147.480000,0.080000,17.650000
2011-11-30,146.880000,0.020000,142.780000,160.040000,23.160000,196.790000,229.600000,1.900000,3.160000,25.080000,4.710000,79.420000,147.720000,0.080000,17.720000
2011-12-01,147.340000,0.020000,142.860000,160.010000,23.160000,196.090000,229.860000,1.890000,3.150000,25.180000,4.710000,79.590000,147.690000,0.080000,17.600000
2011-12-02,150.190000,0.020000,144.700000,161.980000,23.200000,198.560000,231.390000,1.900000,3.160000,25.550000,4.780000,80.700000,147.680000,0.080000,18.090000
2011-12-03,151.310000,0.020000,145.710000,161.120000,23.210000,198.860000,231.580000,1.900000,3.160000,25.490000,4.800000,80.830000,147.590000,0.080000,18.310000
2011-12-06,151.100000,0.020000,145.190000,160.280000,23.200000,198.390000,230.850000,1.890000,3.160000,25.600000,4.780000,80.790000,147.630000,0.080000,18.490000
2011-12-07,150.620000,0.020000,145.150000,159.240000,23.200000,197.470000,230.850000,1.900000,3.150000,25.560000,4.750000,80.330000,147.650000,0.080000,18.330000
2011-12-08,151.960000,0.020000,146.570000,159.930000,23.200000,198.470000,230.720000,1.900000,3.150000,25.760000,4.740000,80.920000,147.680000,0.080000,18.450000
2011-12-09,151.800000,0.020000,146.340000,160.110000,23.210000,197.910000,231.930000,1.900000,3.150000,25.740000,4.720000,80.590000,147.640000,0.080000,18.310000
2011-12-10,149.190000,0.020000,144.390000,159.770000,23.220000,197.150000,230.920000,1.900000,3.160000,25.560000,4.680000,79.940000,147.800000,0.080000,17.900000
2011-12-13,150.000000,0.020000,144.500000,159.600000,23.250000,196.840000,230.320000,1.900000,3.170000,25.570000,4.700000,80.190000,147.870000,0.080000,18.090000
2011-12-14,149.310000,0.020000,143.960000,157.730000,23.240000,194.860000,230.400000,1.900000,3.170000,25.310000,4.670000,79.040000,147.890000,0.080000,17.900000
2011-12-15,148.150000,0.020000,143.000000,156.540000,23.230000,192.940000,229.490000,1.900000,3.180000,24.980000,4.660000,78.790000,147.960000,0.080000,17.780000
2011-12-16,146.910000,0.020000,142.850000,157.010000,23.230000,192.500000,229.460000,1.900000,3.180000,24.760000,4.650000,78.930000,148.080000,0.080000,17.710000
2011-12-21,147.930000,0.020000,143.380000,158.680000,23.360000,193.360000,230.870000,1.900000,3.190000,25.080000,4.620000,78.240000,148.270000,0.080000,17.840000
2011-12-22,150.710000,0.020000,144.650000,159.490000,23.320000,194.470000,232.800000,1.900000,3.180000,25.230000,4.700000,78.840000,147.830000,0.080000,18.220000
2011-12-23,149.810000,0.020000,144.550000,158.860000,23.340000,193.820000,232.400000,1.900000,3.170000,25.020000,4.700000,78.590000,147.990000,0.080000,18.100000
2011-12-24,150.490000,0.020000,145.330000,158.440000,23.370000,193.560000,232.470000,1.900000,3.170000,24.940000,4.760000,78.450000,148.110000,0.080000,18.160000
2011-12-27,150.480000,0.020000,145.320000,158.360000,23.440000,193.420000,231.290000,1.900000,3.180000,24.850000,4.750000,78.350000,148.080000,0.080000,18.180000
2011-12-28,150.510000,0.020000,145.240000,158.650000,23.450000,193.780000,232.150000,1.900000,3.190000,24.880000,4.760000,78.490000,148.260000,0.080000,18.210000
2011-12-29,150.830000,0.020000,145.520000,158.760000,23.460000,193.830000,232.250000,1.910000,3.200000,24.890000,4.680000,78.230000,148.280000,0.080000,18.210000
2011-12-30,149.340000,0.020000,144.770000,157.000000,23.430000,191.360000,228.380000,1.910000,3.200000,24.600000,4.610000,77.500000,148.040000,0.080000,18.170000
2011-12-31,150.640000,0.020000,145.380000,157.650000,23.580000,191.720000,228.800000,1.910000,3.210000,24.650000,4.610000,77.530000,148.400000,0.080000,18.230000
2012-01-05,153.200000,0.020000,146.180000,158.550000,23.550000,193.130000,231.610000,1.930000,3.190000,25.040000,4.680000,79.500000,148.230000,0.080000,18.330000
2012-01-06,152.320000,0.020000,145.810000,156.470000,23.500000,190.590000,230.560000,1.930000,3.190000,24.860000,4.650000,78.600000,148.080000,0.080000,18.070000
2012-01-07,152.120000,0.020000,145.780000,155.900000,23.500000,189.860000,229.950000,1.920000,3.190000,24.700000,4.630000,79.130000,148.290000,0.080000,18.200000
2012-01-10,151.720000,0.020000,144.520000,156.110000,23.520000,189.600000,229.320000,1.930000,3.190000,24.720000,4.660000,79.480000,148.540000,0.080000,18.200000
2012-01-11,153.180000,0.020000,145.760000,156.560000,23.530000,189.700000,229.780000,1.930000,3.190000,24.730000,4.670000,79.440000,148.590000,0.080000,18.300000
2012-01-12,153.120000,0.020000,146.280000,156.390000,23.500000,189.600000,229.630000,1.930000,3.180000,24.770000,4.680000,79.590000,148.400000,0.080000,18.310000
2012-01-13,153.040000,0.020000,145.840000,155.980000,23.510000,188.870000,227.190000,1.930000,3.180000,24.630000,4.690000,80.320000,148.520000,0.080000,18.400000
2012-01-14,153.270000,0.020000,145.580000,157.360000,23.490000,190.310000,227.410000,1.930000,3.160000,24.700000,4.680000,79.960000,148.170000,0.080000,18.370000
2012-01-17,153.080000,0.020000,145.540000,155.710000,23.490000,188.110000,227.170000,1.930000,3.190000,24.510000,4.660000,80.060000,148.360000,0.080000,18.260000
2012-01-18,154.740000,0.020000,146.580000,156.620000,23.500000,189.370000,228.000000,1.940000,3.190000,24.710000,4.710000,80.710000,148.350000,0.080000,18.510000
2012-01-19,153.850000,0.020000,146.010000,156.530000,23.500000,189.230000,227.570000,1.930000,3.170000,24.610000,4.700000,80.770000,148.300000,0.080000,18.470000
2012-01-20,154.200000,0.020000,146.860000,158.080000,23.460000,190.990000,228.920000,1.930000,3.170000,24.880000,4.710000,80.850000,148.200000,0.080000,18.690000
2012-01-21,154.090000,0.020000,146.130000,158.680000,23.420000,191.640000,229.410000,1.920000,3.160000,25.040000,4.730000,81.000000,148.320000,0.080000,18.660000
2012-01-24,155.790000,0.020000,146.680000,158.950000,23.440000,191.890000,230.530000,1.930000,3.170000,25.030000,4.740000,80.980000,148.440000,0.080000,18.650000
2012-01-25,155.510000,0.020000,147.100000,160.040000,23.440000,193.080000,230.820000,1.920000,3.170000,25.280000,4.800000,81.410000,148.420000,0.080000,18.610000
2012-01-26,156.260000,0.020000,146.990000,160.230000,23.470000,193.730000,231.160000,1.900000,3.190000,25.230000,4.860000,81.720000,148.610000,0.080000,18.780000
2012-01-27,157.740000,0.020000,148.140000,161.000000,23.420000,194.340000,232.670000,1.910000,3.180000,25.360000,4.880000,82.280000,148.350000,0.080000,18.830000
2012-01-28,157.910000,0.020000,148.120000,161.010000,23.430000,194.290000,232.840000,1.920000,3.180000,25.400000,4.880000,82.770000,148.370000,0.080000,19.020000
2012-01-31,156.790000,0.020000,147.800000,162.050000,23.470000,195.280000,232.800000,1.940000,3.180000,25.480000,4.890000,83.200000,148.600000,0.080000,19.040000
2012-02-01,158.450000,0.020000,148.750000,162.610000,23.550000,195.980000,234.190000,1.950000,3.180000,25.600000,4.920000,83.880000,148.560000,0.080000,19.110000
2012-02-02,158.230000,0.020000,148.570000,161.540000,23.580000,194.570000,234.280000,1.950000,3.170000,25.450000,4.900000,84.010000,148.700000,0.080000,19.160000
2012-02-03,159.120000,0.020000,148.820000,161.960000,23.580000,195.080000,235.120000,1.950000,3.170000,25.540000,4.910000,84.610000,148.610000,0.080000,19.350000
2012-02-04,159.220000,0.020000,148.870000,162.320000,23.600000,195.520000,235.250000,1.950000,3.180000,25.520000,4.920000,84.470000,148.720000,0.080000,19.460000
2012-02-07,159.070000,0.020000,149.180000,160.850000,23.550000,194.120000,234.210000,1.940000,3.170000,25.540000,4.910000,84.340000,148.660000,0.080000,19.620000
2012-02-08,160.330000,0.020000,149.170000,161.710000,23.570000,195.110000,234.880000,1.940000,3.170000,25.580000,4.950000,84.640000,148.630000,0.080000,19.650000
2012-02-09,161.010000,0.020000,149.490000,162.960000,23.610000,197.210000,236.480000,1.930000,3.170000,25.780000,5.000000,85.300000,148.590000,0.080000,19.740000
2012-02-10,160.520000,0.020000,149.240000,163.210000,23.590000,197.460000,235.210000,1.920000,3.170000,25.910000,4.990000,85.030000,148.490000,0.080000,19.660000
2012-02-11,158.650000,0.020000,148.700000,162.880000,23.550000,196.920000,234.570000,1.910000,3.160000,25.820000,4.970000,84.540000,148.370000,0.080000,19.460000
2012-02-14,159.720000,0.020000,148.790000,162.940000,23.560000,196.980000,234.690000,1.910000,3.160000,25.980000,4.970000,84.590000,148.370000,0.080000,19.440000
2012-02-15,158.580000,0.020000,148.250000,161.760000,23.550000,195.360000,233.400000,1.900000,3.180000,25.880000,4.930000,83.820000,148.370000,0.080000,19.180000
2012-02-16,159.570000,0.020000,149.040000,161.730000,23.540000,195.130000,232.560000,1.890000,3.180000,25.900000,4.950000,84.200000,148.290000,0.080000,19.260000
2012-02-17,157.930000,0.020000,147.590000,159.630000,23.510000,192.640000,232.240000,1.880000,3.180000,25.520000,4.890000,83.450000,148.120000,0.080000,18.980000
2012-02-18,159.440000,0.020000,148.730000,161.140000,23.520000,194.480000,234.070000,1.880000,3.180000,25.940000,4.940000,84.130000,148.120000,0.080000,19.080000
2012-02-21,159.220000,0.020000,149.120000,161.800000,23.510000,195.460000,234.750000,1.860000,3.160000,26.100000,4.970000,84.880000,148.110000,0.080000,19.290000
2012-02-22,158.630000,0.020000,148.960000,162.930000,23.510000,196.700000,234.770000,1.860000,3.170000,26.170000,4.970000,85.260000,148.020000,0.080000,19.290000
2012-02-23,157.570000,0.020000,148.380000,162.100000,23.510000,195.670000,233.380000,1.850000,3.160000,26.110000,4.970000,84.580000,148.010000,0.080000,19.170000
2012-02-24,158.160000,0.020000,148.420000,163.220000,23.470000,196.750000,232.090000,1.840000,3.160000,26.290000,4.990000,84.430000,147.830000,0.080000,19.290000
2012-02-25,158.310000,0.020000,147.990000,163.970000,23.440000,197.720000,232.900000,1.830000,3.150000,26.380000,5.030000,84.110000,147.620000,0.080000,19.450000
2012-02-28,157.240000,0.020000,147.250000,164.520000,23.430000,198.210000,234.050000,1.830000,3.160000,26.390000,5.060000,83.400000,147.620000,0.080000,19.330000
2012-02-29,159.090000,0.020000,148.330000,164.810000,23.440000,198.530000,234.160000,1.830000,3.150000,26.510000,5.100000,83.990000,147.650000,0.080000,19.670000
2012-03-01,159.620000,0.020000,148.870000,164.980000,23.480000,198.780000,235.280000,1.830000,3.180000,26.640000,5.090000,84.460000,147.740000,0.080000,19.820000
2012-03-02,158.940000,0.020000,149.590000,163.560000,23.460000,197.050000,235.560000,1.820000,3.170000,26.570000,5.040000,84.370000,147.780000,0.080000,19.840000
2012-03-03,159.220000,0.020000,149.790000,162.560000,23.490000,195.950000,235.340000,1.810000,3.180000,26.380000,5.040000,84.050000,147.930000,0.080000,19.770000
2012-03-06,157.920000,0.020000,148.980000,161.820000,23.460000,195.120000,233.830000,1.820000,3.180000,26.320000,5.050000,83.540000,147.950000,0.080000,19.580000
2012-03-07,157.060000,0.020000,148.400000,161.850000,23.450000,195.120000,234.100000,1.820000,3.170000,26.230000,5.010000,83.060000,147.930000,0.080000,19.480000
2012-03-08,156.170000,0.020000,147.920000,161.180000,23.450000,194.230000,232.770000,1.840000,3.170000,26.040000,4.980000,82.740000,147.960000,0.080000,19.340000
2012-03-12,156.460000,0.020000,149.410000,161.140000,23.450000,194.180000,231.870000,1.800000,3.170000,25.960000,5.030000,82.910000,147.990000,0.080000,19.600000
2012-03-13,155.740000,0.020000,149.330000,161.000000,23.390000,194.010000,231.910000,1.800000,3.170000,25.970000,5.000000,82.640000,147.930000,0.080000,19.590000
2012-03-14,155.640000,0.020000,149.340000,161.150000,23.390000,194.200000,231.480000,1.790000,3.180000,26.050000,5.010000,82.700000,147.950000,0.080000,19.610000
2012-03-15,154.980000,0.020000,148.950000,159.590000,23.330000,192.910000,232.230000,1.770000,3.170000,25.820000,5.000000,82.530000,147.730000,0.080000,19.560000
2012-03-16,154.650000,0.020000,148.680000,159.060000,23.310000,192.490000,231.060000,1.760000,3.170000,25.420000,5.000000,81.840000,147.510000,0.080000,19.230000
2012-03-17,155.430000,0.020000,148.700000,159.870000,23.370000,192.950000,232.270000,1.760000,3.160000,25.590000,5.030000,82.390000,147.720000,0.080000,19.330000
2012-03-20,156.230000,0.020000,148.780000,160.990000,23.370000,194.140000,233.900000,1.780000,3.160000,25.680000,5.050000,81.950000,147.710000,0.080000,19.540000
2012-03-21,155.580000,0.020000,149.360000,162.060000,23.360000,195.410000,234.330000,1.760000,3.150000,25.770000,5.060000,81.540000,147.750000,0.080000,19.480000
2012-03-27,154.190000,0.020000,147.810000,161.710000,23.390000,194.900000,233.380000,1.780000,3.170000,25.590000,5.060000,82.080000,147.660000,0.080000,19.150000
2012-03-28,155.670000,0.020000,149.150000,163.490000,23.430000,197.220000,236.070000,1.780000,3.180000,26.030000,5.110000,82.910000,147.750000,0.080000,19.600000
2012-03-29,153.620000,0.020000,147.930000,163.390000,23.410000,196.930000,234.860000,1.780000,3.170000,25.960000,5.060000,82.850000,147.560000,0.080000,19.360000
2012-03-30,152.970000,0.020000,147.810000,163.170000,23.420000,196.640000,235.000000,1.790000,3.160000,25.820000,5.040000,83.090000,147.650000,0.080000,19.250000
2012-03-31,153.680000,0.020000,148.210000,163.660000,23.460000,197.130000,236.330000,1.800000,3.150000,25.960000,5.030000,83.060000,147.770000,0.080000,19.340000
2012-04-03,153.660000,0.020000,148.340000,164.100000,23.490000,197.550000,237.410000,1.790000,3.160000,26.090000,5.030000,83.220000,147.920000,0.080000,19.370000
2012-04-04,153.550000,0.020000,149.430000,164.070000,23.510000,197.400000,237.220000,1.800000,3.180000,26.120000,5.050000,83.310000,148.040000,0.080000,19.340000
2012-04-05,151.800000,0.020000,149.050000,162.030000,23.520000,195.110000,235.120000,1.800000,3.170000,25.770000,5.030000,82.790000,148.110000,0.080000,19.030000
2012-04-06,152.610000,0.020000,148.720000,161.680000,23.490000,194.570000,235.400000,1.800000,3.160000,25.690000,5.030000,82.680000,148.290000,0.080000,18.940000
2012-04-07,152.700000,0.020000,149.250000,161.020000,23.480000,193.450000,234.660000,1.800000,3.160000,25.590000,5.020000,82.770000,148.070000,0.080000,18.890000
2012-04-10,151.740000,0.020000,147.850000,160.540000,23.390000,192.880000,234.070000,1.810000,3.150000,25.380000,4.970000,82.180000,147.520000,0.080000,18.710000
2012-04-11,151.740000,0.020000,147.760000,160.750000,23.380000,193.120000,234.050000,1.820000,3.160000,25.460000,4.980000,82.170000,147.580000,0.080000,18.670000
2012-04-12,151.780000,0.020000,147.140000,161.200000,23.410000,193.580000,234.620000,1.830000,3.160000,25.510000,4.950000,81.630000,147.660000,0.080000,18.400000
2012-04-13,153.290000,0.020000,147.650000,161.250000,23.410000,193.760000,235.280000,1.820000,3.150000,25.500000,5.010000,82.030000,147.640000,0.080000,18.640000
2012-04-14,153.280000,0.020000,148.190000,161.630000,23.430000,194.160000,235.060000,1.830000,3.150000,25.530000,5.000000,82.430000,147.630000,0.080000,18.660000
2012-04-17,152.530000,0.020000,147.510000,159.670000,23.360000,191.940000,233.540000,1.830000,3.150000,25.360000,4.960000,81.810000,147.500000,0.080000,18.530000
2012-04-18,152.840000,0.020000,147.940000,161.720000,23.410000,194.280000,235.590000,1.830000,3.160000,25.720000,4.990000,82.380000,147.540000,0.080000,18.770000
2012-04-19,153.090000,0.020000,149.100000,160.790000,23.420000,193.190000,235.850000,1.810000,3.160000,25.670000,5.000000,82.620000,147.640000,0.080000,18.950000
2012-04-20,153.170000,0.020000,149.450000,161.490000,23.440000,194.010000,237.170000,1.810000,3.160000,25.740000,5.010000,82.640000,147.760000,0.080000,18.880000
2012-04-21,152.720000,0.020000,148.850000,162.040000,23.460000,194.630000,238.140000,1.810000,3.160000,25.830000,5.010000,82.660000,147.960000,0.080000,18.950000
2012-04-24,152.240000,0.020000,148.520000,161.760000,23.430000,194.320000,237.920000,1.820000,3.160000,25.710000,5.010000,82.420000,147.820000,0.080000,18.860000
2012-04-25,151.860000,0.020000,149.130000,161.850000,23.410000,194.410000,238.340000,1.820000,3.150000,25.770000,5.020000,82.580000,147.670000,0.080000,18.860000
2012-04-26,152.710000,0.020000,149.880000,162.540000,23.440000,195.280000,237.640000,1.820000,3.150000,25.820000,5.040000,83.250000,147.750000,0.080000,19.080000
2012-04-27,153.580000,0.020000,150.640000,162.920000,23.460000,195.750000,239.490000,1.820000,3.150000,25.890000,5.050000,83.890000,147.900000,0.080000,19.090000
2012-04-28,153.770000,0.020000,150.320000,162.670000,23.440000,195.360000,239.350000,1.840000,3.150000,25.830000,5.020000,83.940000,147.900000,0.080000,18.990000
2012-04-29,154.840000,0.020000,150.950000,163.200000,23.440000,195.980000,240.540000,1.840000,3.150000,25.850000,5.050000,84.090000,147.890000,0.080000,19.110000
2012-05-03,152.960000,0.020000,150.180000,162.190000,23.480000,194.860000,240.080000,1.840000,3.160000,25.760000,5.030000,84.090000,148.060000,0.080000,19.150000
2012-05-04,152.030000,0.020000,150.060000,161.750000,23.450000,194.320000,239.240000,1.840000,3.150000,25.750000,5.010000,84.180000,147.870000,0.080000,19.100000
2012-05-05,151.650000,0.020000,149.640000,161.760000,23.460000,194.290000,239.210000,1.850000,3.150000,25.720000,5.000000,84.400000,147.950000,0.080000,19.120000
2012-05-08,150.270000,0.020000,148.290000,160.080000,23.440000,192.310000,238.630000,1.850000,3.150000,25.410000,4.960000,83.690000,147.850000,0.080000,18.890000
2012-05-09,149.860000,0.020000,148.330000,160.230000,23.450000,192.480000,238.630000,1.850000,3.150000,25.460000,4.930000,83.910000,147.940000,0.080000,18.850000
2012-05-11,149.210000,0.020000,147.540000,159.390000,23.410000,191.380000,237.900000,1.860000,3.150000,25.310000,4.900000,82.720000,147.820000,0.080000,18.430000
2012-05-12,148.520000,0.020000,147.320000,159.340000,23.430000,191.370000,238.380000,1.850000,3.150000,25.190000,4.910000,82.780000,147.870000,0.080000,18.300000
2012-05-15,147.470000,0.020000,147.320000,158.590000,23.410000,190.400000,237.610000,1.850000,3.150000,25.060000,4.870000,81.950000,148.000000,0.080000,18.100000
2012-05-16,147.870000,0.020000,147.780000,158.360000,23.430000,190.170000,237.790000,1.850000,3.150000,24.940000,4.880000,81.990000,148.000000,0.080000,18.130000
2012-05-17,146.590000,0.020000,146.450000,156.630000,23.400000,188.090000,236.050000,1.840000,3.140000,24.650000,4.770000,80.930000,147.940000,0.080000,17.730000
2012-05-18,147.020000,0.020000,146.250000,156.730000,23.400000,188.220000,235.220000,1.840000,3.140000,24.850000,4.780000,81.380000,148.030000,0.080000,17.860000
2012-05-19,145.470000,0.020000,145.170000,156.140000,23.340000,187.460000,233.250000,1.860000,3.130000,24.670000,4.710000,80.590000,147.720000,0.080000,17.700000
2012-05-22,145.760000,0.020000,145.170000,157.370000,23.390000,189.000000,234.050000,1.860000,3.140000,24.820000,4.740000,81.130000,147.990000,0.080000,17.910000
2012-05-23,146.370000,0.020000,145.360000,157.330000,23.390000,188.890000,233.270000,1.860000,3.130000,24.940000,4.750000,81.040000,147.890000,0.080000,17.950000
2012-05-24,143.910000,0.020000,144.530000,155.590000,23.330000,186.850000,232.060000,1.860000,3.130000,24.660000,4.700000,80.120000,147.780000,0.080000,17.640000
2012-05-25,144.110000,0.020000,144.070000,154.600000,23.280000,185.560000,231.610000,1.860000,3.120000,24.620000,4.660000,79.930000,147.670000,0.080000,17.640000
2012-05-26,144.400000,0.020000,143.960000,154.620000,23.270000,185.790000,231.230000,1.850000,3.120000,24.580000,4.640000,80.230000,147.620000,0.080000,17.770000
2012-05-29,145.890000,0.020000,144.540000,154.880000,23.330000,186.180000,232.110000,1.860000,3.130000,24.700000,4.640000,80.700000,148.020000,0.080000,17.800000
2012-05-30,145.920000,0.020000,144.580000,154.540000,23.310000,185.650000,232.210000,1.860000,3.140000,24.660000,4.600000,80.810000,147.960000,0.080000,17.810000
2012-05-31,144.320000,0.020000,144.060000,153.200000,23.270000,183.960000,230.120000,1.860000,3.150000,24.460000,4.540000,80.520000,147.910000,0.080000,17.550000
2012-06-01,144.200000,0.020000,144.170000,153.000000,23.250000,183.710000,229.700000,1.880000,3.150000,24.450000,4.490000,80.210000,148.060000,0.080000,17.410000
2012-06-02,142.720000,0.020000,142.440000,151.920000,23.240000,182.360000,226.200000,1.890000,3.150000,24.130000,4.370000,79.350000,148.020000,0.080000,17.190000
2012-06-05,143.840000,0.020000,142.820000,153.850000,23.370000,184.760000,228.500000,1.910000,3.160000,24.300000,4.380000,80.350000,148.760000,0.080000,17.390000
2012-06-06,144.800000,0.020000,143.020000,153.880000,23.380000,184.790000,228.070000,1.900000,3.160000,24.320000,4.460000,80.350000,148.830000,0.080000,17.470000
2012-06-07,146.750000,0.020000,144.230000,155.130000,23.400000,186.280000,230.210000,1.880000,3.140000,24.520000,4.580000,81.230000,148.890000,0.080000,17.760000
2012-06-08,147.790000,0.020000,144.660000,155.560000,23.360000,186.770000,230.090000,1.870000,3.140000,24.530000,4.600000,81.310000,148.640000,0.080000,17.860000
2012-06-09,146.140000,0.020000,143.770000,154.240000,23.330000,185.210000,229.110000,1.880000,3.140000,24.390000,4.520000,80.980000,148.640000,0.080000,17.520000
2012-06-12,148.220000,0.020000,145.290000,155.940000,23.350000,187.240000,231.320000,1.870000,3.140000,24.740000,4.600000,81.880000,148.700000,0.080000,17.960000
2012-06-13,147.590000,0.020000,144.640000,155.050000,23.360000,186.160000,230.690000,1.870000,3.140000,24.690000,4.530000,81.360000,148.830000,0.080000,17.650000
2012-06-14,148.320000,0.020000,145.100000,155.280000,23.380000,186.470000,231.880000,1.870000,3.150000,24.780000,4.560000,81.610000,148.900000,0.080000,17.740000
2012-06-15,147.860000,0.020000,144.850000,155.700000,23.390000,186.920000,230.600000,1.880000,3.160000,24.870000,4.570000,81.740000,148.960000,0.080000,17.670000
2012-06-16,149.560000,0.020000,145.770000,156.780000,23.410000,188.230000,231.430000,1.890000,3.160000,25.090000,4.590000,82.090000,148.990000,0.080000,17.850000
2012-06-19,150.250000,0.020000,145.390000,156.920000,23.430000,188.380000,233.540000,1.880000,3.160000,25.010000,4.620000,82.600000,148.920000,0.080000,18.000000
2012-06-20,150.730000,0.020000,145.430000,155.940000,23.430000,187.280000,232.510000,1.890000,3.160000,24.910000,4.540000,82.390000,148.880000,0.080000,17.930000
2012-06-21,151.760000,0.020000,146.270000,157.430000,23.400000,189.050000,234.170000,1.890000,3.150000,25.140000,4.580000,83.040000,148.800000,0.080000,18.140000
2012-06-22,151.370000,0.020000,145.880000,157.200000,23.410000,188.740000,233.940000,1.870000,3.150000,25.160000,4.540000,82.910000,148.990000,0.080000,18.090000
2012-06-23,149.570000,0.020000,145.250000,155.940000,23.440000,187.240000,233.020000,1.860000,3.160000,25.050000,4.470000,82.780000,149.170000,0.080000,17.830000
2012-06-26,149.520000,0.020000,145.370000,155.370000,23.450000,186.550000,232.220000,1.860000,3.160000,24.920000,4.500000,82.150000,149.220000,0.080000,17.710000
2012-06-27,149.730000,0.020000,145.310000,155.210000,23.470000,186.370000,233.190000,1.880000,3.170000,24.830000,4.500000,82.110000,149.310000,0.080000,17.620000
2012-06-28,150.100000,0.020000,145.590000,155.360000,23.490000,186.500000,233.120000,1.880000,3.170000,24.820000,4.540000,82.520000,149.320000,0.080000,17.750000
2012-06-29,150.410000,0.020000,145.390000,154.480000,23.460000,185.480000,231.970000,1.880000,3.160000,24.600000,4.510000,81.870000,149.170000,0.080000,17.750000
2012-06-30,151.950000,0.020000,145.800000,156.490000,23.520000,187.900000,233.270000,1.880000,3.170000,24.970000,4.540000,82.260000,149.420000,0.080000,18.110000
2012-07-03,153.100000,0.020000,146.820000,157.260000,23.520000,188.820000,234.120000,1.870000,3.160000,25.010000,4.600000,82.520000,149.290000,0.080000,18.350000
2012-07-04,153.290000,0.020000,147.340000,156.750000,23.530000,188.250000,234.500000,1.870000,3.160000,25.030000,4.590000,83.040000,149.450000,0.080000,18.430000
2012-07-05,153.720000,0.020000,147.710000,156.720000,23.560000,188.180000,234.030000,1.870000,3.160000,25.090000,4.640000,83.100000,149.530000,0.080000,18.470000
2012-07-06,153.610000,0.020000,147.720000,155.770000,23.530000,187.130000,233.000000,1.880000,3.160000,24.970000,4.600000,82.590000,149.570000,0.080000,18.330000
2012-07-10,152.020000,0.020000,146.710000,153.020000,23.500000,183.740000,231.630000,1.880000,3.160000,24.470000,4.520000,82.160000,149.700000,0.080000,18.080000
2012-07-11,153.170000,0.020000,147.170000,153.690000,23.540000,184.490000,232.750000,1.890000,3.170000,24.650000,4.570000,82.480000,149.860000,0.080000,18.330000
2012-07-12,153.690000,0.020000,147.010000,153.390000,23.540000,184.180000,233.190000,1.890000,3.170000,24.620000,4.570000,82.910000,149.910000,0.080000,18.350000
2012-07-13,152.050000,0.020000,146.630000,152.440000,23.520000,183.050000,231.730000,1.890000,3.180000,24.510000,4.580000,82.810000,149.890000,0.080000,18.080000
2012-07-14,152.390000,0.020000,147.430000,152.370000,23.490000,182.860000,231.460000,1.890000,3.180000,24.600000,4.590000,82.520000,149.860000,0.080000,18.020000
2012-07-17,153.130000,0.020000,147.730000,152.470000,23.510000,183.000000,232.950000,1.900000,3.180000,24.540000,4.590000,82.740000,149.950000,0.080000,18.130000
2012-07-18,154.160000,0.020000,147.670000,153.510000,23.520000,184.290000,234.160000,1.900000,3.180000,24.690000,4.630000,82.950000,149.890000,0.080000,18.360000
2012-07-19,154.180000,0.020000,147.720000,153.010000,23.500000,183.750000,233.740000,1.890000,3.180000,24.580000,4.620000,82.790000,149.660000,0.080000,18.290000
2012-07-20,155.600000,0.020000,148.080000,152.860000,23.470000,183.510000,234.080000,1.900000,3.180000,24.520000,4.660000,82.970000,149.560000,0.080000,18.360000
2012-07-21,155.790000,0.020000,148.400000,152.610000,23.460000,183.220000,234.660000,1.900000,3.170000,24.690000,4.680000,83.110000,149.510000,0.080000,18.270000
2012-07-24,154.130000,0.020000,147.510000,151.020000,23.450000,181.290000,232.820000,1.920000,3.180000,24.640000,4.620000,82.520000,149.740000,0.080000,17.910000
2012-07-25,154.220000,0.020000,147.080000,151.220000,23.480000,181.550000,232.410000,1.920000,3.180000,24.620000,4.590000,82.240000,149.920000,0.080000,17.740000
2012-07-26,153.990000,0.020000,147.170000,151.500000,23.490000,181.900000,232.250000,1.920000,3.190000,24.670000,4.560000,82.210000,150.030000,0.080000,17.760000
2012-07-27,154.790000,0.020000,147.750000,151.450000,23.500000,181.930000,232.460000,1.920000,3.190000,24.680000,4.590000,82.070000,150.030000,0.080000,17.790000
2012-07-28,156.050000,0.020000,148.470000,153.010000,23.500000,183.650000,235.090000,1.920000,3.180000,24.830000,4.640000,82.470000,149.930000,0.080000,18.190000
2012-07-31,156.860000,0.020000,149.270000,153.130000,23.500000,183.890000,235.180000,1.920000,3.180000,24.670000,4.660000,82.770000,149.930000,0.080000,18.300000
2012-08-01,157.650000,0.020000,149.800000,153.130000,23.580000,183.870000,235.290000,1.920000,3.180000,24.810000,4.650000,83.570000,150.010000,0.080000,18.300000
2012-08-02,158.080000,0.020000,149.950000,153.830000,23.570000,184.730000,234.790000,1.920000,3.180000,24.960000,4.640000,83.910000,150.080000,0.080000,18.270000
2012-08-03,157.520000,0.020000,149.480000,153.250000,23.580000,184.190000,233.210000,1.920000,3.180000,24.960000,4.630000,83.560000,150.150000,0.080000,18.050000
2012-08-04,157.910000,0.020000,149.790000,152.820000,23.570000,183.460000,233.470000,1.920000,3.190000,24.890000,4.630000,84.110000,150.220000,0.080000,18.160000
2012-08-07,158.440000,0.020000,150.120000,154.580000,23.560000,185.630000,233.890000,1.920000,3.180000,25.110000,4.720000,84.440000,150.140000,0.080000,18.420000
2012-08-08,158.740000,0.020000,150.260000,154.990000,23.570000,186.210000,234.390000,1.910000,3.180000,25.300000,4.750000,84.110000,150.050000,0.080000,18.370000
2012-08-09,158.420000,0.020000,150.620000,154.840000,23.590000,185.900000,234.070000,1.920000,3.180000,25.430000,4.740000,84.040000,150.090000,0.080000,18.330000
2012-08-10,158.560000,0.020000,150.870000,154.030000,23.580000,184.980000,234.580000,1.910000,3.180000,25.360000,4.750000,84.050000,149.950000,0.080000,18.500000
2012-08-11,157.540000,0.020000,150.780000,153.120000,23.540000,183.830000,233.530000,1.910000,3.180000,25.340000,4.700000,83.870000,149.710000,0.080000,18.410000
2012-08-14,157.750000,0.020000,150.890000,153.370000,23.530000,184.150000,234.520000,1.910000,3.180000,25.250000,4.710000,83.670000,149.640000,0.080000,18.410000
2012-08-15,157.250000,0.020000,150.560000,153.850000,23.500000,184.730000,234.470000,1.900000,3.170000,25.290000,4.700000,83.220000,149.420000,0.080000,18.410000
2012-08-16,156.280000,0.020000,150.380000,153.300000,23.450000,184.060000,234.140000,1.890000,3.170000,25.170000,4.680000,82.840000,149.220000,0.080000,18.180000
2012-08-17,156.550000,0.020000,150.940000,152.530000,23.440000,183.120000,234.350000,1.890000,3.180000,25.020000,4.680000,82.990000,149.220000,0.080000,18.110000
2012-08-18,155.910000,0.020000,151.220000,153.810000,23.460000,184.630000,234.500000,1.880000,3.180000,25.090000,4.680000,83.060000,149.180000,0.080000,18.080000
2012-08-21,156.140000,0.020000,151.090000,153.530000,23.470000,184.320000,234.450000,1.880000,3.180000,25.210000,4.660000,82.910000,149.220000,0.080000,17.970000
2012-08-22,156.850000,0.020000,151.530000,154.370000,23.500000,185.360000,235.500000,1.880000,3.190000,25.310000,4.690000,83.110000,149.350000,0.080000,18.070000
2012-08-23,155.850000,0.020000,150.570000,154.870000,23.480000,185.980000,235.700000,1.880000,3.190000,25.340000,4.680000,83.190000,149.110000,0.080000,18.000000
2012-08-24,156.370000,0.020000,150.530000,155.680000,23.450000,186.940000,236.730000,1.900000,3.180000,25.440000,4.700000,83.140000,148.990000,0.080000,18.080000
2012-08-25,154.830000,0.020000,149.920000,155.450000,23.430000,186.660000,235.850000,1.900000,3.180000,25.520000,4.680000,82.930000,148.860000,0.080000,17.780000
2012-08-28,154.580000,0.020000,150.320000,155.210000,23.420000,186.370000,235.410000,1.890000,3.190000,25.610000,4.680000,82.730000,148.860000,0.080000,17.760000
2012-08-29,154.490000,0.020000,150.500000,155.520000,23.440000,186.730000,235.010000,1.900000,3.200000,25.660000,4.650000,82.810000,148.930000,0.080000,17.780000
2012-08-30,154.730000,0.020000,151.090000,156.250000,23.520000,187.640000,236.340000,1.900000,3.230000,25.580000,4.640000,82.270000,149.410000,0.080000,17.730000
2012-09-01,154.340000,0.020000,150.850000,156.390000,23.560000,187.740000,236.620000,1.910000,3.250000,25.780000,4.610000,82.230000,149.570000,0.080000,17.840000
2012-09-04,153.230000,0.020000,151.650000,156.540000,23.590000,187.960000,237.520000,1.910000,3.250000,25.790000,4.620000,82.200000,149.570000,0.080000,17.760000
2012-09-05,153.380000,0.020000,151.890000,157.010000,23.560000,188.490000,237.610000,1.910000,3.220000,25.820000,4.650000,82.460000,149.550000,0.080000,17.900000
2012-09-06,152.000000,0.020000,151.110000,155.640000,23.520000,186.870000,236.700000,1.910000,3.200000,25.580000,4.610000,82.010000,149.340000,0.080000,17.690000
2012-09-07,153.090000,0.020000,151.170000,156.580000,23.580000,188.580000,237.830000,1.910000,3.160000,25.690000,4.640000,82.310000,149.550000,0.080000,17.910000
2012-09-08,154.440000,0.020000,152.310000,156.400000,23.570000,189.390000,238.750000,1.890000,3.140000,25.670000,4.670000,82.730000,149.490000,0.080000,18.120000
2012-09-11,154.740000,0.020000,153.050000,157.860000,23.600000,191.180000,239.250000,1.910000,3.150000,25.960000,4.720000,83.220000,149.590000,0.080000,18.240000
2012-09-12,155.200000,0.020000,153.790000,158.680000,23.620000,191.570000,239.750000,1.920000,3.160000,25.880000,4.720000,82.940000,149.620000,0.080000,18.260000
2012-09-13,157.150000,0.020000,154.060000,159.650000,23.680000,193.060000,241.400000,1.920000,3.170000,26.030000,4.780000,83.350000,149.820000,0.080000,18.260000
2012-09-14,156.480000,0.020000,153.550000,159.930000,23.690000,193.660000,241.570000,1.930000,3.180000,26.090000,4.780000,82.910000,149.930000,0.080000,17.830000
2012-09-15,158.660000,0.020000,155.220000,160.750000,23.740000,195.380000,242.640000,1.930000,3.200000,26.340000,4.860000,83.450000,149.880000,0.080000,18.180000
2012-09-18,157.610000,0.020000,154.110000,161.360000,23.710000,196.220000,243.050000,1.910000,3.190000,26.270000,4.890000,83.360000,149.760000,0.080000,18.120000
2012-09-19,156.140000,0.020000,153.550000,161.630000,23.690000,195.760000,243.100000,1.900000,3.180000,26.220000,4.840000,83.020000,149.700000,0.080000,18.210000
2012-09-20,156.540000,0.020000,153.900000,161.540000,23.760000,195.300000,243.380000,1.900000,3.180000,26.220000,4.840000,83.680000,149.910000,0.080000,18.270000
2012-09-21,155.700000,0.020000,153.120000,160.630000,23.760000,194.130000,242.600000,1.920000,3.180000,26.150000,4.750000,83.190000,149.800000,0.080000,17.960000
2012-09-22,157.790000,0.020000,154.120000,161.590000,23.800000,195.730000,244.640000,1.920000,3.190000,26.310000,4.860000,83.650000,150.050000,0.080000,18.210000
2012-09-25,156.110000,0.020000,153.180000,160.250000,23.790000,193.680000,243.180000,1.920000,3.200000,26.050000,4.790000,83.350000,150.120000,0.080000,18.110000
2012-09-26,156.370000,0.020000,153.130000,160.160000,23.790000,193.710000,243.590000,1.930000,3.180000,26.250000,4.820000,83.660000,150.010000,0.080000,18.320000
2012-09-27,155.500000,0.020000,153.000000,159.820000,23.830000,193.170000,242.910000,1.940000,3.190000,26.160000,4.810000,83.740000,150.150000,0.080000,18.300000
2012-09-28,155.860000,0.020000,152.510000,159.760000,23.800000,193.000000,242.910000,1.930000,3.190000,26.080000,4.800000,83.800000,150.010000,0.080000,18.280000
2012-09-29,156.690000,0.020000,153.170000,160.400000,23.850000,194.020000,243.090000,1.930000,3.190000,26.360000,4.850000,83.650000,149.860000,0.080000,18.290000
2012-10-02,155.750000,0.020000,152.850000,160.120000,23.870000,193.510000,242.390000,1.920000,3.180000,26.260000,4.820000,83.620000,150.020000,0.080000,18.170000
2012-10-03,154.690000,0.020000,152.970000,160.270000,23.900000,193.890000,242.510000,1.920000,3.190000,26.280000,4.830000,83.820000,150.160000,0.080000,18.080000
2012-10-04,153.290000,0.020000,152.280000,160.430000,23.900000,194.040000,242.050000,1.920000,3.190000,26.250000,4.830000,83.820000,150.210000,0.080000,17.870000
2012-10-05,153.270000,0.020000,152.340000,160.300000,23.910000,194.300000,242.050000,1.910000,3.200000,26.200000,4.820000,83.150000,150.250000,0.080000,17.740000
2012-10-06,153.980000,0.020000,153.270000,161.370000,23.920000,195.420000,243.200000,1.920000,3.190000,26.420000,4.850000,83.570000,150.300000,0.080000,17.400000
2012-10-09,153.040000,0.020000,153.630000,161.130000,23.910000,195.010000,241.780000,1.920000,3.190000,26.380000,4.830000,83.300000,150.330000,0.080000,16.970000
2012-10-10,153.570000,0.020000,154.110000,160.530000,23.920000,194.400000,240.640000,1.920000,3.190000,26.250000,4.830000,82.870000,150.380000,0.080000,17.160000
2012-10-11,154.100000,0.020000,153.890000,159.980000,23.950000,193.680000,240.930000,1.920000,3.200000,26.230000,4.830000,82.870000,150.490000,0.080000,17.350000
2012-10-12,154.820000,0.020000,153.750000,160.640000,23.990000,193.960000,241.200000,1.930000,3.200000,26.280000,4.830000,83.070000,150.570000,0.080000,17.280000
2012-10-13,154.680000,0.020000,153.960000,161.460000,24.020000,195.250000,241.720000,1.920000,3.200000,26.450000,4.860000,83.350000,150.530000,0.080000,17.450000
2012-10-16,154.080000,0.020000,153.930000,161.370000,24.020000,195.160000,241.940000,1.920000,3.200000,26.340000,4.860000,83.220000,150.620000,0.080000,17.250000
2012-10-17,154.720000,0.020000,153.520000,162.020000,24.050000,195.890000,242.430000,1.910000,3.200000,26.500000,4.870000,83.350000,150.650000,0.080000,17.230000
2012-10-18,155.100000,0.020000,152.560000,162.890000,24.050000,196.990000,242.880000,1.910000,3.190000,26.650000,4.880000,83.450000,150.410000,0.080000,17.280000
2012-10-19,156.180000,0.020000,153.620000,162.800000,24.040000,196.840000,242.640000,1.900000,3.190000,26.720000,4.890000,83.450000,150.260000,0.080000,17.410000
2012-10-20,155.270000,0.020000,151.920000,161.930000,23.980000,195.740000,240.640000,1.890000,3.190000,26.590000,4.870000,83.440000,149.980000,0.080000,17.370000
2012-10-23,155.210000,0.020000,151.430000,162.140000,24.050000,196.210000,241.330000,1.890000,3.200000,26.580000,4.870000,83.850000,150.430000,0.080000,17.470000
2012-10-24,155.110000,0.020000,151.480000,162.290000,24.110000,196.270000,241.160000,1.890000,3.200000,26.480000,4.840000,83.790000,150.650000,0.080000,17.310000
2012-10-25,155.200000,0.020000,151.970000,161.030000,24.100000,194.660000,240.440000,1.890000,3.200000,26.160000,4.790000,83.530000,150.560000,0.080000,17.180000
2012-10-26,156.420000,0.020000,151.970000,161.890000,24.120000,195.860000,242.700000,1.880000,3.200000,26.300000,4.820000,83.750000,150.560000,0.080000,17.350000
2012-10-30,155.880000,0.020000,150.820000,160.760000,24.130000,194.350000,242.010000,1.890000,3.200000,26.090000,4.790000,83.590000,150.680000,0.080000,17.350000
2012-10-31,156.250000,0.020000,150.570000,161.320000,24.140000,194.890000,242.010000,1.900000,3.200000,26.150000,4.790000,83.580000,150.660000,0.080000,17.380000
2012-11-01,156.600000,0.020000,151.130000,162.350000,24.170000,195.990000,243.000000,1.890000,3.200000,26.500000,4.820000,84.110000,150.770000,0.080000,17.470000
2012-11-02,156.460000,0.020000,150.790000,161.600000,24.170000,195.180000,243.680000,1.890000,3.200000,26.460000,4.810000,84.090000,150.820000,0.080000,17.410000
2012-11-03,156.390000,0.020000,151.280000,161.000000,24.170000,194.220000,242.630000,1.880000,3.200000,26.430000,4.810000,84.270000,150.840000,0.080000,17.450000
2012-11-06,156.200000,0.020000,151.480000,160.050000,24.160000,193.040000,241.290000,1.880000,3.200000,26.250000,4.760000,84.300000,150.860000,0.080000,17.170000
2012-11-07,157.060000,0.020000,151.580000,159.680000,24.150000,192.610000,240.950000,1.880000,3.190000,26.300000,4.780000,84.840000,150.820000,0.080000,17.280000
2012-11-08,157.640000,0.020000,152.410000,160.270000,24.130000,193.510000,241.310000,1.880000,3.190000,26.420000,4.820000,85.110000,150.640000,0.080000,17.530000
2012-11-09,157.180000,0.020000,151.450000,159.810000,24.170000,192.680000,241.040000,1.890000,3.190000,26.310000,4.790000,84.750000,150.860000,0.080000,17.470000
2012-11-10,156.880000,0.020000,150.820000,159.280000,24.150000,192.060000,240.740000,1.900000,3.190000,26.330000,4.780000,84.280000,150.790000,0.080000,17.310000
2012-11-13,157.110000,0.020000,150.940000,159.050000,24.220000,191.680000,239.580000,1.900000,3.190000,26.240000,4.770000,84.070000,150.860000,0.080000,17.320000
2012-11-14,156.860000,0.020000,150.510000,158.680000,24.220000,191.080000,239.240000,1.900000,3.190000,26.150000,4.750000,83.470000,150.780000,0.080000,17.130000
2012-11-15,157.220000,0.020000,150.400000,159.200000,24.170000,191.540000,239.010000,1.880000,3.180000,26.140000,4.750000,83.540000,150.460000,0.080000,17.090000
2012-11-16,155.710000,0.020000,150.060000,159.200000,24.120000,191.700000,238.230000,1.860000,3.180000,26.080000,4.750000,83.500000,150.330000,0.080000,16.900000
2012-11-17,155.410000,0.020000,150.210000,159.130000,24.100000,191.590000,238.720000,1.860000,3.180000,26.060000,4.740000,83.550000,150.300000,0.080000,16.920000
2012-11-20,156.150000,0.020000,150.550000,159.550000,24.130000,192.290000,239.320000,1.850000,3.180000,26.080000,4.770000,83.510000,150.460000,0.080000,17.010000
2012-11-21,156.200000,0.020000,150.670000,159.420000,24.110000,192.080000,238.910000,1.850000,3.180000,26.160000,4.790000,83.430000,150.250000,0.080000,16.930000
2012-11-22,155.780000,0.020000,150.630000,159.270000,24.110000,191.790000,238.880000,1.830000,3.170000,26.150000,4.790000,83.590000,150.190000,0.080000,16.910000
2012-11-23,155.700000,0.020000,150.690000,160.340000,24.100000,193.060000,239.750000,1.810000,3.170000,26.320000,4.820000,83.450000,150.090000,0.080000,16.800000
2012-11-24,155.950000,0.020000,150.490000,160.500000,24.100000,193.320000,239.180000,1.830000,3.170000,26.390000,4.820000,83.460000,150.070000,0.080000,16.810000
2012-11-27,156.890000,0.020000,151.190000,161.540000,24.120000,194.460000,240.300000,1.830000,3.170000,26.480000,4.840000,83.720000,150.150000,0.080000,16.970000
2012-11-28,157.270000,0.020000,151.250000,161.700000,24.130000,194.750000,240.570000,1.830000,3.170000,26.570000,4.840000,83.770000,150.120000,0.080000,16.980000
2012-11-29,157.290000,0.020000,151.410000,161.580000,24.150000,194.440000,240.680000,1.840000,3.180000,26.400000,4.830000,83.870000,150.370000,0.080000,17.000000
2012-11-30,157.500000,0.020000,151.810000,162.220000,24.170000,195.250000,241.000000,1.830000,3.190000,26.620000,4.860000,84.280000,150.520000,0.080000,17.170000
2012-12-01,156.890000,0.020000,151.670000,162.690000,24.170000,195.890000,241.520000,1.820000,3.190000,26.540000,4.880000,84.360000,150.520000,0.080000,17.160000
2012-12-05,157.560000,0.020000,151.530000,162.590000,24.190000,196.950000,242.750000,1.840000,3.180000,26.770000,4.870000,84.450000,150.620000,0.080000,17.080000
2012-12-06,157.590000,0.020000,151.810000,162.420000,24.170000,197.340000,242.380000,1.830000,3.180000,26.830000,4.880000,84.390000,150.470000,0.080000,17.110000
2012-12-07,157.370000,0.020000,151.660000,162.230000,24.130000,196.400000,242.070000,1.820000,3.170000,26.720000,4.870000,84.020000,150.310000,0.080000,17.180000
2012-12-08,157.320000,0.020000,151.470000,160.700000,24.120000,194.230000,241.030000,1.820000,3.170000,26.510000,4.860000,83.980000,150.240000,0.080000,17.300000
2012-12-11,157.260000,0.020000,151.910000,160.570000,24.100000,193.770000,240.720000,1.820000,3.160000,26.410000,4.860000,83.850000,150.130000,0.080000,17.290000
2012-12-12,157.610000,0.020000,152.410000,160.630000,24.070000,194.670000,241.780000,1.830000,3.170000,26.520000,4.900000,84.180000,150.350000,0.080000,17.340000
2012-12-13,158.630000,0.020000,152.660000,161.460000,24.070000,195.690000,242.570000,1.820000,3.170000,26.660000,4.900000,84.600000,150.460000,0.080000,17.330000
2012-12-14,158.740000,0.020000,153.110000,162.690000,24.150000,196.680000,242.650000,1.800000,3.170000,26.770000,4.910000,84.660000,150.490000,0.080000,17.450000
2012-12-15,158.480000,0.020000,152.940000,162.990000,24.120000,196.840000,242.580000,1.800000,3.180000,26.760000,4.900000,84.480000,150.550000,0.080000,17.360000
2012-12-20,158.470000,0.020000,152.830000,165.180000,24.180000,199.480000,245.250000,1.790000,3.180000,26.920000,4.900000,84.710000,150.610000,0.080000,17.760000
2012-12-21,157.880000,0.020000,152.320000,164.810000,24.160000,198.930000,244.770000,1.790000,3.170000,26.990000,4.900000,84.360000,150.490000,0.080000,17.720000
2012-12-22,156.850000,0.020000,151.770000,164.520000,24.130000,198.630000,244.230000,1.790000,3.170000,27.020000,4.890000,83.900000,150.270000,0.080000,17.560000
2012-12-25,156.580000,0.020000,151.560000,164.800000,24.150000,198.960000,243.770000,1.780000,3.170000,27.090000,4.910000,83.810000,150.510000,0.080000,17.560000
2012-12-26,156.390000,0.020000,151.620000,164.470000,24.130000,198.400000,242.670000,1.770000,3.170000,26.840000,4.930000,83.750000,150.420000,0.080000,17.550000
2012-12-27,156.040000,0.020000,151.750000,164.520000,24.140000,198.630000,242.730000,1.760000,3.170000,26.980000,4.930000,83.900000,150.490000,0.080000,17.560000
2012-12-28,155.750000,0.020000,151.530000,164.990000,24.100000,199.350000,242.820000,1.750000,3.170000,26.950000,4.930000,83.860000,150.270000,0.080000,17.620000
2012-12-29,156.050000,0.020000,151.110000,164.270000,24.120000,198.490000,241.880000,1.740000,3.170000,26.900000,4.940000,83.980000,150.290000,0.080000,17.680000
2012-12-30,156.350000,0.020000,151.330000,165.090000,24.190000,199.220000,243.720000,1.750000,3.180000,26.980000,4.960000,84.310000,150.740000,0.080000,17.800000
2013-01-04,157.990000,0.020000,152.660000,163.680000,24.140000,197.960000,244.200000,1.730000,3.170000,27.060000,4.990000,84.530000,150.370000,0.080000,17.650000
2013-01-05,157.170000,0.020000,152.080000,162.120000,24.170000,195.990000,241.700000,1.710000,3.180000,26.920000,4.960000,84.390000,150.590000,0.080000,17.510000
2013-01-09,158.020000,0.020000,152.830000,163.490000,24.200000,197.650000,242.240000,1.720000,3.180000,26.970000,4.980000,84.640000,150.610000,0.080000,17.550000
2013-01-10,158.460000,0.020000,152.840000,163.240000,24.200000,197.250000,242.070000,1.720000,3.180000,26.930000,4.960000,84.880000,150.700000,0.080000,17.650000
2013-01-11,159.430000,0.020000,153.100000,163.130000,24.250000,197.170000,241.640000,1.710000,3.190000,26.970000,4.970000,85.030000,150.930000,0.080000,17.580000
2013-01-12,159.480000,0.020000,153.480000,164.510000,24.280000,200.150000,243.680000,1.700000,3.180000,27.310000,4.990000,85.410000,150.920000,0.080000,17.440000
2013-01-15,159.480000,0.020000,153.410000,164.980000,24.270000,201.530000,243.360000,1.690000,3.180000,27.330000,4.990000,85.260000,150.910000,0.080000,17.340000
2013-01-16,159.370000,0.020000,153.410000,163.540000,24.280000,201.700000,242.720000,1.700000,3.180000,27.390000,5.000000,85.320000,150.850000,0.080000,17.280000
2013-01-17,158.790000,0.020000,152.810000,162.130000,24.240000,199.980000,241.210000,1.710000,3.180000,26.980000,4.960000,85.050000,150.700000,0.080000,17.060000
2013-01-18,158.670000,0.020000,152.850000,161.610000,24.260000,201.210000,241.540000,1.700000,3.180000,27.140000,4.980000,85.730000,150.800000,0.080000,17.220000
2013-01-19,158.170000,0.020000,152.280000,160.640000,24.240000,201.190000,240.180000,1.680000,3.180000,26.980000,4.980000,85.820000,150.650000,0.080000,17.060000
2013-01-22,158.410000,0.020000,151.900000,161.650000,24.220000,200.450000,239.100000,1.690000,3.170000,26.930000,4.970000,85.540000,150.670000,0.080000,16.950000
2013-01-23,159.120000,0.020000,151.800000,161.820000,24.230000,201.060000,238.620000,1.700000,3.170000,26.980000,4.990000,85.460000,150.720000,0.080000,17.060000
2013-01-24,159.100000,0.020000,152.130000,162.140000,24.250000,200.540000,238.940000,1.710000,3.170000,27.050000,4.990000,85.150000,150.790000,0.080000,16.970000
2013-01-25,158.340000,0.020000,150.760000,162.010000,24.240000,200.790000,238.770000,1.690000,3.160000,27.110000,5.000000,85.260000,150.700000,0.080000,16.700000
2013-01-26,157.620000,0.020000,150.340000,162.560000,24.240000,202.550000,238.340000,1.660000,3.160000,27.340000,5.030000,85.510000,150.760000,0.080000,16.780000
2013-01-29,156.640000,0.020000,149.240000,162.380000,24.210000,202.450000,237.020000,1.660000,3.150000,27.200000,5.000000,85.160000,150.640000,0.080000,16.870000
2013-01-30,157.700000,0.020000,150.130000,163.250000,24.230000,202.900000,237.000000,1.670000,3.160000,27.270000,5.010000,85.240000,150.810000,0.080000,16.630000
2013-01-31,157.430000,0.020000,150.470000,163.810000,24.250000,203.820000,237.330000,1.650000,3.160000,27.420000,5.020000,85.350000,150.820000,0.080000,16.680000
2013-02-01,156.870000,0.020000,150.430000,165.690000,24.250000,204.380000,238.540000,1.660000,3.160000,27.490000,5.020000,85.570000,150.810000,0.080000,16.720000
2013-02-02,156.520000,0.020000,151.210000,166.390000,24.230000,205.890000,239.400000,1.640000,3.160000,27.680000,5.030000,86.070000,150.880000,0.080000,16.820000
2013-02-05,157.090000,0.020000,151.240000,165.720000,24.190000,205.060000,236.970000,1.620000,3.150000,27.570000,5.030000,86.150000,150.770000,0.080000,16.990000
2013-02-06,156.870000,0.020000,150.900000,165.780000,24.180000,203.800000,237.330000,1.630000,3.150000,27.460000,5.010000,85.730000,150.630000,0.080000,16.940000
2013-02-07,155.290000,0.020000,151.120000,164.990000,24.150000,203.740000,235.380000,1.610000,3.140000,27.410000,5.020000,85.470000,150.520000,0.080000,16.960000
2013-02-08,155.320000,0.020000,151.170000,165.800000,24.150000,204.120000,235.770000,1.610000,3.140000,27.430000,5.010000,85.120000,150.500000,0.080000,16.910000
2013-02-09,155.270000,0.020000,150.800000,164.240000,24.150000,201.830000,236.830000,1.620000,3.140000,27.310000,4.990000,85.050000,150.540000,0.080000,16.920000
2013-02-12,154.760000,0.020000,149.730000,164.180000,24.160000,201.640000,237.120000,1.620000,3.140000,27.280000,4.990000,84.960000,150.600000,0.080000,16.970000
2013-02-13,154.010000,0.020000,149.450000,163.660000,24.150000,201.510000,234.950000,1.600000,3.140000,27.330000,4.990000,84.850000,150.530000,0.080000,16.800000
2013-02-14,155.620000,0.020000,150.080000,164.020000,24.140000,202.790000,235.460000,1.610000,3.140000,27.460000,5.010000,85.160000,150.470000,0.070000,16.940000
2013-02-15,155.840000,0.020000,150.450000,163.780000,24.150000,201.760000,233.470000,1.610000,3.140000,27.370000,5.000000,85.220000,150.500000,0.080000,16.950000
2013-02-16,155.780000,0.020000,150.300000,163.180000,24.140000,200.640000,233.660000,1.630000,3.140000,27.180000,4.990000,85.140000,150.450000,0.080000,17.100000
2013-02-19,154.930000,0.020000,149.450000,163.030000,24.110000,200.730000,232.690000,1.600000,3.150000,27.060000,4.990000,85.160000,150.480000,0.080000,17.070000
2013-02-20,155.540000,0.020000,148.760000,162.970000,24.100000,200.830000,233.150000,1.610000,3.150000,27.090000,4.990000,85.150000,150.500000,0.070000,16.860000
2013-02-21,155.730000,0.020000,148.720000,163.590000,24.120000,201.860000,232.190000,1.610000,3.150000,27.220000,5.010000,84.740000,150.420000,0.080000,17.030000
2013-02-22,153.770000,0.020000,147.500000,161.370000,24.090000,198.320000,228.320000,1.610000,3.150000,26.670000,4.960000,83.950000,150.300000,0.080000,16.820000
2013-02-23,154.810000,0.020000,147.620000,161.760000,24.100000,198.870000,229.420000,1.610000,3.150000,26.550000,4.950000,83.970000,150.230000,0.080000,16.950000
2013-02-26,154.680000,0.020000,146.850000,161.830000,24.100000,198.820000,227.520000,1.600000,3.150000,26.640000,4.950000,83.570000,150.260000,0.080000,16.980000
2013-02-27,154.280000,0.020000,146.620000,161.510000,24.130000,196.430000,227.960000,1.640000,3.160000,26.320000,4.910000,83.080000,150.300000,0.070000,17.000000
2013-02-28,153.340000,0.020000,146.580000,161.620000,24.160000,196.800000,227.540000,1.640000,3.160000,26.350000,4.920000,83.290000,150.450000,0.080000,16.990000
2013-03-01,154.520000,0.020000,147.100000,161.980000,24.170000,197.560000,228.430000,1.630000,3.160000,26.420000,4.930000,83.680000,150.370000,0.080000,17.010000
2013-03-02,154.100000,0.020000,146.200000,160.840000,24.200000,196.750000,228.350000,1.630000,3.170000,26.260000,4.910000,83.690000,150.560000,0.080000,16.760000
2013-03-05,152.730000,0.020000,146.430000,159.870000,24.210000,196.030000,226.710000,1.610000,3.170000,26.260000,4.890000,83.590000,150.710000,0.080000,16.590000
2013-03-06,154.430000,0.020000,147.040000,160.490000,24.240000,197.140000,228.420000,1.620000,3.170000,26.480000,4.920000,83.980000,150.800000,0.070000,16.650000
2013-03-07,154.750000,0.020000,146.620000,159.870000,24.230000,196.700000,227.570000,1.610000,3.160000,26.500000,4.920000,84.080000,150.680000,0.080000,16.680000
2013-03-08,154.880000,0.020000,146.360000,159.290000,24.240000,196.320000,226.030000,1.610000,3.160000,26.430000,4.910000,83.900000,150.780000,0.080000,16.600000
2013-03-12,154.200000,0.020000,146.670000,158.500000,24.240000,195.960000,225.010000,1.570000,3.150000,26.300000,4.900000,83.700000,150.750000,0.080000,16.530000
2013-03-13,155.070000,0.020000,146.680000,158.990000,24.260000,196.090000,224.680000,1.570000,3.150000,26.310000,4.900000,83.600000,150.790000,0.070000,16.430000
2013-03-14,155.480000,0.020000,146.930000,159.260000,24.280000,196.360000,225.140000,1.570000,3.160000,26.380000,4.910000,83.620000,150.850000,0.070000,16.430000
2013-03-15,156.090000,0.020000,146.950000,158.180000,24.270000,195.470000,225.260000,1.560000,3.160000,26.110000,4.900000,83.160000,150.860000,0.070000,16.280000
2013-03-16,156.370000,0.020000,147.650000,159.460000,24.260000,196.240000,228.100000,1.570000,3.150000,25.950000,4.910000,83.340000,150.720000,0.070000,16.410000
2013-03-19,156.160000,0.020000,147.220000,159.830000,24.230000,195.240000,227.810000,1.590000,3.150000,26.020000,4.890000,82.970000,150.590000,0.070000,16.370000
2013-03-20,156.110000,0.020000,147.360000,159.210000,24.240000,195.050000,227.230000,1.580000,3.150000,25.990000,4.890000,83.030000,150.690000,0.070000,16.390000
2013-03-21,156.580000,0.020000,147.090000,159.240000,24.290000,194.440000,227.010000,1.580000,3.150000,25.870000,4.880000,82.860000,150.880000,0.070000,16.350000
2013-03-27,157.870000,0.020000,147.720000,158.950000,24.260000,194.030000,229.090000,1.600000,3.140000,25.840000,4.880000,82.890000,150.700000,0.070000,16.310000
2013-03-28,157.880000,0.020000,148.450000,158.960000,24.270000,193.670000,228.810000,1.590000,3.140000,25.920000,4.890000,83.140000,150.810000,0.080000,16.240000
2013-03-29,157.420000,0.020000,148.410000,158.110000,24.280000,192.530000,228.400000,1.600000,3.170000,25.730000,4.850000,83.170000,150.870000,0.070000,16.320000
2013-03-30,157.020000,0.020000,148.330000,158.880000,24.290000,193.330000,229.050000,1.600000,3.190000,25.870000,4.860000,83.400000,150.840000,0.070000,16.330000
2013-04-02,157.030000,0.020000,148.410000,158.930000,24.300000,193.250000,229.440000,1.610000,3.190000,25.890000,4.850000,83.400000,150.870000,0.070000,16.370000
2013-04-03,157.880000,0.020000,148.790000,159.530000,24.350000,193.810000,229.500000,1.620000,3.190000,25.930000,4.840000,83.570000,150.920000,0.070000,16.440000
2013-04-04,157.800000,0.020000,148.570000,158.820000,24.310000,193.370000,227.780000,1.610000,3.140000,25.980000,4.800000,83.400000,150.720000,0.070000,16.320000
2013-04-05,157.020000,0.020000,148.650000,158.780000,24.330000,192.990000,227.410000,1.580000,3.150000,25.910000,4.750000,83.400000,150.890000,0.070000,16.310000
2013-04-06,157.330000,0.020000,148.860000,160.380000,24.330000,195.010000,229.700000,1.570000,3.150000,26.200000,4.780000,83.730000,150.900000,0.070000,16.540000
2013-04-09,156.690000,0.020000,148.280000,161.530000,24.330000,196.340000,231.100000,1.530000,3.140000,26.380000,4.790000,84.250000,150.900000,0.070000,16.690000
2013-04-10,157.690000,0.020000,148.420000,161.290000,24.330000,196.620000,231.030000,1.530000,3.140000,26.320000,4.840000,84.590000,150.900000,0.070000,16.840000
2013-04-11,158.850000,0.020000,148.820000,162.220000,24.370000,197.750000,231.270000,1.520000,3.140000,26.380000,4.880000,84.640000,150.930000,0.070000,16.940000
2013-04-12,159.290000,0.020000,149.190000,161.830000,24.330000,197.170000,231.630000,1.510000,3.130000,26.270000,4.880000,84.450000,150.740000,0.070000,16.990000
2013-04-13,159.070000,0.020000,149.210000,161.940000,24.380000,197.170000,231.810000,1.520000,3.130000,26.390000,4.870000,84.340000,150.930000,0.070000,16.900000
2013-04-16,157.190000,0.020000,147.740000,162.240000,24.390000,197.090000,231.120000,1.540000,3.130000,26.280000,4.810000,84.210000,150.900000,0.070000,16.760000
2013-04-17,156.100000,0.020000,147.360000,161.980000,24.430000,196.810000,230.740000,1.550000,3.130000,26.150000,4.800000,84.190000,151.030000,0.070000,16.450000
2013-04-18,156.460000,0.020000,147.390000,163.800000,24.460000,199.050000,230.820000,1.540000,3.130000,26.370000,4.830000,84.490000,150.990000,0.070000,16.480000
2013-04-19,155.920000,0.020000,147.360000,162.100000,24.430000,197.020000,229.970000,1.540000,3.120000,26.080000,4.770000,84.180000,151.010000,0.070000,16.550000
2013-04-20,156.260000,0.020000,147.530000,162.480000,24.460000,197.730000,231.980000,1.520000,3.120000,26.030000,4.800000,84.220000,151.090000,0.070000,16.540000
2013-04-23,155.110000,0.020000,147.370000,161.790000,24.450000,197.130000,230.370000,1.520000,3.120000,25.940000,4.780000,83.840000,151.160000,0.070000,16.290000
2013-04-24,154.520000,0.020000,146.970000,160.750000,24.450000,196.130000,229.930000,1.530000,3.120000,25.580000,4.760000,83.570000,151.090000,0.070000,16.270000
2013-04-25,155.170000,0.020000,147.070000,159.790000,24.430000,196.360000,230.470000,1.520000,3.120000,25.590000,4.780000,83.720000,150.940000,0.070000,16.460000
2013-04-26,155.910000,0.020000,147.730000,159.990000,24.480000,197.410000,233.090000,1.520000,3.120000,25.760000,4.830000,84.030000,151.050000,0.070000,16.690000
2013-04-27,155.280000,0.020000,148.210000,160.100000,24.520000,196.720000,233.260000,1.530000,3.130000,25.790000,4.830000,83.890000,151.170000,0.070000,16.510000
2013-04-30,156.280000,0.020000,149.180000,161.010000,24.530000,197.940000,234.740000,1.550000,3.140000,25.980000,4.850000,84.230000,151.240000,0.070000,16.680000
2013-05-01,156.510000,0.020000,149.480000,161.280000,24.530000,197.520000,234.390000,1.550000,3.140000,25.910000,4.870000,84.320000,151.230000,0.070000,16.860000
2013-05-03,154.740000,0.020000,150.090000,163.120000,24.580000,199.300000,235.530000,1.560000,3.140000,26.270000,4.830000,84.330000,151.280000,0.070000,16.750000
2013-05-04,154.790000,0.020000,149.310000,161.990000,24.540000,198.200000,234.790000,1.540000,3.140000,26.090000,4.850000,84.200000,151.070000,0.070000,16.920000
2013-05-05,155.810000,0.020000,149.890000,161.570000,24.540000,198.100000,235.230000,1.530000,3.140000,26.040000,4.860000,84.230000,151.070000,0.070000,16.960000
2013-05-07,154.760000,0.020000,149.690000,161.110000,24.490000,197.910000,234.940000,1.520000,3.140000,25.980000,4.860000,84.180000,151.010000,0.070000,16.860000
2013-05-09,153.920000,0.020000,150.270000,160.840000,24.580000,198.040000,233.730000,1.530000,3.140000,25.850000,4.850000,84.060000,150.960000,0.070000,16.670000
2013-05-14,150.860000,0.020000,149.500000,157.770000,24.580000,195.960000,232.230000,1.490000,3.140000,25.970000,4.820000,83.730000,151.100000,0.070000,16.610000
2013-05-15,150.420000,0.020000,149.480000,158.370000,24.600000,196.370000,231.110000,1.490000,3.140000,26.030000,4.830000,83.470000,151.120000,0.070000,16.450000
2013-05-16,149.170000,0.020000,148.290000,156.020000,24.610000,195.080000,230.370000,1.480000,3.140000,25.880000,4.800000,83.110000,151.210000,0.070000,16.360000
2013-05-17,148.200000,0.020000,148.370000,156.010000,24.570000,194.420000,229.910000,1.470000,3.140000,25.770000,4.810000,82.960000,151.100000,0.070000,16.200000
2013-05-18,146.930000,0.020000,147.310000,156.170000,24.580000,194.170000,229.810000,1.470000,3.130000,25.810000,4.800000,82.280000,150.950000,0.070000,16.020000
2013-05-21,147.700000,0.020000,146.920000,155.990000,24.590000,194.270000,229.460000,1.470000,3.130000,25.860000,4.830000,81.930000,150.950000,0.070000,16.070000
2013-05-22,147.600000,0.020000,146.860000,155.910000,24.590000,194.090000,228.870000,1.470000,3.120000,25.820000,4.830000,81.600000,150.840000,0.070000,15.890000
2013-05-23,147.080000,0.020000,146.720000,155.540000,24.600000,195.040000,227.540000,1.470000,3.120000,26.100000,4.830000,81.960000,150.810000,0.070000,15.860000
2013-05-24,145.690000,0.020000,145.660000,156.050000,24.580000,194.430000,227.240000,1.490000,3.120000,25.840000,4.800000,81.530000,150.790000,0.070000,15.630000
2013-05-25,145.860000,0.020000,145.840000,156.270000,24.590000,195.740000,227.890000,1.480000,3.120000,25.970000,4.820000,81.770000,150.740000,0.070000,15.760000
2013-05-28,145.750000,0.020000,146.260000,157.110000,24.660000,195.350000,228.540000,1.500000,3.130000,25.940000,4.820000,81.830000,150.940000,0.070000,15.740000
2013-05-29,145.820000,0.020000,145.770000,155.710000,24.640000,194.720000,227.540000,1.480000,3.130000,25.810000,4.800000,81.600000,150.840000,0.070000,15.590000
2013-05-30,144.480000,0.020000,145.170000,155.520000,24.630000,194.510000,227.380000,1.490000,3.130000,25.600000,4.780000,81.010000,150.920000,0.070000,15.350000
2013-05-31,145.910000,0.020000,145.970000,157.510000,24.640000,195.850000,229.140000,1.500000,3.140000,25.690000,4.780000,81.090000,151.080000,0.070000,15.410000
2013-06-01,145.210000,0.020000,146.410000,158.740000,24.680000,196.980000,230.420000,1.510000,3.140000,25.840000,4.750000,80.380000,151.360000,0.070000,14.850000
2013-06-04,145.860000,0.020000,146.130000,158.260000,24.690000,197.120000,231.040000,1.510000,3.140000,25.940000,4.720000,79.960000,151.390000,0.070000,15.170000
2013-06-05,146.070000,0.020000,146.530000,159.420000,24.690000,197.790000,231.310000,1.510000,3.130000,26.030000,4.750000,80.560000,151.340000,0.070000,15.480000
2013-06-06,144.800000,0.020000,146.320000,159.520000,24.700000,197.600000,232.430000,1.520000,3.130000,26.020000,4.720000,80.570000,151.350000,0.070000,15.380000
2013-06-07,143.560000,0.020000,146.560000,160.850000,24.660000,198.590000,233.710000,1.530000,3.120000,26.100000,4.720000,80.220000,151.310000,0.070000,15.170000
2013-06-08,143.630000,0.020000,147.380000,162.810000,24.670000,200.220000,235.610000,1.570000,3.110000,26.300000,4.680000,80.370000,151.330000,0.070000,15.200000
2013-06-11,142.690000,0.020000,148.630000,161.590000,24.680000,200.050000,234.970000,1.530000,3.110000,26.280000,4.690000,79.970000,151.380000,0.070000,14.920000
2013-06-12,141.580000,0.020000,148.000000,162.830000,24.690000,201.170000,235.550000,1.550000,3.110000,26.290000,4.680000,79.970000,151.460000,0.070000,14.760000
2013-06-13,144.390000,0.020000,149.010000,163.590000,24.710000,201.440000,237.540000,1.570000,3.120000,26.270000,4.700000,80.700000,151.570000,0.070000,15.160000
2013-06-14,143.650000,0.020000,148.790000,164.670000,24.700000,202.100000,237.130000,1.600000,3.130000,26.200000,4.680000,80.930000,151.510000,0.070000,15.090000
2013-06-15,145.340000,0.020000,148.970000,163.860000,24.700000,201.810000,236.580000,1.590000,3.130000,26.380000,4.760000,81.660000,151.440000,0.070000,15.320000
2013-06-18,145.480000,0.020000,149.070000,164.000000,24.700000,201.850000,237.750000,1.600000,3.120000,26.450000,4.800000,81.120000,151.290000,0.070000,15.330000
2013-06-19,143.360000,0.020000,148.600000,164.670000,24.700000,202.550000,237.360000,1.590000,3.120000,26.380000,4.740000,80.940000,151.350000,0.070000,15.170000
2013-06-20,143.780000,0.020000,148.180000,164.400000,24.690000,202.560000,236.180000,1.590000,3.120000,26.370000,4.710000,80.460000,151.280000,0.070000,15.220000
2013-06-21,139.280000,0.020000,146.450000,162.280000,24.690000,199.980000,234.180000,1.550000,3.120000,25.650000,4.620000,78.910000,151.280000,0.070000,14.770000
2013-06-22,140.010000,0.020000,146.130000,163.260000,24.710000,200.260000,234.600000,1.550000,3.150000,25.360000,4.610000,78.500000,151.540000,0.070000,14.800000
2013-06-25,138.780000,0.020000,143.890000,162.110000,24.650000,198.460000,232.720000,1.540000,3.120000,24.880000,4.600000,78.020000,151.440000,0.070000,14.840000
2013-06-26,140.660000,0.020000,144.770000,162.310000,24.650000,198.860000,233.810000,1.560000,3.120000,24.900000,4.630000,78.320000,151.470000,0.070000,15.240000
2013-06-27,140.830000,0.020000,144.760000,161.390000,24.670000,197.780000,233.000000,1.550000,3.120000,24.850000,4.610000,78.620000,151.660000,0.070000,15.050000
2013-06-28,141.200000,0.020000,145.450000,160.760000,24.680000,197.760000,231.800000,1.550000,3.120000,24.980000,4.610000,78.730000,151.760000,0.070000,15.140000
2013-06-29,140.260000,0.020000,144.830000,160.410000,24.710000,197.900000,231.280000,1.530000,3.120000,25.090000,4.630000,78.900000,151.650000,0.070000,15.200000
2013-07-02,139.190000,0.020000,144.350000,160.710000,24.750000,198.110000,231.250000,1.520000,3.120000,25.010000,4.620000,78.920000,151.810000,0.080000,15.320000
2013-07-03,139.580000,0.020000,144.580000,160.190000,24.770000,197.750000,230.800000,1.520000,3.120000,24.900000,4.600000,78.860000,151.880000,0.070000,15.300000
2013-07-04,138.050000,0.020000,144.400000,160.100000,24.790000,196.910000,231.590000,1.520000,3.130000,24.920000,4.570000,78.040000,151.950000,0.070000,15.080000
2013-07-05,138.750000,0.020000,144.690000,160.280000,24.820000,197.550000,231.770000,1.530000,3.120000,24.940000,4.580000,78.050000,152.010000,0.070000,15.120000
2013-07-06,139.250000,0.020000,144.270000,158.580000,24.790000,195.780000,227.890000,1.520000,3.120000,24.740000,4.570000,78.060000,152.050000,0.070000,15.150000
2013-07-10,139.500000,0.020000,144.400000,157.470000,24.840000,195.940000,226.620000,1.500000,3.140000,24.860000,4.610000,78.510000,152.230000,0.070000,15.110000
2013-07-11,140.220000,0.020000,144.820000,157.200000,24.830000,195.260000,226.740000,1.520000,3.120000,24.880000,4.630000,78.230000,152.310000,0.070000,15.190000
2013-07-12,140.300000,0.020000,146.650000,160.200000,24.820000,198.610000,229.620000,1.530000,3.120000,25.020000,4.660000,78.340000,152.250000,0.070000,15.330000
2013-07-13,139.470000,0.020000,147.130000,160.400000,24.840000,198.780000,230.690000,1.540000,3.120000,25.190000,4.670000,78.050000,152.440000,0.070000,15.210000
2013-07-16,138.750000,0.020000,146.500000,160.440000,24.870000,198.760000,229.650000,1.530000,3.120000,25.130000,4.670000,78.540000,152.610000,0.070000,15.410000
2013-07-17,140.410000,0.020000,146.380000,160.930000,24.890000,199.390000,229.800000,1.530000,3.120000,25.220000,4.690000,78.990000,152.670000,0.070000,15.390000
2013-07-18,140.660000,0.020000,147.140000,162.630000,24.900000,200.880000,232.160000,1.530000,3.120000,25.480000,4.710000,79.390000,152.760000,0.070000,15.460000
2013-07-19,140.140000,0.020000,146.670000,162.180000,24.890000,200.480000,232.290000,1.530000,3.120000,25.550000,4.720000,79.840000,152.820000,0.070000,15.540000
2013-07-20,140.190000,0.020000,147.340000,162.070000,24.910000,200.490000,233.100000,1.520000,3.120000,25.570000,4.710000,79.560000,152.880000,0.070000,15.460000
2013-07-23,140.620000,0.020000,147.810000,162.870000,24.920000,201.340000,233.880000,1.530000,3.120000,25.710000,4.740000,79.920000,153.030000,0.070000,15.610000
2013-07-24,141.900000,0.020000,148.260000,163.400000,24.960000,201.950000,235.150000,1.540000,3.120000,25.880000,4.740000,80.060000,153.170000,0.070000,15.580000
2013-07-25,141.070000,0.020000,148.820000,163.730000,24.980000,202.840000,235.470000,1.530000,3.130000,26.040000,4.740000,80.450000,153.250000,0.070000,15.820000
2013-07-26,140.200000,0.020000,148.710000,163.300000,24.990000,202.070000,234.630000,1.530000,3.130000,25.840000,4.700000,79.590000,153.290000,0.080000,15.640000
2013-07-27,142.410000,0.020000,149.350000,165.260000,25.000000,203.640000,236.010000,1.550000,3.140000,26.020000,4.700000,79.860000,153.260000,0.070000,15.800000
2013-07-30,141.670000,0.020000,149.200000,165.130000,24.990000,203.560000,235.990000,1.570000,3.140000,25.960000,4.680000,79.700000,153.240000,0.070000,15.640000
2013-07-31,138.870000,0.020000,148.920000,164.690000,24.970000,203.200000,234.600000,1.560000,3.140000,25.800000,4.650000,79.540000,153.130000,0.070000,15.590000
2013-08-01,138.660000,0.020000,149.090000,165.750000,25.040000,203.950000,233.410000,1.570000,3.140000,25.870000,4.650000,79.570000,153.470000,0.070000,15.560000
2013-08-02,137.870000,0.020000,149.390000,165.230000,25.060000,203.480000,233.550000,1.560000,3.140000,25.980000,4.650000,79.350000,153.630000,0.070000,15.540000
2013-08-03,136.710000,0.020000,148.090000,164.090000,25.080000,203.130000,232.990000,1.540000,3.140000,25.820000,4.650000,78.980000,153.750000,0.070000,15.350000
2013-08-06,137.040000,0.020000,148.160000,165.730000,25.110000,204.320000,236.140000,1.560000,3.140000,26.040000,4.680000,79.790000,153.810000,0.070000,15.660000
2013-08-07,138.230000,0.020000,148.360000,165.730000,25.120000,203.980000,236.280000,1.560000,3.140000,25.920000,4.670000,79.790000,153.760000,0.070000,15.610000
2013-08-08,137.040000,0.020000,147.190000,165.330000,25.060000,203.650000,234.630000,1.580000,3.130000,25.840000,4.640000,79.450000,153.340000,0.070000,15.430000
2013-08-09,138.700000,0.020000,147.060000,166.150000,25.020000,204.380000,237.430000,1.590000,3.150000,25.930000,4.650000,79.580000,153.120000,0.070000,15.490000
2013-08-10,139.880000,0.020000,148.370000,166.160000,24.970000,204.600000,237.730000,1.580000,3.150000,26.090000,4.660000,79.620000,152.870000,0.070000,15.660000
2013-08-13,140.150000,0.020000,148.500000,165.440000,25.020000,203.780000,237.030000,1.580000,3.130000,26.120000,4.650000,79.610000,153.150000,0.070000,15.550000
2013-08-14,139.710000,0.020000,148.310000,165.090000,25.010000,203.660000,236.890000,1.560000,3.130000,26.170000,4.630000,79.610000,153.090000,0.070000,15.430000
2013-08-15,139.020000,0.020000,147.580000,163.270000,24.980000,202.720000,236.540000,1.560000,3.130000,25.930000,4.610000,78.870000,152.850000,0.070000,15.300000
2013-08-16,140.320000,0.020000,148.350000,163.720000,25.010000,203.110000,238.110000,1.560000,3.150000,26.020000,4.640000,79.290000,152.850000,0.070000,15.420000
2013-08-17,139.900000,0.020000,147.900000,164.680000,24.960000,203.560000,238.610000,1.570000,3.150000,25.820000,4.630000,78.880000,152.630000,0.070000,15.280000
2013-08-20,140.250000,0.020000,147.780000,164.610000,24.910000,203.320000,238.630000,1.560000,3.150000,25.780000,4.630000,78.390000,152.540000,0.070000,15.060000
2013-08-21,137.990000,0.020000,147.200000,165.780000,24.900000,203.900000,238.920000,1.570000,3.140000,25.500000,4.620000,78.270000,152.470000,0.070000,14.980000
2013-08-22,137.380000,0.020000,145.960000,165.880000,24.900000,204.120000,238.950000,1.560000,3.140000,25.360000,4.620000,77.670000,152.440000,0.070000,14.870000
2013-08-23,136.850000,0.020000,145.210000,164.760000,24.890000,203.300000,237.360000,1.550000,3.140000,25.060000,4.590000,76.710000,152.340000,0.070000,14.720000
2013-08-24,137.270000,0.020000,144.500000,165.020000,24.910000,203.730000,238.200000,1.540000,3.140000,25.100000,4.620000,77.030000,152.450000,0.070000,14.960000
2013-08-27,137.510000,0.020000,144.900000,164.950000,24.890000,203.620000,237.220000,1.550000,3.140000,25.220000,4.620000,76.260000,152.330000,0.070000,14.860000
2013-08-28,136.350000,0.020000,144.780000,165.390000,24.910000,203.350000,236.440000,1.560000,3.140000,25.180000,4.600000,75.590000,152.470000,0.070000,14.700000
2013-08-29,135.800000,0.020000,144.930000,165.520000,24.860000,203.330000,235.730000,1.560000,3.130000,25.260000,4.590000,74.280000,152.160000,0.070000,14.640000
2013-08-30,136.540000,0.020000,145.570000,164.830000,24.970000,202.700000,237.040000,1.560000,3.140000,25.190000,4.600000,75.050000,152.810000,0.070000,14.770000
2013-09-03,137.710000,0.020000,145.450000,164.390000,25.040000,202.510000,238.670000,1.540000,3.140000,25.250000,4.610000,75.980000,153.230000,0.070000,15.060000
2013-09-04,138.280000,0.020000,145.450000,163.880000,25.050000,201.940000,238.750000,1.540000,3.150000,25.200000,4.590000,74.960000,153.290000,0.070000,14.910000
2013-09-05,139.980000,0.020000,145.670000,163.600000,25.020000,201.780000,238.870000,1.540000,3.140000,25.280000,4.580000,74.590000,153.130000,0.070000,14.930000
2013-09-06,139.860000,0.020000,145.890000,162.930000,25.010000,201.870000,239.050000,1.530000,3.140000,25.140000,4.580000,73.800000,153.070000,0.070000,14.890000
2013-09-07,139.810000,0.020000,146.350000,162.120000,25.000000,200.890000,238.240000,1.540000,3.130000,25.130000,4.580000,74.200000,153.010000,0.070000,14.990000
2013-09-10,141.100000,0.020000,147.470000,163.450000,25.010000,201.970000,239.880000,1.540000,3.130000,25.200000,4.590000,75.340000,153.090000,0.070000,15.350000
2013-09-11,141.910000,0.020000,147.950000,164.300000,25.060000,203.200000,240.900000,1.530000,3.120000,25.780000,4.630000,75.740000,153.370000,0.070000,15.320000
2013-09-12,142.940000,0.020000,148.520000,164.460000,25.100000,203.790000,242.380000,1.530000,3.120000,25.950000,4.690000,76.310000,153.570000,0.070000,15.430000
2013-09-13,141.840000,0.020000,148.630000,164.720000,25.070000,203.780000,242.190000,1.540000,3.110000,25.900000,4.680000,75.750000,153.370000,0.070000,15.460000
2013-09-14,141.720000,0.020000,148.220000,164.580000,25.050000,203.660000,242.310000,1.540000,3.100000,25.950000,4.680000,75.700000,153.290000,0.070000,15.380000
2013-09-17,143.530000,0.020000,149.090000,165.660000,25.060000,204.750000,244.460000,1.550000,3.120000,25.980000,4.750000,76.810000,153.380000,0.070000,15.710000
2013-09-18,143.030000,0.020000,148.660000,165.600000,25.050000,204.790000,243.930000,1.550000,3.130000,26.000000,4.740000,76.570000,153.330000,0.070000,15.590000
2013-09-19,143.580000,0.020000,149.010000,165.710000,25.070000,204.830000,244.910000,1.550000,3.140000,25.930000,4.750000,76.610000,153.450000,0.070000,15.610000
2013-09-20,145.540000,0.020000,150.070000,168.250000,24.990000,207.470000,245.760000,1.550000,3.130000,26.490000,4.840000,78.470000,152.970000,0.070000,15.900000
2013-09-21,144.280000,0.020000,148.810000,168.260000,25.010000,207.060000,245.490000,1.540000,3.120000,26.140000,4.820000,77.740000,153.080000,0.070000,15.720000
2013-09-24,144.210000,0.020000,148.680000,167.950000,25.000000,206.930000,245.460000,1.550000,3.110000,25.890000,4.790000,77.220000,153.020000,0.070000,15.560000
2013-09-25,143.340000,0.020000,148.610000,167.800000,24.980000,206.290000,244.380000,1.540000,3.120000,25.790000,4.800000,76.560000,152.900000,0.070000,15.480000
2013-09-26,143.310000,0.020000,148.750000,168.480000,25.080000,207.110000,245.400000,1.560000,3.140000,25.520000,4.800000,76.500000,153.450000,0.070000,15.580000
2013-09-27,144.430000,0.020000,149.110000,168.920000,25.110000,207.590000,246.610000,1.560000,3.150000,25.640000,4.780000,76.430000,153.670000,0.070000,15.450000
2013-09-28,143.370000,0.020000,148.850000,169.310000,25.120000,207.560000,246.820000,1.560000,3.150000,25.670000,4.730000,75.420000,153.620000,0.070000,15.200000
2013-10-01,143.470000,0.020000,149.270000,169.970000,25.130000,207.660000,248.570000,1.570000,3.160000,25.570000,4.730000,75.550000,153.810000,0.070000,15.240000
2013-10-02,144.810000,0.020000,149.190000,170.430000,25.140000,208.450000,249.610000,1.570000,3.160000,25.580000,4.770000,76.430000,153.860000,0.070000,15.390000
2013-10-03,143.910000,0.020000,148.980000,170.260000,25.170000,208.380000,249.760000,1.580000,3.160000,25.580000,4.770000,76.270000,154.050000,0.070000,15.230000
2013-10-04,144.580000,0.020000,149.180000,170.930000,25.180000,209.720000,250.060000,1.580000,3.160000,25.700000,4.790000,77.140000,154.090000,0.070000,15.360000
2013-10-05,145.390000,0.020000,149.200000,171.140000,25.190000,209.800000,248.290000,1.590000,3.160000,25.850000,4.800000,77.090000,154.150000,0.070000,15.410000
2013-10-08,145.040000,0.020000,149.560000,171.130000,25.210000,209.610000,247.930000,1.590000,3.160000,25.790000,4.780000,77.210000,154.270000,0.070000,15.380000
2013-10-09,145.750000,0.020000,149.450000,170.590000,25.220000,209.410000,247.860000,1.590000,3.160000,25.920000,4.780000,77.540000,154.350000,0.070000,15.470000
2013-10-10,145.760000,0.020000,148.760000,169.740000,25.210000,208.650000,246.460000,1.580000,3.160000,25.770000,4.770000,77.610000,154.280000,0.070000,15.440000
2013-10-11,145.650000,0.020000,148.560000,169.610000,25.250000,208.830000,246.050000,1.580000,3.160000,25.540000,4.780000,78.000000,154.400000,0.070000,15.490000
2013-10-12,145.560000,0.020000,148.010000,169.420000,25.120000,208.640000,245.660000,1.560000,3.170000,25.570000,4.770000,77.580000,153.770000,0.070000,15.560000
2013-10-13,145.450000,0.020000,148.460000,168.530000,25.110000,208.190000,245.170000,1.560000,3.220000,25.630000,4.770000,77.640000,153.700000,0.070000,15.610000
2013-10-17,146.320000,0.020000,148.040000,168.240000,25.170000,207.730000,246.050000,1.560000,3.150000,25.510000,4.760000,77.380000,153.520000,0.070000,15.490000
2013-10-18,147.550000,0.020000,149.510000,170.180000,25.240000,209.720000,247.610000,1.570000,3.160000,25.890000,4.800000,77.970000,153.910000,0.070000,15.720000
2013-10-19,148.440000,0.020000,149.590000,170.680000,25.240000,210.660000,249.050000,1.570000,3.170000,25.980000,4.830000,78.320000,153.870000,0.070000,15.650000
2013-10-22,148.750000,0.020000,149.420000,170.280000,25.250000,210.270000,248.740000,1.570000,3.170000,25.980000,4.820000,77.900000,153.830000,0.070000,15.640000
2013-10-23,148.490000,0.020000,149.420000,170.240000,25.240000,210.230000,247.990000,1.560000,3.160000,25.910000,4.820000,77.530000,153.780000,0.070000,15.700000
2013-10-24,148.020000,0.020000,148.820000,171.810000,25.270000,211.510000,248.200000,1.580000,3.160000,26.000000,4.830000,77.840000,153.750000,0.070000,15.770000
2013-10-25,147.890000,0.020000,147.910000,172.490000,25.280000,211.950000,248.770000,1.580000,3.160000,26.080000,4.850000,77.760000,153.720000,0.070000,15.800000
2013-10-26,147.390000,0.020000,147.220000,172.480000,25.280000,212.510000,249.330000,1.580000,3.160000,26.090000,4.850000,77.590000,153.800000,0.070000,15.750000
2013-10-29,148.110000,0.020000,147.620000,172.460000,25.320000,212.770000,249.500000,1.580000,3.180000,26.180000,4.840000,77.860000,154.090000,0.070000,15.810000
2013-10-30,146.810000,0.020000,147.860000,171.940000,25.350000,212.410000,248.230000,1.580000,3.180000,26.140000,4.830000,77.700000,154.370000,0.070000,15.660000
2013-10-31,146.780000,0.020000,147.680000,171.940000,25.330000,212.420000,247.780000,1.570000,3.180000,26.270000,4.830000,77.610000,154.330000,0.070000,15.650000
2013-11-01,146.490000,0.020000,147.480000,171.500000,25.310000,211.420000,247.150000,1.570000,3.180000,26.130000,4.810000,77.460000,154.230000,0.070000,15.560000
2013-11-02,146.140000,0.020000,148.020000,169.580000,25.290000,208.780000,246.940000,1.570000,3.180000,25.960000,4.790000,77.240000,154.250000,0.070000,15.350000
2013-11-05,146.510000,0.020000,148.230000,169.360000,25.310000,208.500000,246.020000,1.570000,3.180000,25.900000,4.770000,76.560000,154.340000,0.070000,15.210000
2013-11-06,145.950000,0.020000,147.480000,168.920000,25.270000,207.770000,245.970000,1.570000,3.180000,25.800000,4.760000,76.130000,154.090000,0.070000,15.120000
2013-11-07,146.340000,0.020000,147.260000,168.760000,25.240000,207.620000,247.320000,1.560000,3.220000,25.790000,4.730000,75.920000,153.770000,0.070000,15.070000
2013-11-08,145.790000,0.020000,147.550000,168.510000,25.230000,207.780000,247.100000,1.560000,3.160000,25.730000,4.750000,75.610000,153.660000,0.070000,15.020000
2013-11-09,145.370000,0.020000,146.900000,167.630000,25.220000,206.090000,247.130000,1.560000,3.160000,25.290000,4.720000,75.670000,153.600000,0.070000,14.990000
2013-11-12,143.690000,0.020000,146.360000,166.410000,25.150000,205.040000,245.380000,1.550000,3.150000,24.960000,4.690000,75.380000,153.200000,0.070000,14.830000
2013-11-13,142.980000,0.020000,146.030000,166.420000,25.160000,205.200000,244.370000,1.540000,3.150000,24.700000,4.670000,74.800000,153.260000,0.070000,14.770000
2013-11-14,142.120000,0.020000,146.110000,166.950000,25.130000,205.670000,243.250000,1.540000,3.150000,24.710000,4.660000,74.440000,153.110000,0.070000,14.850000
2013-11-15,142.530000,0.020000,146.110000,167.040000,25.130000,205.950000,245.420000,1.530000,3.140000,24.690000,4.680000,74.900000,153.080000,0.070000,14.920000
2013-11-16,142.810000,0.020000,146.220000,166.990000,25.140000,206.100000,246.050000,1.530000,3.140000,24.910000,4.690000,75.140000,153.180000,0.070000,15.080000
2013-11-19,144.270000,0.020000,147.080000,167.970000,25.160000,207.020000,247.420000,1.540000,3.130000,25.110000,4.710000,75.790000,153.270000,0.070000,15.190000
2013-11-20,144.160000,0.020000,146.630000,167.860000,25.120000,206.940000,246.380000,1.540000,3.130000,25.060000,4.690000,75.740000,153.070000,0.070000,15.160000
2013-11-21,143.740000,0.020000,146.290000,168.130000,25.110000,207.090000,246.940000,1.530000,3.130000,25.150000,4.670000,76.150000,153.000000,0.070000,15.070000
2013-11-22,142.020000,0.020000,146.120000,166.640000,25.090000,205.170000,246.010000,1.520000,3.130000,24.970000,4.620000,75.890000,152.840000,0.070000,15.100000
2013-11-23,140.360000,0.020000,144.850000,167.710000,25.080000,206.520000,247.700000,1.510000,3.130000,25.100000,4.650000,75.790000,152.800000,0.070000,15.090000
2013-11-26,139.710000,0.020000,144.790000,168.050000,25.080000,206.680000,247.430000,1.500000,3.220000,25.080000,4.650000,76.500000,152.770000,0.070000,15.280000
2013-11-27,139.880000,0.020000,144.850000,168.160000,25.070000,207.030000,247.210000,1.510000,3.120000,25.030000,4.640000,76.140000,152.720000,0.070000,15.190000
2013-11-28,139.740000,0.020000,145.400000,169.460000,25.180000,208.380000,248.920000,1.510000,3.130000,25.190000,4.650000,76.190000,153.380000,0.070000,15.190000
2013-11-29,140.450000,0.020000,145.550000,170.390000,25.290000,209.710000,251.130000,1.510000,3.150000,25.290000,4.650000,76.320000,154.050000,0.070000,15.080000
2013-11-30,139.930000,0.020000,145.190000,169.680000,25.230000,209.160000,250.940000,1.500000,3.140000,25.170000,4.630000,76.230000,153.680000,0.070000,15.100000
2013-12-04,140.550000,0.020000,145.150000,170.390000,25.350000,209.550000,253.020000,1.500000,3.150000,25.230000,4.650000,75.990000,154.420000,0.070000,15.010000
2013-12-05,139.450000,0.020000,144.880000,170.700000,25.360000,209.810000,252.870000,1.500000,3.150000,25.280000,4.650000,75.590000,154.500000,0.070000,14.900000
2013-12-06,139.230000,0.020000,144.560000,171.070000,25.330000,209.810000,252.720000,1.510000,3.140000,25.090000,4.660000,75.200000,154.250000,0.070000,14.690000
2013-12-07,139.740000,0.020000,144.840000,172.080000,25.360000,210.640000,252.080000,1.510000,3.130000,25.010000,4.690000,75.640000,154.250000,0.070000,14.710000
2013-12-10,139.860000,0.020000,144.660000,172.800000,25.390000,211.360000,252.200000,1.490000,3.120000,25.070000,4.700000,75.940000,154.120000,0.070000,14.910000
2013-12-11,140.480000,0.020000,145.260000,173.720000,25.450000,212.410000,253.790000,1.500000,3.130000,25.220000,4.720000,76.210000,154.470000,0.070000,14.960000
2013-12-12,140.890000,0.020000,145.700000,174.030000,25.450000,212.730000,253.680000,1.510000,3.130000,25.310000,4.720000,76.210000,154.520000,0.070000,14.900000
2013-12-13,139.510000,0.020000,145.830000,173.760000,25.400000,212.640000,253.030000,1.500000,3.120000,25.100000,4.710000,75.670000,154.210000,0.070000,14.920000
2013-12-14,137.850000,0.020000,144.870000,173.450000,25.380000,212.070000,251.880000,1.490000,3.120000,24.910000,4.690000,75.510000,154.110000,0.070000,14.850000
2013-12-19,137.160000,0.020000,145.150000,173.740000,25.360000,211.980000,250.960000,1.500000,3.140000,25.260000,4.670000,75.420000,153.990000,0.070000,14.960000
2013-12-20,136.220000,0.020000,143.720000,171.880000,25.340000,210.370000,251.880000,1.480000,3.130000,25.120000,4.680000,75.020000,153.850000,0.070000,14.960000
2013-12-21,136.320000,0.020000,143.990000,171.120000,25.320000,209.690000,251.180000,1.470000,3.130000,25.000000,4.660000,73.640000,153.720000,0.070000,14.740000
2013-12-24,137.060000,0.020000,144.330000,171.390000,25.310000,210.060000,251.300000,1.480000,3.120000,24.900000,4.670000,73.610000,153.600000,0.070000,14.910000
2013-12-25,137.180000,0.020000,144.840000,171.740000,25.350000,210.400000,251.190000,1.480000,3.120000,24.990000,4.710000,73.840000,153.880000,0.070000,14.870000
2013-12-26,137.490000,0.020000,145.100000,172.240000,25.380000,210.720000,251.710000,1.480000,3.150000,25.150000,4.720000,74.660000,154.100000,0.070000,15.030000
2013-12-27,136.710000,0.020000,144.590000,171.690000,25.330000,210.530000,251.910000,1.470000,3.120000,24.970000,4.710000,73.530000,153.830000,0.070000,14.920000
2013-12-28,137.140000,0.020000,144.620000,172.960000,25.330000,212.000000,253.340000,1.470000,3.120000,25.170000,4.720000,71.570000,153.690000,0.070000,14.840000
2013-12-29,136.480000,0.020000,143.800000,172.670000,25.360000,211.470000,253.610000,1.460000,3.130000,25.080000,4.720000,71.550000,153.900000,0.070000,14.640000
2013-12-31,135.940000,0.020000,143.410000,172.340000,25.340000,211.170000,253.290000,1.460000,3.110000,25.020000,4.690000,71.910000,153.610000,0.070000,14.620000
2014-01-01,137.420000,0.020000,144.700000,173.020000,25.450000,212.020000,254.800000,1.470000,3.130000,25.320000,4.680000,72.670000,154.060000,0.070000,14.760000
2014-01-07,138.190000,0.020000,145.370000,170.800000,25.520000,210.130000,252.930000,1.480000,3.140000,25.020000,4.650000,70.510000,154.470000,0.070000,14.510000
2014-01-09,137.670000,0.020000,142.800000,169.750000,25.530000,210.200000,253.770000,1.470000,3.130000,24.960000,4.660000,71.210000,154.490000,0.070000,14.500000
2014-01-10,137.170000,0.020000,142.670000,170.180000,25.520000,210.270000,254.260000,1.470000,3.140000,24.990000,4.670000,70.700000,154.510000,0.070000,14.390000
2014-01-11,137.430000,0.020000,142.490000,170.290000,25.530000,210.160000,254.360000,1.470000,3.130000,24.980000,4.650000,70.820000,154.520000,0.070000,14.340000
2014-01-14,139.730000,0.020000,141.720000,171.370000,25.590000,211.300000,254.140000,1.500000,3.120000,25.180000,4.670000,71.230000,154.640000,0.070000,14.510000
2014-01-15,139.440000,0.020000,141.970000,171.860000,25.620000,211.790000,254.050000,1.490000,3.120000,25.330000,4.650000,70.640000,154.760000,0.070000,14.240000
2014-01-16,137.860000,0.020000,141.200000,170.810000,25.640000,211.080000,254.170000,1.480000,3.130000,25.350000,4.650000,70.610000,154.990000,0.070000,14.250000
2014-01-17,136.300000,0.020000,141.800000,170.910000,25.620000,211.170000,253.530000,1.480000,3.120000,25.220000,4.640000,70.340000,155.170000,0.070000,14.190000
2014-01-18,136.570000,0.020000,141.900000,171.330000,25.650000,211.020000,253.210000,1.490000,3.090000,25.080000,4.640000,70.290000,155.170000,0.070000,14.260000
2014-01-21,136.590000,0.020000,141.790000,170.700000,25.660000,210.450000,255.330000,1.490000,3.100000,25.180000,4.600000,69.250000,155.270000,0.070000,14.330000
2014-01-22,136.380000,0.020000,141.360000,170.140000,25.670000,210.210000,255.000000,1.480000,3.090000,25.110000,4.580000,69.370000,155.300000,0.070000,14.340000
2014-01-23,137.690000,0.020000,141.530000,170.300000,25.640000,210.060000,255.330000,1.490000,3.080000,25.150000,4.580000,68.970000,155.140000,0.070000,14.340000
2014-01-24,136.430000,0.020000,138.870000,171.650000,25.630000,211.420000,257.530000,1.490000,3.060000,25.300000,4.550000,67.820000,155.100000,0.070000,14.170000
2014-01-25,134.660000,0.020000,139.620000,172.690000,25.640000,211.990000,257.870000,1.510000,3.070000,25.330000,4.510000,67.300000,155.090000,0.070000,14.050000
2014-01-28,135.250000,0.020000,140.310000,173.550000,25.660000,212.510000,256.280000,1.520000,3.050000,25.250000,4.460000,65.380000,155.170000,0.070000,13.900000
2014-01-29,136.750000,0.020000,139.920000,173.070000,25.680000,212.240000,257.820000,1.510000,3.060000,25.250000,4.500000,68.560000,155.350000,0.070000,14.050000
2014-01-30,136.300000,0.020000,139.220000,173.100000,25.680000,212.570000,258.080000,1.510000,3.060000,25.310000,4.460000,70.880000,155.500000,0.070000,14.040000
2014-01-31,136.110000,0.020000,139.210000,173.110000,25.670000,211.580000,256.730000,1.520000,3.060000,25.080000,4.400000,68.100000,155.540000,0.070000,13.710000
2014-02-01,136.200000,0.020000,139.090000,172.170000,25.660000,210.750000,256.140000,1.510000,3.080000,24.830000,4.440000,68.930000,155.500000,0.070000,13.930000
2014-02-04,136.350000,0.020000,140.120000,171.810000,25.660000,209.860000,254.890000,1.520000,3.090000,24.800000,4.420000,68.600000,155.490000,0.070000,13.990000
2014-02-05,138.230000,0.020000,140.110000,172.290000,25.680000,210.290000,253.460000,1.540000,3.090000,24.710000,4.400000,68.800000,155.630000,0.070000,13.940000
2014-02-06,138.590000,0.020000,140.680000,172.190000,25.690000,210.400000,254.010000,1.540000,3.080000,24.790000,4.470000,69.450000,155.680000,0.070000,14.040000
2014-02-07,139.070000,0.020000,140.370000,172.080000,25.650000,210.310000,253.260000,1.530000,3.060000,24.930000,4.470000,69.710000,155.460000,0.070000,13.990000
2014-02-08,139.050000,0.020000,140.580000,172.510000,25.650000,210.890000,254.040000,1.520000,3.060000,25.030000,4.490000,70.140000,155.500000,0.070000,14.060000
2014-02-11,138.790000,0.020000,141.050000,173.620000,25.680000,212.250000,255.120000,1.520000,3.050000,25.150000,4.470000,69.950000,155.560000,0.070000,13.990000
2014-02-12,148.080000,0.020000,148.060000,183.130000,27.050000,224.070000,268.930000,1.600000,3.190000,26.790000,4.710000,74.330000,163.900000,0.070000,14.790000
2014-02-13,167.180000,0.020000,167.800000,205.570000,30.440000,251.570000,303.560000,1.800000,3.600000,30.060000,5.310000,84.260000,184.500000,0.080000,16.840000
2014-02-14,165.220000,0.020000,168.000000,205.710000,30.430000,251.330000,307.030000,1.810000,3.570000,30.190000,5.280000,84.070000,184.500000,0.080000,16.750000
2014-02-15,166.690000,0.020000,168.390000,206.850000,30.410000,252.720000,308.320000,1.810000,3.570000,30.250000,5.230000,84.520000,184.510000,0.080000,16.830000
2014-02-18,166.620000,0.020000,168.120000,206.840000,30.430000,252.780000,309.220000,1.810000,3.570000,30.350000,5.260000,84.590000,184.500000,0.080000,16.980000
2014-02-19,166.300000,0.020000,168.300000,207.060000,30.410000,253.060000,307.850000,1.800000,3.570000,30.420000,5.220000,84.510000,184.510000,0.080000,16.970000
2014-02-20,166.470000,0.020000,168.900000,207.720000,30.370000,253.830000,308.620000,1.810000,3.600000,30.510000,5.170000,84.380000,184.540000,0.080000,16.870000
2014-02-21,165.800000,0.020000,167.040000,207.710000,30.380000,253.120000,307.670000,1.820000,3.560000,30.340000,5.160000,83.580000,184.800000,0.080000,16.690000
2014-02-22,166.400000,0.020000,165.920000,207.830000,30.360000,253.550000,308.260000,1.810000,3.560000,30.270000,5.180000,84.230000,184.950000,0.080000,16.840000
2014-02-25,165.730000,0.019000,165.970000,208.320000,30.260000,253.960000,307.410000,1.800000,3.580000,30.500000,5.210000,84.640000,184.510000,0.083300,16.840000
2014-02-26,166.240000,0.018900,166.710000,207.970000,30.120000,253.680000,307.600000,1.800000,3.510000,30.670000,5.170000,83.380000,184.470000,0.082900,17.130000
2014-02-27,166.490000,0.019000,166.760000,208.160000,30.160000,253.900000,308.370000,1.810000,3.560000,30.480000,5.140000,83.850000,184.720000,0.082900,17.270000
2014-02-28,164.240000,0.018800,165.540000,206.550000,30.040000,251.410000,306.330000,1.800000,3.470000,30.420000,5.100000,82.280000,184.060000,0.082900,17.130000
2014-03-01,164.970000,0.018900,165.420000,207.580000,29.960000,252.500000,308.040000,1.810000,3.510000,30.550000,5.090000,83.070000,184.080000,0.082900,17.240000
2014-03-04,164.360000,0.018900,166.410000,209.030000,29.950000,253.610000,307.710000,1.820000,3.380000,30.520000,5.050000,82.970000,184.070000,0.082900,17.100000
2014-03-05,163.430000,0.018700,164.650000,206.500000,29.700000,250.960000,304.820000,1.790000,3.350000,30.270000,5.020000,82.390000,182.460000,0.081800,16.850000
2014-03-06,163.000000,0.018600,164.110000,204.980000,29.670000,249.730000,303.260000,1.780000,3.370000,30.310000,5.030000,82.380000,181.780000,0.081300,17.000000
2014-03-07,164.300000,0.018600,165.090000,204.940000,29.760000,249.950000,304.200000,1.770000,3.340000,30.380000,5.040000,82.730000,182.090000,0.081400,17.150000
2014-03-08,165.930000,0.018700,165.690000,207.260000,29.720000,252.600000,305.080000,1.770000,3.340000,30.520000,5.020000,83.330000,182.080000,0.081700,17.240000
2014-03-12,164.460000,0.018600,163.720000,207.130000,29.650000,252.290000,302.640000,1.760000,3.340000,30.570000,5.010000,82.150000,182.070000,0.081200,16.960000
2014-03-13,163.020000,0.018600,163.920000,207.480000,29.640000,252.230000,302.410000,1.770000,3.340000,30.500000,4.990000,80.980000,182.130000,0.081300,16.680000
2014-03-14,165.180000,0.018600,164.480000,209.240000,29.680000,254.070000,303.380000,1.780000,3.350000,30.760000,5.000000,81.880000,182.100000,0.081300,16.900000
2014-03-15,164.160000,0.018600,164.160000,208.110000,29.610000,252.500000,302.400000,1.790000,3.340000,30.440000,4.970000,81.600000,182.100000,0.081400,16.890000
2014-03-18,165.220000,0.018500,164.450000,208.330000,29.470000,253.170000,303.110000,1.790000,3.350000,30.590000,4.960000,81.970000,182.060000,0.081800,17.020000
2014-03-19,165.220000,0.018500,164.730000,208.450000,29.420000,253.300000,302.290000,1.790000,3.340000,30.560000,4.980000,81.790000,182.060000,0.081600,16.920000
2014-03-20,165.890000,0.018500,163.370000,208.070000,29.390000,253.270000,302.550000,1.790000,3.340000,30.510000,5.050000,82.090000,182.040000,0.081500,17.010000
2014-03-21,164.310000,0.018500,161.840000,206.350000,29.230000,251.570000,301.350000,1.780000,3.350000,30.160000,5.030000,81.420000,182.020000,0.081800,16.750000
2014-03-27,167.910000,0.018500,163.490000,205.530000,29.330000,251.160000,301.030000,1.780000,3.340000,30.140000,5.140000,82.050000,182.080000,0.080700,16.930000
2014-03-28,168.090000,0.018500,164.190000,205.470000,29.300000,250.560000,301.550000,1.780000,3.340000,30.040000,5.120000,82.860000,182.050000,0.080900,17.030000
2014-03-29,168.590000,0.018500,165.360000,204.860000,29.310000,249.700000,302.590000,1.780000,3.340000,30.250000,5.090000,83.120000,182.040000,0.080900,17.140000
2014-04-01,167.970000,0.018500,164.550000,205.110000,29.290000,250.210000,302.620000,1.760000,3.340000,30.300000,5.110000,84.290000,182.060000,0.080900,17.170000
2014-04-02,168.690000,0.018400,164.650000,206.310000,29.340000,251.220000,303.070000,1.760000,3.340000,30.500000,5.190000,84.720000,182.070000,0.080700,17.220000
2014-04-03,168.250000,0.018400,165.260000,205.890000,29.330000,251.000000,303.030000,1.750000,3.370000,30.490000,5.150000,85.170000,182.030000,0.080700,17.150000
2014-04-04,167.860000,0.018400,165.310000,205.160000,29.310000,250.500000,302.080000,1.750000,3.370000,30.420000,5.120000,85.160000,182.020000,0.080600,17.050000
2014-04-05,168.290000,0.018400,165.260000,204.000000,29.310000,249.500000,302.060000,1.750000,3.370000,30.390000,5.140000,85.230000,182.050000,0.080600,17.190000
2014-04-08,169.030000,0.018400,165.660000,204.390000,29.300000,249.580000,301.640000,1.770000,3.370000,30.330000,5.120000,86.100000,182.030000,0.080700,17.240000
2014-04-09,169.990000,0.018400,166.540000,205.510000,29.380000,250.610000,304.120000,1.770000,3.340000,30.480000,5.130000,86.820000,182.040000,0.080700,17.440000
2014-04-10,170.710000,0.018400,166.490000,206.030000,29.370000,251.110000,304.640000,1.780000,3.340000,30.520000,5.100000,86.710000,182.070000,0.080700,17.460000
2014-04-11,171.910000,0.018400,167.260000,207.250000,29.300000,252.210000,305.270000,1.790000,3.340000,30.740000,5.120000,86.550000,182.010000,0.080700,17.570000
2014-04-12,170.930000,0.018400,166.490000,207.810000,29.310000,252.720000,305.160000,1.790000,3.340000,30.640000,5.110000,86.120000,182.020000,0.080400,17.420000
2014-04-15,170.960000,0.018300,165.890000,207.060000,29.270000,251.550000,304.280000,1.790000,3.350000,30.510000,5.060000,85.530000,182.030000,0.080300,17.270000
2014-04-16,170.840000,0.018400,165.670000,206.660000,29.260000,251.200000,304.290000,1.790000,3.350000,30.530000,5.060000,85.620000,182.070000,0.080300,17.320000
2014-04-17,170.110000,0.018300,165.650000,207.180000,29.260000,251.950000,305.970000,1.780000,3.340000,30.590000,5.050000,85.400000,182.030000,0.080200,17.300000
2014-04-18,170.370000,0.018400,165.480000,207.000000,29.270000,252.060000,306.430000,1.780000,3.410000,30.490000,5.070000,85.430000,182.060000,0.080200,17.380000
2014-04-19,169.820000,0.018300,165.440000,206.360000,29.250000,251.540000,305.480000,1.780000,3.340000,30.430000,5.120000,85.570000,182.050000,0.080200,17.370000
2014-04-22,169.830000,0.018300,165.220000,206.500000,29.240000,251.780000,306.170000,1.780000,3.340000,30.500000,5.110000,85.280000,182.070000,0.080200,17.380000
2014-04-23,170.260000,0.018300,165.200000,205.860000,29.180000,251.300000,306.160000,1.780000,3.370000,30.400000,5.100000,85.220000,182.020000,0.080100,17.350000
2014-04-24,168.940000,0.018300,164.950000,206.570000,29.180000,252.050000,306.090000,1.780000,3.340000,30.480000,5.100000,84.850000,182.010000,0.080000,17.310000
2014-04-25,168.780000,0.018300,164.970000,206.220000,29.130000,251.480000,305.520000,1.780000,3.340000,30.400000,5.100000,84.970000,182.010000,0.080000,17.310000
2014-04-26,168.810000,0.018300,165.060000,206.550000,29.110000,251.830000,305.940000,1.780000,3.340000,30.400000,5.060000,85.180000,182.010000,0.079900,17.120000
2014-04-29,169.300000,0.018300,165.190000,207.380000,29.110000,252.500000,306.560000,1.780000,3.380000,30.330000,5.050000,85.500000,182.020000,0.080000,17.130000
2014-04-30,168.510000,0.018300,165.670000,206.970000,29.100000,252.450000,305.970000,1.770000,3.360000,30.430000,5.100000,86.030000,182.050000,0.080200,17.180000
2014-05-01,168.970000,0.018300,166.140000,206.370000,29.090000,251.680000,306.170000,1.780000,3.370000,30.490000,5.100000,86.060000,182.060000,0.080100,17.260000
2014-05-05,168.810000,0.018300,165.940000,207.380000,29.080000,252.460000,307.010000,1.780000,3.400000,30.680000,5.080000,86.590000,182.020000,0.080200,17.450000
2014-05-06,168.770000,0.018200,166.030000,207.520000,29.150000,252.550000,307.120000,1.790000,3.400000,30.580000,5.090000,86.900000,182.020000,0.080200,17.450000
2014-05-07,169.290000,0.018200,166.230000,208.250000,29.240000,253.470000,308.320000,1.780000,3.400000,30.710000,5.110000,86.840000,182.010000,0.080200,17.300000
2014-05-12,170.480000,0.018300,167.210000,205.480000,29.250000,250.570000,306.890000,1.790000,3.480000,30.820000,5.170000,87.760000,182.140000,0.080200,17.680000
2014-05-13,170.590000,0.018200,167.130000,205.390000,29.190000,250.600000,307.430000,1.790000,3.470000,30.810000,5.190000,87.710000,182.040000,0.080200,17.670000
2014-05-14,169.950000,0.018200,166.850000,204.980000,29.220000,250.200000,306.650000,1.780000,3.480000,30.740000,5.220000,87.810000,182.020000,0.080200,17.740000
2014-05-15,171.180000,0.018200,167.060000,204.830000,29.230000,249.810000,306.060000,1.790000,3.480000,30.760000,5.240000,88.100000,182.050000,0.080200,17.800000
2014-05-16,170.670000,0.018200,167.520000,203.770000,29.220000,248.820000,304.990000,1.790000,3.490000,30.690000,5.250000,87.720000,182.030000,0.080200,17.630000
2014-05-17,170.200000,0.018200,167.440000,204.460000,29.200000,249.640000,305.830000,1.790000,3.550000,30.620000,5.230000,86.750000,182.010000,0.080200,17.560000
2014-05-20,170.200000,0.018100,167.700000,204.140000,29.180000,249.540000,305.960000,1.800000,3.550000,30.640000,5.260000,86.880000,182.010000,0.080200,17.610000
2014-05-21,168.740000,0.018100,167.420000,204.010000,29.210000,249.300000,306.620000,1.800000,3.510000,30.690000,5.260000,86.560000,182.200000,0.080300,17.450000
2014-05-22,168.490000,0.018200,167.390000,204.770000,29.260000,250.100000,308.180000,1.810000,3.510000,30.640000,5.290000,86.530000,182.410000,0.080400,17.600000
2014-05-23,168.830000,0.018100,167.300000,204.300000,29.260000,249.480000,307.630000,1.800000,3.480000,30.730000,5.310000,87.130000,182.420000,0.080400,17.560000
2014-05-24,168.600000,0.018100,167.680000,203.860000,29.300000,248.910000,307.900000,1.800000,3.490000,30.640000,5.330000,87.650000,182.740000,0.080500,17.670000
2014-05-27,168.940000,0.018200,168.450000,204.450000,29.320000,249.520000,308.150000,1.800000,3.490000,30.690000,5.360000,87.670000,182.920000,0.080600,17.770000
2014-05-28,169.920000,0.018300,169.350000,204.890000,29.370000,250.290000,308.980000,1.800000,3.490000,30.820000,5.360000,87.630000,183.460000,0.080800,17.740000
2014-05-29,169.910000,0.018200,169.440000,205.020000,29.420000,250.570000,308.450000,1.810000,3.510000,30.970000,5.330000,87.350000,183.960000,0.081000,17.600000
2014-05-30,170.580000,0.018300,168.880000,204.730000,29.420000,249.870000,307.000000,1.810000,3.540000,30.800000,5.310000,87.780000,183.500000,0.079900,17.610000
2014-05-31,170.910000,0.018300,169.480000,204.590000,29.370000,249.730000,307.000000,1.810000,3.510000,30.750000,5.280000,87.670000,183.500000,0.079900,17.580000
2014-06-03,169.750000,0.018200,169.010000,204.290000,29.380000,249.480000,307.090000,1.800000,3.530000,30.590000,5.260000,87.550000,183.510000,0.079900,17.360000
2014-06-04,170.300000,0.018100,168.350000,204.220000,29.340000,249.560000,307.660000,1.790000,3.530000,30.580000,5.250000,87.380000,183.490000,0.079900,17.200000
2014-06-05,170.130000,0.018200,167.860000,204.600000,29.360000,249.720000,307.010000,1.790000,3.500000,30.570000,5.220000,86.330000,183.510000,0.079900,17.000000
2014-06-06,170.370000,0.018200,167.830000,204.920000,29.340000,249.760000,307.530000,1.790000,3.510000,30.620000,5.260000,86.940000,183.510000,0.079900,17.110000
2014-06-07,171.660000,0.018100,168.170000,205.640000,29.360000,250.200000,308.390000,1.790000,3.500000,30.720000,5.300000,87.850000,183.510000,0.079900,17.230000
2014-06-10,171.780000,0.018100,168.000000,205.310000,29.410000,250.270000,308.540000,1.790000,3.510000,30.860000,5.350000,88.370000,183.510000,0.079900,17.360000
2014-06-11,171.670000,0.018100,168.220000,204.100000,29.480000,248.770000,308.370000,1.790000,3.520000,30.780000,5.340000,87.880000,183.510000,0.079900,17.110000
2014-06-12,172.370000,0.018200,168.470000,203.760000,29.470000,248.230000,308.190000,1.800000,3.530000,30.680000,5.340000,87.960000,183.510000,0.079900,17.050000
2014-06-13,172.320000,0.018100,168.990000,203.880000,29.520000,248.270000,308.900000,1.800000,3.540000,30.590000,5.340000,86.970000,183.510000,0.079900,17.090000
2014-06-14,172.660000,0.018100,169.150000,204.790000,29.560000,249.060000,311.540000,1.800000,3.530000,30.610000,5.330000,86.620000,183.510000,0.079900,17.080000
2014-06-17,172.190000,0.018100,168.870000,203.900000,29.480000,248.220000,311.450000,1.800000,3.550000,30.580000,5.300000,85.950000,183.510000,0.079900,17.090000
2014-06-18,171.550000,0.018100,169.060000,204.420000,29.470000,249.020000,311.090000,1.800000,3.520000,30.620000,5.270000,85.750000,183.510000,0.079900,17.070000
2014-06-19,171.340000,0.018100,168.960000,204.130000,29.450000,248.710000,310.830000,1.790000,3.510000,30.540000,5.290000,85.430000,183.510000,0.079900,17.010000
2014-06-20,172.810000,0.018100,169.670000,205.610000,29.460000,250.120000,312.300000,1.800000,3.520000,30.130000,5.360000,86.140000,183.510000,0.079900,17.240000
2014-06-21,172.460000,0.018100,169.560000,205.310000,29.480000,249.760000,313.030000,1.800000,3.530000,29.870000,5.340000,86.050000,183.510000,0.079900,17.190000
2014-06-24,173.130000,0.018100,171.060000,204.840000,29.480000,249.230000,312.340000,1.800000,3.530000,29.940000,5.350000,85.630000,183.500000,0.079900,17.240000
2014-06-25,172.410000,0.018100,171.250000,205.540000,29.450000,249.930000,311.550000,1.800000,3.530000,30.090000,5.390000,86.040000,183.490000,0.079900,17.370000
2014-06-26,171.910000,0.018000,170.770000,205.380000,29.440000,249.760000,311.470000,1.800000,3.540000,29.920000,5.420000,85.870000,183.510000,0.079900,17.320000
2014-06-27,172.640000,0.018000,171.430000,205.440000,29.490000,249.930000,312.190000,1.800000,3.520000,29.970000,5.440000,86.200000,183.500000,0.079900,17.300000
2014-06-28,172.850000,0.018000,171.670000,205.500000,29.510000,249.920000,312.410000,1.810000,3.540000,29.960000,5.450000,86.370000,183.510000,0.079900,17.280000
2014-07-01,172.470000,0.018000,171.840000,206.290000,29.580000,250.600000,312.350000,1.810000,3.540000,29.810000,5.400000,86.440000,183.520000,0.079900,17.300000
2014-07-02,173.460000,0.018000,172.040000,206.780000,29.600000,251.060000,314.350000,1.810000,3.520000,29.760000,5.350000,86.590000,183.520000,0.079900,17.260000
2014-07-03,173.570000,0.018000,172.630000,206.640000,29.550000,250.710000,314.980000,1.810000,3.530000,29.760000,5.360000,86.120000,183.520000,0.079900,17.120000
2014-07-04,172.050000,0.018000,172.380000,206.430000,29.550000,250.600000,314.520000,1.800000,3.530000,29.600000,5.360000,86.140000,183.520000,0.079900,17.030000
2014-07-05,171.650000,0.018000,172.510000,205.190000,29.580000,249.370000,314.700000,1.800000,3.520000,29.520000,5.340000,86.130000,183.520000,0.079900,17.070000
2014-07-09,172.380000,0.017900,171.820000,205.370000,29.600000,249.530000,313.710000,1.800000,3.520000,29.730000,5.350000,86.280000,183.520000,0.079900,17.150000
2014-07-10,172.560000,0.017900,171.980000,205.530000,29.600000,249.790000,314.080000,1.810000,3.550000,29.680000,5.380000,86.420000,183.520000,0.079900,17.180000
2014-07-11,171.980000,0.017900,172.140000,206.060000,29.590000,250.230000,314.110000,1.810000,3.540000,29.850000,5.400000,86.530000,183.520000,0.079900,17.130000
2014-07-12,172.440000,0.017900,172.640000,205.790000,29.580000,249.810000,314.370000,1.810000,3.540000,29.820000,5.390000,86.420000,183.520000,0.079900,17.130000
2014-07-15,172.310000,0.017900,170.970000,206.130000,29.570000,250.120000,314.170000,1.810000,3.550000,29.760000,5.350000,86.650000,183.520000,0.079300,17.120000
2014-07-16,171.980000,0.017900,170.970000,205.580000,29.560000,249.550000,314.520000,1.810000,3.540000,29.650000,5.340000,86.610000,183.520000,0.079900,17.130000
2014-07-17,171.520000,0.017900,170.570000,204.590000,29.580000,248.500000,314.280000,1.800000,3.550000,29.610000,5.340000,86.430000,183.520000,0.079900,17.200000
2014-07-18,172.050000,0.017900,170.940000,204.500000,29.580000,248.340000,314.040000,1.810000,3.550000,29.640000,5.260000,86.460000,183.520000,0.079900,17.210000
2014-07-19,172.180000,0.017900,170.760000,204.520000,29.560000,248.280000,313.930000,1.810000,3.550000,29.740000,5.240000,86.400000,183.520000,0.079900,17.190000
2014-07-22,172.190000,0.017900,170.770000,204.540000,29.570000,248.300000,313.950000,1.810000,3.550000,29.740000,5.240000,86.410000,183.530000,0.079900,17.190000
2014-07-23,172.330000,0.017900,170.930000,203.760000,29.590000,247.600000,313.300000,1.810000,3.530000,29.680000,5.240000,86.630000,183.530000,0.079900,17.300000
2014-07-24,173.340000,0.017900,171.250000,203.470000,29.610000,247.160000,313.100000,1.810000,3.540000,29.720000,5.270000,87.830000,183.530000,0.079900,17.470000
2014-07-25,173.300000,0.017900,171.160000,203.680000,29.630000,247.420000,312.220000,1.810000,3.540000,29.600000,5.240000,87.850000,183.520000,0.079900,17.460000
2014-07-26,172.600000,0.017900,170.530000,203.050000,29.640000,246.720000,311.420000,1.800000,3.540000,29.610000,5.230000,87.630000,183.520000,0.078800,17.420000
2014-07-29,172.420000,0.017900,169.750000,202.990000,29.640000,246.610000,311.600000,1.800000,3.540000,29.470000,5.190000,87.510000,183.520000,0.078800,17.440000
2014-07-30,172.440000,0.017900,169.860000,203.040000,29.700000,246.630000,311.670000,1.800000,3.540000,29.480000,5.150000,87.190000,183.530000,0.078800,17.310000
2014-07-31,171.950000,0.017800,168.870000,202.260000,29.740000,245.930000,310.730000,1.800000,3.570000,29.380000,5.140000,86.630000,183.530000,0.078800,17.320000
2014-08-01,170.250000,0.017800,167.980000,201.760000,29.690000,245.410000,309.320000,1.780000,3.540000,29.240000,5.160000,85.860000,183.280000,0.078700,17.120000
2014-08-02,169.010000,0.017700,166.530000,200.480000,29.470000,243.790000,306.510000,1.770000,3.520000,28.950000,5.090000,84.870000,182.080000,0.078200,16.970000
2014-08-05,169.600000,0.017700,166.610000,200.980000,29.470000,244.420000,306.320000,1.770000,3.530000,29.000000,5.100000,85.510000,182.050000,0.078200,17.070000
2014-08-06,169.950000,0.017700,166.660000,200.310000,29.500000,243.820000,307.250000,1.770000,3.530000,29.060000,5.090000,85.650000,182.040000,0.078200,17.100000
2014-08-07,169.460000,0.017700,165.920000,200.110000,29.530000,243.170000,306.450000,1.780000,3.530000,28.960000,5.030000,84.220000,182.000000,0.078200,16.900000
2014-08-08,168.660000,0.017700,166.540000,200.400000,29.540000,243.410000,306.420000,1.780000,3.530000,29.060000,5.030000,84.360000,182.000000,0.078200,16.960000
2014-08-09,168.420000,0.017700,166.670000,200.840000,29.570000,243.630000,305.830000,1.790000,3.520000,29.110000,4.990000,83.690000,182.000000,0.078200,16.910000
2014-08-12,168.600000,0.017600,165.910000,200.840000,29.580000,243.660000,305.540000,1.780000,3.520000,29.400000,5.030000,84.450000,182.000000,0.078200,16.990000
2014-08-13,168.510000,0.017600,166.350000,200.090000,29.560000,242.900000,305.180000,1.780000,3.500000,29.450000,5.040000,84.210000,182.000000,0.078200,17.070000
2014-08-14,168.930000,0.017600,166.710000,200.240000,29.580000,242.930000,305.810000,1.780000,3.500000,29.540000,5.020000,84.190000,182.000000,0.078200,17.140000
2014-08-15,169.390000,0.017600,166.970000,200.640000,29.580000,243.150000,303.450000,1.780000,3.500000,29.590000,5.050000,84.300000,182.000000,0.078200,17.210000
2014-08-16,169.730000,0.017600,167.080000,201.060000,29.610000,243.570000,303.850000,1.780000,3.490000,29.590000,5.060000,84.550000,182.000000,0.078200,17.250000
2014-08-19,169.500000,0.017600,167.280000,201.350000,29.630000,243.590000,304.470000,1.780000,3.490000,29.600000,5.050000,83.870000,182.000000,0.078200,17.170000
2014-08-20,169.840000,0.017500,167.020000,200.750000,29.640000,243.040000,303.010000,1.770000,3.490000,29.600000,5.030000,84.100000,182.000000,0.077600,17.120000
2014-08-21,169.100000,0.017500,166.210000,199.910000,29.640000,241.930000,302.990000,1.760000,3.480000,29.450000,5.020000,84.030000,182.000000,0.077600,17.060000
2014-08-22,168.770000,0.017500,165.850000,199.450000,29.590000,241.500000,301.740000,1.750000,3.480000,29.590000,5.010000,83.640000,182.000000,0.077600,17.000000
2014-08-23,169.640000,0.017500,166.290000,199.820000,29.590000,241.710000,301.880000,1.750000,3.470000,29.650000,5.030000,83.620000,182.000000,0.077600,16.990000
2014-08-26,169.480000,0.017500,166.330000,198.730000,29.570000,240.190000,301.720000,1.750000,3.460000,29.470000,5.030000,83.600000,182.000000,0.077600,17.020000
2014-08-27,169.190000,0.017500,165.940000,198.840000,29.580000,240.110000,301.630000,1.750000,3.470000,29.500000,5.030000,83.890000,182.000000,0.077500,17.040000
2014-08-28,169.900000,0.017500,167.130000,198.730000,29.630000,239.890000,301.520000,1.750000,3.450000,29.490000,5.040000,84.200000,182.000000,0.078400,17.090000
2014-08-29,170.410000,0.017500,167.740000,199.300000,29.630000,240.290000,301.990000,1.750000,3.450000,29.490000,4.990000,84.250000,182.000000,0.078400,17.110000
2014-08-30,170.240000,0.017500,167.710000,198.910000,29.630000,239.820000,302.070000,1.750000,3.440000,29.450000,4.940000,84.360000,182.000000,0.078400,17.170000
2014-09-03,169.020000,0.017500,166.850000,197.720000,29.600000,238.730000,301.120000,1.740000,3.430000,29.390000,4.870000,84.010000,182.000000,0.078400,16.980000
2014-09-04,169.730000,0.017400,166.870000,198.040000,29.640000,239.110000,299.920000,1.730000,3.440000,29.350000,4.930000,84.120000,182.000000,0.078400,17.030000
2014-09-05,170.060000,0.017400,167.100000,198.240000,29.650000,239.260000,299.500000,1.740000,3.410000,29.280000,4.920000,84.290000,182.000000,0.078400,17.060000
2014-09-06,170.220000,0.017400,167.220000,195.490000,29.640000,235.710000,296.900000,1.730000,3.400000,29.000000,4.930000,83.980000,182.000000,0.078400,16.940000
2014-09-09,170.210000,0.017400,167.140000,195.340000,29.640000,235.530000,293.730000,1.730000,3.400000,28.890000,4.910000,84.060000,182.000000,0.078400,16.920000
2014-09-10,168.730000,0.017400,165.560000,194.400000,29.660000,234.330000,293.170000,1.710000,3.380000,28.710000,4.910000,83.070000,182.000000,0.078400,16.720000
2014-09-11,166.060000,0.017400,165.350000,194.990000,29.700000,235.490000,292.290000,1.710000,3.380000,28.690000,4.890000,82.560000,182.000000,0.078400,16.580000
2014-09-12,166.090000,0.017300,165.910000,194.570000,29.690000,235.270000,295.310000,1.700000,3.380000,28.680000,4.860000,83.010000,182.000000,0.078400,16.630000
2014-09-13,164.630000,0.017400,164.600000,194.470000,29.660000,235.100000,295.470000,1.700000,3.380000,28.550000,4.830000,82.590000,181.950000,0.078400,16.550000
2014-09-16,163.810000,0.017400,164.160000,194.370000,29.630000,235.120000,295.810000,1.700000,3.390000,28.520000,4.780000,82.020000,181.950000,0.078400,16.440000
2014-09-17,163.810000,0.017300,164.590000,194.770000,29.610000,235.440000,294.290000,1.700000,3.370000,28.410000,4.710000,82.320000,181.950000,0.078400,16.640000
2014-09-18,165.140000,0.017300,166.150000,194.700000,29.640000,235.810000,296.470000,1.700000,3.380000,28.420000,4.740000,82.420000,181.950000,0.078400,16.640000
2014-09-19,163.150000,0.017300,165.630000,194.160000,29.630000,234.480000,296.610000,1.680000,3.380000,28.580000,4.740000,82.000000,181.950000,0.078400,16.570000
2014-09-20,162.810000,0.017300,166.030000,194.080000,29.630000,234.130000,298.070000,1.670000,3.370000,28.700000,4.730000,81.820000,181.950000,0.078400,16.460000
2014-09-23,161.370000,0.017300,165.560000,193.650000,29.630000,233.750000,297.380000,1.670000,3.360000,28.660000,4.710000,81.050000,181.950000,0.078400,16.330000
2014-09-24,161.840000,0.017300,165.180000,194.170000,29.640000,234.320000,297.420000,1.680000,3.360000,28.750000,4.710000,81.490000,181.900000,0.078400,16.370000
2014-09-25,161.380000,0.017200,164.240000,193.490000,29.650000,233.640000,298.210000,1.670000,3.350000,28.590000,4.740000,81.400000,181.880000,0.078400,16.330000
2014-09-26,160.220000,0.017200,163.720000,191.740000,29.640000,231.500000,296.540000,1.670000,3.330000,28.390000,4.730000,81.020000,181.880000,0.078400,16.260000
2014-09-27,159.670000,0.017200,163.770000,192.100000,29.690000,231.850000,297.020000,1.670000,3.350000,28.410000,4.680000,80.650000,181.900000,0.078400,16.270000
2014-09-30,158.540000,0.017200,163.040000,191.130000,29.580000,230.560000,295.190000,1.660000,3.360000,28.150000,4.600000,79.700000,181.900000,0.078400,16.090000
2014-10-01,158.800000,0.017300,163.020000,190.470000,29.630000,229.740000,295.170000,1.660000,3.340000,28.340000,4.620000,79.990000,181.900000,0.076800,16.170000
2014-10-02,158.530000,0.017200,162.380000,190.130000,29.640000,229.210000,294.350000,1.660000,3.340000,28.220000,4.580000,79.540000,181.900000,0.078400,16.060000
2014-10-03,159.960000,0.017200,163.980000,190.470000,29.640000,229.920000,294.260000,1.680000,3.350000,28.260000,4.600000,80.190000,181.900000,0.078400,16.280000
2014-10-04,159.650000,0.017200,162.880000,190.070000,29.630000,229.760000,292.590000,1.670000,3.350000,28.090000,4.580000,79.900000,181.900000,0.078400,16.180000
2014-10-07,158.690000,0.017200,162.020000,188.280000,29.620000,228.050000,290.630000,1.660000,3.350000,27.940000,4.550000,79.630000,181.800000,0.078400,16.130000
2014-10-08,159.840000,0.017100,162.920000,189.570000,29.620000,229.580000,292.280000,1.680000,3.350000,28.100000,4.570000,80.250000,181.800000,0.078400,16.220000
2014-10-09,159.930000,0.017100,162.860000,189.910000,29.620000,230.230000,292.210000,1.680000,3.340000,28.080000,4.550000,79.470000,181.800000,0.078400,16.270000
2014-10-10,161.170000,0.017100,163.780000,191.550000,29.660000,231.980000,294.460000,1.680000,3.330000,28.330000,4.550000,80.340000,181.800000,0.076700,16.500000
2014-10-11,158.580000,0.017100,162.390000,190.350000,29.650000,230.300000,292.060000,1.680000,3.320000,27.890000,4.510000,79.840000,181.800000,0.076700,16.360000
2014-10-14,158.680000,0.017100,162.310000,190.630000,29.680000,230.360000,292.350000,1.690000,3.340000,28.040000,4.500000,80.030000,181.800000,0.076700,16.470000
2014-10-15,158.780000,0.017100,161.670000,190.650000,29.690000,230.200000,290.280000,1.700000,3.320000,27.800000,4.470000,79.670000,181.800000,0.076700,16.380000
2014-10-16,158.250000,0.017000,159.750000,190.070000,29.640000,229.480000,288.890000,1.690000,3.310000,27.420000,4.430000,79.940000,181.520000,0.076500,16.370000
2014-10-17,158.450000,0.017000,160.620000,192.720000,29.650000,232.470000,290.360000,1.710000,3.310000,27.530000,4.450000,79.920000,181.500000,0.076400,16.300000
2014-10-18,159.360000,0.017000,161.610000,192.880000,29.640000,232.770000,292.220000,1.710000,3.290000,27.720000,4.430000,80.610000,181.500000,0.076400,16.400000
2014-10-21,158.980000,0.017100,161.020000,192.000000,29.640000,231.500000,292.540000,1.700000,3.270000,27.620000,4.430000,80.840000,181.500000,0.076400,16.430000
2014-10-22,159.670000,0.017000,161.250000,192.650000,29.630000,232.370000,293.260000,1.700000,3.230000,27.710000,4.430000,81.010000,181.340000,0.076300,16.520000
2014-10-23,158.980000,0.017000,161.150000,190.520000,29.590000,229.750000,290.020000,1.690000,3.250000,27.390000,4.420000,80.550000,180.990000,0.076200,16.400000
2014-10-24,158.790000,0.017000,160.760000,189.850000,29.560000,228.980000,289.570000,1.680000,3.230000,27.410000,4.350000,80.800000,180.870000,0.076100,16.540000
2014-10-25,158.730000,0.016900,161.300000,189.770000,29.570000,228.800000,290.310000,1.670000,3.230000,27.510000,4.320000,80.810000,180.870000,0.076100,16.500000
2014-10-28,159.220000,0.017000,161.150000,190.370000,29.570000,229.470000,291.400000,1.680000,3.200000,27.470000,4.310000,80.890000,180.870000,0.076100,16.510000
2014-10-29,159.490000,0.016900,161.030000,190.330000,29.590000,229.540000,291.000000,1.680000,3.200000,27.370000,4.250000,81.090000,180.870000,0.075900,16.520000
2014-10-30,160.490000,0.016900,162.030000,190.970000,29.600000,230.210000,291.710000,1.670000,3.160000,27.150000,4.230000,82.270000,180.870000,0.075900,16.680000
2014-10-31,158.890000,0.016900,161.450000,188.390000,29.580000,227.080000,288.810000,1.660000,3.160000,26.900000,4.170000,81.470000,180.870000,0.075900,16.470000
2014-11-01,159.440000,0.016900,161.480000,188.580000,29.590000,227.370000,289.080000,1.620000,3.150000,26.960000,4.280000,82.450000,180.870000,0.075900,16.670000
2014-11-04,158.120000,0.016900,160.390000,187.570000,29.560000,226.070000,289.360000,1.600000,3.150000,26.670000,4.170000,81.260000,180.870000,0.075900,16.370000
2014-11-05,157.750000,0.016900,159.080000,187.760000,29.580000,226.210000,289.390000,1.590000,3.140000,26.570000,4.150000,81.470000,180.870000,0.075700,16.410000
2014-11-06,156.720000,0.016900,157.940000,187.740000,29.590000,226.020000,288.230000,1.580000,3.150000,26.110000,4.060000,80.850000,180.870000,0.075700,16.230000
2014-11-07,155.860000,0.016900,158.780000,187.880000,29.590000,226.160000,289.050000,1.580000,3.140000,26.480000,3.990000,80.770000,180.870000,0.075700,16.240000
2014-11-08,155.370000,0.016800,158.200000,186.210000,29.540000,224.210000,286.240000,1.570000,3.140000,26.410000,3.770000,79.610000,180.870000,0.075700,15.980000
2014-11-11,156.830000,0.016800,159.720000,187.680000,29.560000,225.650000,287.330000,1.590000,3.150000,26.740000,3.960000,80.400000,180.870000,0.075700,16.120000
2014-11-12,155.420000,0.016800,158.770000,186.660000,29.530000,224.420000,286.530000,1.560000,3.140000,26.470000,3.920000,79.710000,180.870000,0.075700,16.000000
2014-11-13,157.370000,0.016800,159.810000,187.510000,29.530000,225.560000,288.020000,1.570000,3.140000,26.600000,3.900000,80.130000,180.870000,0.075600,16.110000
2014-11-14,158.080000,0.016800,160.020000,187.570000,29.530000,225.400000,285.210000,1.570000,3.140000,26.650000,3.910000,80.530000,180.870000,0.075600,16.190000
2014-11-15,157.190000,0.016800,159.100000,187.550000,29.510000,225.290000,283.420000,1.550000,3.140000,26.660000,3.820000,80.710000,180.870000,0.075600,16.110000
2014-11-18,158.330000,0.016800,160.130000,188.370000,29.530000,226.180000,282.860000,1.560000,3.140000,26.770000,3.820000,81.140000,180.870000,0.075600,16.290000
2014-11-19,158.100000,0.016700,160.490000,188.110000,29.550000,225.940000,283.080000,1.550000,3.140000,26.780000,3.880000,81.440000,180.870000,0.075500,16.340000
2014-11-20,156.180000,0.016700,159.540000,188.820000,29.560000,226.740000,282.190000,1.540000,3.140000,26.800000,3.850000,81.370000,180.870000,0.075500,16.430000
2014-11-21,155.330000,0.016700,159.300000,188.450000,29.540000,226.320000,283.010000,1.530000,3.140000,26.590000,3.880000,80.930000,180.870000,0.075500,16.380000
2014-11-22,155.660000,0.016700,159.780000,187.370000,29.530000,225.380000,282.840000,1.530000,3.140000,26.720000,3.950000,81.270000,180.870000,0.075500,16.490000
2014-11-25,156.180000,0.016800,160.870000,186.350000,29.450000,224.100000,282.810000,1.530000,3.140000,26.660000,4.040000,81.150000,180.870000,0.075500,16.480000
2014-11-26,154.720000,0.016700,160.050000,187.100000,29.480000,224.930000,283.690000,1.530000,3.140000,26.610000,3.990000,81.140000,180.870000,0.075300,16.400000
2014-11-27,153.810000,0.016800,160.430000,187.620000,29.470000,225.490000,284.150000,1.540000,3.150000,26.530000,3.880000,81.370000,180.870000,0.075300,16.490000
2014-11-28,155.110000,0.016700,160.520000,187.700000,29.460000,225.580000,285.110000,1.540000,3.140000,26.350000,3.790000,81.620000,180.870000,0.075300,16.490000
2014-11-29,153.690000,0.016700,158.920000,187.240000,29.440000,225.020000,283.930000,1.530000,3.140000,25.890000,3.660000,81.860000,180.870000,0.075300,16.390000
2014-12-03,153.780000,0.016800,159.750000,187.190000,29.450000,225.310000,284.670000,1.520000,3.140000,26.010000,3.540000,81.760000,181.090000,0.075300,16.450000
2014-12-04,152.540000,0.016700,159.350000,186.010000,29.500000,223.790000,283.820000,1.520000,3.150000,25.820000,3.320000,81.120000,181.400000,0.075400,16.250000
2014-12-05,151.870000,0.016800,159.650000,185.610000,29.480000,223.360000,284.290000,1.510000,3.150000,25.790000,3.390000,81.090000,181.400000,0.075400,16.230000
2014-12-06,151.870000,0.016800,159.050000,186.700000,29.500000,224.460000,284.200000,1.510000,3.150000,25.550000,3.380000,81.150000,181.400000,0.075400,16.170000
2014-12-09,150.310000,0.016600,158.610000,185.140000,29.420000,222.590000,282.670000,1.500000,3.160000,25.290000,3.400000,79.940000,181.620000,0.075500,15.850000
2014-12-10,150.410000,0.016800,158.370000,186.800000,29.380000,224.530000,284.710000,1.520000,3.160000,25.450000,3.350000,80.430000,181.700000,0.075500,15.830000
2014-12-11,151.230000,0.016500,158.680000,187.280000,29.420000,225.070000,285.120000,1.530000,3.150000,25.500000,3.350000,80.390000,181.700000,0.075400,15.860000
2014-12-12,150.880000,0.016700,158.440000,188.290000,29.360000,226.160000,284.910000,1.540000,3.150000,25.070000,3.310000,80.400000,181.700000,0.075400,15.770000
2014-12-13,150.680000,0.016400,157.400000,188.190000,29.370000,225.940000,285.520000,1.530000,3.150000,24.780000,3.170000,80.080000,181.700000,0.075400,15.660000
2014-12-16,149.900000,0.016400,157.170000,188.250000,29.350000,226.110000,285.760000,1.530000,3.150000,24.640000,3.110000,78.660000,181.700000,0.075400,15.720000
2014-12-19,149.150000,0.016600,156.790000,186.340000,29.300000,224.340000,283.890000,1.540000,3.160000,24.540000,3.010000,78.360000,182.050000,0.075400,15.780000
2014-12-20,148.440000,0.016600,157.030000,185.750000,29.270000,223.590000,285.000000,1.530000,3.090000,24.650000,3.010000,78.440000,182.050000,0.075400,15.710000
2014-12-23,148.260000,0.016300,157.140000,185.610000,29.260000,223.340000,284.580000,1.520000,3.090000,24.690000,3.210000,78.640000,182.050000,0.075800,15.750000
2014-12-24,147.770000,0.016700,156.720000,185.220000,29.240000,222.740000,283.930000,1.520000,3.090000,24.540000,3.330000,78.580000,182.050000,0.075300,15.740000
2014-12-25,147.800000,0.016600,157.120000,184.930000,29.330000,222.310000,283.380000,1.510000,3.100000,24.580000,3.340000,78.670000,182.270000,0.075400,15.620000
2014-12-26,148.200000,0.016700,156.950000,185.810000,29.430000,223.180000,283.170000,1.520000,3.100000,24.540000,3.470000,78.630000,182.350000,0.075400,15.680000
2014-12-27,148.120000,0.016700,157.080000,184.960000,29.360000,222.320000,283.630000,1.520000,3.100000,24.420000,3.450000,78.630000,182.350000,0.075400,15.660000
2014-12-30,148.580000,0.016700,156.850000,184.810000,29.310000,222.300000,284.050000,1.510000,3.100000,24.420000,3.300000,78.570000,182.350000,0.075400,15.720000
2014-12-31,148.760000,0.013000,156.870000,184.640000,29.400000,221.970000,283.340000,1.530000,3.100000,24.530000,3.170000,78.600000,182.350000,0.075300,15.690000
2015-01-01,149.380000,0.013000,157.200000,184.270000,29.390000,221.590000,283.920000,1.530000,3.100000,24.610000,3.130000,78.460000,182.350000,0.075300,15.760000
2015-01-06,147.600000,0.015400,155.130000,181.810000,29.400000,218.430000,279.650000,1.520000,3.100000,23.920000,3.150000,78.230000,182.850000,0.075500,15.650000
2015-01-07,148.860000,0.014100,155.580000,181.980000,29.460000,218.580000,278.910000,1.540000,3.110000,23.860000,2.930000,78.700000,183.050000,0.075500,15.610000
2015-01-09,148.490000,0.012900,154.830000,179.810000,29.460000,215.930000,275.230000,1.530000,3.110000,23.770000,3.000000,79.310000,183.050000,0.075500,15.720000
2015-01-10,148.510000,0.013200,154.580000,179.920000,29.480000,216.040000,276.570000,1.530000,3.110000,23.910000,2.980000,79.290000,183.050000,0.075500,15.780000
2015-01-13,150.220000,0.012900,154.670000,180.610000,29.590000,216.830000,277.360000,1.550000,3.100000,23.830000,2.920000,80.080000,183.550000,0.075700,15.960000
2015-01-14,149.870000,0.012700,153.250000,180.660000,29.620000,216.900000,277.530000,1.550000,3.100000,23.740000,2.840000,80.470000,183.550000,0.075700,15.960000
2015-01-15,149.150000,0.012200,153.210000,180.090000,29.630000,216.240000,278.410000,1.570000,3.060000,23.710000,2.790000,79.930000,183.550000,0.075700,15.860000
2015-01-16,151.180000,0.012100,153.830000,180.070000,29.710000,216.170000,279.650000,1.560000,3.070000,23.970000,2.820000,80.730000,183.800000,0.075800,16.020000
2015-01-17,151.190000,0.012100,153.470000,212.040000,29.610000,213.430000,279.470000,1.580000,3.060000,23.960000,2.810000,79.670000,183.800000,0.075800,15.930000
2015-01-20,150.720000,0.012200,153.520000,213.780000,29.560000,212.890000,278.510000,1.570000,3.060000,24.260000,2.830000,78.620000,183.810000,0.075800,15.870000
2015-01-21,150.920000,0.012200,153.770000,209.390000,29.580000,212.970000,277.960000,1.560000,3.070000,24.090000,2.820000,78.680000,183.800000,0.075600,15.810000
2015-01-22,150.450000,0.011900,152.160000,211.930000,29.640000,212.950000,279.000000,1.560000,3.070000,24.060000,2.800000,78.540000,184.100000,0.075800,15.880000
2015-01-23,149.160000,0.012200,149.020000,213.900000,29.650000,213.720000,278.970000,1.560000,3.070000,24.230000,2.810000,78.440000,184.100000,0.075800,15.950000
2015-01-24,146.840000,0.011900,148.710000,211.540000,29.560000,207.570000,275.730000,1.560000,3.060000,23.880000,2.900000,79.250000,184.100000,0.075800,16.150000
2015-01-27,145.600000,0.012200,148.000000,208.070000,29.500000,207.270000,276.860000,1.560000,3.070000,23.710000,2.810000,78.040000,184.450000,0.075900,16.110000
2015-01-28,146.690000,0.012000,148.130000,202.200000,29.550000,209.020000,278.520000,1.560000,3.080000,23.830000,2.730000,78.640000,184.450000,0.075700,16.040000
2015-01-29,147.320000,0.011900,148.320000,204.380000,29.520000,209.240000,280.160000,1.570000,3.080000,23.880000,2.740000,78.120000,184.450000,0.075700,15.960000
2015-01-30,144.390000,0.012000,147.250000,202.400000,29.540000,208.190000,278.850000,1.570000,3.080000,23.600000,2.670000,76.970000,184.450000,0.075700,15.910000
2015-01-31,143.280000,0.011800,145.750000,199.750000,29.510000,209.180000,277.980000,1.570000,3.080000,23.630000,2.660000,76.660000,184.450000,0.075700,15.940000
2015-02-03,143.890000,0.011800,144.600000,197.990000,29.470000,208.870000,277.510000,1.570000,3.080000,23.930000,2.620000,76.030000,184.450000,0.075500,15.900000
2015-02-04,141.380000,0.011800,146.780000,198.830000,29.480000,208.800000,276.820000,1.570000,3.080000,24.200000,2.750000,76.520000,184.450000,0.075500,16.020000
2015-02-05,144.290000,0.011800,148.670000,199.790000,29.570000,211.710000,280.190000,1.570000,3.080000,24.510000,2.790000,76.710000,184.750000,0.075700,16.190000
2015-02-06,143.980000,0.012000,147.340000,199.770000,29.550000,210.120000,281.240000,1.580000,3.050000,24.290000,2.700000,75.390000,184.750000,0.075700,16.150000
2015-02-07,144.750000,0.011900,148.300000,200.550000,29.590000,211.610000,282.830000,1.570000,3.040000,24.660000,2.800000,76.060000,184.750000,0.075700,16.370000
2015-02-10,144.210000,0.012000,147.980000,200.030000,29.620000,209.920000,281.920000,1.560000,3.050000,24.290000,2.820000,74.330000,185.050000,0.075800,16.000000
2015-02-11,144.450000,0.012100,148.240000,200.400000,29.650000,209.380000,281.890000,1.560000,3.050000,24.370000,2.810000,74.830000,185.050000,0.075400,16.000000
2015-02-12,143.520000,0.012100,147.020000,200.440000,29.640000,209.330000,282.260000,1.550000,3.050000,24.440000,2.800000,74.330000,185.050000,0.075100,15.750000
2015-02-13,141.820000,0.012100,146.920000,199.240000,29.640000,209.570000,281.980000,1.550000,3.050000,24.180000,2.780000,74.170000,185.050000,0.075100,15.660000
2015-02-14,143.280000,0.012100,147.950000,199.470000,29.660000,211.480000,284.700000,1.560000,3.050000,24.390000,2.850000,74.980000,185.050000,0.075700,15.790000
2015-02-17,143.970000,0.012300,148.780000,198.850000,29.620000,211.250000,285.110000,1.560000,3.050000,24.480000,2.940000,75.410000,185.050000,0.075500,15.910000
2015-02-18,144.120000,0.012500,148.680000,197.910000,29.590000,210.140000,284.000000,1.560000,3.050000,24.560000,2.940000,75.400000,185.050000,0.075400,15.850000
2015-02-19,144.670000,0.012400,149.070000,197.300000,29.590000,210.980000,284.310000,1.550000,3.030000,24.640000,2.970000,75.220000,185.050000,0.075500,15.820000
2015-02-20,143.800000,0.012400,148.300000,196.950000,29.590000,211.730000,285.900000,1.560000,3.030000,24.560000,2.980000,76.000000,185.050000,0.075400,15.980000
2015-02-21,144.800000,0.012500,148.420000,194.360000,29.590000,209.500000,284.440000,1.560000,3.020000,24.360000,3.010000,75.350000,185.050000,0.075200,15.890000
2015-02-24,144.010000,0.012500,147.090000,195.550000,29.590000,209.530000,284.510000,1.550000,3.030000,24.420000,2.900000,74.680000,185.050000,0.075200,15.770000
2015-02-25,143.490000,0.012500,146.450000,195.040000,29.590000,209.440000,285.900000,1.550000,3.020000,24.290000,2.930000,74.650000,185.050000,0.075200,15.880000
2015-02-26,145.890000,0.012500,148.670000,195.040000,29.560000,210.480000,287.250000,1.560000,3.020000,24.380000,2.960000,75.340000,185.050000,0.075200,16.180000
2015-02-27,145.890000,0.012600,149.080000,195.370000,29.570000,210.110000,287.220000,1.560000,3.030000,24.520000,3.050000,74.620000,185.050000,0.075200,16.250000
2015-02-28,144.670000,0.012400,148.310000,194.890000,29.520000,207.610000,284.980000,1.550000,3.020000,24.210000,3.030000,73.870000,185.050000,0.075100,16.060000
2015-03-03,143.780000,0.012500,147.930000,193.380000,29.500000,207.110000,284.900000,1.540000,3.020000,24.090000,2.980000,73.480000,185.050000,0.075000,15.760000
2015-03-04,144.730000,0.012300,147.910000,192.640000,29.500000,206.980000,284.370000,1.550000,3.020000,24.100000,2.970000,73.550000,185.050000,0.075100,15.750000
2015-03-05,144.840000,0.012400,147.930000,192.240000,29.510000,205.940000,284.290000,1.550000,3.020000,23.960000,3.000000,72.710000,185.050000,0.075100,15.700000
2015-03-06,144.730000,0.012400,149.050000,191.580000,29.560000,204.500000,282.340000,1.550000,3.020000,23.800000,3.000000,72.010000,185.200000,0.075300,15.720000
2015-03-07,144.440000,0.012500,148.370000,189.730000,29.580000,203.650000,281.780000,1.540000,3.020000,23.860000,3.110000,70.920000,185.200000,0.075300,15.690000
2015-03-11,141.050000,0.012500,146.330000,186.490000,29.580000,199.150000,278.610000,1.520000,3.020000,23.000000,3.060000,70.800000,185.200000,0.075000,15.190000
2015-03-12,141.160000,0.012300,146.080000,184.810000,29.600000,197.270000,279.210000,1.530000,3.010000,22.780000,2.940000,70.930000,185.350000,0.075100,15.090000
2015-03-13,141.890000,0.012400,146.080000,184.610000,29.600000,196.420000,277.450000,1.530000,3.010000,22.790000,3.050000,71.510000,185.350000,0.075200,15.200000
2015-03-14,142.500000,0.012400,145.800000,184.670000,29.620000,196.800000,275.780000,1.530000,3.010000,22.800000,3.020000,71.550000,185.350000,0.075100,15.050000
2015-03-17,141.570000,0.012300,145.080000,184.480000,29.600000,195.320000,274.210000,1.530000,2.980000,22.560000,2.980000,70.770000,185.350000,0.075200,14.920000
2015-03-18,141.890000,0.012400,145.110000,184.320000,29.660000,196.230000,274.060000,1.530000,3.000000,22.310000,3.010000,70.770000,185.350000,0.074800,14.960000
2015-03-19,140.900000,0.012400,144.830000,184.500000,29.760000,196.560000,273.560000,1.530000,2.960000,22.260000,3.030000,70.840000,185.350000,0.074800,14.980000
2015-03-20,142.350000,0.012600,146.430000,187.340000,29.940000,197.870000,275.240000,1.540000,2.980000,22.730000,3.080000,71.560000,185.500000,0.075100,15.230000
2015-03-21,142.450000,0.012500,146.350000,187.810000,29.900000,198.130000,273.540000,1.530000,2.980000,22.950000,3.090000,71.410000,185.500000,0.074900,15.110000
2015-03-27,145.950000,0.012900,149.340000,195.060000,29.870000,204.770000,277.580000,1.570000,2.930000,23.950000,3.290000,71.450000,185.500000,0.074900,15.660000
2015-03-28,144.500000,0.012800,148.220000,191.870000,29.850000,200.640000,274.860000,1.550000,2.900000,23.220000,3.220000,70.940000,185.500000,0.074800,15.440000
2015-03-31,142.760000,0.012700,147.140000,192.620000,29.910000,201.630000,275.520000,1.550000,2.910000,23.250000,3.210000,71.090000,185.650000,0.074600,15.370000
2015-04-01,141.060000,0.012700,145.710000,190.510000,29.950000,199.090000,274.060000,1.550000,2.910000,22.880000,3.220000,70.980000,185.650000,0.074700,15.210000
2015-04-02,140.800000,0.012700,146.120000,190.860000,29.960000,199.170000,273.930000,1.540000,2.910000,22.910000,3.180000,71.120000,185.650000,0.074600,15.310000
2015-04-03,140.650000,0.012800,147.240000,193.240000,29.960000,201.060000,275.410000,1.550000,2.910000,23.310000,3.270000,71.590000,185.650000,0.074700,15.500000
2015-04-04,140.950000,0.012800,147.790000,193.590000,29.980000,201.970000,275.080000,1.550000,2.910000,23.240000,3.260000,71.540000,185.650000,0.074400,15.520000
2015-04-07,141.670000,0.012800,148.930000,195.300000,29.980000,203.940000,277.320000,1.560000,2.910000,23.450000,3.300000,72.280000,185.650000,0.074400,15.790000
2015-04-08,142.250000,0.012900,148.590000,193.000000,29.970000,201.470000,275.730000,1.550000,2.910000,23.120000,3.340000,71.820000,185.650000,0.074400,15.670000
2015-04-09,142.840000,0.012900,149.040000,192.980000,29.930000,201.630000,276.510000,1.550000,2.910000,23.200000,3.460000,71.720000,185.650000,0.074600,15.720000
2015-04-10,142.800000,0.013000,147.650000,191.230000,29.920000,199.480000,274.460000,1.540000,2.910000,22.960000,3.530000,71.480000,185.650000,0.074600,15.680000
2015-04-11,142.520000,0.013000,147.290000,189.670000,29.900000,196.860000,271.850000,1.540000,2.910000,22.810000,3.650000,70.710000,185.650000,0.074600,15.460000
2015-04-14,140.280000,0.013000,146.920000,188.760000,29.870000,195.900000,270.880000,1.540000,2.910000,22.890000,3.540000,69.960000,185.650000,0.074700,15.260000
2015-04-15,140.390000,0.012900,147.510000,190.000000,29.910000,196.000000,271.450000,1.550000,2.910000,23.080000,3.570000,69.410000,185.800000,0.074400,15.290000
2015-04-16,140.930000,0.013000,148.370000,190.510000,29.950000,196.670000,273.270000,1.550000,2.920000,23.340000,3.670000,68.870000,185.800000,0.074300,15.350000
2015-04-17,144.010000,0.013000,151.030000,191.490000,29.990000,197.520000,275.430000,1.560000,2.910000,23.630000,3.730000,68.540000,185.800000,0.074400,15.380000
2015-04-18,145.170000,0.013100,152.570000,194.960000,29.980000,201.070000,278.960000,1.560000,2.920000,23.900000,3.670000,69.210000,185.800000,0.074400,15.530000
2015-04-21,144.610000,0.013000,152.320000,194.550000,29.970000,199.620000,277.210000,1.560000,2.950000,23.860000,3.600000,69.010000,185.800000,0.074100,15.450000
2015-04-22,143.470000,0.013000,151.740000,193.800000,29.970000,198.430000,276.400000,1.560000,3.030000,23.530000,3.480000,68.840000,185.800000,0.074200,15.310000
2015-04-23,144.830000,0.013000,151.970000,195.370000,30.000000,200.350000,278.740000,1.560000,3.040000,23.760000,3.470000,69.170000,185.800000,0.074300,15.360000
2015-04-24,143.700000,0.013000,151.750000,192.300000,29.980000,199.290000,278.640000,1.550000,3.040000,23.450000,3.600000,68.100000,185.800000,0.074300,15.140000
2015-04-25,144.550000,0.013100,153.200000,194.960000,30.000000,201.890000,281.060000,1.550000,3.040000,23.800000,3.670000,68.110000,185.800000,0.074900,15.250000
2015-04-28,145.130000,0.013000,152.680000,194.470000,29.880000,201.280000,281.340000,1.560000,3.040000,23.900000,3.610000,68.100000,185.800000,0.074900,15.320000
2015-04-29,146.710000,0.012900,153.620000,194.450000,29.950000,202.560000,282.620000,1.560000,3.050000,24.160000,3.570000,69.200000,185.800000,0.074900,15.520000
2015-04-30,148.440000,0.012900,154.540000,194.880000,29.970000,204.580000,286.060000,1.560000,3.080000,24.350000,3.610000,69.820000,185.800000,0.074900,15.690000
2015-05-01,147.430000,0.013100,154.450000,198.360000,29.960000,208.230000,287.170000,1.560000,3.090000,24.800000,3.620000,69.750000,185.800000,0.075000,15.720000
2015-05-05,145.460000,0.013100,153.040000,198.360000,29.930000,206.980000,281.470000,1.550000,3.090000,24.460000,3.600000,68.560000,185.800000,0.074900,15.440000
2015-05-06,146.280000,0.013000,153.430000,198.250000,29.940000,206.200000,281.020000,1.540000,3.120000,24.290000,3.620000,68.590000,185.800000,0.075000,15.440000
2015-05-07,148.250000,0.013100,154.490000,201.040000,29.970000,208.650000,282.040000,1.550000,3.090000,24.710000,3.730000,68.700000,185.800000,0.074000,15.450000
2015-05-09,147.000000,0.013100,153.550000,201.040000,29.930000,208.410000,286.780000,1.550000,3.140000,24.910000,3.660000,68.970000,185.800000,0.074100,15.450000
2015-05-13,147.950000,0.012900,154.170000,201.100000,29.930000,209.210000,290.870000,1.550000,3.190000,24.830000,3.670000,69.080000,185.800000,0.073700,15.350000
2015-05-14,148.510000,0.012800,154.990000,200.020000,29.950000,208.170000,291.890000,1.550000,3.150000,24.940000,3.750000,69.950000,185.800000,0.073800,15.530000
2015-05-15,150.030000,0.013200,155.440000,203.390000,29.960000,211.850000,292.860000,1.560000,3.170000,25.250000,3.740000,70.910000,185.800000,0.073900,15.640000
2015-05-16,149.010000,0.013100,154.760000,202.620000,29.940000,211.180000,292.520000,1.550000,3.170000,25.290000,3.710000,71.800000,185.800000,0.073800,15.740000
2015-05-19,148.900000,0.013200,154.330000,202.000000,29.950000,211.570000,291.090000,1.550000,3.180000,25.260000,3.790000,72.160000,185.800000,0.073500,15.730000
2015-05-20,148.140000,0.013200,152.580000,199.420000,29.940000,207.950000,288.840000,1.550000,3.170000,24.930000,3.760000,71.960000,185.800000,0.073600,15.700000
2015-05-21,146.670000,0.013100,151.970000,198.290000,29.950000,206.420000,288.190000,1.540000,3.170000,24.630000,3.710000,71.330000,185.800000,0.073700,15.560000
2015-05-22,146.800000,0.013100,152.550000,199.330000,29.990000,207.150000,290.760000,1.540000,3.180000,24.690000,3.730000,72.430000,185.800000,0.073600,15.750000
2015-05-23,146.730000,0.013100,152.370000,199.330000,29.980000,207.460000,290.850000,1.540000,3.180000,24.690000,3.730000,71.680000,185.800000,0.073700,15.750000
2015-05-26,145.430000,0.013000,151.140000,196.990000,29.960000,203.860000,287.640000,1.530000,3.190000,24.280000,3.730000,71.310000,185.800000,0.073800,15.550000
2015-05-27,144.590000,0.013000,150.360000,195.500000,29.950000,202.350000,286.190000,1.510000,3.180000,24.180000,3.690000,70.660000,185.800000,0.073800,15.490000
2015-05-28,143.860000,0.012800,149.610000,196.120000,29.960000,202.880000,286.150000,1.510000,3.190000,24.070000,3.620000,70.450000,185.800000,0.073500,15.420000
2015-05-29,142.550000,0.012600,148.970000,196.320000,29.970000,203.170000,284.830000,1.500000,3.190000,23.960000,3.560000,70.000000,185.800000,0.073600,15.420000
2015-05-30,142.160000,0.012500,149.450000,197.110000,30.000000,203.760000,284.220000,1.500000,3.200000,23.940000,3.530000,69.850000,185.950000,0.073500,15.300000
2015-06-02,141.990000,0.012600,148.900000,196.290000,30.000000,202.670000,282.940000,1.500000,3.210000,23.630000,3.500000,69.330000,185.950000,0.073600,15.160000
2015-06-03,142.940000,0.012600,148.760000,197.760000,30.000000,204.300000,283.390000,1.490000,3.200000,23.560000,3.490000,69.350000,185.950000,0.073300,15.130000
2015-06-04,144.590000,0.012500,149.620000,198.920000,30.000000,207.040000,284.020000,1.500000,3.190000,23.850000,3.490000,69.290000,185.950000,0.073400,15.180000
2015-06-05,144.110000,0.012400,149.350000,200.230000,29.990000,211.000000,286.460000,1.500000,3.160000,24.040000,3.390000,68.840000,185.950000,0.073600,15.020000
2015-06-06,143.030000,0.012200,148.490000,199.300000,29.980000,209.190000,284.730000,1.490000,3.160000,23.700000,3.320000,69.840000,185.950000,0.073600,14.960000
2015-06-09,141.880000,0.012100,149.440000,197.900000,29.970000,206.870000,283.310000,1.480000,3.160000,23.410000,3.310000,66.840000,185.950000,0.073200,14.760000
2015-06-10,142.570000,0.012000,149.900000,200.640000,29.970000,209.730000,284.220000,1.500000,3.140000,23.680000,3.320000,67.550000,185.950000,0.073300,14.870000
2015-06-11,144.360000,0.012200,152.000000,200.900000,29.980000,210.590000,287.220000,1.520000,3.130000,24.170000,3.410000,68.120000,186.050000,0.073400,15.070000
2015-06-12,144.020000,0.012200,151.200000,198.770000,29.980000,209.570000,287.610000,1.500000,3.130000,23.910000,3.420000,67.780000,186.050000,0.073400,14.990000
2015-06-13,142.940000,0.012200,150.970000,198.670000,29.970000,207.800000,287.970000,1.500000,3.110000,23.820000,3.400000,68.400000,186.050000,0.073400,14.960000
2015-06-16,143.520000,0.012200,150.790000,199.880000,29.970000,208.950000,288.690000,1.510000,3.120000,23.930000,3.370000,67.960000,186.050000,0.073100,15.000000
2015-06-17,143.780000,0.012100,150.870000,199.730000,29.970000,209.360000,289.180000,1.510000,3.100000,23.920000,3.440000,67.840000,186.050000,0.073100,14.950000
2015-06-18,142.910000,0.012100,150.940000,200.870000,29.960000,209.660000,292.530000,1.500000,3.100000,23.960000,3.440000,67.990000,186.050000,0.073400,14.970000
2015-06-19,144.900000,0.012200,152.880000,202.740000,29.970000,211.780000,295.670000,1.520000,3.090000,24.120000,3.490000,68.550000,186.050000,0.073400,15.270000
2015-06-20,144.600000,0.012200,152.330000,201.770000,29.970000,210.500000,294.890000,1.510000,3.080000,23.900000,3.440000,68.390000,186.050000,0.073200,15.170000
2015-06-23,144.640000,0.012300,151.790000,202.250000,29.970000,210.980000,295.260000,1.510000,3.080000,24.070000,3.480000,69.400000,186.050000,0.073200,15.310000
2015-06-24,143.740000,0.012200,150.930000,200.360000,29.980000,209.100000,293.740000,1.510000,3.060000,23.910000,3.420000,69.630000,186.050000,0.073100,15.320000
2015-06-25,144.340000,0.012100,151.590000,200.190000,30.000000,208.950000,294.070000,1.500000,3.070000,23.880000,3.440000,69.660000,186.200000,0.073200,15.330000
2015-06-26,144.040000,0.012200,150.430000,198.760000,29.990000,208.380000,292.320000,1.510000,3.060000,23.820000,3.410000,69.890000,186.200000,0.073200,15.380000
2015-06-27,143.470000,0.012300,150.830000,199.680000,29.990000,208.600000,293.250000,1.510000,3.040000,23.890000,3.380000,69.920000,186.200000,0.073000,15.350000
2015-06-30,142.570000,0.012200,151.040000,198.800000,29.990000,206.980000,292.350000,1.510000,3.040000,23.630000,3.370000,69.390000,186.200000,0.072900,15.180000
2015-07-01,142.980000,0.012300,150.200000,200.000000,30.030000,207.480000,292.710000,1.530000,3.000000,23.650000,3.340000,69.260000,186.200000,0.073000,15.210000
2015-07-02,143.620000,0.012200,149.000000,198.300000,30.030000,207.430000,291.590000,1.520000,3.000000,23.740000,3.360000,69.620000,186.200000,0.073000,15.320000
2015-07-03,141.530000,0.012200,147.580000,196.700000,30.010000,206.180000,290.550000,1.510000,3.000000,23.530000,3.340000,68.910000,186.200000,0.073000,15.090000
2015-07-04,140.360000,0.012200,148.310000,197.750000,30.010000,206.850000,290.970000,1.510000,3.000000,23.440000,3.340000,69.250000,186.200000,0.072900,15.160000
2015-07-08,138.420000,0.012100,146.660000,196.560000,29.990000,204.150000,288.740000,1.520000,3.000000,22.740000,3.260000,69.460000,186.200000,0.072800,14.920000
2015-07-09,138.160000,0.012100,146.570000,197.800000,30.010000,205.820000,286.940000,1.530000,3.000000,22.680000,3.270000,69.230000,186.350000,0.072800,14.910000
2015-07-10,138.910000,0.012100,146.500000,196.200000,30.020000,205.770000,286.720000,1.540000,3.000000,22.650000,3.270000,69.610000,186.350000,0.072900,14.890000
2015-07-11,138.980000,0.012200,146.720000,198.330000,30.040000,207.310000,288.290000,1.530000,2.990000,23.230000,3.290000,69.990000,186.550000,0.073000,15.040000
2015-07-14,138.700000,0.012300,146.710000,197.150000,30.090000,206.600000,289.970000,1.510000,3.000000,23.210000,3.290000,70.230000,186.800000,0.073200,14.980000
2015-07-15,138.610000,0.012200,146.030000,197.990000,30.090000,206.000000,289.050000,1.510000,2.980000,22.980000,3.280000,70.850000,186.800000,0.072800,15.030000
2015-07-16,139.500000,0.012300,146.690000,197.770000,30.130000,206.240000,292.380000,1.510000,2.980000,23.090000,3.310000,70.840000,187.050000,0.073100,15.120000
2015-07-17,138.140000,0.012300,144.730000,195.990000,30.120000,203.940000,292.080000,1.510000,2.970000,23.030000,3.280000,70.620000,187.050000,0.073000,15.070000
2015-07-18,138.290000,0.012300,144.110000,195.250000,30.130000,203.600000,292.600000,1.510000,2.970000,22.950000,3.300000,70.570000,187.050000,0.073100,15.190000
2015-07-21,137.990000,0.012400,144.140000,194.400000,30.120000,202.950000,291.220000,1.510000,2.970000,22.800000,3.290000,70.000000,187.050000,0.072800,15.040000
2015-07-22,137.840000,0.012400,144.040000,194.640000,30.120000,203.010000,291.260000,1.500000,2.970000,22.720000,3.290000,69.670000,187.050000,0.073200,15.080000
2015-07-23,138.550000,0.012400,144.170000,195.210000,30.120000,204.580000,292.270000,1.510000,2.980000,23.010000,3.280000,69.010000,187.050000,0.072800,15.130000
2015-07-24,138.550000,0.012300,144.170000,196.050000,30.130000,205.530000,291.670000,1.510000,2.990000,22.980000,3.260000,68.630000,187.050000,0.072900,15.050000
2015-07-25,136.420000,0.012400,143.650000,194.620000,30.120000,204.650000,289.740000,1.510000,3.050000,22.830000,3.220000,68.510000,187.050000,0.072900,14.990000
2015-07-28,136.410000,0.012500,144.040000,195.660000,30.160000,207.300000,290.500000,1.520000,2.990000,22.940000,3.170000,67.840000,187.250000,0.072900,14.840000
2015-07-29,136.840000,0.012400,143.860000,194.160000,30.160000,207.170000,291.770000,1.510000,3.070000,22.890000,3.120000,67.840000,187.250000,0.072900,14.890000
2015-07-30,137.140000,0.012400,144.830000,194.870000,30.190000,207.360000,292.700000,1.520000,3.080000,23.070000,3.140000,67.720000,187.450000,0.072900,14.920000
2015-07-31,136.930000,0.012300,144.560000,193.150000,30.190000,205.820000,292.780000,1.510000,2.990000,23.060000,3.170000,67.580000,187.450000,0.072900,14.850000
2015-08-01,136.370000,0.012300,143.860000,194.690000,30.190000,205.180000,291.900000,1.510000,2.990000,22.910000,3.110000,67.210000,187.450000,0.072900,14.710000
2015-08-04,136.730000,0.012300,142.530000,193.850000,30.190000,205.650000,292.800000,1.510000,2.990000,22.840000,3.000000,67.620000,187.450000,0.072600,14.760000
2015-08-05,138.600000,0.012100,143.070000,193.950000,30.220000,205.810000,292.410000,1.510000,3.000000,22.800000,2.980000,67.720000,187.650000,0.072800,14.850000
2015-08-06,138.240000,0.012100,142.350000,191.580000,30.220000,203.750000,292.320000,1.510000,3.000000,22.690000,2.990000,67.310000,187.650000,0.072800,14.720000
2015-08-07,137.400000,0.012000,142.450000,190.820000,30.220000,204.260000,292.830000,1.500000,3.000000,22.700000,2.930000,67.330000,187.650000,0.072800,14.680000
2015-08-08,138.340000,0.012000,143.060000,191.030000,30.220000,205.100000,291.330000,1.500000,3.000000,22.710000,2.920000,67.440000,187.650000,0.072800,14.760000
2015-08-11,138.370000,0.012000,142.670000,191.370000,30.250000,205.980000,290.720000,1.510000,3.000000,22.770000,2.910000,67.340000,187.850000,0.073000,14.800000
2015-08-12,137.810000,0.011900,144.230000,191.200000,29.710000,207.290000,293.060000,1.510000,3.000000,22.940000,2.970000,67.850000,187.850000,0.073100,14.770000
2015-08-13,136.910000,0.011800,143.570000,191.700000,29.420000,209.040000,292.440000,1.510000,3.000000,22.800000,2.900000,67.600000,187.850000,0.072800,14.650000
2015-08-14,138.070000,0.011800,144.710000,192.400000,29.390000,209.090000,293.580000,1.510000,3.010000,23.050000,2.930000,67.600000,188.050000,0.072900,14.730000
2015-08-15,138.990000,0.011800,143.920000,192.830000,29.430000,209.660000,293.510000,1.510000,3.010000,22.940000,2.900000,66.480000,188.050000,0.073000,14.690000
2015-08-18,138.660000,0.011800,143.500000,193.040000,29.460000,209.260000,294.730000,1.510000,3.010000,22.810000,2.870000,66.210000,188.350000,0.072700,14.630000
2015-08-19,138.290000,0.011600,143.560000,192.960000,29.460000,208.560000,295.070000,1.520000,3.010000,22.850000,2.860000,65.550000,188.350000,0.072800,14.590000
2015-08-20,138.520000,0.011500,144.470000,193.570000,29.450000,208.240000,295.380000,1.520000,3.010000,22.750000,2.870000,65.110000,188.380000,0.072800,14.640000
2015-08-21,186.060000,0.015500,193.830000,265.210000,39.960000,284.230000,398.610000,2.060000,4.080000,30.780000,3.790000,85.710000,255.260000,0.098600,19.640000
2015-08-22,184.910000,0.015100,193.010000,263.900000,39.520000,284.130000,396.780000,2.050000,4.040000,30.750000,3.700000,86.630000,252.470000,0.097600,19.540000
2015-08-25,158.300000,0.013100,165.130000,231.600000,34.140000,250.750000,343.390000,1.810000,3.500000,26.810000,3.070000,74.410000,218.610000,0.084200,16.570000
2015-08-26,165.360000,0.013100,174.230000,244.900000,35.890000,265.730000,363.340000,1.930000,3.680000,28.260000,3.290000,78.610000,230.110000,0.088700,17.550000
2015-08-27,173.840000,0.013700,183.640000,258.900000,38.070000,279.810000,382.480000,2.040000,3.900000,29.450000,3.500000,83.060000,243.990000,0.094300,18.550000
2015-08-28,172.400000,0.013700,182.870000,253.500000,37.750000,272.780000,374.290000,2.010000,3.870000,29.060000,3.590000,83.240000,241.760000,0.093400,18.550000
2015-08-29,170.310000,0.013700,179.690000,247.150000,37.210000,268.370000,365.640000,1.970000,3.810000,28.640000,3.560000,81.460000,237.660000,0.091800,18.030000
2015-09-02,166.220000,0.013500,177.880000,244.250000,36.920000,264.850000,359.980000,1.960000,3.760000,28.180000,3.600000,80.400000,234.940000,0.090900,17.610000
2015-09-03,169.070000,0.013800,182.180000,250.620000,37.950000,272.070000,368.860000,2.010000,3.870000,29.150000,3.610000,81.850000,241.150000,0.092700,17.900000
2015-09-04,168.170000,0.013700,180.790000,247.280000,37.730000,269.370000,365.680000,1.990000,3.840000,29.040000,3.580000,81.070000,239.760000,0.092200,17.760000
2015-09-05,167.290000,0.013600,181.320000,246.100000,37.700000,266.910000,365.080000,2.010000,3.840000,28.980000,3.540000,80.440000,239.600000,0.092200,17.550000
2015-09-08,168.660000,0.013700,183.360000,250.230000,38.200000,271.520000,370.970000,2.040000,3.900000,29.360000,3.550000,80.260000,243.100000,0.093300,17.450000
2015-09-09,171.020000,0.013800,184.800000,251.380000,38.490000,274.050000,376.790000,2.040000,3.930000,29.580000,3.570000,81.090000,245.020000,0.094400,17.650000
2015-09-10,172.490000,0.013800,185.460000,252.010000,38.460000,274.390000,376.430000,2.040000,3.920000,29.810000,3.620000,81.470000,245.230000,0.094300,17.970000
2015-09-11,178.740000,0.014200,191.680000,259.380000,39.670000,283.330000,389.290000,2.090000,3.800000,30.900000,3.720000,83.190000,253.000000,0.097300,18.320000
2015-09-12,177.560000,0.014200,190.170000,259.140000,39.560000,284.670000,389.050000,2.090000,3.790000,30.740000,3.700000,82.990000,252.140000,0.097000,18.480000
2015-09-15,194.850000,0.015400,206.720000,282.160000,42.970000,310.100000,422.550000,2.280000,4.120000,33.510000,4.030000,89.380000,273.550000,0.104800,20.140000
2015-09-16,197.320000,0.015600,209.120000,285.720000,43.470000,312.960000,427.230000,2.320000,4.170000,33.760000,4.140000,90.880000,276.830000,0.106100,20.630000
2015-09-17,203.530000,0.016100,214.840000,291.980000,44.590000,319.480000,437.360000,2.360000,4.270000,34.580000,4.330000,94.100000,283.980000,0.108800,21.100000
2015-09-18,193.750000,0.015300,204.810000,279.270000,42.440000,306.010000,418.700000,2.240000,4.070000,33.280000,4.120000,89.550000,270.110000,0.103700,20.250000
2015-09-19,196.300000,0.015500,207.000000,282.880000,42.540000,309.940000,423.600000,2.270000,4.080000,33.620000,4.090000,90.390000,270.690000,0.103900,20.530000
2015-09-22,193.650000,0.015500,204.690000,279.810000,42.470000,305.480000,419.750000,2.250000,3.840000,33.090000,4.080000,90.010000,270.460000,0.103400,20.220000
2015-09-23,191.970000,0.015400,203.770000,277.710000,42.350000,302.170000,417.930000,2.250000,3.830000,32.790000,4.080000,89.780000,269.960000,0.103400,19.910000
2015-09-24,186.070000,0.015000,199.260000,270.310000,41.370000,293.600000,405.000000,2.200000,3.750000,31.870000,4.000000,87.370000,264.120000,0.101000,19.350000
2015-09-26,189.350000,0.015200,202.440000,274.730000,42.330000,300.760000,410.840000,2.230000,3.900000,31.720000,4.110000,89.160000,269.810000,0.103200,19.640000
2015-09-29,189.720000,0.015300,202.560000,275.810000,42.400000,301.880000,411.170000,2.250000,3.910000,31.580000,4.110000,88.640000,269.990000,0.103000,19.460000
2015-09-30,188.690000,0.015300,201.600000,278.500000,42.500000,303.470000,410.410000,2.250000,3.920000,31.860000,4.090000,88.870000,270.400000,0.103600,19.330000
2015-10-01,190.440000,0.015300,202.080000,278.290000,42.620000,303.970000,411.020000,2.250000,3.940000,32.100000,4.130000,89.640000,270.890000,0.103600,19.620000
2015-10-02,191.550000,0.015400,204.220000,277.220000,42.620000,302.320000,410.520000,2.260000,3.940000,31.990000,4.160000,89.690000,270.900000,0.103700,19.650000
2015-10-03,190.550000,0.015300,204.830000,277.260000,42.650000,302.630000,410.690000,2.260000,3.940000,32.040000,4.100000,89.540000,271.050000,0.103700,19.490000
2015-10-06,192.490000,0.015300,207.250000,279.640000,42.720000,305.710000,412.540000,2.260000,3.940000,32.530000,4.150000,90.600000,271.500000,0.103000,19.910000
2015-10-07,194.010000,0.015500,208.680000,280.210000,42.940000,305.870000,413.930000,2.270000,3.950000,32.560000,4.210000,91.360000,272.950000,0.103500,20.010000
2015-10-08,196.780000,0.015700,210.200000,282.780000,43.040000,307.450000,418.360000,2.280000,3.950000,33.180000,4.390000,93.040000,273.530000,0.103800,20.310000
2015-10-09,196.620000,0.015800,209.980000,283.150000,43.130000,309.620000,419.910000,2.290000,3.960000,33.560000,4.400000,93.120000,274.000000,0.104100,20.280000
2015-10-10,200.510000,0.016000,211.980000,284.750000,43.250000,310.710000,421.300000,2.280000,3.970000,33.830000,4.460000,94.610000,274.410000,0.104400,20.620000
2015-10-13,202.450000,0.016100,212.910000,286.110000,43.500000,312.870000,421.970000,2.290000,3.980000,34.060000,4.510000,93.910000,274.950000,0.103800,20.660000
2015-10-14,200.960000,0.016000,211.220000,286.800000,43.440000,313.510000,419.760000,2.300000,3.980000,34.050000,4.420000,93.500000,275.470000,0.104900,20.510000
2015-10-15,200.260000,0.015900,212.370000,288.450000,43.490000,314.740000,423.840000,2.310000,3.990000,34.110000,4.370000,93.640000,275.990000,0.104300,20.500000
2015-10-16,203.300000,0.016100,215.100000,292.220000,43.660000,317.170000,429.230000,2.340000,4.010000,34.420000,4.470000,95.870000,277.050000,0.104900,21.070000
2015-10-17,200.720000,0.016100,214.100000,289.350000,43.470000,313.650000,426.570000,2.320000,4.010000,34.130000,4.500000,95.440000,276.100000,0.104700,21.050000
2015-10-20,201.850000,0.016100,214.400000,290.440000,43.540000,314.480000,428.190000,2.320000,4.010000,34.200000,4.490000,95.860000,276.880000,0.104000,21.190000
2015-10-21,201.530000,0.016100,212.740000,291.470000,43.650000,314.730000,428.840000,2.320000,4.030000,34.120000,4.450000,95.540000,277.100000,0.105400,20.900000
2015-10-22,200.390000,0.016100,213.390000,290.770000,43.710000,315.200000,428.340000,2.310000,4.030000,34.070000,4.410000,95.590000,277.510000,0.104200,20.730000
2015-10-23,200.730000,0.016100,212.160000,289.740000,43.760000,314.770000,430.360000,2.320000,4.040000,33.930000,4.440000,96.330000,278.210000,0.104600,20.510000
2015-10-24,201.670000,0.016100,212.150000,285.500000,43.710000,308.810000,427.450000,2.310000,4.030000,33.440000,4.470000,96.740000,277.510000,0.104300,20.700000
2015-10-27,202.060000,0.016100,211.860000,284.900000,43.850000,307.180000,426.930000,2.300000,4.050000,33.320000,4.470000,96.350000,278.550000,0.104900,20.360000
2015-10-28,202.220000,0.016100,211.540000,283.690000,43.910000,307.980000,428.060000,2.320000,4.050000,33.240000,4.390000,96.270000,278.920000,0.104200,20.380000
2015-10-29,199.050000,0.016000,211.030000,283.720000,43.910000,308.530000,427.140000,2.320000,4.060000,32.900000,4.320000,96.580000,279.210000,0.105000,20.530000
2015-10-30,197.930000,0.016000,211.120000,281.720000,43.930000,305.570000,426.130000,2.310000,4.060000,32.640000,4.320000,95.500000,279.210000,0.104600,20.260000
2015-10-31,198.250000,0.016000,212.450000,282.970000,44.190000,307.270000,427.960000,2.310000,4.040000,32.530000,4.350000,95.710000,279.180000,0.104600,20.250000
2015-11-03,200.130000,0.016100,213.990000,283.920000,44.240000,308.830000,432.780000,2.320000,4.060000,33.180000,4.390000,99.950000,280.370000,0.105000,20.280000
2015-11-04,203.010000,0.016200,215.550000,286.160000,44.620000,310.690000,435.750000,2.340000,4.100000,33.190000,4.420000,99.750000,282.700000,0.105000,20.470000
2015-11-05,204.280000,0.016300,217.440000,286.430000,44.870000,310.490000,438.360000,2.340000,4.100000,33.320000,4.520000,99.930000,284.280000,0.105800,20.540000
2015-11-06,213.310000,0.017100,227.440000,300.390000,47.100000,325.370000,459.890000,2.460000,4.310000,34.670000,4.730000,104.080000,298.920000,0.111200,21.380000
2015-11-07,220.010000,0.017600,233.510000,309.080000,48.410000,334.290000,466.550000,2.520000,4.430000,36.040000,4.830000,106.910000,307.530000,0.114500,22.090000
2015-11-10,220.390000,0.017800,235.460000,311.680000,49.140000,336.410000,471.070000,2.530000,4.510000,36.230000,4.850000,106.940000,312.650000,0.116400,21.950000
2015-11-11,216.500000,0.017400,231.120000,305.980000,48.230000,329.680000,463.390000,2.490000,4.420000,35.410000,4.770000,105.430000,306.740000,0.113400,21.510000
2015-11-12,216.450000,0.017400,231.240000,305.260000,48.190000,329.370000,464.790000,2.490000,4.430000,35.620000,4.760000,105.960000,306.850000,0.113400,21.630000
2015-11-13,218.920000,0.017300,231.110000,304.560000,48.140000,328.280000,465.560000,2.490000,4.430000,35.330000,4.690000,106.410000,306.570000,0.113500,21.650000
2015-11-14,219.350000,0.017200,231.390000,306.570000,48.280000,330.990000,468.270000,2.510000,4.440000,35.370000,4.620000,106.970000,307.730000,0.114000,21.500000
2015-11-17,219.640000,0.017300,231.920000,306.430000,48.410000,331.090000,468.710000,2.510000,4.450000,35.530000,4.670000,107.110000,308.360000,0.114400,21.440000
2015-11-18,217.860000,0.017200,230.860000,303.880000,48.240000,327.490000,466.380000,2.500000,4.440000,35.310000,4.690000,106.960000,307.620000,0.114400,21.440000
2015-11-19,218.760000,0.017200,231.340000,303.520000,48.200000,328.260000,468.380000,2.500000,4.450000,35.540000,4.760000,107.330000,307.680000,0.114400,21.610000
2015-11-20,220.410000,0.017200,232.040000,301.960000,48.160000,328.400000,469.340000,2.500000,4.450000,35.550000,4.730000,107.830000,307.400000,0.114400,21.780000
2015-11-21,221.420000,0.017100,230.810000,303.020000,48.140000,328.250000,469.340000,2.500000,4.450000,35.650000,4.730000,108.130000,307.320000,0.114200,21.970000
2015-11-24,220.420000,0.017100,229.470000,301.870000,48.090000,326.630000,465.730000,2.500000,4.240000,35.480000,4.670000,108.060000,307.210000,0.114000,21.860000
2015-11-25,220.920000,0.017000,230.160000,301.940000,48.080000,327.340000,464.290000,2.510000,4.240000,35.550000,4.670000,106.940000,307.130000,0.113800,21.730000
2015-11-26,222.910000,0.016900,230.660000,302.360000,48.070000,327.260000,463.170000,2.510000,4.210000,35.540000,4.690000,106.320000,307.080000,0.112400,21.810000
2015-11-27,222.050000,0.016900,230.950000,300.360000,48.080000,325.980000,463.430000,2.510000,4.210000,35.510000,4.680000,106.120000,307.210000,0.112500,21.640000
2015-11-28,221.430000,0.016900,230.670000,300.210000,48.040000,326.060000,463.130000,2.510000,4.210000,35.460000,4.640000,104.990000,307.200000,0.112500,21.390000
2015-12-01,221.270000,0.017000,229.610000,298.160000,48.050000,325.140000,461.620000,2.500000,4.220000,35.300000,4.610000,105.480000,307.400000,0.111800,21.360000
2015-12-03,225.280000,0.017000,230.240000,300.020000,48.100000,326.590000,463.550000,2.500000,4.210000,35.650000,4.610000,107.010000,307.760000,0.113400,21.430000
2015-12-04,225.500000,0.017000,231.130000,300.980000,48.140000,325.640000,459.430000,2.490000,4.210000,35.580000,4.540000,106.820000,307.930000,0.113200,21.470000
2015-12-05,224.630000,0.017000,230.090000,307.170000,47.980000,333.730000,463.840000,2.500000,4.200000,35.970000,4.540000,106.530000,307.080000,0.112700,21.350000
2015-12-08,224.230000,0.017000,228.810000,306.460000,47.910000,331.940000,462.830000,2.490000,4.200000,35.700000,4.480000,106.310000,307.040000,0.112700,21.290000
2015-12-09,221.910000,0.016900,227.530000,308.490000,47.980000,334.650000,462.610000,2.500000,4.220000,35.490000,4.430000,105.630000,307.870000,0.113300,21.130000
2015-12-10,222.380000,0.017000,227.610000,311.580000,48.100000,337.560000,464.820000,2.520000,4.240000,35.350000,4.470000,106.120000,309.120000,0.113800,21.160000
2015-12-11,226.260000,0.017100,229.040000,314.460000,48.220000,340.600000,471.020000,2.550000,4.250000,35.950000,4.490000,106.660000,310.370000,0.114300,20.750000
2015-12-12,225.550000,0.017100,228.250000,316.250000,48.330000,342.150000,472.960000,2.560000,4.110000,36.010000,4.490000,106.060000,311.920000,0.114000,20.140000
2015-12-15,232.600000,0.017600,235.090000,327.280000,49.930000,353.170000,488.640000,2.660000,4.250000,37.230000,4.590000,109.130000,322.470000,0.118200,21.380000
2015-12-16,244.570000,0.018500,246.660000,343.920000,52.290000,372.360000,511.770000,2.790000,4.400000,39.150000,4.790000,113.410000,337.800000,0.124000,22.460000
2015-12-19,244.450000,0.018600,245.820000,343.830000,52.770000,370.080000,510.280000,2.820000,4.450000,39.000000,4.790000,116.940000,341.940000,0.124300,22.600000
2015-12-22,250.070000,0.019100,250.750000,350.800000,53.880000,379.000000,520.260000,2.870000,4.550000,39.820000,4.910000,120.140000,349.120000,0.127200,23.250000
2015-12-23,243.910000,0.018400,241.680000,339.270000,51.970000,367.460000,501.590000,2.780000,4.390000,38.520000,4.740000,115.400000,336.660000,0.122600,22.310000
2015-12-24,239.670000,0.018100,238.230000,334.740000,51.200000,362.200000,492.080000,2.740000,4.320000,37.960000,4.680000,113.450000,331.590000,0.120600,21.860000
2015-12-25,236.860000,0.017800,235.180000,330.490000,50.310000,357.040000,484.690000,2.710000,4.250000,37.560000,4.670000,111.420000,325.800000,0.118600,21.410000
2015-12-26,237.660000,0.017800,236.510000,330.590000,50.400000,357.530000,488.590000,2.710000,4.260000,37.540000,4.650000,111.950000,326.380000,0.117800,21.440000
2015-12-29,240.480000,0.018000,239.020000,335.510000,51.080000,363.520000,494.680000,2.750000,4.320000,38.090000,4.640000,113.490000,331.380000,0.120600,21.690000
2015-12-30,245.480000,0.018200,243.080000,342.380000,52.080000,371.020000,502.710000,2.810000,4.400000,38.950000,4.640000,116.110000,337.660000,0.122800,22.110000
2015-12-31,247.410000,0.018300,244.960000,342.450000,52.310000,371.310000,503.300000,2.820000,4.430000,38.760000,4.650000,116.770000,339.470000,0.123400,22.100000
2016-01-01,248.550000,0.018200,244.730000,343.480000,52.370000,371.460000,504.060000,2.830000,4.430000,38.630000,4.610000,116.480000,340.010000,0.123700,21.810000
2016-01-06,246.130000,0.018400,246.330000,341.370000,52.600000,370.280000,503.460000,2.880000,4.480000,38.460000,4.680000,115.470000,343.110000,0.123900,21.970000
2016-01-07,244.070000,0.018400,244.610000,341.270000,52.600000,369.600000,504.300000,2.910000,4.540000,38.500000,4.660000,114.510000,344.680000,0.124500,21.870000
2016-01-08,244.090000,0.018400,244.610000,341.270000,52.600000,369.600000,504.300000,2.910000,4.540000,38.500000,4.660000,114.510000,344.680000,0.124500,21.870000
2016-01-09,247.050000,0.018800,249.500000,351.990000,53.410000,382.640000,514.160000,2.970000,4.640000,39.640000,4.740000,117.570000,351.850000,0.125400,21.970000
2016-01-11,247.050000,0.018800,249.500000,351.990000,53.410000,382.640000,514.380000,2.970000,4.640000,39.640000,4.740000,117.570000,351.850000,0.125400,21.970000
2016-01-12,249.960000,0.018700,251.710000,356.590000,54.070000,387.200000,519.830000,3.020000,4.690000,40.140000,4.710000,118.030000,355.520000,0.126700,21.470000
2016-01-13,252.560000,0.019000,254.650000,363.130000,55.170000,393.950000,528.840000,3.100000,4.780000,40.790000,4.740000,119.240000,362.620000,0.129300,21.490000
2016-01-14,257.640000,0.019000,258.200000,364.460000,55.750000,396.630000,527.780000,3.100000,4.830000,41.440000,4.810000,121.650000,366.540000,0.132200,22.260000
2016-01-15,253.420000,0.018600,254.530000,364.810000,55.570000,400.320000,524.840000,3.110000,4.820000,41.530000,4.780000,120.550000,366.160000,0.130400,21.970000
2016-01-16,250.020000,0.018300,250.070000,361.150000,55.070000,394.950000,518.540000,3.090000,4.780000,41.050000,4.720000,119.370000,362.670000,0.129200,21.880000
2016-01-19,256.480000,0.018300,256.620000,370.690000,56.640000,405.850000,535.380000,3.180000,4.910000,41.900000,4.740000,122.640000,372.580000,0.132800,22.250000
2016-01-20,261.970000,0.018600,262.210000,377.090000,57.690000,413.160000,542.500000,3.220000,5.000000,42.900000,4.830000,125.370000,379.500000,0.135500,22.810000
2016-01-21,254.130000,0.018200,253.320000,372.140000,56.560000,407.780000,531.070000,3.210000,4.900000,42.120000,4.650000,121.740000,372.030000,0.132900,21.950000
2016-01-22,265.470000,0.017500,264.210000,381.780000,58.260000,417.680000,543.690000,3.280000,5.050000,42.950000,4.490000,125.770000,383.230000,0.137000,22.790000
2016-01-23,267.420000,0.018000,267.240000,376.510000,57.750000,411.840000,544.300000,3.210000,5.010000,43.460000,4.720000,126.010000,379.860000,0.135100,22.990000
2016-01-25,266.780000,0.018000,267.240000,376.510000,57.750000,411.840000,544.300000,3.210000,5.010000,43.460000,4.720000,126.010000,379.860000,0.135100,22.990000
2016-01-26,260.030000,0.018000,262.220000,367.980000,56.660000,403.710000,531.890000,3.150000,4.920000,42.450000,4.720000,123.760000,372.800000,0.132600,22.550000
2016-01-27,264.840000,0.017900,265.690000,374.710000,57.710000,411.900000,538.950000,3.220000,5.000000,43.300000,4.650000,125.310000,379.810000,0.135200,22.870000
2016-01-28,264.040000,0.017600,265.660000,369.980000,57.090000,408.270000,537.120000,3.180000,4.950000,43.090000,4.770000,125.370000,375.490000,0.133500,22.890000
2016-01-29,263.350000,0.017600,264.350000,366.100000,56.510000,405.320000,532.290000,3.130000,4.900000,43.020000,4.880000,124.680000,371.550000,0.131200,22.830000
2016-01-30,259.310000,0.017300,260.470000,357.890000,55.530000,397.920000,523.250000,3.020000,4.810000,42.190000,4.830000,123.170000,365.230000,0.130200,22.720000
2016-02-01,259.310000,0.017300,260.470000,357.890000,55.530000,397.920000,524.140000,3.020000,4.810000,42.190000,4.830000,123.170000,365.230000,0.130200,22.720000
2016-02-02,254.590000,0.017100,256.690000,352.590000,54.800000,391.270000,514.040000,2.970000,4.750000,41.630000,4.750000,121.310000,360.450000,0.128500,22.490000
2016-02-03,259.990000,0.017200,263.110000,361.840000,56.110000,403.000000,530.390000,3.060000,4.880000,42.310000,4.670000,124.880000,369.150000,0.131700,22.940000
2016-02-04,264.400000,0.017400,267.650000,368.980000,57.050000,409.620000,542.420000,3.140000,4.960000,43.110000,4.770000,126.950000,375.250000,0.133900,23.160000
2016-02-05,261.930000,0.017000,265.190000,362.830000,55.250000,405.600000,531.890000,3.090000,4.820000,42.770000,4.770000,125.350000,363.340000,0.128300,22.820000
2016-02-06,261.440000,0.016800,265.040000,366.730000,55.340000,406.970000,528.960000,3.110000,4.830000,42.710000,4.740000,125.080000,363.720000,0.128500,22.930000
2016-02-09,254.980000,0.016700,258.970000,363.120000,54.770000,402.030000,521.980000,3.080000,4.780000,42.050000,4.670000,122.700000,359.890000,0.127300,22.460000
2016-02-10,253.480000,0.016500,259.430000,366.680000,54.840000,402.930000,520.230000,3.130000,4.780000,41.940000,4.590000,122.210000,360.370000,0.127600,22.330000
2016-02-11,257.690000,0.016500,261.370000,371.750000,55.130000,407.830000,525.020000,3.150000,4.810000,42.590000,4.590000,123.750000,362.230000,0.128500,22.830000
2016-02-12,253.870000,0.016400,257.920000,372.410000,54.830000,407.730000,521.150000,3.230000,4.790000,42.040000,4.540000,122.780000,360.310000,0.127200,22.600000
2016-02-13,261.440000,0.016800,264.890000,377.460000,56.030000,415.520000,535.320000,3.270000,4.880000,42.870000,4.640000,125.980000,368.170000,0.130100,23.320000
2016-02-16,258.760000,0.016600,261.920000,368.510000,55.780000,405.700000,524.390000,3.180000,4.800000,42.170000,4.660000,122.870000,362.100000,0.128500,22.880000
2016-02-17,256.120000,0.016500,259.400000,362.860000,54.910000,399.920000,517.030000,3.140000,4.750000,41.550000,4.630000,121.120000,357.710000,0.127100,22.700000
2016-02-18,255.700000,0.016500,259.690000,362.680000,55.050000,399.610000,514.420000,3.150000,4.770000,41.570000,4.650000,121.280000,359.230000,0.126200,22.800000
2016-02-19,251.160000,0.016300,256.230000,353.260000,53.810000,390.370000,501.750000,3.080000,4.660000,40.960000,4.670000,118.280000,350.580000,0.123400,22.740000
2016-02-20,252.480000,0.016500,258.100000,356.770000,54.500000,393.800000,507.900000,3.150000,4.730000,41.400000,4.650000,119.800000,355.450000,0.125000,23.090000
2016-02-23,252.780000,0.016300,255.700000,354.140000,53.960000,389.590000,498.600000,3.110000,4.680000,41.010000,4.630000,119.540000,351.770000,0.123700,23.000000
2016-02-24,252.170000,0.016100,253.830000,350.230000,53.420000,383.660000,492.390000,3.110000,4.640000,40.470000,4.600000,118.760000,348.690000,0.122800,23.020000
2016-02-25,250.170000,0.016200,253.110000,351.670000,53.400000,383.300000,485.860000,3.120000,4.650000,40.190000,4.520000,118.710000,348.960000,0.122800,22.800000
2016-02-26,251.060000,0.016200,255.410000,353.540000,53.610000,385.770000,487.300000,3.120000,4.670000,40.440000,4.590000,119.330000,350.250000,0.123200,22.240000
2016-02-27,252.470000,0.016300,258.910000,352.930000,53.510000,385.360000,490.310000,3.100000,4.670000,40.530000,4.680000,119.400000,349.820000,0.123100,22.450000
2016-03-01,249.970000,0.016200,257.160000,348.290000,53.270000,380.140000,483.550000,3.080000,4.650000,40.090000,4.580000,118.000000,348.780000,0.122800,21.800000
2016-03-02,248.300000,0.016300,257.020000,347.820000,53.140000,378.020000,485.370000,3.080000,4.650000,40.160000,4.720000,118.130000,347.960000,0.122400,22.100000
2016-03-03,249.800000,0.016300,257.420000,347.220000,52.910000,376.640000,482.550000,3.030000,4.630000,40.030000,4.680000,117.950000,346.560000,0.122000,22.060000
2016-03-04,252.840000,0.016200,257.330000,346.660000,52.840000,375.650000,486.360000,3.030000,4.610000,39.930000,4.690000,118.520000,345.650000,0.121700,22.080000
2016-03-05,254.500000,0.016300,256.750000,347.760000,52.970000,378.400000,487.800000,3.040000,4.610000,40.280000,4.700000,118.550000,345.220000,0.121600,22.050000
2016-03-06,256.690000,0.016300,259.160000,347.310000,53.030000,379.660000,491.030000,3.030000,4.610000,40.710000,4.800000,118.750000,345.020000,0.121600,22.440000
2016-03-10,257.530000,0.016400,257.350000,345.040000,52.950000,377.900000,490.370000,3.070000,4.600000,40.290000,4.770000,118.510000,344.800000,0.121000,22.350000
2016-03-11,257.210000,0.016500,259.390000,345.470000,52.840000,377.470000,488.990000,3.040000,4.600000,40.380000,4.860000,119.030000,344.190000,0.120800,22.630000
2016-03-12,258.180000,0.016700,259.880000,348.450000,52.920000,381.960000,491.360000,3.020000,4.740000,40.360000,4.910000,119.720000,343.920000,0.120500,22.550000
2016-03-15,259.210000,0.016600,259.320000,347.670000,52.870000,381.770000,493.110000,3.020000,4.730000,40.550000,4.890000,119.170000,343.320000,0.120300,22.390000
2016-03-16,256.020000,0.016600,256.260000,347.220000,52.700000,380.230000,486.010000,3.030000,4.730000,40.270000,4.850000,118.890000,343.230000,0.120300,21.950000
2016-03-17,258.680000,0.016700,259.380000,350.640000,53.180000,384.490000,488.720000,3.050000,4.770000,40.420000,4.890000,119.380000,346.610000,0.121600,21.530000
2016-03-18,264.110000,0.017100,266.250000,356.390000,53.390000,391.450000,494.820000,3.110000,4.800000,41.330000,5.050000,121.180000,346.050000,0.121400,22.270000
2016-03-19,263.520000,0.017100,265.740000,356.420000,53.380000,389.780000,499.100000,3.110000,4.800000,41.530000,5.040000,120.950000,345.730000,0.121400,22.500000
2016-03-25,260.050000,0.017200,261.820000,355.900000,53.280000,387.530000,488.780000,3.080000,4.820000,40.840000,5.000000,120.310000,346.970000,0.121800,22.420000
2016-03-26,258.800000,0.017000,260.000000,351.920000,52.800000,383.950000,486.420000,3.040000,4.780000,40.570000,5.060000,119.830000,343.830000,0.120900,22.280000
2016-03-29,256.200000,0.016900,256.790000,348.340000,52.210000,379.610000,481.990000,3.000000,4.730000,40.200000,5.010000,118.320000,340.150000,0.119600,22.020000
2016-03-30,256.680000,0.016900,258.960000,350.990000,52.470000,382.350000,486.480000,3.010000,4.750000,40.310000,4.960000,118.910000,341.510000,0.120300,21.980000
2016-03-31,262.720000,0.017100,263.080000,355.950000,52.960000,388.240000,493.660000,3.050000,4.770000,41.120000,5.080000,120.930000,343.060000,0.120900,22.810000
2016-04-01,263.560000,0.017100,265.240000,356.970000,53.170000,390.520000,493.780000,3.060000,4.910000,41.460000,5.100000,121.700000,343.620000,0.120800,23.200000
2016-04-02,262.690000,0.017200,262.810000,356.910000,53.000000,390.540000,489.930000,3.050000,4.890000,41.380000,5.060000,121.470000,342.490000,0.119300,23.310000
2016-04-05,262.200000,0.017000,263.380000,358.070000,53.110000,390.820000,489.410000,3.080000,4.910000,41.310000,5.040000,122.030000,344.000000,0.119900,23.340000
2016-04-06,260.210000,0.017100,262.850000,360.220000,53.350000,392.340000,491.050000,3.130000,4.940000,41.340000,5.010000,122.000000,345.520000,0.120600,23.060000
2016-04-07,259.990000,0.017000,261.590000,358.780000,53.150000,391.020000,485.770000,3.120000,4.930000,41.320000,5.020000,121.100000,344.540000,0.120300,22.720000
2016-04-08,257.560000,0.017000,260.370000,356.860000,52.750000,388.620000,479.950000,3.150000,4.880000,41.120000,5.030000,119.750000,341.190000,0.119300,22.430000
2016-04-09,256.460000,0.017100,260.120000,356.050000,52.580000,387.100000,479.190000,3.130000,4.860000,41.090000,5.060000,118.980000,340.310000,0.118100,22.500000
2016-04-12,254.340000,0.016900,259.330000,352.260000,52.050000,383.490000,479.030000,3.120000,4.810000,40.860000,5.030000,118.780000,336.870000,0.117000,22.810000
2016-04-13,257.070000,0.016900,261.120000,352.300000,51.960000,383.370000,480.330000,3.100000,4.800000,41.150000,5.060000,118.640000,335.640000,0.116600,22.850000
2016-04-14,255.830000,0.016900,260.850000,346.910000,51.570000,377.250000,475.040000,3.060000,4.770000,40.660000,5.110000,117.030000,333.760000,0.115600,22.680000
2016-04-15,257.550000,0.016800,260.490000,346.550000,51.630000,376.840000,472.700000,3.070000,4.780000,40.590000,5.060000,117.120000,334.700000,0.116000,22.980000
2016-04-16,258.100000,0.016800,260.500000,345.710000,51.630000,376.610000,473.990000,3.070000,4.780000,40.570000,5.060000,117.020000,334.410000,0.115900,23.050000
2016-04-19,262.390000,0.016900,264.420000,352.420000,52.520000,384.430000,482.790000,3.140000,4.870000,41.310000,5.050000,119.420000,340.230000,0.117900,23.360000
2016-04-20,262.990000,0.017100,265.260000,350.940000,52.240000,382.940000,485.020000,3.090000,4.840000,41.430000,5.160000,119.160000,337.990000,0.117400,23.560000
2016-04-21,263.580000,0.017000,266.220000,350.750000,52.150000,383.290000,485.650000,3.090000,4.900000,41.550000,5.150000,119.070000,337.140000,0.117100,23.710000
2016-04-22,259.590000,0.016900,262.650000,342.480000,51.340000,375.700000,477.250000,3.030000,4.860000,40.890000,5.100000,117.730000,332.510000,0.115400,23.280000
2016-04-23,259.140000,0.017100,262.710000,342.850000,51.530000,377.320000,480.300000,3.030000,4.890000,40.820000,5.050000,118.100000,334.590000,0.116000,23.270000
2016-04-26,257.230000,0.017000,263.050000,342.440000,51.410000,375.670000,481.590000,3.000000,4.880000,40.600000,5.020000,117.290000,333.810000,0.115800,23.020000
2016-04-27,257.710000,0.016900,263.470000,342.050000,51.340000,376.050000,485.060000,3.010000,4.890000,40.740000,5.020000,117.630000,333.260000,0.115400,23.000000
2016-04-28,251.720000,0.017000,263.050000,340.620000,51.000000,374.580000,483.870000,2.970000,4.850000,40.700000,5.080000,117.530000,331.080000,0.114400,22.960000
2016-04-29,252.070000,0.017100,262.980000,341.720000,51.010000,375.150000,481.510000,3.050000,4.860000,40.720000,5.100000,117.370000,330.410000,0.114100,22.920000
2016-04-30,250.140000,0.017100,262.110000,340.390000,50.510000,373.140000,478.510000,3.060000,4.820000,40.500000,5.090000,116.860000,327.660000,0.113200,23.120000
2016-05-04,249.480000,0.017100,262.910000,347.820000,50.830000,381.520000,483.580000,3.110000,4.850000,41.090000,5.030000,117.330000,329.210000,0.113900,22.920000
2016-05-05,248.380000,0.017100,260.530000,347.740000,51.150000,381.790000,481.440000,3.110000,4.900000,40.790000,5.010000,116.260000,332.510000,0.115100,22.450000
2016-05-06,250.880000,0.017300,261.500000,348.900000,51.610000,383.920000,486.340000,3.130000,4.950000,41.190000,5.090000,114.550000,335.710000,0.116200,22.270000
2016-05-07,246.600000,0.017200,260.410000,345.980000,51.500000,382.150000,485.400000,3.130000,4.930000,40.840000,5.050000,114.760000,334.600000,0.115700,22.400000
2016-05-12,245.020000,0.017100,258.160000,342.510000,51.210000,379.620000,480.580000,3.070000,4.920000,40.550000,5.040000,112.250000,333.230000,0.115200,21.910000
2016-05-13,242.030000,0.017100,256.970000,340.200000,50.630000,376.190000,476.410000,3.020000,4.800000,40.680000,5.090000,111.860000,329.790000,0.114100,22.050000
2016-05-14,239.720000,0.017100,255.760000,338.520000,50.480000,373.240000,474.210000,3.030000,4.790000,40.230000,5.050000,111.180000,329.110000,0.114000,21.710000
2016-05-17,238.990000,0.017000,253.800000,335.870000,50.270000,370.800000,470.180000,3.010000,4.780000,40.140000,5.040000,110.160000,327.880000,0.113600,21.090000
2016-05-18,240.250000,0.017100,254.280000,335.450000,50.280000,371.570000,475.080000,2.990000,4.780000,40.200000,5.080000,110.570000,328.070000,0.113600,20.950000
2016-05-19,240.060000,0.017000,254.410000,335.560000,50.480000,371.690000,475.640000,3.010000,4.810000,40.100000,5.050000,110.750000,329.890000,0.114300,20.910000
2016-05-20,241.150000,0.017100,255.950000,339.270000,51.180000,375.480000,490.150000,3.050000,4.900000,40.140000,5.040000,111.920000,334.890000,0.116200,21.190000
2016-05-21,242.310000,0.017100,255.620000,338.430000,51.180000,375.880000,487.840000,3.040000,4.910000,40.270000,5.020000,112.460000,335.010000,0.116300,21.270000
2016-05-24,242.590000,0.017100,255.700000,339.840000,51.330000,376.940000,487.230000,3.080000,4.930000,40.300000,5.010000,112.460000,336.370000,0.115800,21.460000
2016-05-25,240.850000,0.017000,255.740000,339.330000,51.340000,376.150000,490.720000,3.070000,4.940000,40.240000,5.030000,113.080000,336.480000,0.115700,21.460000
2016-05-26,242.030000,0.017100,256.200000,339.330000,51.250000,374.600000,491.820000,3.050000,4.940000,40.370000,5.100000,114.090000,336.240000,0.115600,21.370000
2016-05-27,240.220000,0.017000,256.990000,336.450000,50.810000,372.460000,489.780000,3.030000,4.870000,40.220000,5.110000,113.490000,333.090000,0.112300,21.370000
2016-05-28,242.350000,0.017000,257.310000,338.700000,51.140000,374.830000,491.880000,3.060000,4.910000,40.410000,5.080000,113.990000,335.480000,0.113100,21.550000
2016-05-31,241.740000,0.017000,257.770000,339.210000,51.160000,374.810000,491.390000,3.030000,4.930000,40.270000,5.100000,113.890000,336.730000,0.115100,21.360000
2016-06-01,243.350000,0.017000,257.390000,339.030000,51.040000,374.430000,490.830000,3.020000,4.920000,40.160000,5.090000,113.770000,335.840000,0.113500,21.250000
2016-06-02,244.460000,0.017000,257.400000,340.130000,51.200000,375.900000,486.960000,3.070000,4.930000,40.390000,5.030000,114.050000,336.860000,0.114000,21.520000
2016-06-03,243.460000,0.017000,257.850000,342.610000,51.330000,378.370000,487.080000,3.100000,4.970000,40.500000,5.060000,114.740000,337.710000,0.114600,21.660000
2016-06-04,244.580000,0.016900,257.980000,340.910000,51.280000,376.280000,486.560000,3.100000,4.940000,40.500000,5.040000,114.460000,337.770000,0.114900,21.650000
2016-06-07,246.470000,0.016900,258.720000,343.830000,51.040000,380.070000,482.440000,3.130000,4.900000,40.900000,5.100000,115.230000,335.100000,0.114100,22.240000
2016-06-08,248.410000,0.016800,261.230000,345.670000,50.820000,379.490000,486.500000,3.100000,4.880000,41.080000,5.140000,115.390000,333.880000,0.113800,22.510000
2016-06-09,246.740000,0.016800,260.620000,344.370000,50.460000,376.950000,482.070000,3.100000,4.850000,40.870000,5.140000,114.590000,331.590000,0.113000,22.260000
2016-06-10,245.410000,0.016800,259.520000,343.450000,50.340000,375.000000,477.380000,3.100000,4.850000,40.510000,5.150000,114.090000,330.160000,0.112600,22.250000
2016-06-11,247.140000,0.016900,262.060000,346.190000,50.920000,376.890000,481.920000,3.130000,4.910000,40.680000,5.160000,114.480000,333.970000,0.113900,22.270000
2016-06-14,248.470000,0.016800,263.010000,347.880000,50.990000,378.090000,475.370000,3.170000,4.930000,40.600000,5.100000,114.810000,335.810000,0.114500,22.090000
2016-06-15,247.800000,0.016900,262.680000,349.570000,51.210000,378.710000,477.980000,3.190000,4.970000,40.390000,5.110000,115.030000,337.650000,0.115100,21.990000
2016-06-16,250.640000,0.016900,264.030000,351.000000,51.470000,380.040000,480.960000,3.190000,4.990000,40.650000,5.150000,115.610000,338.750000,0.115700,22.200000
2016-06-17,248.870000,0.016900,260.530000,351.130000,51.330000,379.660000,478.650000,3.240000,4.980000,40.460000,5.130000,115.440000,337.960000,0.115400,22.030000
2016-06-18,249.910000,0.017000,261.920000,351.640000,51.390000,380.910000,482.250000,3.250000,5.010000,40.360000,5.190000,115.430000,338.590000,0.115600,22.200000
2016-06-21,250.470000,0.017000,262.210000,350.140000,51.050000,380.730000,491.510000,3.220000,4.970000,40.570000,5.240000,115.860000,335.890000,0.114800,22.560000
2016-06-22,251.800000,0.017000,263.140000,350.490000,51.040000,380.880000,495.680000,3.220000,4.960000,40.690000,5.240000,115.940000,335.870000,0.114300,22.940000
2016-06-23,252.450000,0.017000,263.670000,351.270000,51.200000,380.170000,494.220000,3.220000,4.980000,40.660000,5.260000,115.950000,336.730000,0.114700,22.930000
2016-06-24,255.370000,0.017000,264.960000,353.270000,51.230000,383.390000,500.500000,3.210000,4.990000,41.180000,5.260000,117.110000,336.630000,0.114900,23.360000
2016-06-25,251.300000,0.017000,261.600000,348.790000,51.340000,377.570000,472.470000,3.300000,5.040000,40.120000,5.200000,115.860000,339.690000,0.116100,22.470000
2016-06-28,251.610000,0.016900,260.910000,347.760000,51.030000,373.930000,450.050000,3.330000,5.040000,39.910000,5.220000,115.400000,339.100000,0.115900,22.340000
2016-06-29,251.220000,0.016900,261.380000,346.780000,51.010000,376.190000,452.620000,3.310000,5.030000,40.180000,5.250000,116.460000,339.120000,0.115900,22.350000
2016-06-30,251.810000,0.016900,260.950000,346.140000,50.990000,375.770000,454.320000,3.300000,5.020000,40.170000,5.290000,117.250000,338.870000,0.115300,22.590000
2016-07-01,252.130000,0.016800,261.740000,346.770000,50.990000,377.200000,455.330000,3.290000,5.020000,40.410000,5.280000,117.500000,338.660000,0.115300,22.930000
2016-07-02,252.550000,170.730000,261.010000,346.670000,50.750000,375.460000,449.860000,3.300000,5.010000,40.380000,5.270000,116.820000,338.040000,0.115200,22.970000
2016-07-05,253.780000,169.030000,262.090000,346.400000,50.640000,375.410000,447.950000,3.290000,5.000000,40.540000,5.280000,116.380000,337.390000,0.115200,23.220000
2016-07-06,252.800000,168.110000,261.150000,347.070000,50.540000,375.600000,443.420000,3.320000,5.000000,40.490000,5.250000,115.580000,337.070000,0.115000,22.870000
2016-07-08,253.960000,167.620000,260.790000,345.450000,50.490000,374.020000,438.370000,3.340000,5.000000,39.980000,5.270000,115.200000,337.260000,0.114600,23.010000
2016-07-09,253.980000,168.260000,260.150000,345.580000,50.620000,374.400000,438.370000,3.360000,5.050000,39.830000,5.280000,115.830000,338.460000,0.115000,23.020000
2016-07-12,254.800000,168.010000,258.150000,343.380000,50.490000,372.560000,435.440000,3.300000,5.040000,39.610000,5.260000,116.350000,337.710000,0.114900,23.170000
2016-07-13,258.220000,169.130000,259.730000,345.140000,50.640000,376.020000,445.890000,3.260000,5.030000,40.130000,5.300000,117.130000,338.510000,0.115200,23.620000
2016-07-14,257.960000,168.920000,259.490000,343.540000,50.590000,374.790000,449.060000,3.240000,5.030000,40.250000,5.300000,116.840000,338.350000,0.114700,23.570000
2016-07-15,259.130000,170.240000,262.300000,345.800000,50.710000,376.680000,448.700000,3.200000,5.040000,40.390000,5.360000,117.240000,338.950000,0.115000,23.700000
2016-07-16,258.730000,170.840000,262.600000,346.030000,50.670000,377.040000,452.060000,3.200000,5.030000,40.420000,5.360000,117.380000,338.520000,0.114900,23.620000
2016-07-19,257.180000,171.150000,261.640000,344.360000,50.560000,374.020000,448.130000,3.210000,5.040000,39.980000,5.370000,114.420000,338.880000,0.114900,23.670000
2016-07-20,253.770000,171.680000,260.210000,344.820000,50.630000,374.690000,446.810000,3.190000,5.040000,40.050000,5.380000,113.750000,338.720000,0.114500,23.660000
2016-07-21,254.550000,172.100000,260.520000,344.310000,50.930000,373.990000,448.290000,3.190000,5.060000,40.000000,5.370000,112.180000,339.900000,0.114900,23.790000
2016-07-22,256.880000,173.280000,262.410000,347.190000,51.290000,377.240000,452.190000,3.240000,5.100000,40.360000,5.360000,111.250000,342.230000,0.116100,23.990000
2016-07-23,255.210000,172.390000,260.320000,346.610000,51.190000,376.550000,447.960000,3.220000,5.090000,40.160000,5.300000,111.740000,341.510000,0.115800,24.000000
2016-07-26,257.290000,173.150000,261.170000,349.050000,51.500000,377.890000,452.270000,3.240000,5.130000,40.170000,5.300000,113.470000,343.880000,0.116400,24.060000
2016-07-27,263.460000,175.630000,264.960000,355.820000,52.480000,385.710000,459.430000,3.360000,5.220000,40.830000,5.310000,115.430000,350.200000,0.118600,24.380000
2016-07-28,263.220000,176.950000,267.010000,354.470000,52.800000,387.200000,460.800000,3.340000,5.240000,41.040000,5.330000,115.870000,352.130000,0.119400,24.650000
2016-07-29,265.440000,177.710000,268.210000,358.450000,52.990000,391.270000,464.470000,3.370000,5.250000,41.420000,5.320000,116.760000,352.750000,0.119700,24.770000
2016-07-30,264.400000,176.740000,267.670000,361.060000,52.960000,391.280000,463.950000,3.400000,5.210000,41.190000,5.260000,116.840000,352.250000,0.119600,24.850000
2016-08-02,266.930000,178.100000,269.420000,363.780000,53.030000,393.330000,463.820000,3.450000,5.250000,41.660000,5.320000,118.200000,352.100000,0.119600,25.420000
2016-08-03,267.960000,177.740000,270.740000,366.150000,53.320000,395.970000,468.020000,3.480000,5.280000,41.880000,5.310000,118.320000,353.700000,0.119500,25.380000
2016-08-04,268.370000,177.670000,269.560000,365.600000,53.390000,396.100000,472.210000,3.500000,5.280000,41.950000,5.310000,117.410000,354.010000,0.119400,25.210000
2016-08-05,268.300000,176.740000,269.390000,361.420000,53.010000,391.700000,468.420000,3.470000,5.250000,41.520000,5.300000,116.460000,352.060000,0.118900,25.610000
2016-08-06,267.210000,176.650000,268.090000,358.210000,52.530000,388.750000,459.310000,3.460000,5.090000,41.270000,5.340000,116.220000,348.970000,0.118000,25.520000
2016-08-09,265.860000,177.730000,264.700000,354.840000,52.300000,386.220000,454.490000,3.400000,5.080000,41.060000,5.370000,116.610000,348.350000,0.117300,25.450000
2016-08-10,264.640000,176.250000,262.730000,351.800000,51.940000,383.450000,448.790000,3.380000,5.050000,40.920000,5.350000,116.220000,345.890000,0.117000,25.560000
2016-08-11,267.330000,176.300000,265.700000,354.580000,52.230000,386.950000,452.110000,3.420000,5.040000,41.710000,5.340000,117.240000,346.420000,0.117200,26.020000
2016-08-12,267.750000,177.220000,266.340000,355.940000,52.300000,386.930000,450.290000,3.420000,5.050000,41.970000,5.370000,117.220000,347.180000,0.116700,26.100000
2016-08-13,264.300000,176.330000,265.250000,353.150000,51.830000,383.940000,446.080000,3.370000,5.000000,41.840000,5.330000,116.330000,344.460000,0.115900,25.620000
2016-08-16,263.240000,176.550000,265.370000,352.410000,51.730000,383.430000,443.350000,3.400000,4.990000,41.730000,5.340000,116.260000,343.390000,0.115500,25.620000
2016-08-17,265.910000,177.820000,268.060000,357.050000,51.900000,387.420000,446.260000,3.440000,5.010000,42.140000,5.400000,117.230000,343.730000,0.115400,25.930000
2016-08-18,260.370000,176.240000,264.620000,354.640000,51.430000,384.430000,444.890000,3.390000,4.960000,41.390000,5.330000,116.230000,341.200000,0.114600,25.360000
2016-08-19,261.430000,176.580000,265.360000,354.960000,51.280000,384.740000,447.460000,3.390000,4.950000,41.620000,5.340000,116.230000,340.090000,0.114200,25.540000
2016-08-20,257.910000,175.580000,264.030000,353.790000,50.880000,383.060000,444.700000,3.380000,4.930000,41.180000,5.290000,115.290000,338.510000,0.113700,25.120000
2016-08-23,257.770000,174.650000,262.470000,351.870000,50.930000,382.730000,443.750000,3.370000,4.980000,41.110000,5.270000,114.970000,338.820000,0.113900,24.910000
2016-08-24,260.350000,175.640000,264.160000,354.510000,51.330000,386.150000,449.400000,3.400000,4.990000,41.450000,5.270000,115.920000,341.000000,0.114300,25.200000
2016-08-25,258.190000,173.670000,262.370000,351.560000,50.940000,382.170000,447.900000,3.380000,4.950000,41.370000,5.230000,114.770000,338.830000,0.113600,24.140000
2016-08-26,258.730000,173.790000,262.950000,352.110000,51.020000,383.330000,448.890000,3.380000,4.950000,41.410000,5.230000,115.520000,339.500000,0.113900,24.100000
2016-08-27,258.650000,173.980000,262.680000,350.470000,50.790000,382.460000,447.020000,3.370000,4.930000,41.230000,5.230000,115.340000,338.730000,0.113700,24.000000
2016-08-30,256.200000,173.300000,260.590000,346.890000,50.760000,379.010000,444.030000,3.320000,4.930000,40.840000,5.210000,114.640000,338.980000,0.113400,23.420000
2016-09-01,255.620000,173.880000,259.820000,345.880000,50.930000,379.040000,446.550000,3.300000,4.940000,40.880000,5.220000,115.100000,340.100000,0.113900,23.580000
2016-09-02,256.820000,174.230000,259.990000,346.570000,51.060000,379.970000,451.730000,3.290000,4.950000,40.840000,5.220000,115.330000,341.060000,0.114300,23.250000
2016-09-03,257.950000,173.940000,261.010000,348.950000,51.180000,382.150000,453.550000,3.300000,4.960000,41.020000,5.200000,115.470000,341.970000,0.114600,23.410000
2016-09-06,258.710000,174.200000,263.690000,348.460000,51.060000,380.480000,454.320000,3.300000,4.950000,41.160000,5.270000,115.680000,340.900000,0.113800,23.680000
2016-09-07,259.540000,173.590000,263.570000,347.230000,50.880000,379.390000,453.120000,3.290000,4.930000,41.210000,5.250000,115.510000,339.800000,0.113900,23.910000
2016-09-08,258.850000,173.160000,262.600000,348.440000,50.660000,379.330000,451.090000,3.330000,4.890000,41.290000,5.250000,115.210000,337.570000,0.113300,24.020000
2016-09-09,260.290000,173.570000,262.080000,348.200000,50.590000,380.110000,450.280000,3.320000,4.880000,41.430000,5.270000,114.790000,337.160000,0.113300,24.170000
2016-09-10,257.070000,173.390000,260.830000,346.920000,50.530000,380.260000,448.890000,3.300000,4.880000,41.240000,5.260000,114.080000,337.410000,0.113400,23.720000
2016-09-14,254.310000,172.930000,257.920000,347.190000,50.550000,378.970000,447.710000,3.310000,4.910000,41.060000,5.210000,113.540000,337.640000,0.113700,23.610000
2016-09-15,253.090000,174.310000,257.530000,347.330000,50.790000,380.270000,447.600000,3.300000,4.910000,41.020000,5.210000,113.680000,338.860000,0.114200,23.640000
2016-09-16,253.740000,173.920000,257.200000,348.560000,50.890000,381.530000,449.230000,3.320000,4.940000,41.170000,5.230000,114.000000,339.500000,0.114500,23.790000
2016-09-17,254.590000,174.370000,257.700000,348.420000,50.890000,380.990000,447.900000,3.330000,4.950000,41.110000,5.220000,114.310000,339.500000,0.114500,23.990000
2016-09-20,256.240000,174.250000,257.980000,346.170000,50.870000,379.050000,442.950000,3.330000,4.950000,40.990000,5.240000,114.100000,339.350000,0.114500,24.130000
2016-09-21,256.280000,174.320000,256.930000,347.350000,50.880000,379.480000,440.470000,3.330000,4.950000,40.970000,5.230000,113.990000,339.400000,0.113100,24.400000
2016-09-22,257.410000,174.320000,257.610000,346.980000,50.810000,377.800000,440.550000,3.340000,4.930000,40.910000,5.260000,113.950000,338.960000,0.113600,24.700000
2016-09-23,258.810000,174.790000,259.050000,348.440000,50.650000,379.360000,440.940000,3.350000,4.910000,41.650000,5.290000,114.540000,337.780000,0.113300,25.160000
2016-09-24,257.380000,175.120000,258.600000,347.800000,50.580000,378.290000,438.820000,3.340000,4.910000,41.550000,5.300000,114.390000,337.370000,0.113300,24.780000
2016-09-27,257.050000,174.770000,255.800000,348.570000,50.620000,379.350000,436.530000,3.360000,4.910000,41.530000,5.270000,113.090000,337.560000,0.113400,24.640000
2016-09-28,258.160000,174.920000,255.120000,348.090000,50.560000,379.100000,436.350000,3.360000,4.960000,41.660000,5.290000,113.400000,337.160000,0.113300,24.910000
2016-09-29,258.270000,174.470000,254.760000,347.090000,50.510000,377.830000,437.850000,3.350000,4.970000,41.560000,5.270000,113.150000,336.990000,0.112100,24.870000
2016-09-30,256.660000,173.720000,255.670000,345.180000,50.230000,375.520000,435.240000,3.300000,4.950000,41.570000,5.300000,111.730000,334.930000,0.111500,24.390000
2016-10-01,255.320000,174.720000,254.930000,344.950000,50.300000,374.810000,434.990000,3.320000,4.940000,41.700000,5.290000,111.620000,335.460000,0.111600,24.100000
2016-10-04,257.010000,175.070000,256.220000,345.100000,50.250000,376.340000,430.990000,3.310000,4.940000,42.110000,5.370000,111.610000,335.090000,0.111500,24.630000
2016-10-05,255.560000,174.240000,253.330000,340.540000,50.020000,372.190000,425.390000,3.260000,4.930000,41.670000,5.340000,109.940000,333.590000,0.109600,24.430000
2016-10-06,253.220000,173.900000,252.100000,340.510000,49.900000,373.250000,423.190000,3.230000,4.900000,41.410000,5.330000,108.660000,332.750000,0.109300,24.180000
2016-10-07,252.250000,174.050000,252.060000,340.210000,49.890000,371.950000,422.980000,3.210000,4.900000,41.310000,5.330000,109.040000,332.690000,0.109300,24.130000
2016-10-08,251.340000,173.420000,249.760000,337.690000,49.700000,368.660000,407.200000,3.190000,4.860000,40.980000,5.310000,108.480000,331.410000,0.109000,23.780000
2016-10-11,252.130000,173.760000,250.630000,339.020000,49.550000,371.000000,412.420000,3.220000,4.870000,40.900000,5.320000,108.600000,332.140000,0.109000,24.160000
2016-10-12,249.460000,172.880000,250.190000,335.130000,49.190000,366.910000,406.190000,3.180000,4.840000,40.600000,5.290000,107.200000,330.370000,0.108500,23.320000
2016-10-13,250.480000,172.420000,249.720000,334.320000,49.250000,364.510000,404.890000,3.190000,4.830000,40.400000,5.280000,106.930000,330.710000,0.108600,22.840000
2016-10-14,249.980000,171.870000,250.200000,335.450000,49.250000,365.290000,404.090000,3.190000,4.860000,40.370000,5.240000,106.930000,331.360000,0.108800,23.110000
2016-10-15,252.300000,172.400000,250.990000,334.730000,49.230000,364.710000,404.260000,3.170000,4.840000,40.480000,5.260000,107.480000,331.010000,0.108900,23.330000
2016-10-18,252.220000,172.690000,252.100000,335.630000,49.240000,364.520000,403.730000,3.190000,4.860000,40.350000,5.260000,106.970000,331.740000,0.108200,23.170000
2016-10-19,254.970000,173.520000,254.210000,336.050000,49.290000,365.760000,407.680000,3.190000,4.860000,40.820000,5.290000,107.340000,332.120000,0.108400,23.690000
2016-10-20,255.080000,174.140000,253.900000,336.210000,49.310000,365.300000,407.980000,3.210000,4.880000,40.780000,5.320000,108.030000,332.180000,0.108400,23.940000
2016-10-21,253.180000,173.980000,251.130000,334.300000,49.060000,362.530000,405.800000,3.190000,4.870000,40.460000,5.290000,107.630000,330.560000,0.107800,23.800000
2016-10-22,252.960000,174.280000,250.360000,333.300000,49.020000,361.090000,405.370000,3.190000,4.880000,40.310000,5.310000,107.750000,331.400000,0.108100,23.610000
2016-10-25,251.970000,174.090000,247.690000,332.270000,48.770000,359.530000,404.180000,3.180000,4.850000,40.070000,5.310000,107.520000,330.240000,0.107700,23.750000
2016-10-26,252.180000,174.020000,247.840000,332.210000,48.720000,359.300000,404.070000,3.160000,4.840000,39.980000,5.320000,107.250000,330.120000,0.107100,23.900000
2016-10-27,254.540000,174.630000,247.960000,334.360000,48.930000,361.750000,404.340000,3.180000,4.850000,40.040000,5.320000,107.500000,331.180000,0.107600,24.050000
2016-10-28,253.370000,174.460000,248.690000,335.080000,49.060000,363.030000,406.840000,3.180000,4.870000,40.410000,5.280000,107.230000,332.600000,0.108100,23.950000
2016-10-29,252.630000,175.070000,249.350000,335.550000,49.190000,363.820000,404.800000,3.170000,4.870000,40.310000,5.300000,106.910000,333.500000,0.108400,24.090000
2016-11-01,254.960000,176.010000,250.480000,339.090000,49.490000,367.060000,407.940000,3.190000,4.880000,40.560000,5.310000,107.900000,335.120000,0.108000,24.600000
2016-11-02,257.710000,176.660000,250.900000,340.980000,49.620000,369.470000,411.600000,3.200000,4.890000,40.850000,5.320000,108.350000,336.000000,0.108300,24.800000
2016-11-03,258.140000,177.580000,252.210000,347.030000,49.940000,374.060000,414.000000,3.260000,4.920000,41.270000,5.320000,108.370000,337.660000,0.109000,25.090000
2016-11-04,259.550000,177.890000,253.010000,347.920000,50.040000,375.330000,419.490000,3.290000,4.920000,41.370000,5.310000,108.710000,338.350000,0.109300,25.090000
2016-11-05,260.200000,178.060000,252.710000,347.850000,50.150000,376.010000,423.010000,3.290000,4.930000,41.430000,5.320000,107.840000,338.840000,0.109300,25.090000
2016-11-08,260.810000,178.570000,253.520000,347.990000,50.190000,376.160000,421.520000,3.260000,4.950000,41.390000,5.330000,107.690000,339.990000,0.109000,25.220000
2016-11-09,261.850000,178.580000,254.380000,348.530000,50.120000,375.360000,422.040000,3.250000,4.950000,41.320000,5.330000,106.940000,339.750000,0.109700,25.350000
2016-11-10,261.480000,178.910000,253.950000,348.530000,50.330000,376.830000,422.410000,3.300000,4.960000,41.400000,5.350000,106.790000,341.180000,0.110400,25.140000
2016-11-11,260.650000,177.320000,251.900000,342.440000,49.790000,368.510000,419.060000,3.190000,4.920000,40.790000,5.330000,105.480000,338.330000,0.108800,25.250000
2016-11-12,258.300000,176.040000,252.280000,344.980000,50.050000,369.860000,431.100000,3.200000,4.950000,40.560000,5.180000,103.980000,340.630000,0.109400,23.750000
2016-11-15,259.210000,175.120000,252.950000,345.200000,50.160000,369.420000,428.760000,3.190000,4.990000,40.460000,5.190000,104.650000,343.230000,0.109300,23.900000
2016-11-16,260.250000,176.250000,254.780000,346.470000,50.300000,372.020000,428.010000,3.180000,5.010000,40.910000,5.260000,105.250000,344.560000,0.110600,24.320000
2016-11-17,255.480000,174.120000,252.450000,338.930000,49.500000,364.190000,423.600000,3.100000,4.920000,40.220000,5.200000,102.680000,340.050000,0.109300,23.900000
2016-11-18,254.890000,174.810000,254.300000,340.980000,49.670000,365.860000,425.430000,3.130000,4.940000,40.280000,5.270000,103.030000,341.220000,0.109000,23.950000
2016-11-19,251.470000,174.820000,251.990000,338.030000,49.520000,361.530000,423.030000,3.080000,4.940000,39.670000,5.230000,100.380000,341.070000,0.109100,23.380000
2016-11-22,248.990000,174.380000,251.630000,335.830000,49.160000,360.380000,418.110000,3.060000,4.910000,39.650000,5.280000,100.380000,338.990000,0.107400,23.760000
2016-11-23,248.560000,173.110000,250.710000,332.590000,48.740000,357.190000,418.280000,3.030000,4.860000,39.480000,5.280000,100.010000,335.480000,0.106200,23.850000
2016-11-24,248.270000,171.850000,248.770000,330.500000,48.500000,354.770000,413.840000,3.010000,4.860000,39.160000,5.200000,98.580000,334.500000,0.106000,23.770000
2016-11-25,248.750000,171.710000,248.950000,330.500000,48.540000,354.690000,418.200000,2.970000,4.860000,39.090000,5.220000,98.630000,335.690000,0.106500,23.810000
2016-11-26,251.100000,172.820000,250.420000,333.390000,48.840000,357.690000,420.800000,2.990000,4.890000,39.420000,5.240000,98.220000,337.860000,0.107300,23.830000
2016-11-29,254.190000,173.240000,252.530000,336.570000,49.280000,361.780000,422.580000,3.030000,4.930000,39.810000,5.240000,99.440000,340.240000,0.108000,24.490000
2016-11-30,254.000000,172.570000,253.090000,335.700000,49.340000,360.850000,424.120000,3.030000,4.920000,39.800000,5.240000,99.580000,340.300000,0.108200,24.380000
2016-12-01,254.920000,173.140000,254.650000,336.960000,49.610000,363.330000,426.420000,3.020000,4.940000,40.150000,5.270000,99.850000,341.440000,0.108600,24.410000
2016-12-03,249.130000,170.670000,252.340000,332.020000,48.760000,357.360000,422.990000,2.950000,4.860000,39.800000,5.230000,95.410000,335.710000,0.106700,23.770000
2016-12-06,248.350000,170.130000,251.070000,329.990000,48.580000,355.620000,425.060000,2.930000,4.840000,39.670000,5.250000,94.480000,334.480000,0.106400,24.180000
2016-12-07,249.730000,170.530000,253.210000,333.410000,48.790000,361.320000,427.800000,2.940000,4.880000,40.180000,5.260000,95.590000,335.610000,0.106700,24.660000
2016-12-08,250.320000,170.330000,253.430000,332.970000,48.860000,360.300000,423.150000,2.950000,4.860000,40.070000,5.280000,98.220000,336.230000,0.106000,24.870000
2016-12-09,250.900000,169.820000,253.400000,333.390000,48.700000,361.610000,424.570000,2.950000,4.840000,40.100000,5.280000,99.900000,334.890000,0.105600,24.680000
2016-12-10,250.030000,170.310000,253.650000,329.140000,48.440000,355.170000,421.700000,2.920000,4.840000,39.580000,5.310000,96.540000,334.310000,0.105500,24.450000
2016-12-13,247.110000,169.980000,252.220000,325.940000,47.910000,350.790000,416.850000,2.860000,4.790000,39.230000,5.410000,93.910000,331.120000,0.103400,23.980000
2016-12-14,246.950000,169.400000,251.730000,325.840000,47.850000,350.750000,419.570000,2.870000,4.770000,39.220000,5.410000,95.280000,330.240000,0.103200,24.230000
2016-12-15,248.310000,169.650000,252.570000,327.740000,48.010000,351.990000,418.900000,2.880000,4.790000,39.240000,5.450000,94.990000,331.250000,0.103700,24.230000
2016-12-16,247.780000,170.210000,251.810000,327.030000,48.340000,351.560000,419.340000,2.840000,4.850000,39.130000,5.440000,95.390000,334.880000,0.104700,23.820000
2016-12-21,242.120000,170.420000,249.300000,325.290000,48.190000,347.450000,414.240000,2.840000,4.830000,38.450000,5.430000,95.410000,334.790000,0.104400,23.670000
2016-12-22,241.350000,170.370000,248.950000,324.020000,47.910000,346.020000,410.700000,2.830000,4.820000,38.370000,5.450000,94.720000,332.900000,0.104000,23.840000
2016-12-23,239.540000,170.870000,246.890000,323.770000,47.800000,346.870000,409.530000,2.820000,4.780000,38.160000,5.460000,94.630000,332.090000,0.103800,23.790000
2016-12-24,237.140000,168.930000,243.910000,320.610000,47.360000,343.610000,403.380000,2.800000,4.740000,37.710000,5.390000,93.720000,328.910000,0.102800,23.550000
2016-12-27,239.870000,171.410000,247.050000,324.440000,47.910000,347.860000,408.540000,2.840000,4.800000,38.250000,5.480000,94.960000,332.880000,0.104000,23.830000
2016-12-28,239.740000,171.120000,246.430000,324.260000,47.960000,348.340000,408.940000,2.840000,4.800000,38.310000,5.480000,94.690000,333.340000,0.104200,23.920000
2016-12-29,239.280000,170.440000,245.000000,323.390000,47.810000,347.280000,407.280000,2.830000,4.800000,38.240000,5.490000,93.990000,332.610000,0.103900,23.920000
2016-12-30,240.430000,170.740000,246.820000,325.820000,47.950000,348.940000,408.700000,2.860000,4.800000,38.410000,5.540000,94.440000,333.280000,0.104200,24.380000
2016-12-31,240.940000,170.480000,247.320000,328.140000,48.020000,352.420000,409.780000,2.850000,4.800000,38.790000,5.430000,94.590000,333.290000,0.104200,24.280000
2017-01-05,242.720000,170.020000,250.040000,325.970000,48.190000,348.830000,410.410000,2.840000,4.840000,38.720000,5.490000,93.440000,334.510000,0.104700,24.520000
2017-01-06,242.470000,169.410000,250.060000,326.330000,48.310000,349.290000,409.020000,2.850000,4.810000,38.790000,5.510000,91.790000,332.560000,0.103900,24.290000
2017-01-07,242.810000,169.660000,249.640000,327.170000,47.750000,350.380000,409.670000,2.850000,4.780000,38.940000,5.570000,91.440000,330.670000,0.103500,24.220000
2017-01-10,241.690000,168.730000,249.520000,324.760000,47.670000,347.860000,401.540000,2.820000,4.780000,38.630000,5.510000,88.810000,330.540000,0.103500,24.000000
2017-01-11,244.540000,169.650000,251.630000,328.480000,48.090000,352.590000,404.380000,2.870000,4.800000,38.810000,5.550000,88.110000,332.850000,0.102600,24.350000
2017-01-12,246.500000,169.780000,252.390000,327.860000,48.170000,351.760000,404.960000,2.880000,4.810000,38.790000,5.550000,86.810000,333.960000,0.103100,24.420000
2017-01-13,248.720000,170.180000,254.040000,328.820000,48.120000,352.660000,406.450000,2.900000,4.780000,38.980000,5.590000,86.590000,331.850000,0.102500,24.510000
2017-01-14,248.750000,170.370000,252.560000,329.460000,48.150000,353.440000,405.310000,2.900000,4.780000,39.070000,5.580000,86.850000,332.060000,0.102700,24.570000
2017-01-17,249.040000,170.770000,253.670000,329.200000,48.310000,352.950000,401.730000,2.920000,4.810000,39.100000,5.600000,88.500000,333.250000,0.102500,24.450000
2017-01-18,250.740000,170.820000,255.020000,331.550000,48.530000,355.170000,404.710000,2.940000,4.790000,39.290000,5.620000,87.780000,332.680000,0.102500,24.700000
2017-01-19,249.630000,170.170000,252.690000,329.630000,48.350000,353.090000,406.640000,2.910000,4.770000,39.090000,5.580000,87.300000,330.550000,0.101900,24.330000
2017-01-20,250.200000,169.830000,249.360000,329.330000,48.240000,353.000000,407.630000,2.890000,4.760000,39.120000,5.500000,87.220000,331.080000,0.101900,24.430000
2017-01-21,249.730000,171.110000,248.850000,329.460000,48.250000,353.310000,407.800000,2.880000,4.780000,39.270000,5.560000,86.690000,331.870000,0.102200,24.490000
2017-01-24,250.450000,171.720000,249.680000,331.880000,48.350000,355.750000,412.850000,2.920000,4.770000,39.500000,5.580000,87.980000,331.420000,0.101500,24.570000
2017-01-25,248.500000,170.470000,247.790000,328.880000,47.900000,352.770000,409.890000,2.900000,4.740000,39.350000,5.550000,87.820000,328.490000,0.100600,24.450000
2017-01-26,247.270000,170.140000,249.740000,328.320000,47.660000,352.350000,412.320000,2.890000,4.720000,39.440000,5.530000,85.990000,327.860000,0.100400,24.740000
2017-01-27,247.620000,169.830000,250.630000,328.810000,47.740000,351.920000,414.880000,2.880000,4.740000,39.440000,5.480000,85.020000,328.280000,0.100700,24.720000
2017-01-28,247.470000,170.060000,250.860000,328.890000,47.800000,351.510000,412.330000,2.860000,4.740000,39.430000,5.470000,84.890000,328.730000,0.100900,24.620000
2017-01-31,246.420000,168.600000,248.230000,326.740000,47.440000,348.920000,408.600000,2.850000,4.730000,39.240000,5.440000,85.050000,326.250000,0.100200,23.980000
2017-02-01,244.930000,167.700000,247.300000,325.870000,47.150000,347.200000,403.480000,2.850000,4.690000,39.030000,5.400000,85.490000,324.240000,0.099800,23.920000
2017-02-02,246.060000,167.670000,248.060000,327.570000,47.170000,349.820000,408.820000,2.860000,4.690000,39.360000,5.380000,85.830000,324.360000,0.099900,24.060000
2017-02-03,249.370000,168.390000,250.350000,329.010000,47.260000,351.460000,412.390000,2.890000,4.700000,39.710000,5.450000,87.150000,325.000000,0.100200,24.320000
2017-02-04,246.870000,167.620000,247.750000,324.480000,46.990000,346.910000,403.230000,2.850000,4.660000,39.090000,5.420000,86.180000,322.920000,0.099700,24.040000
2017-02-07,246.400000,168.440000,247.290000,323.220000,46.900000,345.390000,401.610000,2.860000,4.650000,39.010000,5.470000,87.390000,321.800000,0.099500,24.190000
2017-02-08,246.000000,168.520000,244.920000,323.020000,46.940000,344.340000,399.420000,2.880000,4.660000,38.800000,5.440000,87.000000,323.050000,0.098200,24.050000
2017-02-09,247.720000,169.070000,246.630000,324.750000,47.220000,345.560000,405.610000,2.890000,4.690000,38.960000,5.460000,86.630000,324.620000,0.098800,24.110000
2017-02-10,247.960000,169.830000,246.900000,325.560000,47.210000,346.570000,406.930000,2.890000,4.670000,39.040000,5.490000,87.380000,323.960000,0.098700,24.110000
2017-02-11,246.970000,170.430000,245.990000,322.400000,47.000000,344.020000,404.030000,2.850000,4.660000,38.620000,5.510000,87.970000,323.300000,0.098600,24.250000
2017-02-14,246.970000,170.890000,245.800000,321.120000,46.810000,342.430000,403.050000,2.830000,4.640000,38.460000,5.560000,87.320000,321.950000,0.097300,24.180000
2017-02-15,247.670000,171.860000,247.180000,321.050000,46.980000,342.190000,402.020000,2.840000,4.650000,38.550000,5.590000,88.400000,322.490000,0.097400,24.410000
2017-02-16,246.170000,172.600000,245.240000,318.030000,46.700000,338.370000,398.470000,2.800000,4.630000,38.190000,5.590000,87.850000,320.700000,0.097000,24.670000
2017-02-17,245.670000,171.270000,244.950000,319.100000,46.590000,339.800000,399.470000,2.810000,4.620000,38.430000,5.590000,86.810000,319.420000,0.096800,24.560000
2017-02-18,243.960000,170.330000,243.420000,318.800000,46.400000,339.100000,395.590000,2.820000,4.610000,38.270000,5.520000,86.620000,318.610000,0.096500,24.300000
2017-02-21,244.910000,170.550000,243.750000,318.170000,46.410000,339.010000,397.770000,2.820000,4.620000,38.270000,5.500000,87.970000,319.190000,0.096800,24.330000
2017-02-22,242.770000,169.300000,241.130000,314.310000,46.100000,334.360000,394.100000,2.790000,4.590000,37.870000,5.470000,87.670000,317.260000,0.096300,24.140000
2017-02-23,241.500000,167.600000,238.490000,310.240000,45.670000,330.050000,390.700000,2.780000,4.550000,37.510000,5.430000,86.860000,314.090000,0.095200,23.990000
2017-02-24,240.400000,167.100000,237.830000,309.520000,45.470000,329.600000,389.750000,2.760000,4.520000,37.400000,5.390000,87.410000,312.650000,0.094700,24.130000
2017-02-25,239.910000,166.260000,237.870000,309.820000,45.330000,329.840000,390.390000,2.770000,4.510000,37.390000,5.380000,87.050000,311.490000,0.094400,24.140000
2017-02-28,239.980000,166.250000,238.330000,310.480000,45.490000,330.690000,388.340000,2.780000,4.520000,37.410000,5.410000,87.060000,312.470000,0.093400,24.170000
2017-03-01,239.980000,166.230000,237.390000,311.020000,45.530000,331.090000,388.670000,2.780000,4.530000,37.320000,5.400000,86.690000,312.760000,0.093700,24.070000
2017-03-02,240.520000,165.980000,235.450000,310.870000,45.610000,330.670000,388.160000,2.760000,4.540000,37.320000,5.400000,86.430000,313.790000,0.094100,24.060000
2017-03-03,239.870000,165.570000,235.580000,311.630000,45.770000,331.570000,386.350000,2.760000,4.550000,37.330000,5.380000,85.290000,315.000000,0.094600,24.070000
2017-03-04,239.780000,166.120000,236.700000,313.290000,46.030000,333.870000,388.060000,2.780000,4.590000,37.430000,5.400000,85.520000,317.460000,0.095400,24.190000
2017-03-07,240.360000,166.540000,236.400000,313.410000,45.880000,335.270000,387.830000,2.780000,4.570000,37.470000,5.450000,85.180000,316.260000,0.095100,24.370000
2017-03-08,239.050000,165.870000,235.090000,310.410000,45.690000,332.810000,383.960000,2.760000,4.550000,37.240000,5.430000,85.450000,315.160000,0.095000,24.260000
2017-03-10,237.670000,165.910000,234.570000,312.190000,45.860000,334.460000,384.860000,2.760000,4.580000,37.030000,5.380000,84.170000,316.810000,0.095700,23.930000
2017-03-11,239.300000,166.650000,235.710000,314.260000,45.980000,337.400000,386.910000,2.760000,4.600000,36.990000,5.380000,84.840000,317.970000,0.096100,24.000000
2017-03-14,240.810000,166.350000,236.400000,315.550000,46.040000,339.220000,388.270000,2.780000,4.600000,37.090000,5.380000,84.890000,318.070000,0.092200,24.270000
2017-03-15,240.160000,166.430000,236.190000,315.370000,45.990000,338.180000,385.430000,2.760000,4.590000,37.030000,5.390000,84.890000,317.960000,0.090900,24.140000
2017-03-16,241.880000,166.980000,237.100000,316.330000,46.150000,339.050000,389.200000,2.780000,4.610000,37.080000,5.400000,85.540000,319.020000,0.091200,24.370000
2017-03-17,244.130000,167.610000,238.660000,317.820000,46.030000,340.250000,389.160000,2.800000,4.580000,37.150000,5.480000,86.170000,317.630000,0.090900,24.950000
2017-03-18,242.270000,167.090000,236.490000,316.820000,45.640000,339.340000,390.410000,2.780000,4.550000,37.290000,5.450000,87.330000,315.050000,0.090100,24.720000
2017-03-19,242.820000,167.400000,236.400000,316.020000,45.730000,338.930000,391.090000,2.800000,4.550000,37.250000,5.530000,86.870000,315.550000,0.090300,24.830000
2017-03-25,241.280000,168.790000,237.110000,319.560000,45.990000,342.140000,395.290000,2.850000,4.580000,37.340000,5.520000,87.550000,316.560000,0.089200,25.400000
2017-03-28,240.740000,168.680000,236.720000,320.430000,45.880000,342.750000,397.060000,2.860000,4.590000,37.390000,5.550000,87.700000,315.430000,0.089000,25.100000
2017-03-29,239.460000,168.270000,234.970000,319.460000,45.730000,341.870000,395.490000,2.840000,4.580000,37.030000,5.520000,87.030000,314.830000,0.088800,24.420000
2017-03-30,241.220000,168.260000,235.860000,317.180000,45.740000,340.050000,391.730000,2.840000,4.590000,36.930000,5.530000,86.620000,315.150000,0.089200,24.110000
2017-03-31,241.380000,168.340000,236.060000,316.120000,45.690000,337.960000,391.440000,2.830000,4.590000,36.920000,5.590000,86.440000,314.790000,0.087400,24.350000
2017-04-01,239.560000,167.680000,234.880000,313.390000,45.540000,334.940000,390.470000,2.800000,4.570000,36.490000,5.570000,86.140000,313.730000,0.087400,23.470000
2017-04-04,238.380000,167.020000,235.040000,312.770000,45.540000,334.210000,392.650000,2.820000,4.570000,36.560000,5.570000,86.110000,313.490000,0.087400,23.060000
2017-04-05,236.170000,165.930000,232.830000,312.030000,45.430000,333.140000,389.610000,2.830000,4.560000,36.280000,5.530000,85.750000,312.690000,0.086400,22.710000
2017-04-06,236.150000,166.180000,232.830000,311.120000,45.250000,332.800000,389.320000,2.810000,4.550000,36.310000,5.580000,84.750000,312.080000,0.086300,22.550000
2017-04-07,236.490000,165.930000,233.100000,311.630000,45.370000,333.690000,390.020000,2.830000,4.570000,36.390000,5.550000,84.410000,312.940000,0.086600,22.700000
2017-04-08,235.480000,165.660000,233.770000,311.340000,45.390000,332.900000,388.860000,2.830000,4.570000,36.330000,5.500000,84.050000,313.020000,0.086700,22.730000
2017-04-11,234.530000,165.020000,233.810000,310.230000,45.390000,331.340000,388.350000,2.820000,4.590000,36.230000,5.460000,83.880000,313.210000,0.085800,22.560000
2017-04-12,233.470000,164.750000,233.620000,309.390000,45.130000,330.300000,386.660000,2.820000,4.560000,36.260000,5.470000,83.650000,311.370000,0.085400,22.440000
2017-04-13,233.600000,165.130000,234.040000,309.410000,45.240000,330.530000,389.450000,2.840000,4.560000,36.300000,5.490000,84.900000,311.760000,0.085500,22.770000
2017-04-14,236.210000,165.580000,235.430000,310.470000,45.280000,331.660000,390.880000,2.860000,4.560000,36.450000,5.510000,85.040000,311.710000,0.085500,23.010000
2017-04-15,235.420000,165.620000,233.400000,309.480000,45.150000,330.180000,388.930000,2.860000,4.560000,36.250000,5.530000,84.120000,310.870000,0.085300,23.140000
2017-04-18,235.810000,165.460000,233.760000,309.570000,45.160000,330.270000,389.850000,2.870000,4.580000,36.280000,5.550000,84.820000,310.810000,0.085300,23.210000
2017-04-19,234.240000,165.600000,232.700000,309.730000,45.120000,331.010000,389.880000,2.860000,4.550000,36.400000,5.530000,84.150000,310.660000,0.084400,23.230000
2017-04-20,234.220000,166.110000,232.070000,312.710000,45.230000,334.040000,399.730000,2.860000,4.590000,36.560000,5.550000,84.950000,311.460000,0.084800,23.420000
2017-04-21,234.820000,166.560000,231.670000,313.860000,45.390000,336.150000,400.660000,2.870000,4.610000,36.470000,5.550000,85.940000,312.380000,0.085000,23.760000
2017-04-22,235.520000,166.930000,232.160000,313.120000,45.430000,334.730000,399.930000,2.860000,4.660000,36.220000,5.560000,85.830000,312.740000,0.085100,23.740000
2017-04-25,236.230000,166.700000,232.220000,313.680000,45.300000,339.020000,399.970000,2.830000,4.670000,36.650000,5.590000,86.800000,311.890000,0.084200,24.100000
2017-04-26,234.530000,166.530000,229.830000,313.210000,45.250000,339.090000,398.950000,2.820000,4.640000,36.360000,5.560000,86.880000,311.580000,0.084200,23.850000
2017-04-27,234.210000,167.300000,230.350000,314.230000,45.340000,340.470000,400.700000,2.810000,4.650000,36.500000,5.530000,87.010000,312.440000,0.084400,23.770000
2017-04-28,234.550000,167.820000,231.230000,315.950000,45.540000,342.030000,404.990000,2.820000,4.680000,36.650000,5.520000,88.130000,313.900000,0.084800,23.680000
2017-04-29,235.110000,168.170000,230.550000,317.380000,45.600000,343.830000,406.740000,2.820000,4.680000,36.910000,5.510000,88.470000,314.400000,0.085000,23.670000
2017-05-03,237.330000,168.930000,230.880000,317.280000,45.720000,344.090000,406.920000,2.810000,4.660000,36.690000,5.520000,89.130000,315.220000,0.084600,23.660000
2017-05-04,235.570000,168.820000,229.780000,318.660000,45.760000,343.980000,407.090000,2.810000,4.670000,36.640000,5.520000,89.230000,315.350000,0.084500,23.600000
2017-05-05,234.010000,168.050000,230.360000,318.510000,45.790000,345.040000,407.100000,2.800000,4.680000,36.600000,5.480000,89.040000,315.680000,0.084600,23.440000
2017-05-06,235.130000,168.480000,231.000000,321.820000,46.100000,348.530000,411.420000,2.830000,4.710000,36.690000,5.460000,89.370000,318.090000,0.085300,23.440000
2017-05-11,234.620000,169.110000,232.360000,316.250000,46.130000,346.040000,412.430000,2.800000,4.700000,36.600000,5.490000,88.410000,318.430000,0.085400,23.540000
2017-05-12,233.080000,169.160000,231.110000,313.680000,45.820000,343.760000,408.560000,2.770000,4.670000,36.790000,5.540000,88.360000,316.250000,0.084000,23.660000
2017-05-13,233.250000,168.630000,230.210000,313.180000,45.720000,342.980000,405.800000,2.780000,4.660000,36.720000,5.510000,87.770000,315.500000,0.083900,23.470000
2017-05-16,233.210000,168.870000,230.230000,314.220000,45.490000,343.880000,405.390000,2.760000,4.630000,36.870000,5.560000,88.200000,313.520000,0.083400,23.750000
2017-05-17,231.030000,168.350000,228.700000,314.780000,45.290000,344.590000,402.060000,2.750000,4.610000,36.580000,5.530000,87.780000,312.040000,0.082500,23.700000
2017-05-18,231.750000,168.920000,230.060000,318.430000,45.460000,347.470000,405.380000,2.790000,4.630000,37.000000,5.520000,88.010000,313.180000,0.082700,23.840000
2017-05-19,232.710000,168.070000,229.480000,320.130000,45.500000,348.630000,408.790000,2.840000,4.630000,36.920000,5.420000,86.230000,313.540000,0.082800,23.190000
2017-05-20,232.630000,168.310000,230.210000,319.910000,45.380000,348.680000,406.660000,2.800000,4.620000,37.180000,5.480000,86.850000,312.550000,0.082700,23.540000
2017-05-23,231.560000,167.900000,229.930000,319.620000,45.100000,348.200000,403.880000,2.790000,4.590000,37.140000,5.490000,87.250000,310.700000,0.082100,23.580000
2017-05-24,233.000000,167.830000,230.640000,320.310000,45.130000,349.960000,403.610000,2.800000,4.590000,37.320000,5.500000,87.210000,310.830000,0.081500,23.450000
2017-05-25,232.470000,168.080000,230.420000,318.530000,45.170000,347.770000,404.030000,2.780000,4.590000,37.100000,5.520000,87.320000,311.200000,0.081600,23.870000
2017-05-26,232.000000,167.830000,231.220000,319.350000,45.230000,348.580000,402.160000,2.780000,4.580000,37.230000,5.520000,87.190000,310.570000,0.081400,24.120000
2017-05-27,231.850000,167.930000,231.460000,321.060000,45.410000,349.390000,400.860000,2.810000,4.600000,37.170000,5.500000,87.210000,311.590000,0.081700,24.140000
2017-05-30,230.840000,166.790000,230.780000,318.690000,45.300000,347.060000,398.620000,2.790000,4.570000,36.940000,5.500000,86.740000,310.400000,0.081400,23.980000
2017-05-31,231.710000,166.970000,231.000000,318.820000,45.420000,347.520000,399.990000,2.800000,4.580000,36.900000,5.510000,87.370000,311.230000,0.080700,23.800000
2017-06-01,232.760000,167.610000,232.180000,321.090000,45.840000,349.510000,400.380000,2.820000,4.600000,36.960000,5.510000,88.500000,312.260000,0.081300,23.800000
2017-06-02,231.200000,167.700000,231.630000,322.340000,45.890000,350.890000,401.120000,2.810000,4.590000,37.010000,5.520000,88.440000,312.350000,0.081300,23.970000
2017-06-03,231.180000,167.840000,231.510000,322.490000,45.930000,351.280000,402.800000,2.810000,4.600000,37.000000,5.520000,88.730000,313.170000,0.081500,24.220000
2017-06-06,233.940000,167.830000,232.370000,324.620000,45.990000,352.380000,403.750000,2.830000,4.600000,37.150000,5.530000,89.250000,312.840000,0.081400,24.580000
2017-06-07,234.180000,167.640000,232.670000,324.440000,46.060000,352.050000,404.070000,2.850000,4.600000,37.020000,5.510000,88.540000,312.990000,0.080900,24.320000
2017-06-08,236.390000,167.690000,232.820000,324.700000,46.030000,352.140000,403.790000,2.860000,4.590000,37.010000,5.520000,88.930000,312.650000,0.080800,24.370000
2017-06-09,237.000000,167.930000,232.640000,324.700000,46.230000,352.780000,406.490000,2.850000,4.620000,37.070000,5.510000,88.640000,314.110000,0.081200,24.460000
2017-06-10,237.430000,168.190000,233.310000,324.060000,46.370000,352.180000,401.380000,2.860000,4.630000,37.010000,5.530000,89.410000,315.180000,0.081500,24.370000
2017-06-13,238.620000,168.740000,235.360000,327.120000,46.540000,354.890000,401.720000,2.880000,4.630000,37.350000,5.540000,89.830000,316.390000,0.081800,24.580000
2017-06-14,238.360000,168.740000,238.100000,326.610000,46.490000,354.030000,401.430000,2.870000,4.630000,37.480000,5.550000,89.850000,315.960000,0.081100,24.700000
2017-06-15,239.860000,168.630000,239.760000,326.120000,46.560000,354.380000,402.770000,2.870000,4.630000,37.620000,5.540000,90.030000,316.270000,0.081200,24.770000
2017-06-16,240.910000,168.960000,239.250000,325.960000,46.710000,354.500000,403.510000,2.890000,4.650000,37.400000,5.530000,90.560000,317.650000,0.081600,24.730000
2017-06-17,243.200000,169.740000,241.360000,328.340000,46.920000,357.230000,408.100000,2.870000,4.670000,37.710000,5.540000,91.090000,319.700000,0.082100,24.910000
2017-06-20,243.090000,169.210000,241.520000,328.900000,46.890000,357.620000,409.100000,2.880000,4.670000,37.830000,5.510000,91.090000,319.560000,0.082000,24.970000
2017-06-21,245.020000,169.060000,243.400000,330.610000,47.130000,358.980000,408.520000,2.880000,4.700000,37.920000,5.460000,91.360000,321.720000,0.082000,24.660000
2017-06-22,246.860000,170.110000,245.470000,335.130000,47.800000,363.670000,412.190000,2.940000,4.760000,38.170000,5.470000,92.150000,326.280000,0.083200,24.960000
2017-06-23,247.460000,169.910000,246.130000,336.440000,47.960000,365.730000,414.910000,2.950000,4.780000,38.650000,5.480000,93.080000,327.630000,0.083300,25.220000
2017-06-24,246.890000,169.530000,245.570000,335.670000,47.850000,364.900000,413.960000,2.940000,4.770000,38.560000,5.470000,92.860000,326.880000,0.083200,25.160000
2017-06-27,245.470000,168.550000,244.160000,333.740000,47.570000,362.800000,411.580000,2.920000,4.740000,38.340000,5.500000,92.330000,325.000000,0.082700,25.020000
2017-06-28,244.890000,167.280000,243.500000,333.210000,47.260000,362.420000,410.310000,2.880000,4.680000,38.030000,5.460000,91.860000,322.010000,0.082000,24.990000
2017-06-29,245.380000,167.170000,246.030000,336.490000,47.530000,367.080000,414.090000,2.880000,4.700000,38.370000,5.430000,91.640000,323.130000,0.082400,24.860000
2017-06-30,246.590000,166.300000,246.750000,335.620000,47.420000,366.790000,416.450000,2.860000,4.660000,38.310000,5.450000,91.680000,321.460000,0.081300,24.840000
2017-07-01,247.660000,166.120000,248.300000,336.190000,47.550000,367.520000,418.400000,2.880000,4.670000,38.420000,5.440000,91.640000,322.270000,0.081500,24.650000
2017-07-02,245.950000,165.330000,246.840000,333.990000,47.200000,365.470000,416.670000,2.850000,4.640000,38.350000,5.430000,90.980000,320.000000,0.080900,24.530000
2017-07-04,245.330000,165.560000,246.740000,333.370000,47.180000,364.370000,415.670000,2.840000,4.630000,38.320000,5.410000,90.630000,320.440000,0.081100,24.340000
2017-07-05,244.970000,165.570000,248.050000,333.960000,47.410000,365.830000,416.890000,2.850000,4.660000,38.510000,5.440000,90.810000,322.370000,0.081600,24.380000
2017-07-06,245.940000,165.110000,250.070000,334.750000,47.640000,366.800000,418.300000,2.850000,4.680000,38.540000,5.400000,90.230000,323.940000,0.082000,24.330000
2017-07-11,247.770000,165.540000,252.700000,337.930000,47.980000,371.620000,419.830000,2.860000,4.720000,39.100000,5.400000,90.550000,326.440000,0.082000,24.390000
2017-07-12,248.870000,165.500000,253.330000,337.770000,48.120000,372.750000,422.090000,2.860000,4.730000,39.160000,5.380000,90.090000,327.200000,0.081600,24.150000
2017-07-13,251.250000,166.300000,254.230000,341.250000,48.400000,376.450000,422.210000,2.900000,4.750000,39.800000,5.410000,91.260000,328.520000,0.081900,24.520000
2017-07-14,253.430000,166.570000,257.210000,339.580000,48.300000,373.250000,423.240000,2.900000,4.740000,39.590000,5.470000,91.900000,327.560000,0.081700,24.890000
2017-07-15,253.440000,166.690000,256.410000,336.930000,48.170000,372.890000,423.530000,2.890000,4.730000,39.690000,5.480000,91.780000,326.720000,0.081500,24.770000
2017-07-18,254.500000,167.030000,257.220000,338.130000,48.100000,373.060000,425.620000,2.900000,4.710000,39.840000,5.500000,91.940000,325.620000,0.081200,25.080000
2017-07-19,258.710000,167.610000,258.250000,341.480000,48.300000,376.720000,425.120000,2.910000,4.720000,40.280000,5.510000,92.400000,325.910000,0.080700,25.150000
2017-07-20,258.530000,167.530000,258.050000,341.920000,48.270000,375.870000,424.640000,2.910000,4.720000,40.410000,5.520000,92.390000,326.020000,0.080700,25.250000
2017-07-21,257.160000,167.380000,257.710000,339.900000,48.080000,374.460000,422.020000,2.900000,4.710000,40.260000,5.510000,92.170000,325.560000,0.080600,25.110000
2017-07-22,257.480000,168.120000,258.500000,342.120000,48.010000,378.340000,422.700000,2.910000,4.710000,40.490000,5.530000,91.920000,324.980000,0.080500,25.080000
2017-07-25,259.790000,167.670000,260.670000,345.710000,48.410000,380.770000,425.890000,2.950000,4.730000,40.680000,5.450000,91.720000,326.700000,0.080900,25.150000
2017-07-26,259.160000,167.980000,261.180000,345.230000,48.440000,381.050000,425.490000,2.930000,4.730000,40.920000,5.450000,91.770000,326.970000,0.081000,25.090000
2017-07-27,258.290000,167.820000,261.240000,341.120000,48.370000,380.000000,425.250000,2.920000,4.730000,40.890000,5.450000,91.710000,326.660000,0.080900,25.040000
2017-07-28,260.890000,167.950000,261.780000,339.430000,48.320000,381.510000,427.780000,2.920000,4.720000,41.120000,5.490000,92.370000,325.580000,0.080700,25.240000
2017-07-29,259.820000,168.640000,260.390000,337.050000,48.470000,382.810000,427.380000,2.940000,4.730000,41.070000,5.500000,92.420000,326.740000,0.080400,25.050000
2017-08-01,261.570000,168.930000,263.090000,337.940000,48.770000,384.830000,430.100000,2.970000,4.750000,41.310000,5.470000,93.160000,328.070000,0.080700,25.050000
2017-08-02,263.960000,170.050000,264.950000,342.150000,49.130000,389.940000,436.520000,2.990000,4.780000,41.820000,5.500000,93.850000,330.070000,0.081200,24.900000
2017-08-03,266.730000,171.900000,266.760000,345.860000,49.880000,396.790000,443.450000,3.030000,4.860000,42.360000,5.530000,94.900000,335.210000,0.081900,25.210000
2017-08-04,266.220000,171.760000,266.500000,346.410000,49.950000,397.610000,444.310000,3.040000,4.870000,42.460000,5.550000,94.840000,335.710000,0.082000,25.290000
2017-08-05,265.720000,170.870000,265.310000,344.560000,49.620000,396.000000,438.500000,3.030000,4.830000,42.240000,5.520000,94.400000,333.360000,0.081400,24.950000
2017-08-08,262.280000,170.090000,261.570000,340.800000,49.360000,391.340000,432.930000,2.990000,4.810000,41.740000,5.510000,93.900000,331.670000,0.081000,24.720000
2017-08-09,263.260000,170.400000,262.430000,341.410000,49.560000,392.250000,432.880000,3.010000,4.820000,42.080000,5.540000,94.130000,332.190000,0.081200,25.260000
2017-08-10,262.390000,170.460000,262.320000,345.090000,49.780000,390.530000,432.310000,3.030000,4.820000,41.790000,5.540000,93.860000,332.390000,0.080600,24.690000
2017-08-11,262.160000,170.610000,261.450000,344.440000,50.010000,389.580000,432.160000,3.030000,4.820000,41.760000,5.560000,94.140000,332.690000,0.080700,24.870000
2017-08-12,261.340000,170.810000,261.720000,346.470000,49.980000,391.670000,431.820000,3.060000,4.830000,41.680000,5.540000,93.900000,333.170000,0.080800,24.690000
2017-08-15,261.710000,171.000000,261.520000,343.550000,49.830000,392.120000,431.280000,3.030000,4.820000,41.930000,5.560000,94.210000,332.420000,0.080700,24.990000
2017-08-16,261.070000,170.850000,261.430000,342.680000,49.840000,391.170000,429.490000,3.020000,4.830000,41.830000,5.550000,94.380000,332.910000,0.080200,25.010000
2017-08-17,261.670000,171.320000,261.470000,342.140000,49.720000,389.990000,428.620000,3.000000,4.830000,41.930000,5.590000,94.250000,332.700000,0.080200,25.170000
2017-08-18,263.720000,171.480000,263.220000,343.820000,49.850000,389.400000,428.390000,3.020000,4.830000,41.910000,5.600000,94.490000,332.680000,0.080200,25.220000
2017-08-19,263.580000,171.630000,263.080000,345.980000,49.880000,390.570000,428.780000,3.050000,4.830000,41.870000,5.600000,94.400000,332.800000,0.080200,25.100000
2017-08-22,263.300000,172.140000,263.990000,343.650000,49.850000,390.380000,428.130000,3.050000,4.830000,42.000000,5.630000,94.760000,332.580000,0.080200,25.220000
2017-08-23,263.270000,172.580000,264.690000,344.840000,50.000000,391.500000,427.410000,3.050000,4.840000,42.080000,5.640000,95.230000,333.080000,0.079700,25.210000
2017-08-24,263.160000,172.570000,265.150000,344.410000,50.020000,392.580000,426.580000,3.050000,4.840000,42.230000,5.640000,95.390000,333.320000,0.079800,25.190000
2017-08-25,261.370000,171.660000,264.280000,343.200000,49.720000,390.480000,424.460000,3.030000,4.810000,42.160000,5.600000,95.150000,331.220000,0.079300,25.070000
2017-08-26,263.480000,172.330000,266.150000,345.640000,50.000000,392.860000,427.080000,3.040000,4.830000,42.540000,5.630000,95.690000,332.850000,0.079700,25.260000
2017-08-29,264.580000,173.490000,267.290000,349.700000,50.340000,397.890000,430.040000,3.050000,4.840000,43.000000,5.710000,96.710000,333.440000,0.079800,25.520000
2017-08-30,266.090000,173.820000,268.810000,354.180000,50.760000,402.910000,433.970000,3.080000,4.860000,43.400000,5.690000,97.050000,334.700000,0.080100,25.600000
2017-09-01,265.820000,174.630000,266.880000,349.080000,51.090000,400.200000,434.240000,3.050000,4.900000,43.050000,5.770000,97.330000,337.040000,0.080700,25.840000
2017-09-05,269.120000,175.520000,272.630000,353.310000,51.820000,402.890000,437.890000,3.090000,4.910000,43.400000,5.840000,98.430000,338.220000,0.080400,26.090000
2017-09-06,271.710000,176.700000,274.750000,354.920000,52.000000,404.680000,440.440000,3.110000,4.950000,43.640000,5.890000,98.800000,340.580000,0.042000,26.290000
2017-09-07,272.230000,177.390000,275.600000,357.520000,52.290000,407.310000,444.610000,3.140000,4.960000,43.880000,5.940000,99.030000,341.220000,0.042200,26.390000
2017-09-08,269.830000,175.320000,276.020000,353.450000,51.870000,403.180000,440.150000,3.090000,4.890000,43.340000,5.900000,98.310000,336.660000,0.041600,26.240000
2017-09-09,270.470000,174.520000,275.860000,353.070000,51.780000,403.120000,439.660000,3.100000,4.860000,43.270000,5.860000,98.000000,334.290000,0.041300,26.070000
2017-09-12,271.080000,175.160000,277.820000,354.690000,51.580000,404.430000,444.340000,3.100000,4.890000,43.260000,5.890000,99.170000,336.490000,0.041600,26.120000
2017-09-13,271.850000,175.510000,279.340000,353.740000,51.840000,405.020000,448.970000,3.090000,4.930000,43.100000,5.890000,98.650000,338.670000,0.041900,26.170000
2017-09-14,273.090000,175.570000,279.900000,354.430000,52.060000,407.050000,451.080000,3.090000,4.950000,43.330000,5.880000,98.890000,340.000000,0.042000,25.980000
2017-09-15,270.630000,174.180000,277.590000,349.760000,51.570000,402.080000,446.330000,3.060000,4.920000,42.810000,5.870000,97.850000,338.080000,0.041800,25.740000
2017-09-16,271.730000,175.050000,278.840000,352.650000,51.810000,404.610000,460.360000,3.050000,4.930000,43.090000,5.890000,98.540000,338.900000,0.041900,25.690000
2017-09-19,272.360000,175.770000,278.800000,354.520000,51.790000,406.260000,460.520000,3.060000,4.950000,43.460000,5.900000,98.280000,340.020000,0.042000,25.740000
2017-09-20,272.620000,175.970000,277.960000,353.940000,51.800000,408.730000,460.320000,3.050000,4.970000,43.700000,5.870000,97.520000,340.950000,0.042200,25.620000
2017-09-21,275.100000,176.630000,278.930000,355.700000,51.980000,410.270000,462.780000,3.070000,4.980000,43.890000,5.900000,98.310000,341.610000,0.042300,25.780000
2017-09-22,270.650000,175.170000,275.700000,350.120000,51.640000,405.460000,459.230000,3.030000,4.960000,43.590000,5.870000,97.050000,340.350000,0.042200,25.520000
2017-09-23,271.170000,175.860000,277.300000,351.170000,51.610000,407.930000,461.220000,3.040000,4.960000,43.780000,5.910000,97.650000,340.110000,0.042200,25.820000
2017-09-26,271.380000,175.960000,276.830000,350.700000,51.550000,405.600000,461.500000,3.050000,4.970000,43.630000,5.960000,97.090000,341.270000,0.042300,25.730000
2017-09-27,268.450000,174.420000,274.180000,349.860000,51.260000,401.130000,457.140000,3.040000,4.940000,43.270000,5.900000,96.120000,339.680000,0.042000,25.500000
2017-09-28,266.660000,173.560000,274.280000,348.980000,51.210000,399.260000,455.380000,3.010000,4.970000,42.800000,5.840000,95.070000,339.910000,0.042200,25.120000
2017-09-29,266.150000,173.200000,272.890000,349.590000,51.060000,400.520000,455.120000,3.020000,4.960000,42.730000,5.850000,95.440000,340.430000,0.042200,25.030000
2017-09-30,267.290000,174.030000,274.670000,351.420000,51.300000,402.640000,456.310000,3.030000,4.970000,42.810000,5.900000,95.970000,341.190000,0.042300,25.250000
2017-10-03,266.170000,174.100000,272.510000,351.540000,51.290000,400.270000,453.880000,3.020000,4.980000,42.680000,5.900000,95.370000,341.240000,0.042300,25.020000
2017-10-04,267.350000,174.230000,273.340000,350.890000,51.460000,401.790000,453.420000,3.030000,4.990000,42.740000,5.900000,95.520000,342.360000,0.042500,25.040000
2017-10-05,270.080000,175.200000,275.750000,353.250000,51.650000,404.260000,456.110000,3.050000,5.010000,43.200000,5.950000,96.270000,343.610000,0.042700,25.280000
2017-10-06,269.890000,175.930000,276.600000,353.340000,51.850000,405.750000,455.120000,3.060000,5.030000,43.340000,6.000000,96.690000,345.000000,0.042800,25.300000
2017-10-07,267.090000,174.670000,273.010000,350.890000,51.650000,402.220000,448.890000,3.040000,5.010000,42.900000,5.950000,95.110000,343.660000,0.042700,25.050000
2017-10-10,265.300000,173.500000,272.880000,349.660000,51.630000,401.580000,449.590000,3.040000,4.990000,42.840000,5.860000,92.670000,341.970000,0.042500,24.790000
2017-10-11,262.900000,171.530000,270.030000,345.710000,51.330000,398.130000,445.170000,3.010000,4.940000,42.470000,5.830000,91.680000,337.480000,0.041900,24.650000
2017-10-12,261.080000,170.240000,268.020000,344.210000,50.890000,396.140000,442.480000,2.990000,4.910000,42.280000,5.800000,91.300000,335.540000,0.041700,24.680000
2017-10-13,261.320000,170.160000,268.190000,342.890000,50.750000,396.150000,441.810000,2.970000,4.890000,42.270000,5.790000,91.750000,334.250000,0.041500,24.780000
2017-10-14,262.150000,170.340000,268.080000,342.990000,50.750000,395.270000,443.500000,2.980000,4.890000,42.300000,5.790000,91.540000,334.210000,0.041500,24.960000
2017-10-17,262.190000,170.090000,266.550000,341.220000,50.540000,392.610000,442.860000,2.980000,4.870000,42.150000,5.820000,91.370000,333.030000,0.041300,24.960000
2017-10-18,261.820000,170.470000,266.060000,341.490000,50.400000,392.100000,441.960000,2.970000,4.870000,42.070000,5.820000,91.420000,333.530000,0.041400,24.940000
2017-10-19,260.920000,170.320000,266.300000,340.070000,50.370000,391.810000,439.140000,2.960000,4.870000,41.930000,5.810000,90.530000,333.570000,0.041400,24.720000
2017-10-20,262.740000,171.080000,268.170000,341.770000,50.460000,394.650000,439.590000,2.970000,4.880000,42.020000,5.810000,91.300000,334.110000,0.041500,24.700000
2017-10-21,263.000000,171.770000,268.130000,341.450000,50.650000,395.820000,441.340000,2.960000,4.900000,42.050000,5.820000,91.520000,335.240000,0.041600,24.490000
2017-10-24,262.290000,172.330000,265.990000,340.440000,50.630000,394.490000,442.650000,2.950000,4.920000,42.000000,5.850000,90.800000,336.050000,0.041700,24.490000
2017-10-25,260.520000,171.760000,264.570000,339.760000,50.520000,393.960000,441.380000,2.950000,4.900000,41.950000,5.830000,90.180000,334.940000,0.041500,24.400000
2017-10-26,256.430000,170.620000,262.340000,335.190000,50.110000,391.800000,440.010000,2.920000,4.870000,41.560000,5.780000,89.100000,332.940000,0.041300,24.220000
2017-10-27,257.250000,170.430000,260.900000,337.210000,50.350000,394.230000,441.310000,2.940000,4.880000,41.520000,5.790000,88.430000,333.870000,0.041400,23.590000
2017-10-28,255.780000,169.490000,259.890000,334.600000,50.310000,389.040000,437.900000,2.930000,4.880000,40.940000,5.750000,87.760000,334.400000,0.041500,23.620000
2017-10-31,256.550000,169.410000,260.410000,334.840000,50.290000,388.810000,439.640000,2.940000,4.870000,40.990000,5.780000,88.550000,334.000000,0.041400,23.730000
2017-11-01,256.590000,169.770000,260.740000,335.480000,50.480000,389.270000,441.920000,2.960000,4.880000,40.940000,5.750000,88.590000,334.710000,0.041500,23.740000
2017-11-02,257.390000,169.860000,260.220000,334.910000,50.690000,389.900000,445.700000,2.940000,4.860000,41.190000,5.760000,87.680000,335.140000,0.041500,23.700000
2017-11-03,258.230000,169.570000,261.100000,335.220000,50.720000,390.150000,443.600000,2.940000,4.850000,41.150000,5.760000,88.050000,335.150000,0.041500,23.980000
2017-11-04,256.220000,168.820000,260.340000,334.230000,50.410000,389.060000,436.570000,2.930000,4.830000,41.000000,5.710000,87.310000,334.100000,0.041400,23.690000
2017-11-07,256.110000,168.950000,262.290000,334.090000,50.460000,388.140000,438.320000,2.930000,4.840000,41.030000,5.680000,86.660000,334.520000,0.041400,23.550000
2017-11-08,254.870000,168.130000,260.950000,332.630000,50.190000,385.000000,437.700000,2.910000,4.810000,40.820000,5.670000,86.170000,332.900000,0.041300,23.440000
2017-11-09,255.930000,167.720000,261.830000,334.130000,50.330000,386.930000,438.360000,2.940000,4.810000,40.840000,5.630000,85.690000,333.760000,0.041400,23.440000
2017-11-10,255.400000,167.500000,261.720000,332.660000,50.170000,386.270000,435.950000,2.930000,4.780000,40.860000,5.610000,86.250000,332.990000,0.041300,23.530000
2017-11-11,255.210000,167.080000,262.440000,334.980000,50.100000,387.710000,437.260000,2.930000,4.780000,40.970000,5.610000,85.960000,332.570000,0.041200,23.200000
2017-11-14,254.350000,166.950000,261.840000,333.670000,50.130000,387.380000,435.020000,2.940000,4.780000,40.830000,5.600000,85.740000,332.740000,0.041300,22.920000
2017-11-15,253.870000,166.990000,261.230000,334.600000,50.160000,389.880000,435.880000,2.930000,4.780000,40.670000,5.590000,86.120000,332.860000,0.041300,23.140000
2017-11-16,252.430000,165.860000,261.610000,337.340000,50.240000,393.840000,437.160000,2.950000,4.780000,40.450000,5.520000,85.660000,332.720000,0.041300,23.160000
2017-11-17,252.280000,166.020000,260.530000,335.260000,50.150000,391.280000,438.210000,2.940000,4.780000,40.520000,5.550000,86.080000,332.380000,0.041200,23.290000
2017-11-18,250.850000,165.730000,260.410000,335.020000,50.080000,391.740000,440.010000,2.950000,4.770000,40.530000,5.570000,85.460000,332.210000,0.041200,23.450000
2017-11-21,250.430000,165.670000,259.380000,334.750000,49.940000,390.320000,439.370000,2.950000,4.760000,40.090000,5.590000,85.270000,331.000000,0.041000,23.640000
2017-11-22,249.960000,164.860000,257.940000,332.480000,49.800000,387.270000,437.270000,2.940000,4.750000,39.980000,5.560000,83.580000,330.290000,0.040900,23.440000
2017-11-23,249.650000,165.110000,258.630000,333.790000,49.930000,388.070000,437.380000,2.950000,4.750000,40.260000,5.600000,83.350000,330.220000,0.040900,23.770000
2017-11-24,251.630000,165.330000,260.030000,336.460000,50.130000,390.720000,439.130000,2.970000,4.740000,40.560000,5.650000,84.320000,330.000000,0.040800,23.800000
2017-11-25,251.360000,165.530000,259.290000,336.750000,50.040000,392.040000,440.240000,2.970000,4.750000,40.570000,5.650000,83.780000,330.390000,0.040900,23.600000
2017-11-28,252.220000,166.200000,260.480000,337.230000,50.100000,394.500000,441.290000,2.970000,4.750000,40.610000,5.680000,83.990000,330.650000,0.040900,23.800000
2017-11-29,251.740000,165.830000,259.190000,337.440000,50.280000,394.150000,440.960000,2.980000,4.760000,40.460000,5.680000,84.410000,331.500000,0.041000,24.050000
2017-11-30,251.330000,165.520000,258.520000,337.170000,50.250000,393.420000,444.190000,2.980000,4.770000,40.280000,5.690000,83.930000,331.610000,0.041000,24.310000
2017-12-01,250.370000,164.580000,257.020000,335.510000,50.070000,391.400000,445.460000,2.950000,4.760000,39.860000,5.650000,83.970000,331.220000,0.040900,24.250000
2017-12-05,252.790000,164.690000,262.110000,338.470000,50.290000,394.510000,446.980000,2.950000,4.780000,39.970000,5.650000,84.840000,332.750000,0.041100,24.310000
2017-12-06,254.440000,164.930000,263.130000,337.820000,50.360000,394.690000,446.910000,2.960000,4.780000,40.110000,5.680000,85.930000,332.990000,0.041200,24.640000
2017-12-07,253.070000,164.580000,263.100000,337.340000,50.420000,394.210000,446.360000,2.970000,4.780000,40.250000,5.650000,86.530000,333.430000,0.041200,24.660000
2017-12-08,252.080000,164.670000,261.110000,337.820000,50.620000,394.790000,448.160000,2.970000,4.810000,40.430000,5.660000,86.770000,334.850000,0.041400,24.690000
2017-12-09,251.010000,164.290000,259.850000,335.460000,50.530000,392.290000,450.460000,2.940000,4.800000,40.110000,5.630000,86.550000,334.320000,0.041300,24.490000
2017-12-12,252.330000,164.930000,260.860000,338.130000,50.640000,395.120000,447.790000,2.960000,4.810000,39.960000,5.660000,87.500000,335.050000,0.041400,24.540000
2017-12-13,253.310000,165.190000,261.010000,338.370000,50.600000,394.290000,446.320000,2.950000,4.810000,40.260000,5.690000,87.470000,334.850000,0.041400,24.630000
2017-12-14,253.280000,164.890000,260.610000,338.290000,50.670000,394.070000,447.630000,2.960000,4.810000,40.130000,5.670000,87.270000,335.380000,0.041500,24.610000
2017-12-15,256.450000,165.640000,260.980000,339.020000,50.690000,395.880000,450.570000,2.970000,4.810000,40.700000,5.710000,87.530000,334.920000,0.041400,24.840000
2017-12-16,257.470000,165.680000,263.020000,339.510000,50.750000,395.490000,450.280000,2.990000,4.810000,40.510000,5.700000,86.810000,335.330000,0.041500,24.940000
2017-12-21,257.530000,167.210000,260.950000,340.140000,51.030000,397.380000,449.510000,2.970000,4.840000,40.330000,5.720000,87.620000,335.680000,0.041500,26.420000
2017-12-22,255.880000,167.480000,260.370000,338.600000,50.750000,396.910000,447.170000,2.940000,4.820000,39.840000,5.710000,87.390000,334.130000,0.041300,26.320000
2017-12-23,256.500000,167.890000,261.600000,336.240000,50.620000,394.160000,445.390000,2.940000,4.810000,39.770000,5.700000,87.270000,332.680000,0.041500,26.130000
2017-12-26,257.620000,168.220000,262.090000,337.270000,50.980000,395.450000,446.050000,2.940000,4.820000,40.110000,5.740000,87.490000,333.320000,0.041200,26.470000
2017-12-27,256.450000,168.280000,261.390000,335.680000,50.770000,394.050000,444.030000,2.930000,4.810000,39.930000,5.760000,87.270000,332.360000,0.041300,26.410000
2017-12-28,257.320000,168.470000,261.940000,335.030000,50.550000,393.910000,444.350000,2.930000,4.800000,39.940000,5.740000,86.730000,331.380000,0.040800,26.620000
2017-12-29,258.160000,167.960000,262.610000,337.830000,50.710000,395.290000,445.450000,2.940000,4.790000,40.140000,5.760000,86.960000,331.310000,0.040800,26.950000
2017-12-30,259.650000,168.310000,265.190000,340.610000,51.090000,398.230000,448.610000,2.950000,4.830000,40.490000,5.770000,88.200000,332.330000,0.041000,27.040000
2018-01-04,261.100000,168.710000,266.330000,342.500000,51.310000,400.910000,452.540000,2.970000,4.840000,41.090000,5.810000,88.620000,333.290000,0.041100,26.990000
2018-01-05,260.520000,167.970000,265.340000,340.520000,51.180000,400.270000,450.160000,2.950000,4.830000,41.110000,5.820000,88.400000,332.420000,0.041000,27.110000
2018-01-06,258.990000,166.310000,264.080000,337.940000,50.890000,397.710000,446.570000,2.920000,4.800000,40.820000,5.790000,88.110000,330.130000,0.040600,26.740000
2018-01-09,258.960000,165.340000,266.240000,337.830000,50.850000,396.220000,447.010000,2.920000,4.800000,41.000000,5.790000,88.160000,330.430000,0.040600,26.690000
2018-01-10,258.160000,164.190000,265.550000,336.210000,50.650000,394.260000,446.780000,2.930000,4.790000,40.830000,5.790000,87.650000,330.260000,0.040600,26.560000
2018-01-11,258.520000,164.010000,265.150000,336.070000,50.690000,394.110000,445.450000,2.950000,4.790000,40.890000,5.790000,87.370000,330.160000,0.040600,26.540000
2018-01-12,260.290000,164.200000,263.220000,337.630000,50.810000,394.980000,446.030000,2.960000,4.790000,41.000000,5.800000,87.050000,330.610000,0.040700,26.550000
2018-01-13,259.680000,164.840000,263.380000,339.410000,51.070000,399.530000,448.680000,2.970000,4.760000,41.400000,5.830000,87.670000,329.670000,0.040500,26.610000
2018-01-16,262.240000,165.530000,265.250000,342.350000,51.230000,403.920000,454.120000,2.980000,4.750000,41.780000,5.840000,87.750000,329.410000,0.040500,26.800000
2018-01-17,260.540000,164.520000,263.730000,339.750000,50.920000,400.910000,451.050000,2.960000,4.730000,41.600000,5.810000,85.670000,327.890000,0.040300,26.770000
2018-01-18,260.930000,164.290000,262.860000,339.700000,50.840000,400.530000,451.230000,2.950000,4.720000,41.590000,5.780000,85.600000,327.100000,0.040200,26.580000
2018-01-19,259.380000,164.370000,261.410000,338.190000,50.650000,397.130000,450.140000,2.920000,4.700000,41.320000,5.740000,85.560000,325.200000,0.039900,26.530000
2018-01-20,260.130000,164.440000,261.320000,339.480000,50.680000,398.270000,451.190000,2.930000,4.700000,41.390000,5.730000,85.830000,324.270000,0.039800,26.670000
2018-01-23,260.040000,164.300000,260.320000,338.420000,50.730000,397.660000,451.170000,2.930000,4.730000,41.370000,5.740000,85.160000,324.650000,0.039900,26.970000
2018-01-24,257.490000,163.360000,259.060000,335.690000,50.480000,395.560000,450.730000,2.920000,4.730000,41.050000,5.720000,85.410000,323.200000,0.039600,26.780000
2018-01-25,258.620000,162.320000,259.950000,337.360000,50.370000,396.100000,452.420000,2.930000,4.700000,41.140000,5.700000,85.580000,321.070000,0.039400,26.860000
2018-01-26,258.390000,162.190000,259.730000,339.590000,50.610000,397.290000,456.170000,2.930000,4.680000,41.400000,5.730000,85.410000,319.830000,0.039200,26.930000
2018-01-27,259.190000,163.060000,260.450000,342.990000,50.740000,399.000000,456.680000,2.940000,4.710000,41.690000,5.740000,85.730000,320.660000,0.039300,27.080000
2018-01-30,260.640000,162.880000,260.870000,344.060000,50.940000,399.940000,454.400000,2.960000,4.730000,41.880000,5.720000,85.230000,322.250000,0.039500,26.920000
2018-01-31,260.810000,163.130000,261.650000,345.440000,50.920000,399.810000,453.820000,2.970000,4.720000,41.760000,5.750000,85.400000,322.430000,0.039500,27.090000
2018-02-01,261.360000,163.040000,262.800000,346.570000,51.380000,402.080000,456.290000,2.970000,4.730000,42.020000,5.750000,86.000000,322.900000,0.039500,27.270000
2018-02-02,258.640000,163.080000,262.380000,346.540000,51.290000,401.670000,459.790000,2.940000,4.730000,42.060000,5.750000,85.970000,322.730000,0.039500,27.140000
2018-02-03,256.970000,162.800000,261.460000,346.310000,51.210000,401.540000,457.120000,2.930000,4.700000,41.910000,5.720000,85.660000,321.620000,0.039400,26.810000
2018-02-06,256.160000,163.000000,259.900000,346.550000,51.310000,401.560000,454.970000,2.930000,4.710000,41.780000,5.700000,85.640000,322.330000,0.039400,26.830000
2018-02-07,255.070000,163.210000,258.810000,346.920000,51.660000,401.900000,453.420000,2.970000,4.740000,41.480000,5.680000,85.840000,324.060000,0.039600,26.870000
2018-02-08,254.730000,162.650000,258.780000,345.320000,51.710000,399.910000,450.690000,2.970000,4.740000,41.370000,5.670000,85.790000,323.840000,0.039600,27.210000
2018-02-09,254.030000,162.960000,258.420000,343.890000,51.510000,397.870000,450.800000,2.970000,4.750000,41.020000,5.620000,85.280000,325.350000,0.039800,26.850000
2018-02-10,255.180000,164.110000,259.960000,348.810000,51.990000,401.390000,455.530000,3.000000,4.780000,40.990000,5.640000,85.760000,327.320000,0.040000,27.100000
2018-02-13,255.540000,164.090000,260.030000,348.330000,51.640000,400.800000,452.050000,3.010000,4.780000,41.080000,5.630000,85.840000,326.700000,0.039900,27.320000
2018-02-14,254.860000,162.960000,257.700000,346.900000,51.110000,399.200000,450.070000,3.010000,4.750000,41.080000,5.610000,85.300000,324.210000,0.039600,27.230000
2018-02-15,253.590000,162.210000,256.380000,344.970000,50.890000,398.410000,447.380000,3.000000,4.740000,41.000000,5.610000,84.850000,322.550000,0.039400,27.230000
2018-02-16,254.770000,162.240000,256.790000,346.290000,50.510000,400.010000,450.510000,3.010000,4.720000,41.130000,5.660000,84.970000,320.420000,0.039200,27.590000
2018-02-17,254.900000,163.050000,256.380000,347.230000,50.350000,400.040000,450.250000,3.010000,4.690000,41.370000,5.660000,85.260000,319.420000,0.039000,27.520000
2018-02-20,253.000000,163.080000,254.480000,344.280000,50.340000,396.280000,447.560000,3.000000,4.690000,41.000000,5.660000,84.990000,319.320000,0.039000,27.420000
2018-02-21,251.720000,162.540000,253.250000,341.240000,50.280000,393.700000,446.810000,2.980000,4.700000,40.740000,5.620000,84.550000,318.990000,0.039000,27.210000
2018-02-22,251.170000,163.330000,252.830000,341.500000,50.420000,394.410000,446.650000,2.980000,4.710000,40.810000,5.650000,84.450000,319.880000,0.039100,27.250000
2018-02-23,249.890000,163.060000,252.030000,340.770000,50.260000,392.950000,443.910000,2.980000,4.700000,40.510000,5.630000,84.090000,319.680000,0.039100,27.340000
2018-02-24,249.810000,163.800000,251.510000,342.200000,50.470000,393.330000,446.330000,2.990000,4.700000,40.630000,5.670000,84.490000,319.650000,0.039100,27.580000
2018-02-27,251.140000,163.290000,252.620000,341.810000,50.580000,393.630000,448.290000,2.990000,4.690000,40.840000,5.700000,84.450000,318.910000,0.039000,27.620000
2018-02-28,249.810000,163.430000,251.250000,340.320000,50.530000,393.060000,444.750000,2.980000,4.690000,40.700000,5.710000,84.210000,318.680000,0.039000,27.380000
2018-03-01,250.090000,163.960000,250.940000,339.800000,50.660000,391.410000,444.900000,2.990000,4.700000,40.680000,5.700000,84.360000,320.300000,0.039200,27.380000
2018-03-02,248.010000,163.740000,250.070000,339.830000,50.640000,391.490000,441.100000,3.010000,4.730000,40.570000,5.670000,84.330000,321.340000,0.039300,26.980000
2018-03-03,249.850000,164.530000,250.750000,343.880000,50.810000,395.770000,443.960000,3.050000,4.750000,40.990000,5.680000,84.660000,322.390000,0.039500,27.200000
2018-03-04,250.220000,164.560000,250.190000,343.500000,50.800000,396.850000,444.760000,3.050000,4.750000,41.400000,5.670000,84.730000,322.200000,0.039500,27.100000
2018-03-06,248.880000,163.410000,249.230000,343.190000,50.680000,395.760000,443.690000,3.040000,4.740000,41.140000,5.630000,84.110000,321.260000,0.039300,26.890000
2018-03-07,247.960000,163.230000,246.110000,339.990000,50.370000,394.270000,442.340000,3.020000,4.710000,40.940000,5.650000,83.950000,319.450000,0.039200,27.190000
2018-03-08,249.810000,163.780000,247.520000,341.570000,50.670000,397.710000,443.910000,3.030000,4.720000,41.070000,5.620000,84.150000,320.190000,0.039200,26.950000
2018-03-13,251.790000,163.710000,250.000000,337.560000,50.690000,394.690000,444.220000,3.010000,4.700000,41.180000,5.640000,83.990000,320.550000,0.039300,27.090000
2018-03-14,252.970000,164.290000,250.120000,339.310000,50.830000,396.470000,446.380000,3.000000,4.720000,41.420000,5.650000,83.270000,321.600000,0.039500,27.160000
2018-03-15,254.010000,164.570000,248.810000,340.650000,50.990000,398.260000,449.290000,3.020000,4.730000,41.670000,5.660000,83.370000,321.980000,0.039600,27.390000
2018-03-16,252.890000,164.430000,248.380000,340.330000,50.940000,397.620000,448.300000,3.040000,4.730000,41.890000,5.650000,82.740000,321.780000,0.039600,27.240000
2018-03-17,251.140000,164.610000,246.710000,339.920000,51.040000,397.560000,450.650000,3.050000,4.730000,41.870000,5.610000,82.490000,322.720000,0.039700,27.010000
2018-03-20,247.090000,163.070000,244.810000,336.310000,50.630000,393.860000,448.070000,3.020000,4.710000,41.400000,5.560000,81.390000,320.600000,0.039400,26.630000
2018-03-21,246.500000,163.020000,245.060000,336.740000,50.620000,394.470000,449.310000,3.010000,4.700000,41.530000,5.540000,81.170000,320.340000,0.039400,26.670000
2018-03-27,247.140000,164.360000,248.570000,337.630000,50.920000,396.010000,453.830000,3.040000,4.690000,41.470000,5.610000,80.200000,319.260000,0.039200,27.410000
2018-03-28,246.250000,163.870000,247.960000,336.820000,50.800000,395.850000,450.570000,3.020000,4.680000,41.430000,5.580000,80.120000,318.900000,0.039200,27.370000
2018-03-29,244.730000,163.720000,247.660000,336.000000,50.780000,395.710000,451.980000,3.020000,4.680000,41.110000,5.550000,79.860000,319.330000,0.039300,27.280000
2018-03-30,244.470000,163.730000,247.190000,333.010000,50.760000,392.620000,448.450000,2.990000,4.670000,40.560000,5.530000,79.890000,319.020000,0.039200,27.030000
2018-03-31,244.880000,163.030000,247.190000,333.940000,50.740000,392.320000,447.230000,3.000000,4.660000,40.670000,5.550000,80.460000,318.310000,0.039100,26.920000
2018-04-03,245.110000,163.710000,247.910000,334.950000,50.820000,393.590000,448.920000,3.000000,4.680000,40.720000,5.560000,80.590000,319.240000,0.039200,27.020000
2018-04-04,246.170000,163.660000,249.010000,335.360000,50.990000,394.250000,450.760000,3.020000,4.690000,40.830000,5.560000,80.530000,320.370000,0.039600,27.030000
2018-04-05,245.280000,162.460000,249.360000,333.660000,50.740000,392.650000,449.240000,3.010000,4.670000,40.770000,5.530000,79.670000,319.880000,0.039500,26.850000
2018-04-06,245.580000,162.890000,250.240000,333.000000,50.710000,392.410000,449.410000,2.990000,4.680000,40.990000,5.560000,79.520000,319.680000,0.039500,26.870000
2018-04-07,245.630000,162.970000,250.140000,332.110000,50.700000,391.300000,447.880000,2.980000,4.680000,40.870000,5.520000,78.970000,319.660000,0.039500,26.520000
2018-04-10,245.340000,162.090000,250.110000,333.530000,50.740000,392.870000,451.380000,2.990000,4.690000,40.960000,5.390000,78.680000,320.290000,0.039600,26.490000
2018-04-11,251.280000,160.950000,256.460000,340.310000,51.720000,400.860000,460.980000,3.040000,4.740000,41.620000,5.210000,79.890000,325.370000,0.040300,27.010000
2018-04-12,256.500000,159.650000,262.600000,345.530000,52.650000,409.530000,469.620000,3.090000,4.820000,42.570000,5.150000,79.860000,330.880000,0.040900,27.440000
2018-04-13,255.250000,161.810000,261.550000,342.490000,52.450000,406.640000,466.960000,3.080000,4.770000,42.360000,5.320000,79.870000,329.610000,0.040700,27.490000
2018-04-14,255.250000,160.790000,260.580000,340.430000,52.130000,403.710000,467.470000,3.040000,4.780000,42.220000,5.320000,80.160000,327.290000,0.040500,27.200000
2018-04-17,256.490000,162.570000,261.730000,343.770000,52.520000,407.970000,471.960000,3.080000,4.800000,42.520000,5.340000,80.710000,330.020000,0.040800,27.330000
2018-04-18,255.180000,161.640000,261.010000,341.080000,52.250000,405.950000,469.800000,3.070000,4.780000,42.180000,5.340000,79.800000,328.120000,0.040600,27.260000
2018-04-19,254.160000,161.830000,260.500000,338.710000,52.170000,405.440000,465.310000,3.060000,4.790000,42.170000,5.320000,79.940000,327.870000,0.040600,27.340000
2018-04-20,254.020000,162.770000,258.280000,336.350000,51.900000,402.940000,462.460000,3.030000,4.760000,42.050000,5.330000,80.780000,325.790000,0.040500,27.250000
2018-04-21,250.890000,162.760000,257.500000,334.950000,51.840000,401.250000,458.690000,3.030000,4.770000,41.760000,5.310000,80.810000,326.170000,0.040400,27.150000
2018-04-24,249.230000,162.970000,255.150000,334.280000,51.780000,399.330000,455.850000,3.020000,4.790000,41.490000,5.260000,79.730000,326.520000,0.040400,26.660000
2018-04-25,247.770000,163.020000,253.940000,333.400000,51.690000,397.830000,454.690000,2.990000,4.770000,41.330000,5.290000,79.720000,325.800000,0.040400,26.520000
2018-04-26,247.420000,163.060000,253.800000,332.230000,51.640000,398.220000,455.420000,2.990000,4.770000,41.130000,5.290000,80.230000,326.280000,0.040500,26.220000
2018-04-27,248.170000,163.550000,255.330000,333.290000,51.870000,399.310000,457.020000,3.000000,4.780000,41.250000,5.230000,80.820000,327.920000,0.040700,26.540000
2018-04-28,247.560000,163.290000,254.400000,330.960000,51.720000,395.750000,451.760000,3.000000,4.770000,40.970000,5.230000,80.780000,327.720000,0.040600,26.370000
2018-04-29,248.120000,163.630000,255.250000,331.330000,51.680000,396.890000,451.110000,3.000000,4.760000,41.130000,5.280000,80.980000,327.250000,0.040600,26.560000
2018-05-03,247.790000,163.280000,257.380000,331.650000,51.910000,395.990000,450.570000,3.000000,4.800000,40.870000,5.180000,80.130000,329.990000,0.040900,26.150000
2018-05-04,249.300000,164.050000,257.950000,331.750000,52.110000,396.570000,449.780000,3.020000,4.810000,41.110000,5.220000,78.970000,330.720000,0.041000,26.260000
2018-05-05,247.240000,162.580000,255.550000,329.450000,51.730000,393.370000,445.910000,3.020000,4.790000,40.790000,5.190000,76.870000,328.990000,0.040800,25.970000
2018-05-06,248.050000,163.360000,256.070000,328.950000,51.710000,393.240000,445.070000,3.010000,4.780000,40.840000,5.260000,77.910000,328.850000,0.040800,26.340000
2018-05-11,245.030000,162.840000,256.260000,326.720000,51.600000,389.160000,445.410000,2.990000,4.770000,40.710000,5.260000,76.630000,327.630000,0.040700,26.370000
2018-05-12,246.600000,163.160000,256.100000,326.270000,51.550000,389.490000,442.140000,2.990000,4.780000,40.880000,5.290000,76.590000,326.400000,0.040500,26.590000
2018-05-15,247.490000,164.010000,256.920000,327.950000,51.740000,392.670000,445.220000,2.990000,4.800000,41.000000,5.310000,75.940000,327.850000,0.041000,26.700000
2018-05-16,246.380000,163.970000,255.910000,327.770000,51.580000,390.870000,444.030000,2.980000,4.800000,40.840000,5.300000,74.820000,327.770000,0.040900,26.440000
2018-05-17,246.340000,164.250000,256.000000,329.030000,51.650000,388.640000,443.440000,2.990000,4.810000,40.530000,5.260000,73.290000,329.160000,0.041000,26.190000
2018-05-18,246.150000,164.010000,256.240000,326.460000,51.380000,386.020000,441.470000,2.960000,4.790000,40.420000,5.280000,73.670000,327.110000,0.040800,26.160000
2018-05-19,246.360000,164.690000,255.850000,328.310000,51.490000,386.620000,442.630000,2.960000,4.800000,40.320000,5.270000,73.190000,328.310000,0.040900,25.860000
2018-05-22,247.270000,164.520000,255.630000,329.050000,51.500000,386.380000,440.920000,2.960000,4.810000,40.590000,5.270000,72.220000,328.950000,0.041000,25.680000
2018-05-23,248.540000,164.630000,256.560000,328.620000,51.370000,386.740000,440.880000,2.950000,4.790000,40.750000,5.340000,71.660000,327.110000,0.041000,26.130000
2018-05-24,245.800000,163.330000,253.220000,329.260000,51.050000,382.200000,435.080000,2.970000,4.780000,40.170000,5.290000,67.450000,326.000000,0.040800,25.900000
2018-05-25,246.140000,163.240000,253.290000,328.770000,51.040000,382.040000,436.210000,2.970000,4.780000,40.320000,5.310000,69.650000,325.750000,0.040800,26.190000
2018-05-26,248.410000,163.630000,253.560000,329.790000,51.260000,383.510000,437.170000,2.990000,4.810000,40.390000,5.290000,69.270000,327.420000,0.041000,26.290000
2018-05-29,249.600000,164.410000,254.110000,332.370000,51.570000,384.760000,439.440000,3.010000,4.840000,40.370000,5.290000,72.180000,329.810000,0.041300,26.520000
2018-05-30,247.730000,162.940000,253.190000,331.070000,51.310000,380.100000,436.630000,3.030000,4.830000,39.660000,5.250000,71.620000,329.380000,0.041300,26.030000
2018-05-31,249.160000,163.940000,254.500000,334.380000,51.490000,384.010000,438.700000,3.040000,4.830000,40.260000,5.300000,73.770000,330.670000,0.041500,26.300000
2018-06-01,249.550000,164.350000,256.380000,334.400000,51.420000,385.340000,439.220000,3.030000,4.820000,40.370000,5.310000,73.250000,329.350000,0.041300,26.230000
2018-06-02,249.540000,165.140000,255.630000,335.990000,51.560000,387.310000,440.240000,3.030000,4.840000,40.640000,5.320000,71.800000,330.780000,0.041400,26.130000
2018-06-05,252.980000,165.120000,256.120000,335.970000,51.660000,387.880000,442.720000,3.020000,4.840000,40.800000,5.340000,71.360000,330.730000,0.041500,26.320000
2018-06-06,252.420000,165.170000,255.550000,335.850000,51.710000,387.200000,442.760000,3.020000,4.850000,40.810000,5.330000,71.740000,330.910000,0.041700,26.130000
2018-06-07,253.950000,166.210000,256.740000,336.270000,51.890000,390.630000,445.580000,3.010000,4.850000,40.960000,5.350000,71.900000,331.830000,0.041800,25.870000
2018-06-08,254.840000,167.380000,257.260000,339.390000,52.090000,393.670000,447.960000,3.030000,4.880000,41.440000,5.380000,72.840000,333.080000,0.042000,26.080000
2018-06-09,252.890000,167.220000,256.680000,339.870000,52.120000,392.910000,448.020000,3.060000,4.890000,41.290000,5.320000,73.940000,334.020000,0.042100,25.320000
2018-06-12,253.890000,167.110000,257.160000,338.470000,52.130000,393.480000,446.160000,3.030000,4.890000,41.430000,5.330000,73.690000,333.800000,0.042000,25.450000
2018-06-13,254.550000,167.170000,257.490000,340.040000,52.240000,394.510000,448.000000,3.040000,4.910000,41.740000,5.340000,73.550000,334.500000,0.042100,25.430000
2018-06-14,254.470000,167.420000,257.770000,339.920000,52.420000,394.580000,447.720000,3.040000,4.920000,41.870000,5.340000,72.000000,335.670000,0.042300,25.200000
2018-06-15,253.840000,168.250000,259.250000,341.730000,52.570000,397.240000,451.300000,3.060000,4.920000,42.000000,5.400000,72.470000,335.990000,0.042800,25.450000
2018-06-16,251.120000,168.530000,256.040000,337.470000,52.420000,390.280000,446.730000,3.040000,4.940000,41.380000,5.360000,70.980000,336.390000,0.042600,25.050000
2018-06-19,252.190000,168.970000,257.370000,339.970000,52.620000,392.820000,448.750000,3.060000,4.970000,41.580000,5.350000,71.760000,338.780000,0.042900,25.170000
2018-06-20,250.650000,169.170000,256.720000,341.590000,52.510000,392.640000,447.850000,3.090000,4.990000,41.450000,5.300000,71.300000,339.950000,0.043400,24.490000
2018-06-21,252.160000,170.500000,256.610000,342.070000,52.710000,394.460000,448.860000,3.100000,5.000000,41.680000,5.370000,71.840000,341.080000,0.043300,24.990000
2018-06-22,251.110000,170.160000,256.030000,342.070000,52.500000,392.970000,447.120000,3.090000,5.010000,41.680000,5.340000,71.710000,341.180000,0.043300,24.830000
2018-06-23,252.720000,170.900000,256.270000,343.850000,52.390000,396.310000,452.050000,3.090000,5.000000,42.010000,5.390000,72.290000,340.270000,0.043200,25.190000
2018-06-26,251.940000,170.350000,255.550000,343.730000,51.910000,395.420000,449.400000,3.100000,4.990000,41.790000,5.400000,72.680000,339.500000,0.043100,25.150000
2018-06-27,250.640000,170.020000,254.650000,342.400000,51.540000,395.020000,448.290000,3.090000,4.980000,41.730000,5.390000,72.310000,338.840000,0.043000,24.950000
2018-06-28,251.350000,170.560000,255.850000,343.190000,51.560000,396.310000,449.860000,3.100000,5.000000,41.770000,5.380000,73.450000,340.440000,0.043300,24.970000
2018-06-29,250.620000,170.780000,256.370000,342.230000,51.560000,394.960000,447.150000,3.100000,5.020000,41.660000,5.400000,74.080000,341.310000,0.043400,24.740000
2018-06-30,251.920000,171.830000,257.920000,343.590000,51.540000,397.260000,448.350000,3.080000,5.020000,41.860000,5.440000,74.700000,341.080000,0.043400,24.800000
2018-07-03,251.600000,172.490000,259.240000,344.030000,51.300000,397.540000,449.230000,3.080000,5.020000,41.810000,5.410000,73.830000,341.620000,0.043400,24.740000
2018-07-04,253.650000,173.190000,260.800000,345.350000,51.610000,399.630000,451.970000,3.090000,5.040000,42.200000,5.420000,73.470000,343.000000,0.044000,24.990000
2018-07-05,253.250000,172.480000,261.010000,345.560000,51.750000,399.130000,453.440000,3.110000,5.040000,42.260000,5.430000,72.930000,343.070000,0.043800,25.000000
2018-07-06,253.550000,173.120000,261.190000,345.870000,51.730000,401.340000,454.840000,3.100000,5.050000,42.530000,5.430000,73.970000,343.380000,0.043800,25.080000
2018-07-10,256.820000,174.220000,262.680000,347.760000,51.920000,404.170000,457.930000,3.110000,5.040000,42.960000,5.480000,76.080000,343.480000,0.043800,25.670000
2018-07-11,255.310000,174.110000,261.380000,345.430000,51.780000,402.320000,454.530000,3.090000,5.040000,42.730000,5.490000,72.770000,343.250000,0.044000,25.440000
2018-07-12,253.420000,174.520000,260.580000,345.040000,51.440000,401.610000,454.520000,3.090000,5.030000,42.530000,5.510000,72.190000,343.110000,0.043900,25.410000
2018-07-13,254.210000,174.980000,260.970000,345.340000,51.680000,402.020000,455.120000,3.060000,5.050000,42.480000,5.550000,71.790000,344.370000,0.044400,25.590000
2018-07-14,253.500000,174.470000,260.510000,342.290000,51.280000,399.570000,450.980000,3.050000,5.040000,42.180000,5.520000,70.950000,343.450000,0.044000,25.770000
2018-07-17,254.710000,173.850000,260.630000,342.630000,51.330000,400.850000,454.280000,3.050000,5.030000,42.310000,5.510000,70.810000,342.490000,0.043900,25.980000
2018-07-18,254.550000,173.790000,261.340000,345.410000,51.340000,402.380000,454.690000,3.050000,5.050000,42.440000,5.490000,70.950000,343.060000,0.044200,25.880000
2018-07-19,253.580000,173.460000,260.260000,344.550000,51.300000,400.510000,448.990000,3.050000,5.060000,42.150000,5.470000,72.150000,344.580000,0.044300,25.850000
2018-07-20,254.010000,172.950000,261.170000,344.890000,50.980000,401.010000,449.180000,3.060000,5.080000,41.900000,5.450000,71.540000,345.550000,0.044400,25.720000
2018-07-21,255.850000,173.910000,261.960000,347.340000,51.150000,404.020000,451.310000,3.080000,5.100000,42.220000,5.470000,72.230000,346.680000,0.044500,25.760000
2018-07-24,256.010000,173.660000,263.010000,348.540000,50.910000,404.450000,453.840000,3.110000,5.080000,42.410000,5.480000,72.660000,345.680000,0.044400,25.570000
2018-07-25,254.650000,173.620000,261.750000,346.860000,50.600000,402.950000,451.930000,3.100000,5.080000,42.080000,5.490000,72.340000,344.640000,0.044300,25.620000
2018-07-26,257.000000,174.420000,263.770000,349.460000,51.200000,405.250000,455.740000,3.120000,5.100000,42.450000,5.500000,71.290000,346.310000,0.044500,26.180000
2018-07-27,256.980000,174.220000,265.230000,348.420000,51.040000,405.200000,456.150000,3.120000,5.090000,42.480000,5.490000,71.770000,345.910000,0.044400,26.240000
2018-07-28,255.180000,174.210000,264.860000,347.120000,50.640000,402.330000,452.870000,3.110000,5.090000,42.200000,5.490000,71.120000,346.150000,0.044500,26.100000
2018-07-31,256.750000,174.580000,265.780000,349.650000,50.880000,405.540000,455.450000,3.130000,5.100000,42.540000,5.540000,71.040000,347.060000,0.044600,26.340000
2018-08-01,257.180000,174.920000,265.770000,350.910000,50.740000,406.440000,456.120000,3.110000,5.100000,42.670000,5.560000,70.800000,346.700000,0.044500,26.380000
2018-08-02,258.090000,175.330000,267.360000,351.160000,51.230000,406.810000,456.780000,3.110000,5.120000,42.660000,5.560000,70.720000,348.210000,0.044700,26.230000
2018-08-03,257.260000,174.580000,268.390000,351.900000,51.080000,406.010000,457.380000,3.140000,5.140000,42.560000,5.530000,68.680000,349.680000,0.044900,25.970000
2018-08-04,257.390000,174.440000,268.720000,351.450000,50.900000,404.780000,454.900000,3.130000,5.140000,42.440000,5.510000,68.890000,349.760000,0.044900,26.000000
2018-08-07,257.970000,173.450000,268.270000,350.620000,51.010000,403.280000,452.150000,3.130000,5.120000,42.300000,5.490000,67.410000,348.800000,0.044800,26.050000
2018-08-08,259.280000,173.980000,268.960000,350.570000,51.100000,404.250000,452.250000,3.140000,5.130000,42.530000,5.500000,65.870000,348.820000,0.044800,26.140000
2018-08-09,258.440000,173.260000,266.650000,350.240000,51.010000,404.290000,449.790000,3.140000,5.120000,42.490000,5.440000,65.860000,348.590000,0.044800,26.060000
2018-08-10,262.570000,174.370000,271.890000,356.410000,51.920000,410.500000,456.350000,3.190000,5.200000,43.030000,5.380000,65.730000,354.060000,0.045500,26.250000
2018-08-11,260.610000,174.220000,272.350000,358.740000,52.080000,408.890000,455.990000,3.220000,5.220000,42.840000,5.340000,60.460000,356.800000,0.045900,25.740000
2018-08-14,264.100000,176.230000,276.300000,365.160000,52.780000,413.420000,463.030000,3.290000,5.330000,43.350000,5.350000,52.820000,363.220000,0.046700,25.130000
2018-08-15,263.780000,177.470000,277.440000,366.470000,52.790000,414.250000,464.270000,3.280000,5.330000,43.470000,5.440000,55.590000,363.280000,0.046700,25.850000
2018-08-16,261.260000,176.420000,276.270000,362.460000,52.360000,409.510000,459.960000,3.250000,5.210000,42.890000,5.410000,59.020000,361.660000,0.046500,25.070000
2018-08-17,262.350000,176.120000,274.930000,363.380000,52.310000,410.270000,458.270000,3.260000,5.200000,42.610000,5.400000,62.420000,360.870000,0.046400,24.930000
2018-08-18,261.300000,176.010000,273.750000,361.460000,52.340000,409.670000,457.320000,3.260000,5.200000,42.440000,5.330000,57.740000,360.120000,0.046300,24.030000
2018-08-21,263.570000,176.560000,276.030000,362.160000,52.620000,411.530000,459.580000,3.260000,5.210000,42.640000,5.380000,59.290000,360.710000,0.046300,24.870000
2018-08-23,265.750000,177.240000,277.940000,368.030000,52.860000,419.130000,466.040000,3.280000,5.260000,43.230000,5.340000,59.630000,361.660000,0.046400,25.190000
2018-08-24,263.660000,175.550000,277.240000,367.660000,52.610000,418.010000,465.060000,3.260000,5.290000,43.340000,5.250000,59.690000,361.630000,0.046400,25.310000
2018-08-25,262.440000,175.540000,275.650000,366.450000,52.630000,417.010000,462.370000,3.240000,5.290000,43.070000,5.310000,59.060000,360.550000,0.046200,25.180000
2018-08-26,263.360000,176.080000,276.220000,365.820000,52.860000,417.940000,461.850000,3.230000,5.200000,43.200000,5.360000,59.890000,359.640000,0.046100,25.320000
2018-08-28,264.210000,175.980000,277.240000,367.550000,52.930000,419.560000,463.840000,3.250000,5.280000,43.230000,5.370000,58.250000,361.190000,0.046300,25.240000
2018-08-29,265.710000,175.990000,279.280000,370.040000,53.110000,422.840000,466.310000,3.250000,5.270000,43.540000,5.360000,58.260000,361.310000,0.046200,25.550000
2018-08-30,265.590000,175.440000,281.140000,372.210000,53.260000,424.160000,468.280000,3.270000,5.270000,43.470000,5.350000,56.870000,363.430000,0.046500,25.320000
2018-09-04,263.150000,174.670000,279.780000,376.490000,53.540000,423.560000,469.980000,3.290000,5.330000,43.660000,5.380000,55.200000,365.230000,0.046700,24.570000
2018-09-05,263.660000,174.590000,279.500000,377.290000,53.790000,424.740000,471.160000,3.300000,5.340000,43.740000,5.380000,54.910000,367.520000,0.047000,24.120000
2018-09-06,265.060000,174.560000,280.350000,379.610000,54.130000,428.000000,473.240000,3.320000,5.370000,43.990000,5.400000,55.320000,369.890000,0.047300,23.740000
2018-09-07,267.450000,175.540000,282.530000,383.860000,54.480000,432.530000,481.290000,3.340000,5.390000,44.350000,5.450000,56.680000,372.230000,0.047600,24.240000
2018-09-08,268.790000,175.930000,286.100000,389.240000,54.910000,437.000000,487.030000,3.390000,5.420000,44.640000,5.450000,58.380000,375.620000,0.047900,24.830000
2018-09-11,269.250000,175.130000,286.990000,388.560000,55.120000,437.620000,489.120000,3.400000,5.440000,45.130000,5.410000,58.780000,378.110000,0.048200,24.950000
2018-09-12,270.570000,175.340000,289.570000,390.780000,55.480000,441.690000,496.500000,3.420000,5.470000,45.540000,5.430000,58.790000,380.930000,0.048500,25.260000
2018-09-13,268.910000,174.400000,289.350000,388.140000,55.020000,437.880000,492.230000,3.390000,5.430000,45.490000,5.440000,59.170000,377.740000,0.048100,25.060000
2018-09-14,269.510000,174.770000,288.430000,387.000000,54.820000,436.070000,489.850000,3.370000,5.400000,45.520000,5.480000,58.230000,375.310000,0.047800,25.290000
2018-09-15,268.990000,175.220000,287.530000,387.480000,54.530000,437.020000,490.380000,3.340000,5.400000,45.430000,5.460000,61.280000,373.650000,0.047600,25.190000
2018-09-18,266.770000,174.540000,285.580000,385.350000,54.130000,433.330000,486.760000,3.320000,5.370000,45.250000,5.460000,59.590000,371.860000,0.047300,24.770000
2018-09-19,266.160000,174.310000,283.820000,384.110000,53.800000,431.300000,484.790000,3.300000,5.350000,45.230000,5.450000,58.020000,369.360000,0.046000,24.740000
2018-09-20,262.370000,172.390000,279.530000,374.600000,52.820000,423.250000,476.930000,3.220000,5.270000,44.350000,5.400000,57.480000,361.940000,0.045000,24.590000
2018-09-21,260.920000,172.310000,278.250000,371.640000,52.380000,420.100000,474.100000,3.200000,5.230000,43.800000,5.410000,57.540000,359.000000,0.044700,24.760000
2018-09-22,256.830000,169.820000,273.120000,368.800000,51.530000,415.150000,464.790000,3.130000,5.130000,43.300000,5.310000,56.320000,352.540000,0.043900,24.730000
2018-09-25,257.550000,170.090000,273.600000,369.380000,51.650000,416.730000,464.640000,3.140000,5.140000,43.580000,5.370000,56.980000,354.120000,0.044100,24.830000
2018-09-26,258.240000,170.590000,275.240000,369.090000,51.860000,419.430000,469.060000,3.160000,5.170000,43.810000,5.420000,58.130000,356.540000,0.044200,24.800000
2018-09-27,260.970000,171.760000,277.790000,372.350000,52.340000,423.260000,473.480000,3.190000,5.210000,44.340000,5.470000,58.860000,359.760000,0.044600,25.160000
2018-09-28,261.490000,171.560000,277.150000,373.200000,52.590000,423.510000,474.890000,3.210000,5.230000,44.510000,5.500000,59.410000,361.820000,0.044800,25.510000
2018-09-29,261.880000,171.990000,278.920000,372.420000,52.760000,420.910000,473.770000,3.200000,5.270000,44.500000,5.520000,60.700000,363.070000,0.045000,25.580000
2018-10-02,263.100000,172.470000,284.650000,370.880000,53.050000,423.160000,475.370000,3.200000,5.310000,44.830000,5.560000,61.230000,364.350000,0.045100,25.880000
2018-10-03,258.690000,169.680000,281.120000,366.590000,52.510000,415.290000,467.220000,3.170000,5.260000,43.980000,5.510000,59.890000,360.650000,0.044700,25.090000
2018-10-04,260.590000,170.830000,283.690000,369.220000,53.030000,421.230000,473.610000,3.200000,5.310000,44.620000,5.560000,60.380000,364.200000,0.044600,25.360000
2018-10-05,259.940000,170.670000,285.070000,370.270000,53.470000,422.210000,476.520000,3.210000,5.330000,44.640000,5.540000,59.400000,367.200000,0.044900,24.960000
2018-10-06,263.950000,173.090000,289.070000,376.080000,54.410000,429.620000,487.060000,3.280000,5.410000,45.160000,5.600000,60.590000,373.710000,0.045700,25.280000
2018-10-09,262.710000,172.870000,286.320000,375.010000,53.800000,427.180000,486.180000,3.280000,5.380000,44.930000,5.570000,60.510000,372.270000,0.045500,25.020000
2018-10-10,262.830000,172.900000,286.570000,374.340000,53.770000,426.210000,485.310000,3.290000,5.380000,44.910000,5.590000,60.720000,372.170000,0.045500,24.860000
2018-10-11,261.520000,172.130000,284.450000,371.640000,53.260000,423.530000,484.990000,3.260000,5.330000,44.820000,5.570000,60.500000,368.700000,0.045100,25.150000
2018-10-12,263.750000,174.240000,285.120000,376.250000,53.710000,429.920000,490.780000,3.320000,5.370000,45.310000,5.580000,62.290000,372.000000,0.045500,25.370000
2018-10-13,263.460000,174.130000,284.420000,373.320000,53.440000,428.490000,488.810000,3.300000,5.360000,45.250000,5.610000,62.510000,370.030000,0.045300,25.580000
2018-10-16,264.130000,175.010000,284.360000,375.390000,53.480000,428.700000,486.490000,3.310000,5.350000,45.380000,5.640000,63.510000,369.980000,0.045300,25.620000
2018-10-17,261.350000,174.200000,282.700000,371.050000,53.020000,424.490000,484.220000,3.270000,5.310000,45.040000,5.600000,63.480000,366.860000,0.044700,25.650000
2018-10-18,259.440000,172.690000,280.440000,366.230000,52.450000,420.110000,477.400000,3.240000,5.250000,44.560000,5.540000,63.960000,363.260000,0.044300,25.530000
2018-10-19,260.330000,173.170000,279.600000,367.030000,52.520000,419.950000,478.170000,3.240000,5.270000,44.410000,5.560000,65.660000,364.350000,0.044400,25.650000
2018-10-20,260.860000,173.950000,280.880000,368.230000,52.870000,420.110000,477.600000,3.260000,5.290000,44.450000,5.580000,64.920000,366.430000,0.044700,25.470000
2018-10-23,259.500000,174.290000,279.260000,366.410000,52.660000,420.350000,476.120000,3.240000,5.280000,44.390000,5.600000,64.650000,365.490000,0.044600,25.510000
2018-10-24,255.870000,172.300000,275.770000,363.330000,52.070000,414.710000,469.350000,3.220000,5.230000,43.660000,5.530000,62.400000,361.150000,0.043900,25.160000
2018-10-25,259.400000,173.910000,279.470000,366.960000,52.710000,417.580000,472.750000,3.250000,5.290000,44.020000,5.580000,64.200000,365.820000,0.044500,25.800000
2018-10-26,260.070000,174.460000,282.380000,368.040000,52.920000,419.270000,474.140000,3.270000,5.300000,44.160000,5.600000,64.740000,367.490000,0.044700,25.340000
2018-10-27,258.860000,174.370000,280.320000,368.320000,53.060000,418.440000,471.840000,3.290000,5.310000,43.960000,5.600000,65.460000,368.540000,0.044800,25.060000
2018-10-30,261.530000,174.470000,281.520000,368.600000,52.980000,419.350000,472.530000,3.290000,5.310000,44.120000,5.610000,66.620000,368.560000,0.044800,25.460000
2018-10-31,261.150000,174.090000,280.840000,367.810000,52.950000,418.710000,470.380000,3.270000,5.310000,43.920000,5.610000,66.710000,368.550000,0.044800,25.110000
2018-11-01,261.110000,174.360000,280.890000,366.820000,52.920000,418.280000,469.750000,3.260000,5.300000,43.740000,5.620000,67.010000,368.950000,0.044800,25.040000
2018-11-02,265.350000,174.980000,282.870000,369.150000,53.330000,421.490000,478.020000,3.280000,5.330000,44.290000,5.650000,66.610000,370.440000,0.045000,25.490000
2018-11-03,268.900000,175.560000,284.350000,371.610000,53.900000,424.630000,483.710000,3.290000,5.340000,44.660000,5.650000,68.190000,371.310000,0.045100,25.910000
2018-11-06,267.750000,175.250000,283.900000,370.070000,53.690000,423.270000,483.630000,3.280000,5.350000,44.420000,5.610000,68.380000,371.880000,0.045200,25.920000
2018-11-07,268.050000,175.010000,282.600000,369.260000,53.630000,423.030000,484.260000,3.280000,5.330000,44.350000,5.620000,69.260000,370.850000,0.045000,26.050000
2018-11-08,270.340000,175.500000,283.810000,372.490000,53.690000,426.460000,488.670000,3.280000,5.340000,44.690000,5.630000,69.550000,371.190000,0.045000,26.670000
2018-11-09,270.440000,175.040000,283.480000,370.190000,53.540000,423.850000,486.710000,3.260000,5.340000,44.560000,5.600000,68.550000,371.080000,0.045000,26.520000
2018-11-10,269.800000,174.990000,282.400000,369.690000,53.640000,422.440000,484.670000,3.270000,5.360000,44.200000,5.570000,67.690000,372.650000,0.045200,26.110000
2018-11-13,269.430000,174.860000,283.470000,371.020000,53.770000,421.430000,481.040000,3.290000,5.390000,44.250000,5.540000,68.270000,374.470000,0.045400,26.070000
2018-11-14,269.200000,174.740000,282.760000,370.310000,53.780000,420.340000,482.270000,3.280000,5.370000,43.980000,5.520000,67.920000,374.200000,0.045300,25.820000
2018-11-15,270.230000,175.450000,284.020000,372.330000,54.060000,423.560000,487.350000,3.300000,5.390000,44.120000,5.550000,68.760000,375.900000,0.045500,26.060000
2018-11-16,268.120000,174.310000,279.150000,366.550000,53.180000,416.390000,471.780000,3.250000,5.300000,43.330000,5.530000,67.830000,369.010000,0.044600,25.800000
2018-11-17,266.340000,174.130000,278.840000,364.510000,52.840000,416.170000,469.580000,3.240000,5.270000,43.260000,5.560000,68.880000,367.060000,0.044500,25.830000
2018-11-20,268.530000,174.570000,279.060000,368.410000,52.910000,419.680000,472.640000,3.260000,5.270000,43.540000,5.580000,69.080000,367.300000,0.044400,26.300000
2018-11-21,264.990000,173.990000,276.980000,367.630000,52.580000,416.990000,468.340000,3.250000,5.240000,42.970000,5.550000,68.340000,364.950000,0.044100,25.910000
2018-11-22,266.750000,175.000000,277.340000,370.280000,53.080000,419.210000,470.630000,3.260000,5.280000,43.110000,5.590000,68.720000,368.280000,0.044500,26.280000
2018-11-23,266.050000,174.930000,277.580000,369.600000,52.960000,418.690000,469.630000,3.250000,5.270000,42.950000,5.600000,69.190000,367.270000,0.044400,26.360000
2018-11-24,264.950000,174.060000,276.850000,367.700000,52.710000,416.350000,470.340000,3.240000,5.250000,42.780000,5.580000,69.330000,366.050000,0.044200,26.520000
2018-11-27,269.780000,175.760000,281.280000,372.330000,53.490000,421.940000,476.180000,3.280000,5.320000,43.410000,5.580000,70.780000,371.030000,0.044900,26.930000
2018-11-28,269.670000,175.120000,281.110000,372.870000,53.650000,421.560000,475.320000,3.280000,5.350000,43.380000,5.590000,71.030000,372.830000,0.045000,26.890000
2018-11-29,269.630000,173.650000,279.850000,373.070000,53.610000,420.440000,475.640000,3.280000,5.350000,43.310000,5.530000,70.890000,372.730000,0.045100,26.700000
2018-11-30,271.850000,174.150000,279.450000,373.600000,53.450000,422.180000,474.380000,3.280000,5.330000,43.350000,5.570000,72.020000,371.280000,0.044800,27.160000
2018-12-01,271.280000,174.770000,279.200000,373.050000,53.510000,422.430000,474.260000,3.270000,5.330000,43.370000,5.560000,71.830000,371.560000,0.044800,27.060000
2018-12-05,274.240000,174.900000,281.960000,373.640000,54.290000,423.430000,475.360000,3.290000,5.320000,43.870000,5.600000,70.280000,371.140000,0.044700,27.410000
2018-12-06,270.890000,174.430000,279.740000,372.430000,54.200000,421.470000,473.040000,3.290000,5.330000,43.670000,5.570000,69.520000,371.800000,0.044700,27.040000
2018-12-07,266.680000,173.540000,275.430000,371.060000,53.710000,419.480000,471.320000,3.290000,5.300000,43.210000,5.520000,68.900000,369.980000,0.044500,26.470000
2018-12-08,267.600000,173.900000,276.650000,372.760000,53.840000,421.060000,472.560000,3.280000,5.320000,43.420000,5.540000,69.300000,370.490000,0.044600,26.300000
2018-12-11,266.630000,174.300000,277.330000,373.230000,53.450000,421.470000,469.920000,3.280000,5.300000,43.570000,5.570000,70.010000,369.350000,0.044400,25.980000
2018-12-12,266.940000,174.540000,276.340000,375.580000,53.680000,421.760000,467.520000,3.280000,5.320000,43.480000,5.570000,69.010000,370.550000,0.044800,25.730000
2018-12-13,267.070000,174.290000,276.840000,372.680000,53.730000,419.370000,463.930000,3.260000,5.310000,43.170000,5.580000,69.210000,370.110000,0.044600,25.910000
2018-12-14,267.610000,174.670000,277.180000,373.020000,53.820000,420.990000,468.510000,3.260000,5.310000,43.300000,5.580000,68.810000,370.040000,0.044500,26.200000
2018-12-15,265.970000,175.270000,277.410000,372.650000,53.830000,419.320000,467.850000,3.270000,5.330000,43.120000,5.590000,69.050000,371.310000,0.044900,25.840000
2018-12-20,268.080000,175.250000,276.640000,375.190000,54.020000,424.150000,471.270000,3.320000,5.340000,42.870000,5.540000,69.690000,372.490000,0.044800,26.030000
2018-12-21,264.650000,174.800000,275.560000,375.490000,53.840000,425.480000,470.310000,3.320000,5.320000,42.920000,5.500000,70.760000,370.760000,0.044600,26.030000
2018-12-22,262.880000,175.080000,274.460000,375.250000,53.790000,424.340000,470.280000,3.340000,5.330000,42.750000,5.440000,70.000000,371.350000,0.044600,25.670000
2018-12-25,262.260000,174.170000,273.780000,373.590000,53.880000,423.490000,470.100000,3.350000,5.330000,42.430000,5.430000,70.130000,371.680000,0.044700,25.520000
2018-12-26,261.610000,173.970000,272.790000,376.120000,53.910000,422.700000,470.680000,3.360000,5.320000,42.310000,5.390000,69.980000,371.080000,0.044500,25.390000
2018-12-27,263.470000,173.710000,274.740000,377.640000,54.260000,425.190000,474.010000,3.380000,5.360000,42.470000,5.390000,70.650000,373.560000,0.044800,25.600000
2018-12-28,263.920000,174.490000,275.240000,378.480000,54.650000,427.520000,473.700000,3.380000,5.380000,42.860000,5.410000,70.860000,375.150000,0.045000,25.790000
2018-12-29,267.980000,176.210000,279.590000,386.270000,55.390000,435.300000,481.030000,3.450000,5.460000,43.540000,5.480000,72.220000,380.440000,0.045600,26.330000
2018-12-30,270.520000,177.710000,281.880000,390.410000,55.880000,439.370000,488.130000,3.480000,5.510000,44.110000,5.520000,72.880000,384.200000,0.046100,26.650000
2019-01-04,265.440000,175.150000,280.080000,386.680000,55.490000,433.780000,479.780000,3.540000,5.470000,43.700000,5.530000,69.640000,381.380000,0.045800,26.270000
2019-01-05,266.460000,174.130000,281.320000,383.140000,55.080000,431.130000,479.080000,3.500000,5.430000,43.680000,5.530000,69.780000,378.120000,0.045400,26.780000
2019-01-09,266.380000,173.230000,281.500000,381.170000,54.540000,427.800000,476.900000,3.430000,5.360000,43.760000,5.570000,68.700000,373.660000,0.044800,26.720000
2019-01-10,268.260000,173.890000,283.250000,382.630000,54.890000,429.580000,478.010000,3.440000,5.380000,43.970000,5.600000,68.070000,374.820000,0.045000,26.920000
2019-01-11,269.060000,174.290000,283.230000,383.880000,55.230000,431.650000,477.990000,3.470000,5.370000,44.220000,5.590000,68.530000,374.630000,0.045000,26.910000
2019-01-12,271.360000,174.910000,285.150000,382.680000,55.800000,433.260000,479.550000,3.470000,5.400000,44.470000,5.620000,69.210000,376.060000,0.045100,27.230000
2019-01-15,271.840000,175.700000,285.070000,385.030000,55.930000,433.600000,485.500000,3.500000,5.430000,44.240000,5.630000,68.720000,378.290000,0.045400,27.190000
2019-01-16,272.010000,175.260000,284.720000,383.680000,55.920000,432.000000,486.070000,3.480000,5.420000,44.170000,5.630000,69.450000,377.850000,0.045300,27.370000
2019-01-17,271.560000,175.510000,284.990000,382.500000,55.930000,431.200000,486.570000,3.480000,5.420000,44.300000,5.660000,69.960000,377.950000,0.045300,27.620000
2019-01-18,269.760000,174.960000,283.540000,379.600000,55.640000,429.060000,484.990000,3.460000,5.400000,43.980000,5.660000,70.260000,376.600000,0.045200,27.440000
2019-01-19,272.030000,176.410000,285.460000,381.020000,55.890000,431.560000,489.910000,3.460000,5.430000,44.380000,5.700000,70.590000,378.660000,0.045500,27.430000
2019-01-22,270.980000,176.340000,285.120000,379.770000,55.740000,430.710000,486.130000,3.450000,5.430000,44.230000,5.710000,70.910000,378.780000,0.045400,27.300000
2019-01-23,269.270000,175.720000,283.760000,379.240000,55.560000,429.420000,488.220000,3.450000,5.430000,44.020000,5.680000,70.580000,378.140000,0.045400,27.140000
2019-01-24,270.320000,175.980000,284.250000,379.300000,55.820000,429.790000,491.460000,3.450000,5.430000,44.040000,5.720000,71.190000,378.540000,0.045200,27.290000
2019-01-25,268.080000,175.690000,283.030000,380.120000,55.610000,428.530000,492.710000,3.440000,5.420000,44.100000,5.730000,71.720000,377.730000,0.045100,27.360000
2019-01-26,267.920000,175.480000,283.250000,379.010000,55.820000,427.590000,493.760000,3.440000,5.410000,44.070000,5.710000,71.400000,377.460000,0.045200,27.490000
2019-01-29,271.910000,176.010000,286.360000,381.730000,56.200000,431.870000,498.120000,3.460000,5.430000,44.480000,5.740000,71.730000,378.600000,0.045200,27.770000
2019-01-30,272.740000,176.640000,287.230000,383.810000,56.550000,435.440000,501.180000,3.480000,5.460000,44.870000,5.740000,71.260000,380.660000,0.045600,27.890000
2019-01-31,274.040000,176.330000,287.460000,382.080000,56.670000,434.960000,498.730000,3.480000,5.460000,44.800000,5.760000,72.120000,380.510000,0.045400,27.980000
2019-02-01,276.230000,177.020000,289.370000,382.780000,56.640000,436.350000,498.490000,3.500000,5.450000,45.220000,5.830000,73.140000,380.060000,0.045400,28.510000
2019-02-02,277.720000,177.520000,291.190000,385.520000,56.830000,438.810000,499.280000,3.510000,5.490000,45.400000,5.840000,73.760000,382.740000,0.045700,28.880000
2019-02-05,276.280000,177.250000,292.020000,383.380000,56.690000,437.420000,499.270000,3.480000,5.480000,45.200000,5.830000,73.140000,382.230000,0.045600,28.610000
2019-02-06,274.930000,176.240000,289.730000,379.550000,56.300000,433.420000,494.130000,3.450000,5.450000,44.820000,5.800000,72.870000,379.630000,0.045200,28.390000
2019-02-07,268.700000,174.630000,285.470000,376.400000,55.850000,428.860000,488.170000,3.430000,5.400000,44.230000,5.740000,72.160000,376.590000,0.045000,27.960000
2019-02-08,268.320000,174.380000,285.670000,377.030000,56.060000,428.770000,487.770000,3.440000,5.430000,44.130000,5.730000,72.050000,377.970000,0.045000,27.850000
2019-02-09,267.950000,175.050000,284.480000,377.940000,56.170000,428.870000,489.700000,3.450000,5.430000,43.910000,5.740000,72.100000,378.730000,0.045100,27.770000
2019-02-12,265.950000,173.860000,282.910000,374.480000,55.300000,424.350000,484.400000,3.410000,5.390000,43.260000,5.710000,71.270000,375.530000,0.044700,27.460000
2019-02-13,265.330000,173.840000,282.280000,372.130000,55.330000,422.520000,481.520000,3.390000,5.380000,43.060000,5.710000,71.090000,374.810000,0.044700,27.130000
2019-02-14,265.830000,173.240000,282.440000,371.410000,55.250000,422.830000,481.260000,3.380000,5.360000,43.290000,5.680000,71.070000,373.560000,0.044500,27.020000
2019-02-15,267.300000,173.650000,283.800000,373.200000,55.550000,424.020000,483.000000,3.390000,5.400000,43.470000,5.630000,70.950000,376.370000,0.044900,26.600000
2019-02-16,268.070000,174.650000,284.350000,375.290000,55.780000,426.030000,483.730000,3.420000,5.420000,43.600000,5.670000,71.710000,377.620000,0.045000,26.860000
2019-02-19,269.060000,174.510000,284.180000,375.060000,55.610000,425.630000,485.830000,3.400000,5.400000,43.640000,5.680000,71.000000,376.260000,0.044800,26.700000
2019-02-20,267.470000,174.630000,283.870000,374.690000,55.630000,425.220000,486.070000,3.400000,5.400000,43.620000,5.680000,70.800000,376.300000,0.044800,26.540000
2019-02-21,269.020000,175.420000,285.110000,375.860000,55.990000,426.710000,490.350000,3.400000,5.400000,43.840000,5.720000,70.830000,376.090000,0.044800,26.640000
2019-02-22,266.890000,175.740000,284.810000,375.270000,55.940000,425.800000,491.220000,3.400000,5.400000,43.530000,5.740000,70.630000,375.950000,0.044800,27.050000
2019-02-23,267.670000,176.270000,285.080000,376.430000,56.070000,427.360000,490.350000,3.400000,5.410000,43.710000,5.750000,70.620000,376.730000,0.044900,26.850000
2019-02-26,269.450000,176.360000,286.630000,376.430000,56.260000,426.840000,492.030000,3.400000,5.410000,43.850000,5.770000,70.790000,376.170000,0.044900,27.140000
2019-02-27,270.410000,177.080000,286.290000,378.300000,56.480000,429.680000,498.260000,3.410000,5.440000,43.960000,5.770000,71.380000,378.040000,0.045000,27.310000
2019-02-28,270.340000,176.580000,286.980000,378.470000,56.490000,429.930000,501.040000,3.420000,5.430000,44.190000,5.740000,71.250000,377.260000,0.044900,27.260000
2019-03-01,267.680000,175.580000,284.750000,376.620000,56.080000,427.080000,498.730000,3.380000,5.390000,43.910000,5.700000,70.460000,374.960000,0.044700,26.820000
2019-03-02,267.000000,175.700000,286.200000,375.940000,56.060000,426.980000,497.730000,3.360000,5.410000,43.910000,5.710000,70.190000,375.900000,0.044800,26.620000
2019-03-05,266.780000,176.050000,283.320000,376.460000,56.230000,427.160000,498.530000,3.370000,5.410000,43.810000,5.730000,69.970000,376.650000,0.044900,26.450000
2019-03-06,267.330000,176.230000,282.890000,377.070000,56.310000,427.450000,497.560000,3.370000,5.420000,43.590000,5.740000,70.370000,377.370000,0.045000,26.690000
2019-03-07,265.740000,176.790000,282.620000,376.070000,56.370000,427.120000,496.850000,3.380000,5.430000,43.500000,5.740000,70.310000,377.950000,0.045100,26.630000
2019-03-08,267.260000,177.670000,282.540000,377.760000,56.570000,429.090000,499.430000,3.400000,5.450000,43.800000,5.750000,69.760000,379.420000,0.045200,26.480000
2019-03-12,267.190000,177.500000,282.790000,376.100000,56.440000,426.380000,492.750000,3.410000,5.450000,43.640000,5.750000,69.870000,379.480000,0.045300,26.420000
2019-03-13,267.390000,176.690000,282.060000,374.950000,56.330000,426.110000,499.020000,3.390000,5.420000,43.770000,5.750000,69.490000,377.990000,0.045200,26.510000
2019-03-14,266.680000,177.050000,282.650000,375.560000,56.300000,426.700000,496.010000,3.390000,5.420000,43.850000,5.760000,69.270000,377.740000,0.045100,26.340000
2019-03-15,266.420000,177.210000,283.450000,375.780000,56.160000,426.870000,500.150000,3.380000,5.410000,43.990000,5.770000,69.000000,377.360000,0.045200,26.170000
2019-03-16,268.020000,178.150000,284.380000,377.110000,56.380000,428.470000,501.870000,3.390000,5.430000,44.250000,5.800000,69.210000,378.510000,0.045200,26.240000
2019-03-19,267.080000,177.970000,282.140000,375.600000,55.990000,426.650000,498.140000,3.370000,5.400000,44.060000,5.820000,68.760000,375.900000,0.044900,26.020000
2019-03-20,267.130000,178.910000,282.670000,376.550000,56.080000,427.360000,499.520000,3.380000,5.390000,44.090000,5.860000,68.740000,376.400000,0.045000,26.160000
2019-03-21,268.200000,179.870000,283.780000,378.320000,56.480000,429.110000,500.050000,3.390000,5.430000,44.300000,5.880000,69.010000,378.170000,0.045200,26.060000
2019-03-27,269.190000,178.570000,282.170000,380.430000,56.250000,427.310000,498.540000,3.420000,5.420000,44.310000,5.870000,68.840000,377.650000,0.045200,26.260000
2019-03-28,268.670000,177.900000,282.570000,381.030000,56.300000,426.710000,499.550000,3.430000,5.430000,44.130000,5.840000,71.320000,378.360000,0.045100,26.110000
2019-03-29,269.540000,178.810000,283.230000,381.850000,56.480000,427.720000,499.250000,3.450000,5.450000,43.990000,5.860000,68.260000,380.060000,0.045300,25.950000
2019-03-30,269.140000,178.800000,282.870000,381.570000,56.590000,425.950000,494.810000,3.430000,5.450000,43.920000,5.870000,67.390000,380.040000,0.045300,26.150000
2019-04-02,270.490000,177.940000,284.520000,382.240000,56.630000,426.950000,497.580000,3.420000,5.450000,44.250000,5.810000,67.470000,379.950000,0.045300,26.640000
2019-04-03,268.650000,177.300000,284.920000,379.810000,56.500000,425.300000,495.300000,3.410000,5.450000,44.100000,5.800000,68.350000,379.660000,0.045100,26.760000
2019-04-04,270.040000,177.220000,285.100000,380.530000,56.550000,426.440000,499.770000,3.400000,5.440000,44.360000,5.830000,67.510000,379.160000,0.045100,26.880000
2019-04-05,269.040000,176.710000,283.190000,378.930000,56.320000,424.630000,497.680000,3.400000,5.420000,44.040000,5.780000,67.200000,378.290000,0.045000,26.690000
2019-04-06,270.330000,177.690000,284.400000,379.800000,56.550000,426.520000,496.870000,3.400000,5.450000,44.170000,5.810000,67.700000,379.840000,0.045100,26.920000
2019-04-09,270.300000,178.080000,284.480000,380.700000,56.650000,427.660000,497.000000,3.420000,5.450000,44.390000,5.820000,67.060000,380.550000,0.045200,26.900000
2019-04-10,271.500000,178.760000,285.580000,380.190000,56.610000,428.110000,497.040000,3.410000,5.440000,44.510000,5.870000,67.050000,379.770000,0.045000,27.050000
2019-04-11,271.450000,179.270000,284.780000,379.250000,56.480000,427.770000,495.970000,3.410000,5.430000,44.600000,5.870000,66.870000,379.330000,0.045300,27.140000
2019-04-12,270.430000,179.160000,283.050000,377.240000,56.280000,426.190000,494.750000,3.400000,5.420000,44.470000,5.870000,66.160000,377.960000,0.044700,27.110000
2019-04-13,271.820000,180.600000,284.810000,379.360000,56.580000,429.430000,496.280000,3.390000,5.440000,44.670000,5.910000,65.330000,379.590000,0.044900,27.200000
2019-04-16,272.300000,180.770000,284.720000,378.730000,56.600000,429.360000,497.150000,3.390000,5.430000,44.690000,5.910000,65.610000,379.560000,0.044900,27.240000
2019-04-17,271.440000,180.850000,283.930000,377.840000,56.630000,428.900000,496.950000,3.400000,5.440000,44.730000,5.910000,65.590000,379.960000,0.045100,27.090000
2019-04-18,273.060000,181.050000,284.830000,376.270000,56.700000,428.940000,494.690000,3.390000,5.450000,44.760000,5.930000,65.970000,379.360000,0.044900,27.170000
2019-04-19,271.350000,181.230000,283.460000,375.060000,56.540000,426.630000,493.290000,3.390000,5.440000,44.430000,5.920000,65.200000,379.190000,0.044900,26.880000
2019-04-20,271.230000,181.280000,283.670000,374.200000,56.580000,426.400000,493.110000,3.390000,5.440000,44.610000,5.930000,65.390000,379.290000,0.044900,26.970000
2019-04-23,269.110000,180.630000,282.270000,371.680000,56.190000,424.210000,489.830000,3.370000,5.420000,44.360000,5.910000,64.710000,377.110000,0.044700,26.730000
2019-04-24,268.430000,180.780000,282.220000,370.550000,56.170000,424.680000,490.910000,3.370000,5.420000,44.300000,5.920000,64.700000,377.330000,0.044700,26.560000
2019-04-25,266.660000,180.440000,281.440000,371.720000,56.360000,424.440000,489.710000,3.380000,5.430000,44.160000,5.910000,64.700000,378.560000,0.044900,26.440000
2019-04-26,265.900000,180.070000,281.110000,371.830000,56.330000,422.970000,488.880000,3.390000,5.450000,43.760000,5.850000,64.410000,379.860000,0.045000,26.130000
2019-04-27,268.070000,180.440000,282.270000,373.460000,56.550000,424.160000,491.540000,3.410000,5.460000,43.900000,5.880000,64.180000,380.890000,0.045100,26.460000
2019-04-30,269.380000,181.270000,283.590000,375.040000,56.740000,426.280000,494.040000,3.420000,5.480000,43.990000,5.910000,64.410000,381.940000,0.045300,26.680000
2019-05-01,268.810000,181.170000,283.460000,374.160000,56.590000,427.150000,494.950000,3.420000,5.460000,44.190000,5.910000,64.080000,381.080000,0.045100,26.650000
2019-05-03,267.500000,180.690000,283.290000,373.600000,56.560000,426.600000,497.210000,3.410000,5.460000,43.840000,5.830000,63.830000,380.890000,0.045100,26.390000
2019-05-04,267.150000,180.990000,283.590000,374.110000,56.730000,425.970000,496.140000,3.430000,5.480000,43.580000,5.840000,64.160000,381.970000,0.045300,26.250000
2019-05-05,267.150000,180.940000,283.550000,374.360000,56.510000,426.200000,501.380000,3.430000,5.450000,43.740000,5.850000,63.920000,380.500000,0.045300,26.530000
2019-05-07,265.990000,181.180000,282.460000,373.960000,56.300000,425.950000,498.600000,3.440000,5.450000,43.470000,5.840000,63.460000,380.580000,0.045100,26.290000
2019-05-09,266.600000,180.860000,282.380000,374.130000,56.150000,426.230000,495.720000,3.460000,5.450000,43.430000,5.830000,61.640000,380.530000,0.045100,26.480000
2019-05-14,264.880000,181.160000,282.670000,376.310000,55.200000,426.400000,493.980000,3.460000,5.440000,43.450000,5.810000,62.260000,379.430000,0.044900,26.660000
2019-05-15,263.700000,181.150000,282.070000,376.840000,55.190000,426.590000,491.450000,3.460000,5.440000,43.470000,5.810000,62.670000,379.700000,0.044900,26.650000
2019-05-16,262.600000,181.480000,281.740000,377.010000,55.200000,425.090000,489.790000,3.470000,5.440000,43.400000,5.860000,62.560000,379.650000,0.044900,26.650000
2019-05-17,262.420000,181.760000,282.710000,375.750000,55.090000,424.830000,486.100000,3.460000,5.430000,43.630000,5.880000,63.070000,378.940000,0.044800,26.760000
2019-05-18,260.550000,182.030000,280.860000,374.810000,54.820000,423.000000,483.510000,3.450000,5.430000,43.230000,5.870000,62.540000,378.930000,0.044800,26.400000
2019-05-21,262.310000,182.430000,281.960000,375.370000,54.800000,422.740000,482.980000,3.440000,5.430000,43.160000,5.870000,62.750000,378.900000,0.044800,26.330000
2019-05-22,260.700000,182.800000,282.250000,375.160000,54.850000,422.400000,480.860000,3.440000,5.430000,43.140000,5.870000,62.630000,378.870000,0.044900,26.260000
2019-05-23,261.210000,182.900000,283.100000,375.150000,54.920000,423.240000,480.280000,3.430000,5.440000,43.370000,5.900000,62.430000,379.010000,0.044800,26.420000
2019-05-24,259.660000,181.940000,280.630000,374.680000,54.640000,420.880000,477.580000,3.440000,5.420000,43.130000,5.840000,61.640000,378.010000,0.044700,26.120000
2019-05-25,261.830000,182.740000,282.030000,378.260000,54.950000,424.470000,481.560000,3.460000,5.440000,43.530000,5.880000,62.330000,379.360000,0.044900,26.300000
2019-05-28,262.900000,183.020000,282.530000,377.860000,55.070000,425.140000,482.120000,3.470000,5.440000,43.630000,5.900000,62.700000,379.860000,0.044900,26.260000
2019-05-29,263.240000,182.970000,282.560000,378.820000,55.030000,425.520000,481.310000,3.480000,5.440000,43.750000,5.890000,62.920000,380.300000,0.044800,26.060000
2019-05-30,263.940000,182.710000,282.520000,379.720000,55.250000,425.780000,482.530000,3.490000,5.470000,43.620000,5.860000,63.480000,381.690000,0.045000,25.770000
2019-05-31,264.370000,182.330000,282.750000,377.890000,55.230000,424.960000,481.710000,3.480000,5.460000,43.590000,5.870000,64.750000,381.370000,0.045000,26.150000
2019-06-01,264.430000,182.610000,282.420000,380.880000,55.430000,426.480000,481.260000,3.520000,5.480000,43.550000,5.840000,65.120000,382.560000,0.045100,25.880000
2019-06-04,266.880000,182.700000,284.380000,384.290000,55.580000,428.940000,485.340000,3.540000,5.500000,43.880000,5.880000,65.490000,383.940000,0.045300,26.420000
2019-06-05,268.140000,183.180000,286.100000,386.650000,55.600000,432.080000,486.600000,3.560000,5.500000,44.160000,5.890000,65.940000,384.210000,0.045200,26.330000
2019-06-06,268.980000,183.220000,287.470000,387.570000,55.630000,433.450000,488.400000,3.550000,5.500000,44.350000,5.910000,67.560000,384.200000,0.045200,26.150000
2019-06-07,268.360000,183.280000,286.940000,386.660000,55.600000,432.020000,488.120000,3.550000,5.510000,44.130000,5.900000,66.700000,384.530000,0.045200,25.870000
2019-06-08,266.960000,183.500000,286.890000,385.420000,55.510000,431.450000,487.300000,3.530000,5.500000,44.040000,5.890000,65.710000,383.340000,0.045200,25.410000
2019-06-11,266.940000,184.700000,288.630000,386.670000,55.290000,432.990000,486.040000,3.530000,5.490000,44.290000,5.920000,66.160000,383.040000,0.045000,25.780000
2019-06-12,266.860000,185.670000,289.560000,387.000000,55.530000,434.290000,487.670000,3.530000,5.500000,44.380000,5.950000,66.340000,383.750000,0.045100,26.020000
2019-06-13,266.930000,185.590000,288.820000,387.270000,55.520000,435.180000,489.270000,3.550000,5.510000,44.480000,5.930000,65.980000,384.130000,0.045200,26.000000
2019-06-14,265.500000,185.850000,288.760000,387.100000,55.550000,434.000000,487.210000,3.550000,5.510000,44.400000,5.950000,65.780000,384.510000,0.045200,25.890000
2019-06-15,264.960000,186.350000,287.980000,385.750000,55.460000,432.790000,485.940000,3.550000,5.500000,44.250000,5.960000,64.950000,384.050000,0.045100,25.930000
2019-06-18,263.450000,186.310000,285.890000,383.620000,55.390000,429.830000,482.660000,3.530000,5.500000,43.950000,5.960000,65.230000,383.430000,0.045000,25.870000
2019-06-19,262.480000,186.000000,285.800000,383.650000,55.390000,429.080000,480.530000,3.540000,5.500000,43.880000,5.970000,65.810000,383.690000,0.045000,26.130000
2019-06-20,262.850000,185.500000,285.930000,383.070000,55.390000,428.300000,480.770000,3.530000,5.490000,43.770000,5.970000,65.220000,382.380000,0.044800,26.300000
2019-06-21,263.540000,186.040000,288.370000,385.730000,55.550000,430.150000,484.000000,3.530000,5.470000,44.480000,6.020000,66.320000,380.560000,0.044600,26.770000
2019-06-22,260.780000,185.130000,285.940000,383.940000,54.860000,426.140000,477.400000,3.510000,5.420000,43.990000,5.980000,64.990000,377.180000,0.044200,26.200000
2019-06-25,263.010000,186.130000,287.090000,388.000000,55.000000,431.050000,482.780000,3.530000,5.440000,44.660000,6.020000,65.790000,378.380000,0.044400,26.470000
2019-06-26,264.010000,186.030000,287.490000,388.150000,55.050000,430.990000,483.050000,3.540000,5.450000,44.520000,6.040000,65.220000,378.830000,0.044300,26.490000
2019-06-27,264.450000,185.560000,287.860000,387.520000,55.100000,430.070000,480.240000,3.520000,5.450000,44.530000,6.000000,65.600000,378.650000,0.044200,26.450000
2019-06-28,265.710000,186.090000,289.430000,388.510000,55.250000,432.040000,482.830000,3.520000,5.470000,44.620000,6.020000,65.660000,379.850000,0.044400,26.800000
2019-06-29,266.640000,186.630000,290.590000,390.250000,55.410000,433.080000,482.360000,3.530000,5.480000,44.660000,6.040000,66.050000,380.530000,0.044500,26.840000
2019-07-02,266.350000,186.710000,290.500000,387.290000,55.610000,430.990000,481.240000,3.520000,5.480000,44.510000,6.030000,66.790000,380.670000,0.044500,26.880000
2019-07-03,266.910000,187.120000,291.080000,386.860000,55.550000,431.830000,482.060000,3.530000,5.510000,44.650000,6.040000,67.250000,381.950000,0.044600,26.950000
2019-07-04,269.140000,187.420000,293.060000,389.600000,55.820000,433.410000,482.680000,3.560000,5.510000,44.820000,6.050000,68.000000,383.990000,0.044800,27.200000
2019-07-05,268.820000,187.210000,293.090000,388.440000,55.750000,432.260000,481.630000,3.550000,5.510000,44.860000,6.040000,68.360000,383.040000,0.044700,27.410000
2019-07-06,269.310000,187.420000,293.490000,388.500000,55.780000,431.890000,481.370000,3.550000,5.510000,44.850000,6.040000,68.450000,383.530000,0.044800,27.170000
2019-07-10,266.310000,187.600000,292.700000,386.360000,55.810000,430.410000,478.790000,3.530000,5.510000,44.350000,6.020000,67.290000,384.230000,0.044800,27.020000
2019-07-11,266.130000,188.250000,292.960000,387.770000,55.850000,431.330000,479.760000,3.530000,5.510000,44.460000,6.030000,66.890000,384.360000,0.044800,27.080000
2019-07-12,267.370000,188.510000,293.720000,388.540000,55.800000,431.560000,480.250000,3.540000,5.500000,44.780000,6.080000,67.560000,383.100000,0.044700,27.520000
2019-07-13,267.840000,188.590000,294.110000,388.380000,55.720000,431.430000,480.340000,3.540000,5.520000,44.890000,6.080000,66.960000,383.290000,0.044900,27.430000
2019-07-16,269.740000,189.210000,294.400000,390.300000,55.780000,432.470000,481.590000,3.560000,5.520000,44.960000,6.120000,67.170000,383.430000,0.044700,27.580000
2019-07-17,269.180000,188.860000,293.380000,389.040000,55.700000,430.120000,476.770000,3.550000,5.510000,44.750000,6.100000,67.060000,383.010000,0.044600,27.600000
2019-07-18,269.130000,189.150000,294.190000,388.130000,55.830000,430.630000,476.170000,3.550000,5.520000,44.760000,6.110000,67.300000,383.980000,0.044900,27.460000
2019-07-19,270.260000,189.650000,294.480000,389.970000,55.880000,431.710000,479.140000,3.570000,5.530000,44.720000,6.110000,67.380000,384.390000,0.045000,27.450000
2019-07-20,271.530000,190.250000,295.080000,391.290000,55.950000,432.520000,481.930000,3.570000,5.540000,44.960000,6.110000,68.170000,384.870000,0.044900,27.640000
2019-07-23,270.700000,190.730000,294.720000,391.530000,55.890000,431.320000,479.300000,3.560000,5.530000,44.860000,6.100000,67.760000,384.520000,0.044800,27.650000
2019-07-24,269.570000,190.090000,292.390000,390.070000,55.830000,429.190000,477.690000,3.550000,5.520000,44.300000,6.080000,67.690000,384.060000,0.044600,27.650000
2019-07-25,268.090000,189.930000,292.390000,390.010000,55.880000,427.920000,479.170000,3.560000,5.520000,44.400000,6.100000,67.080000,384.200000,0.044800,27.590000
2019-07-26,268.170000,189.990000,293.070000,389.870000,55.980000,428.170000,480.120000,3.560000,5.520000,44.460000,6.100000,67.410000,384.800000,0.044600,27.600000
2019-07-27,266.790000,190.320000,291.980000,388.180000,55.960000,428.800000,478.690000,3.540000,5.530000,44.250000,6.100000,67.940000,384.920000,0.044700,27.180000
2019-07-30,265.910000,189.460000,292.340000,388.520000,55.870000,428.350000,474.940000,3.550000,5.530000,44.180000,6.070000,68.240000,385.100000,0.044700,27.060000
2019-07-31,264.880000,189.150000,291.970000,388.250000,55.900000,428.520000,468.620000,3.540000,5.520000,44.040000,6.070000,69.000000,384.560000,0.044400,27.050000
2019-08-01,264.790000,189.080000,292.230000,387.960000,55.830000,428.150000,467.490000,3.540000,5.520000,43.810000,6.060000,69.480000,384.200000,0.044600,27.060000
2019-08-02,263.800000,188.310000,291.330000,387.000000,55.790000,424.990000,465.720000,3.530000,5.530000,43.420000,6.040000,69.010000,384.990000,0.044400,26.660000
2019-08-03,261.820000,187.670000,291.670000,391.280000,55.580000,428.000000,467.810000,3.610000,5.540000,43.240000,5.940000,68.940000,385.760000,0.044500,26.290000
2019-08-06,261.180000,188.440000,292.010000,396.420000,54.910000,430.840000,469.020000,3.640000,5.550000,43.270000,5.950000,69.430000,386.470000,0.044600,25.990000
2019-08-07,262.620000,188.640000,293.250000,397.150000,55.050000,433.410000,472.260000,3.640000,5.560000,43.480000,5.940000,69.750000,386.940000,0.044500,26.070000
2019-08-08,260.990000,189.740000,291.620000,395.800000,55.030000,433.290000,470.360000,3.650000,5.570000,43.490000,5.970000,70.640000,387.450000,0.044500,26.140000
2019-08-09,263.040000,189.930000,291.810000,397.670000,55.050000,434.680000,471.480000,3.650000,5.570000,43.410000,5.950000,70.770000,387.730000,0.044800,25.640000
2019-08-10,263.830000,189.940000,292.980000,398.220000,54.900000,434.010000,469.070000,3.660000,5.570000,43.520000,5.920000,70.350000,387.470000,0.044500,25.550000
2019-08-13,261.550000,190.370000,292.710000,398.390000,54.910000,433.300000,467.430000,3.680000,5.570000,43.370000,5.920000,69.860000,387.430000,0.044500,25.140000
2019-08-14,262.060000,189.860000,292.270000,400.090000,54.870000,434.110000,467.700000,3.690000,5.570000,43.390000,5.910000,69.000000,387.490000,0.045200,25.220000
2019-08-15,261.120000,189.360000,291.620000,396.390000,55.040000,431.610000,466.440000,3.630000,5.550000,43.380000,5.920000,69.190000,386.160000,0.044800,25.390000
2019-08-16,261.990000,189.380000,290.800000,397.750000,55.010000,431.480000,468.180000,3.650000,5.560000,43.080000,5.850000,69.290000,387.050000,0.044500,25.320000
2019-08-17,262.150000,189.150000,291.060000,394.630000,54.950000,428.670000,470.180000,3.640000,5.560000,42.990000,5.860000,69.680000,386.820000,0.044100,25.480000
2019-08-20,261.860000,188.050000,291.700000,395.020000,54.890000,429.270000,468.650000,3.630000,5.550000,42.970000,5.780000,69.200000,386.800000,0.042500,25.200000
2019-08-21,262.130000,188.200000,290.340000,395.290000,54.790000,428.810000,468.050000,3.640000,5.550000,43.040000,5.790000,67.630000,386.910000,0.042500,25.190000
2019-08-22,262.010000,187.880000,290.200000,393.970000,54.650000,428.250000,468.200000,3.630000,5.540000,43.110000,5.840000,67.470000,386.050000,0.042600,25.310000
2019-08-23,261.120000,187.860000,290.520000,392.960000,54.450000,427.770000,468.190000,3.630000,5.530000,43.060000,5.880000,67.100000,386.040000,0.041200,25.400000
2019-08-24,261.050000,187.860000,290.090000,391.550000,54.570000,427.250000,471.610000,3.620000,5.530000,43.010000,5.880000,66.940000,386.340000,0.041200,25.500000
2019-08-27,261.590000,188.140000,290.840000,395.450000,54.170000,430.090000,473.500000,3.660000,5.540000,43.080000,5.860000,66.350000,386.910000,0.041600,25.300000
2019-08-28,261.990000,187.520000,292.760000,395.370000,54.090000,430.360000,475.270000,3.660000,5.550000,43.080000,5.840000,66.400000,387.500000,0.041400,25.340000
2019-08-29,261.440000,185.920000,291.280000,395.140000,54.110000,429.950000,473.080000,3.670000,5.550000,42.990000,5.800000,66.810000,387.550000,0.041400,25.280000
2019-08-30,261.420000,185.140000,291.760000,394.000000,54.200000,429.150000,472.280000,3.650000,5.580000,42.750000,5.810000,66.450000,387.460000,0.041400,25.230000
2019-09-03,260.860000,183.620000,291.060000,391.520000,54.120000,425.250000,468.910000,3.650000,5.580000,42.550000,5.820000,66.730000,388.070000,0.041400,25.540000
2019-09-04,261.000000,183.120000,290.610000,392.400000,54.110000,424.780000,465.470000,3.660000,5.590000,42.440000,5.800000,67.200000,388.280000,0.041400,25.610000
2019-09-05,263.420000,183.570000,291.560000,394.090000,54.300000,427.580000,473.040000,3.660000,5.560000,42.820000,5.850000,68.460000,388.180000,0.041500,26.090000
2019-09-06,264.120000,184.020000,293.800000,394.600000,54.250000,428.210000,477.060000,3.640000,5.550000,43.110000,5.880000,68.170000,387.730000,0.041500,26.230000
2019-09-07,265.110000,184.250000,293.450000,391.820000,54.460000,427.730000,477.020000,3.630000,5.550000,43.050000,5.870000,67.880000,387.820000,0.041500,26.220000
2019-09-10,265.530000,184.430000,293.700000,390.530000,54.230000,426.550000,477.260000,3.610000,5.530000,43.280000,5.900000,67.400000,386.510000,0.041300,26.230000
2019-09-11,264.720000,184.900000,292.850000,389.870000,54.310000,426.220000,475.460000,3.600000,5.520000,42.990000,5.900000,66.970000,385.890000,0.041300,26.250000
2019-09-12,265.260000,185.610000,293.820000,389.020000,54.300000,425.670000,477.550000,3.590000,5.530000,43.090000,5.910000,66.780000,386.340000,0.041300,26.280000
2019-09-13,266.400000,187.440000,293.630000,391.100000,54.650000,426.950000,477.470000,3.590000,5.540000,43.270000,5.950000,67.530000,387.150000,0.041400,26.470000
2019-09-14,265.860000,188.950000,292.540000,391.840000,54.660000,429.170000,481.450000,3.580000,5.540000,43.190000,6.020000,68.210000,386.710000,0.041400,26.580000
2019-09-17,265.030000,188.360000,290.510000,389.210000,54.510000,425.950000,479.410000,3.580000,5.510000,42.960000,6.010000,67.380000,385.160000,0.041200,26.270000
2019-09-18,263.360000,187.470000,290.800000,387.590000,54.310000,424.580000,477.960000,3.560000,5.530000,42.940000,6.000000,67.170000,385.420000,0.041200,26.030000
2019-09-19,264.320000,188.100000,291.680000,388.560000,54.560000,427.260000,482.070000,3.570000,5.540000,43.180000,6.000000,68.080000,386.770000,0.041400,26.430000
2019-09-20,263.200000,189.200000,291.520000,390.700000,54.580000,428.440000,483.170000,3.590000,5.550000,43.350000,6.040000,67.980000,387.340000,0.041400,26.380000
2019-09-21,262.610000,189.750000,291.480000,390.210000,54.570000,427.150000,484.230000,3.580000,5.540000,42.990000,6.060000,67.870000,386.700000,0.041400,26.160000
2019-09-24,261.290000,187.990000,290.240000,389.430000,54.160000,423.780000,480.250000,3.590000,5.530000,42.430000,6.030000,67.400000,385.960000,0.041300,25.810000
2019-09-25,262.160000,187.680000,291.610000,390.660000,54.400000,425.010000,481.200000,3.590000,5.530000,42.790000,6.070000,68.090000,386.440000,0.041200,26.000000
2019-09-26,262.650000,187.020000,292.540000,393.320000,54.420000,426.270000,482.160000,3.610000,5.550000,42.960000,6.030000,68.190000,387.620000,0.041300,25.920000
2019-09-27,261.890000,187.050000,292.430000,389.830000,54.340000,423.690000,477.400000,3.600000,5.560000,42.800000,6.020000,68.260000,387.530000,0.041300,25.770000
2019-09-28,261.920000,187.130000,292.460000,390.760000,54.400000,423.490000,476.280000,3.590000,5.560000,42.690000,6.020000,68.360000,387.630000,0.041200,25.700000
2019-10-01,261.850000,186.940000,292.930000,390.210000,54.360000,423.720000,477.460000,3.590000,5.560000,42.710000,5.980000,68.790000,387.990000,0.041300,25.580000
2019-10-02,260.240000,186.590000,292.680000,387.930000,54.350000,423.120000,477.240000,3.590000,5.580000,42.550000,5.970000,68.250000,388.470000,0.041100,25.420000
2019-10-03,259.840000,186.240000,293.580000,388.990000,54.400000,424.530000,476.130000,3.610000,5.580000,42.490000,5.950000,67.920000,388.870000,0.041400,25.390000
2019-10-04,261.330000,187.110000,292.000000,388.800000,54.460000,426.050000,478.010000,3.630000,5.590000,42.570000,5.980000,68.310000,389.230000,0.041500,25.670000
2019-10-05,262.660000,187.790000,291.830000,390.800000,54.410000,426.920000,479.890000,3.640000,5.580000,42.640000,6.000000,68.170000,388.890000,0.041500,25.640000
2019-10-08,262.110000,187.910000,292.060000,391.550000,54.420000,426.850000,478.740000,3.640000,5.580000,42.600000,5.990000,67.890000,389.000000,0.041500,25.700000
2019-10-09,262.830000,188.130000,292.720000,392.480000,54.600000,427.810000,476.760000,3.640000,5.580000,42.610000,5.990000,66.960000,389.380000,0.041500,25.640000
2019-10-10,263.190000,188.980000,293.500000,392.680000,54.780000,428.320000,477.160000,3.630000,5.590000,42.600000,6.010000,66.850000,390.090000,0.041600,25.730000
2019-10-11,263.960000,189.430000,293.330000,393.470000,54.790000,430.310000,478.100000,3.630000,5.590000,42.810000,6.030000,66.310000,390.130000,0.041600,25.810000
2019-10-12,264.520000,190.170000,293.510000,390.300000,54.940000,429.210000,486.710000,3.600000,5.580000,42.800000,6.070000,66.390000,389.520000,0.041400,26.120000
2019-10-15,263.150000,190.310000,294.700000,391.540000,55.080000,429.980000,489.170000,3.600000,5.580000,42.730000,6.060000,65.850000,389.620000,0.041400,26.280000
2019-10-16,263.600000,190.230000,294.560000,390.410000,55.070000,429.060000,492.560000,3.600000,5.580000,42.620000,6.050000,65.990000,389.590000,0.041400,26.310000
2019-10-17,262.650000,190.450000,295.110000,390.670000,54.910000,430.270000,497.360000,3.590000,5.580000,42.470000,6.060000,66.150000,389.810000,0.041500,26.010000
2019-10-18,266.130000,191.550000,296.240000,392.730000,55.130000,433.500000,504.150000,3.590000,5.580000,42.630000,6.100000,66.250000,389.940000,0.041500,26.370000
2019-10-19,266.550000,191.420000,296.880000,394.720000,55.040000,434.010000,503.110000,3.590000,5.580000,42.440000,6.100000,67.510000,389.980000,0.041500,26.420000
2019-10-22,268.180000,191.270000,297.560000,395.760000,55.120000,435.320000,506.160000,3.590000,5.590000,42.730000,6.120000,67.060000,389.860000,0.041500,26.400000
2019-10-23,267.370000,191.520000,297.950000,394.240000,55.050000,434.260000,503.990000,3.590000,5.580000,42.670000,6.120000,66.810000,389.750000,0.041500,26.550000
2019-10-24,266.130000,190.660000,296.980000,393.090000,54.990000,432.210000,499.850000,3.590000,5.570000,42.420000,6.090000,67.460000,388.960000,0.041400,26.520000
2019-10-25,265.680000,190.690000,297.370000,392.780000,55.000000,432.840000,501.060000,3.580000,5.570000,42.700000,6.090000,67.680000,388.930000,0.041400,26.590000
2019-10-26,265.360000,190.330000,297.770000,392.370000,55.000000,432.210000,499.260000,3.580000,5.570000,42.460000,6.080000,67.560000,388.920000,0.041300,26.540000
2019-10-29,264.910000,189.660000,297.080000,389.810000,54.910000,430.310000,498.520000,3.570000,5.560000,42.200000,6.090000,67.680000,387.980000,0.041100,26.650000
2019-10-30,265.570000,188.820000,296.980000,389.750000,54.930000,429.700000,497.270000,3.560000,5.560000,41.970000,6.060000,67.630000,387.920000,0.041000,26.540000
2019-10-31,267.040000,189.240000,297.030000,391.710000,55.070000,431.670000,500.630000,3.570000,5.570000,42.090000,6.090000,67.710000,388.540000,0.041200,26.550000
2019-11-01,267.870000,189.410000,295.030000,393.910000,55.170000,433.830000,502.860000,3.590000,5.570000,42.270000,6.070000,68.080000,388.670000,0.041300,25.640000
2019-11-02,268.530000,189.750000,295.780000,394.630000,55.350000,434.170000,504.230000,3.600000,5.580000,42.590000,6.090000,67.930000,389.460000,0.041300,25.810000
2019-11-05,268.360000,190.380000,295.180000,393.020000,55.240000,433.410000,501.460000,3.580000,5.560000,42.780000,6.140000,68.250000,388.190000,0.041200,26.270000
2019-11-06,268.920000,190.330000,296.100000,392.190000,55.570000,432.240000,500.830000,3.570000,5.560000,42.610000,6.130000,67.640000,388.390000,0.041100,26.420000
2019-11-07,268.310000,190.290000,295.530000,391.760000,55.560000,431.280000,501.010000,3.570000,5.570000,42.420000,6.100000,67.550000,388.860000,0.041100,26.210000
2019-11-08,268.550000,191.030000,295.650000,391.780000,55.800000,430.900000,500.540000,3.570000,5.570000,42.700000,6.110000,67.760000,389.040000,0.041100,26.410000
2019-11-09,266.640000,190.570000,294.200000,390.050000,55.520000,428.560000,497.280000,3.550000,5.560000,42.440000,6.080000,67.500000,388.290000,0.041100,26.180000
2019-11-12,266.650000,189.910000,294.020000,390.570000,55.460000,428.700000,497.570000,3.570000,5.570000,42.470000,6.080000,67.300000,388.700000,0.041100,26.120000
2019-11-13,265.980000,189.900000,293.420000,391.000000,55.490000,429.010000,499.190000,3.560000,5.570000,42.510000,6.080000,67.450000,388.810000,0.041100,26.210000
2019-11-14,265.760000,189.370000,293.580000,393.430000,55.450000,428.780000,500.340000,3.580000,5.570000,42.280000,6.050000,67.620000,389.340000,0.041100,25.980000
2019-11-15,263.940000,189.570000,292.980000,393.450000,55.320000,427.260000,499.170000,3.580000,5.560000,42.270000,6.060000,67.450000,388.490000,0.041000,26.140000
2019-11-16,263.380000,189.730000,293.060000,391.710000,55.360000,427.540000,499.560000,3.570000,5.560000,42.410000,6.080000,67.420000,388.070000,0.041000,26.260000
2019-11-19,263.680000,189.450000,292.910000,390.770000,55.230000,428.180000,501.770000,3.550000,5.540000,42.560000,6.060000,67.550000,387.140000,0.040900,26.220000
2019-11-20,263.730000,189.400000,293.240000,390.440000,55.130000,428.470000,501.450000,3.560000,5.550000,42.460000,6.080000,67.770000,387.160000,0.040800,26.300000
2019-11-21,263.760000,189.230000,291.320000,390.810000,55.060000,428.550000,500.060000,3.570000,5.550000,42.170000,6.060000,67.910000,387.370000,0.040900,26.130000
2019-11-22,262.900000,189.010000,290.430000,390.230000,54.930000,428.370000,500.130000,3.560000,5.530000,42.430000,6.060000,67.930000,386.440000,0.040700,26.250000
2019-11-23,261.380000,187.830000,289.740000,387.570000,54.680000,425.780000,495.550000,3.550000,5.510000,42.090000,6.050000,67.680000,385.010000,0.040600,26.320000
2019-11-26,262.080000,187.330000,290.540000,387.220000,54.900000,425.260000,497.400000,3.550000,5.530000,42.130000,6.050000,67.310000,386.210000,0.040700,26.270000
2019-11-27,261.960000,186.250000,290.290000,387.580000,54.890000,425.680000,497.140000,3.550000,5.530000,42.210000,6.040000,67.200000,386.490000,0.040700,26.140000
2019-11-28,261.950000,184.160000,291.240000,387.080000,54.990000,425.080000,496.680000,3.540000,5.530000,42.130000,6.040000,67.100000,386.190000,0.040700,26.220000
2019-11-29,261.260000,183.390000,290.590000,386.890000,54.940000,425.400000,499.690000,3.530000,5.530000,42.100000,6.030000,67.020000,386.310000,0.040700,26.190000
2019-11-30,261.790000,183.320000,290.770000,386.580000,55.050000,425.140000,497.890000,3.530000,5.530000,42.040000,6.030000,67.270000,386.350000,0.040700,26.420000
2019-12-04,265.490000,183.400000,291.360000,391.340000,54.930000,428.950000,502.690000,3.550000,5.540000,42.360000,6.040000,67.480000,387.070000,0.040700,26.420000
2019-12-05,264.570000,183.040000,291.800000,391.910000,54.930000,428.980000,505.780000,3.560000,5.550000,42.130000,6.050000,67.490000,387.480000,0.040800,26.600000
2019-12-06,263.550000,182.310000,292.770000,390.090000,54.790000,427.890000,506.580000,3.540000,5.520000,42.150000,6.040000,67.010000,385.760000,0.040600,26.350000
2019-12-07,263.550000,182.080000,292.240000,389.720000,54.750000,427.120000,505.200000,3.550000,5.510000,42.170000,6.040000,66.770000,384.970000,0.040500,26.310000
2019-12-10,263.100000,182.340000,290.700000,389.440000,54.770000,426.570000,507.150000,3.550000,5.520000,42.180000,6.050000,66.460000,385.550000,0.040600,26.330000
2019-12-11,263.110000,182.770000,291.660000,391.630000,54.870000,427.710000,508.190000,3.560000,5.530000,42.000000,6.070000,66.540000,386.190000,0.040700,26.340000
2019-12-12,263.800000,182.850000,291.880000,392.340000,54.870000,428.140000,507.520000,3.550000,5.530000,42.180000,6.080000,66.530000,386.300000,0.040700,26.140000
2019-12-13,264.660000,182.420000,292.120000,391.480000,54.680000,427.980000,507.020000,3.540000,5.510000,42.270000,6.080000,66.380000,384.630000,0.040500,26.270000
2019-12-14,265.500000,183.090000,291.670000,390.950000,55.020000,429.260000,514.990000,3.500000,5.500000,42.580000,6.160000,66.540000,383.950000,0.040400,26.690000
2019-12-19,263.240000,182.640000,292.140000,392.120000,54.940000,427.880000,503.950000,3.510000,5.500000,42.600000,6.140000,65.170000,384.400000,0.040500,26.740000
2019-12-20,264.280000,183.080000,293.150000,391.950000,54.860000,428.100000,503.760000,3.510000,5.500000,42.950000,6.160000,64.750000,384.460000,0.040400,26.830000
2019-12-21,263.920000,182.750000,291.540000,390.930000,54.640000,425.850000,499.380000,3.500000,5.480000,42.770000,6.150000,64.740000,382.990000,0.040300,26.940000
2019-12-24,264.640000,182.590000,291.010000,390.420000,54.610000,424.050000,497.790000,3.500000,5.480000,42.740000,6.140000,64.510000,382.650000,0.040300,26.910000
2019-12-25,263.890000,182.180000,289.960000,388.360000,54.450000,422.540000,493.280000,3.490000,5.470000,42.670000,6.150000,64.140000,381.560000,0.040200,26.870000
2019-12-26,261.920000,181.740000,287.780000,385.970000,54.200000,419.830000,491.160000,3.460000,5.420000,42.310000,6.140000,63.800000,378.600000,0.039900,26.720000
2019-12-27,262.270000,180.820000,288.080000,386.170000,54.150000,420.000000,491.480000,3.460000,5.430000,42.540000,6.130000,63.770000,378.790000,0.039900,26.740000
2019-12-28,264.630000,180.800000,290.430000,389.760000,54.380000,423.660000,497.160000,3.480000,5.450000,42.930000,6.140000,64.040000,380.440000,0.040000,27.050000
2019-12-31,266.640000,181.510000,291.620000,391.880000,54.560000,426.850000,499.990000,3.490000,5.470000,43.280000,6.170000,64.080000,381.180000,0.040100,27.180000
2020-01-01,268.230000,181.640000,293.580000,395.160000,54.970000,429.000000,503.410000,3.520000,5.490000,43.530000,6.160000,64.380000,382.590000,0.040300,27.330000
2020-01-06,265.630000,181.280000,294.020000,392.950000,54.870000,426.390000,500.070000,3.540000,5.500000,43.240000,6.160000,64.000000,382.140000,0.040200,26.700000
2020-01-07,265.090000,180.830000,294.000000,393.480000,54.670000,426.640000,500.970000,3.530000,5.480000,43.280000,6.140000,63.820000,381.200000,0.040100,26.710000
2020-01-09,259.910000,178.650000,290.980000,389.430000,54.490000,421.250000,496.210000,3.490000,5.440000,42.710000,6.110000,63.410000,378.210000,0.039600,26.560000
2020-01-10,258.170000,177.760000,288.460000,386.550000,54.300000,417.840000,490.430000,3.440000,5.420000,42.310000,6.160000,64.140000,376.500000,0.039400,26.660000
2020-01-11,259.540000,178.220000,288.800000,387.300000,54.560000,418.750000,493.190000,3.440000,5.430000,42.470000,6.150000,64.260000,377.460000,0.039600,26.530000
2020-01-14,260.970000,178.960000,289.520000,388.670000,54.880000,420.180000,490.380000,3.440000,5.440000,42.520000,6.200000,64.590000,378.060000,0.039700,26.330000
2020-01-15,261.740000,178.920000,290.190000,391.230000,55.110000,422.210000,492.040000,3.450000,5.440000,42.650000,6.180000,64.440000,379.340000,0.039700,26.300000
2020-01-16,261.460000,178.680000,290.420000,393.020000,55.130000,422.530000,493.190000,3.460000,5.440000,42.690000,6.170000,64.430000,379.700000,0.039800,26.320000
2020-01-17,261.290000,177.870000,289.820000,392.260000,54.910000,421.270000,493.040000,3.430000,5.410000,42.630000,6.130000,64.320000,377.750000,0.039700,26.240000
2020-01-18,260.060000,177.470000,288.760000,390.000000,54.900000,418.910000,491.460000,3.420000,5.390000,42.360000,6.130000,64.210000,376.510000,0.039600,26.190000
2020-01-21,258.290000,177.380000,287.720000,388.380000,54.770000,416.850000,488.040000,3.410000,5.380000,42.190000,6.100000,63.680000,375.910000,0.039500,25.820000
2020-01-22,258.000000,177.770000,287.980000,388.780000,54.540000,417.410000,490.740000,3.420000,5.390000,42.050000,6.090000,63.570000,376.420000,0.039500,25.910000
2020-01-23,258.140000,178.490000,288.780000,388.440000,54.660000,418.410000,492.740000,3.430000,5.400000,42.070000,6.090000,63.590000,377.290000,0.039500,26.120000
2020-01-24,259.590000,179.060000,287.110000,390.070000,54.500000,418.740000,496.130000,3.450000,5.410000,42.030000,6.100000,63.820000,377.860000,0.039600,26.340000
2020-01-25,258.890000,179.260000,288.350000,390.070000,54.580000,417.750000,495.660000,3.460000,5.420000,42.030000,6.130000,63.680000,378.600000,0.039600,26.320000
2020-01-28,257.620000,179.550000,288.420000,391.910000,54.810000,419.010000,497.860000,3.490000,5.440000,41.800000,6.080000,63.930000,380.190000,0.039800,26.170000
2020-01-29,256.950000,178.900000,288.560000,393.190000,54.900000,419.500000,496.200000,3.500000,5.450000,41.570000,6.050000,64.100000,380.840000,0.040000,26.000000
2020-01-30,255.840000,178.280000,287.710000,388.730000,54.620000,416.780000,492.970000,3.480000,5.420000,41.500000,6.060000,63.780000,378.860000,0.039600,25.970000
2020-01-31,255.010000,177.400000,286.710000,390.270000,54.610000,417.320000,493.010000,3.480000,5.420000,41.150000,6.020000,63.340000,378.800000,0.039800,25.880000
2020-02-01,253.490000,177.440000,286.510000,390.740000,54.640000,417.980000,497.160000,3.480000,5.430000,41.090000,5.990000,63.340000,379.020000,0.039700,25.490000
2020-02-04,254.920000,177.430000,287.390000,394.910000,54.220000,421.420000,497.930000,3.510000,5.450000,41.090000,5.960000,63.620000,380.650000,0.040100,25.460000
2020-02-05,254.550000,176.570000,285.940000,391.910000,54.270000,419.530000,493.920000,3.480000,5.430000,41.110000,6.000000,63.640000,379.530000,0.039900,25.750000
2020-02-06,256.280000,175.740000,285.370000,389.270000,54.260000,417.210000,494.350000,3.450000,5.420000,41.190000,6.040000,63.250000,378.490000,0.039700,25.760000
2020-02-07,254.480000,174.380000,284.260000,387.480000,54.150000,415.240000,489.810000,3.440000,5.410000,40.940000,5.970000,63.060000,377.560000,0.039600,25.420000
2020-02-08,252.820000,173.820000,284.270000,387.730000,54.090000,414.360000,489.120000,3.450000,5.420000,40.810000,5.930000,63.180000,378.310000,0.039700,25.180000
2020-02-11,253.690000,173.540000,285.160000,387.840000,54.290000,415.050000,489.300000,3.450000,5.430000,40.960000,5.930000,63.160000,379.040000,0.039900,25.170000
2020-02-12,253.580000,172.490000,284.570000,387.050000,54.230000,412.640000,489.230000,3.440000,5.410000,40.870000,5.920000,62.680000,378.190000,0.039800,25.430000
2020-02-13,253.520000,171.700000,283.520000,386.120000,53.960000,410.770000,488.270000,3.420000,5.390000,40.840000,5.960000,62.370000,376.200000,0.039600,25.450000
2020-02-14,253.130000,171.210000,283.930000,385.500000,53.920000,409.560000,488.190000,3.430000,5.390000,40.650000,5.910000,62.200000,376.400000,0.039600,25.290000
2020-02-15,253.580000,171.480000,284.710000,384.530000,54.020000,408.990000,491.590000,3.440000,5.400000,40.710000,5.930000,62.390000,377.190000,0.039600,25.410000
2020-02-18,253.380000,171.740000,284.830000,383.870000,53.980000,408.460000,491.200000,3.430000,5.390000,40.700000,5.950000,62.350000,376.770000,0.039600,25.300000
2020-02-19,251.580000,171.040000,284.110000,384.300000,53.800000,407.970000,489.670000,3.440000,5.400000,40.470000,5.910000,62.100000,376.840000,0.039600,25.010000
2020-02-20,252.650000,171.510000,284.960000,383.420000,53.950000,407.370000,490.370000,3.420000,5.400000,40.600000,5.930000,62.260000,377.090000,0.039700,25.230000
2020-02-21,249.470000,170.790000,283.890000,382.700000,53.600000,406.180000,485.250000,3.360000,5.390000,40.430000,5.900000,61.790000,376.160000,0.039600,24.910000
2020-02-22,247.740000,170.020000,283.500000,382.990000,53.450000,406.240000,485.440000,3.370000,5.380000,40.270000,5.840000,61.600000,375.870000,0.039500,24.870000
2020-02-25,248.110000,169.170000,283.140000,383.720000,53.550000,407.110000,485.330000,3.380000,5.390000,40.130000,5.760000,61.220000,376.430000,0.039600,24.870000
2020-02-26,248.450000,168.900000,283.290000,385.470000,53.680000,408.670000,489.430000,3.410000,5.390000,40.310000,5.760000,61.200000,376.720000,0.039700,24.810000
2020-02-27,248.770000,169.300000,284.480000,388.420000,53.920000,411.920000,489.860000,3.430000,5.420000,40.300000,5.760000,61.450000,378.360000,0.039900,24.720000
2020-02-28,249.530000,170.020000,285.080000,390.730000,54.190000,415.180000,489.880000,3.450000,5.440000,40.510000,5.780000,61.630000,379.750000,0.040000,24.700000
2020-02-29,248.740000,170.460000,283.470000,395.540000,54.570000,420.810000,491.730000,3.510000,5.460000,40.420000,5.650000,60.950000,381.100000,0.040200,24.380000
2020-03-03,249.630000,170.690000,285.800000,396.410000,54.750000,422.290000,486.560000,3.540000,5.460000,40.780000,5.730000,61.170000,381.230000,0.040200,24.460000
2020-03-04,249.450000,170.160000,284.800000,397.350000,54.490000,423.080000,485.930000,3.520000,5.440000,40.990000,5.730000,61.370000,380.260000,0.040100,24.390000
2020-03-05,250.820000,170.350000,284.100000,397.700000,54.740000,423.280000,485.010000,3.530000,5.430000,41.000000,5.770000,62.330000,379.450000,0.040000,24.780000
2020-03-06,252.330000,170.370000,284.060000,399.510000,54.880000,425.090000,491.610000,3.560000,5.450000,41.150000,5.740000,62.480000,380.530000,0.040200,24.850000
2020-03-07,253.530000,170.560000,285.090000,407.040000,55.130000,431.490000,496.170000,3.630000,5.470000,41.230000,5.610000,62.790000,382.050000,0.040300,24.260000
2020-03-11,258.630000,169.840000,287.990000,421.960000,56.660000,446.850000,513.920000,3.760000,5.630000,41.430000,5.470000,64.420000,393.600000,0.041500,24.850000
2020-03-12,257.400000,170.640000,288.090000,421.130000,56.770000,446.020000,511.360000,3.760000,5.650000,41.050000,5.520000,63.960000,394.600000,0.041500,24.570000
2020-03-13,254.680000,169.750000,288.800000,425.720000,57.010000,448.950000,508.590000,3.850000,5.490000,39.720000,5.310000,63.910000,399.240000,0.042100,24.290000
2020-03-14,255.520000,174.170000,294.110000,428.790000,58.110000,452.620000,510.430000,3.820000,5.570000,40.490000,5.580000,64.830000,405.460000,0.042600,25.070000
2020-03-17,268.060000,183.880000,312.810000,461.250000,62.060000,486.350000,533.290000,4.100000,5.960000,42.800000,5.810000,68.200000,434.590000,0.045700,26.090000
2020-03-18,263.250000,183.830000,309.900000,457.540000,62.070000,483.440000,530.390000,4.090000,5.980000,42.220000,5.840000,67.490000,435.850000,0.045900,26.270000
2020-03-19,261.570000,179.500000,307.090000,458.010000,62.560000,482.940000,527.930000,4.090000,6.030000,41.620000,5.640000,67.960000,439.320000,0.046200,26.090000
2020-03-20,256.950000,175.950000,309.270000,460.380000,63.190000,485.280000,517.080000,4.110000,6.150000,37.440000,5.610000,68.780000,448.500000,0.047100,25.920000
2020-03-21,262.830000,173.860000,312.710000,452.400000,62.870000,476.780000,522.280000,4.030000,6.120000,40.910000,5.720000,68.430000,444.800000,0.046700,25.720000
2020-03-27,266.160000,172.520000,314.950000,459.000000,62.930000,488.170000,531.610000,4.050000,5.590000,41.720000,5.690000,68.940000,446.060000,0.046800,25.410000
2020-03-28,270.270000,173.410000,316.420000,462.830000,62.870000,490.470000,544.190000,4.100000,5.600000,42.360000,5.730000,69.000000,445.840000,0.046800,25.420000
2020-03-31,275.300000,173.140000,317.720000,468.870000,63.190000,495.860000,554.820000,4.160000,5.590000,42.210000,5.640000,68.790000,448.010000,0.046900,25.120000
2020-04-01,274.020000,174.060000,314.680000,464.340000,63.070000,491.360000,552.780000,4.130000,5.540000,42.700000,5.740000,67.970000,447.670000,0.046900,25.070000
2020-04-02,271.890000,172.750000,314.750000,463.970000,63.230000,490.320000,554.370000,4.170000,5.460000,43.060000,5.690000,67.410000,448.520000,0.046800,24.910000
2020-04-03,272.900000,172.490000,317.220000,463.110000,63.050000,489.410000,557.750000,4.170000,5.450000,43.340000,5.710000,66.900000,447.600000,0.046800,24.460000
2020-04-04,265.880000,171.920000,312.870000,454.830000,62.510000,479.470000,545.150000,4.090000,5.430000,42.660000,5.790000,66.280000,443.500000,0.046200,23.710000
2020-04-07,266.520000,171.040000,311.240000,449.250000,61.910000,474.610000,539.890000,4.020000,5.170000,41.890000,5.750000,64.990000,439.010000,0.045800,23.260000
2020-04-08,269.800000,171.750000,311.880000,449.330000,61.940000,475.320000,538.320000,4.010000,5.150000,42.780000,5.790000,64.770000,437.200000,0.045300,23.930000
2020-04-09,267.990000,171.170000,310.860000,448.460000,61.640000,473.080000,536.930000,4.000000,5.130000,42.300000,5.760000,64.220000,435.540000,0.045000,23.900000
2020-04-10,269.440000,172.760000,307.970000,446.200000,61.310000,470.830000,537.660000,3.980000,5.100000,42.360000,5.840000,64.200000,432.550000,0.045100,24.020000
2020-04-11,273.570000,174.860000,309.030000,446.800000,61.320000,471.760000,537.800000,3.980000,5.540000,42.290000,5.850000,64.290000,431.030000,0.044600,23.930000
2020-04-14,271.180000,173.910000,306.140000,442.330000,60.580000,467.330000,534.280000,3.960000,5.490000,41.630000,5.800000,63.160000,427.250000,0.044600,23.610000
2020-04-15,271.610000,173.660000,306.000000,441.750000,60.300000,465.750000,534.100000,3.960000,5.440000,41.310000,5.800000,62.820000,425.580000,0.043500,23.350000
2020-04-16,269.730000,173.840000,303.500000,441.540000,60.260000,465.210000,532.740000,3.960000,5.390000,40.590000,5.750000,62.070000,425.510000,0.043500,22.810000
2020-04-17,269.030000,174.620000,303.130000,441.930000,60.440000,464.640000,533.310000,3.970000,5.370000,40.570000,5.770000,61.760000,427.570000,0.042300,22.900000
2020-04-18,269.680000,174.770000,302.420000,438.810000,60.280000,461.370000,529.600000,3.950000,5.330000,40.570000,5.740000,61.590000,426.440000,0.042200,22.620000
2020-04-21,272.730000,174.970000,303.630000,442.210000,60.480000,465.010000,533.240000,3.970000,5.320000,41.340000,5.750000,61.760000,427.480000,0.042400,22.760000
2020-04-22,270.310000,173.240000,302.250000,443.450000,60.710000,466.270000,530.980000,4.010000,5.410000,40.620000,5.610000,61.780000,430.500000,0.042600,22.580000
2020-04-23,276.310000,176.090000,308.410000,449.860000,61.530000,473.260000,538.800000,4.050000,5.470000,40.990000,5.690000,62.440000,435.820000,0.043100,23.170000
2020-04-24,274.260000,175.000000,305.600000,443.050000,61.050000,465.610000,533.820000,4.020000,5.380000,40.520000,5.750000,62.000000,432.240000,0.042700,22.600000
2020-04-25,274.330000,175.260000,306.190000,441.360000,60.880000,463.960000,531.200000,4.000000,5.360000,40.370000,5.770000,61.860000,430.990000,0.042600,22.830000
2020-04-28,278.240000,175.830000,306.520000,442.870000,60.870000,467.180000,535.550000,4.020000,5.360000,40.760000,5.800000,61.770000,430.780000,0.042600,22.840000
2020-04-29,279.910000,175.450000,308.960000,442.900000,60.940000,469.020000,538.430000,4.040000,5.360000,41.470000,5.830000,61.640000,431.160000,0.042600,23.170000
2020-04-30,279.550000,176.840000,308.090000,441.190000,60.730000,466.080000,533.110000,4.030000,5.410000,41.330000,5.830000,61.450000,429.410000,0.042400,23.210000
2020-05-01,277.670000,175.950000,306.150000,436.890000,60.230000,461.130000,530.590000,3.980000,5.310000,41.240000,5.810000,60.770000,424.570000,0.042000,23.480000
2020-05-05,272.730000,173.460000,301.690000,441.250000,60.250000,465.270000,529.130000,3.990000,5.390000,40.820000,5.640000,60.560000,425.410000,0.042100,22.710000
2020-05-06,272.760000,173.230000,301.310000,436.880000,60.020000,459.660000,527.250000,3.970000,5.370000,41.160000,5.720000,59.920000,423.730000,0.041900,23.070000
2020-05-07,270.400000,171.380000,299.250000,431.580000,59.300000,453.920000,520.720000,3.960000,5.340000,40.890000,5.660000,58.760000,420.920000,0.041700,22.680000
2020-05-12,273.530000,172.460000,300.700000,432.420000,59.310000,454.810000,519.610000,3.920000,5.330000,41.170000,5.700000,59.410000,420.230000,0.041500,22.880000
2020-05-13,272.640000,172.340000,300.010000,432.310000,59.270000,454.570000,518.060000,3.910000,5.390000,40.980000,5.720000,59.810000,420.160000,0.041600,22.900000
2020-05-14,273.120000,172.490000,300.140000,433.960000,59.380000,456.580000,517.900000,3.930000,5.430000,41.600000,5.740000,60.310000,421.160000,0.041600,22.860000
2020-05-15,272.490000,172.410000,300.230000,434.210000,59.530000,456.490000,516.340000,3.950000,5.490000,41.540000,5.730000,60.670000,422.400000,0.041700,22.820000
2020-05-16,271.190000,172.040000,298.740000,432.000000,59.160000,454.190000,512.760000,3.920000,5.490000,41.310000,5.730000,60.740000,420.120000,0.041500,22.820000
2020-05-19,268.900000,171.430000,296.480000,429.070000,58.670000,450.860000,505.850000,3.890000,5.450000,41.020000,5.720000,60.810000,417.230000,0.041200,22.570000
2020-05-20,271.360000,172.240000,297.910000,427.290000,58.410000,454.380000,508.050000,3.860000,5.420000,41.510000,5.740000,61.190000,415.110000,0.041000,22.760000
2020-05-21,272.690000,172.770000,298.570000,429.640000,58.460000,454.660000,509.300000,3.860000,5.450000,41.650000,5.780000,61.120000,415.250000,0.041000,22.990000
2020-05-22,270.660000,173.140000,296.590000,427.260000,58.170000,452.640000,504.970000,3.830000,5.460000,41.490000,5.830000,60.670000,413.030000,0.040800,23.010000
2020-05-23,270.440000,172.870000,295.600000,426.180000,58.120000,451.350000,504.480000,3.860000,5.520000,41.140000,5.770000,60.870000,414.460000,0.041000,23.300000
2020-05-26,270.840000,172.630000,296.440000,426.320000,58.030000,451.400000,504.620000,3.840000,5.560000,41.350000,5.800000,60.810000,414.130000,0.040900,23.530000
2020-05-27,273.570000,172.030000,297.530000,426.780000,57.920000,452.860000,508.590000,3.840000,5.540000,41.590000,5.820000,60.970000,413.120000,0.040800,23.710000
2020-05-28,275.040000,171.230000,300.100000,425.060000,57.620000,454.340000,508.370000,3.830000,5.560000,41.900000,5.820000,60.820000,412.100000,0.040700,23.680000
2020-05-29,272.860000,171.180000,299.670000,425.750000,57.660000,454.180000,505.620000,3.830000,5.610000,41.720000,5.810000,60.650000,412.550000,0.040800,23.650000
2020-05-30,274.040000,170.960000,299.300000,428.240000,57.640000,458.130000,506.110000,3.840000,5.580000,42.350000,5.840000,60.300000,411.540000,0.040700,23.550000
2020-06-02,275.080000,169.860000,297.710000,425.370000,57.280000,454.090000,506.190000,3.800000,5.540000,42.160000,5.860000,59.900000,408.610000,0.040300,23.350000
2020-06-03,276.270000,167.970000,298.010000,418.570000,56.670000,449.810000,505.540000,3.740000,5.480000,42.240000,5.860000,59.510000,402.370000,0.039700,23.310000
2020-06-04,274.520000,166.610000,294.380000,413.180000,55.960000,445.940000,500.770000,3.660000,5.410000,42.000000,5.820000,58.970000,397.560000,0.039200,23.380000
2020-06-05,275.180000,166.660000,295.690000,416.110000,56.100000,447.330000,500.470000,3.670000,5.440000,42.150000,5.780000,59.050000,399.510000,0.039400,23.460000
2020-06-06,278.850000,168.120000,296.360000,417.580000,56.360000,452.950000,504.780000,3.660000,5.410000,42.910000,5.820000,59.040000,399.670000,0.039500,23.780000
2020-06-09,277.520000,167.880000,296.570000,412.790000,56.200000,448.760000,503.590000,3.630000,5.350000,42.890000,5.830000,58.560000,397.310000,0.039300,23.650000
2020-06-10,275.550000,167.620000,295.780000,417.810000,56.240000,449.090000,503.900000,3.700000,5.370000,42.600000,5.790000,58.650000,398.590000,0.039300,23.760000
2020-06-11,279.240000,168.610000,298.040000,421.850000,56.520000,453.550000,509.130000,3.720000,5.390000,43.100000,5.810000,58.820000,399.320000,0.039400,24.030000
2020-06-12,277.390000,168.590000,296.870000,424.470000,56.530000,454.640000,506.970000,3.740000,5.370000,42.610000,5.800000,58.840000,399.470000,0.039400,24.010000
2020-06-13,278.570000,169.990000,298.070000,426.140000,57.020000,456.670000,510.150000,3.750000,5.430000,42.240000,5.800000,59.140000,403.380000,0.039700,23.790000
2020-06-16,276.020000,170.060000,296.960000,425.590000,57.110000,455.630000,507.930000,3.780000,5.420000,41.760000,5.760000,59.270000,405.080000,0.039900,23.570000
2020-06-17,279.870000,170.040000,297.700000,426.180000,57.050000,457.530000,510.980000,3.760000,5.390000,42.430000,5.790000,59.050000,403.680000,0.039800,23.670000
2020-06-18,277.890000,169.410000,298.440000,425.750000,57.020000,453.850000,506.640000,3.770000,5.430000,42.230000,5.790000,59.020000,404.210000,0.039800,23.490000
2020-06-19,278.500000,170.340000,299.020000,426.590000,57.190000,455.310000,505.740000,3.780000,5.420000,42.740000,5.840000,59.030000,404.790000,0.039800,23.540000
2020-06-20,277.520000,169.550000,297.280000,424.640000,57.080000,452.770000,501.390000,3.780000,5.390000,42.290000,5.820000,58.900000,403.790000,0.039800,23.240000
2020-06-23,276.990000,169.890000,296.750000,423.690000,56.940000,451.570000,499.370000,3.770000,5.380000,41.970000,5.810000,58.730000,402.720000,0.039700,23.170000
2020-06-24,277.790000,169.290000,296.700000,424.700000,56.780000,452.860000,499.370000,3.750000,5.350000,42.170000,5.830000,58.510000,401.260000,0.039500,23.240000
2020-06-25,277.720000,169.270000,296.010000,425.100000,56.780000,453.790000,502.250000,3.770000,5.350000,42.040000,5.810000,58.570000,401.510000,0.039500,23.220000
2020-06-26,277.460000,169.560000,296.270000,425.310000,57.030000,452.660000,501.570000,3.760000,5.390000,41.690000,5.820000,58.930000,403.580000,0.039700,23.120000
2020-06-27,276.530000,168.510000,294.410000,423.960000,56.790000,450.820000,497.760000,3.760000,5.350000,41.540000,5.790000,58.630000,401.870000,0.039600,23.360000
2020-06-30,277.710000,167.900000,295.780000,427.110000,57.070000,455.120000,497.880000,3.770000,5.350000,41.760000,5.770000,58.920000,403.830000,0.039700,23.430000
2020-07-01,276.370000,167.120000,294.950000,424.390000,57.080000,452.520000,495.420000,3.750000,5.320000,41.440000,5.700000,58.930000,403.930000,0.039700,23.310000
2020-07-02,280.150000,167.320000,299.070000,428.050000,57.430000,454.700000,503.340000,3.770000,5.340000,42.390000,5.710000,59.180000,405.660000,0.039900,23.530000
2020-07-03,280.830000,167.730000,298.430000,430.160000,57.420000,457.910000,507.740000,3.780000,5.370000,42.900000,5.770000,59.200000,405.770000,0.039900,23.980000
2020-07-04,281.260000,166.720000,298.960000,428.620000,57.420000,455.510000,505.000000,3.780000,5.150000,42.590000,5.720000,59.190000,405.690000,0.039900,23.880000
2020-07-08,283.530000,167.450000,301.560000,433.330000,58.260000,461.240000,510.510000,3.800000,5.300000,43.310000,5.670000,59.610000,409.190000,0.040200,23.860000
2020-07-09,284.530000,168.050000,301.520000,435.360000,58.430000,462.210000,513.420000,3.810000,5.280000,43.220000,5.750000,59.720000,409.980000,0.040300,23.990000
2020-07-10,286.960000,169.120000,304.470000,437.850000,58.810000,465.280000,519.740000,3.830000,5.260000,43.840000,5.800000,59.830000,410.700000,0.040300,24.350000
2020-07-11,286.890000,170.220000,303.320000,438.180000,58.910000,465.730000,520.140000,3.860000,5.300000,43.520000,5.790000,60.100000,412.550000,0.040500,24.390000
2020-07-14,286.930000,170.250000,303.540000,437.190000,58.790000,465.920000,518.860000,3.840000,5.290000,43.650000,5.810000,59.960000,411.660000,0.040500,24.520000
2020-07-15,286.680000,170.740000,302.740000,439.020000,58.800000,468.660000,516.430000,3.840000,5.310000,43.720000,5.790000,60.090000,412.550000,0.040500,24.550000
2020-07-16,288.530000,171.980000,303.450000,438.690000,58.980000,470.980000,519.420000,3.860000,5.320000,44.170000,5.810000,60.060000,412.240000,0.040500,24.790000
2020-07-17,287.690000,172.130000,304.780000,436.170000,58.930000,469.480000,516.650000,3.850000,5.310000,44.160000,5.780000,60.150000,412.400000,0.040400,24.720000
2020-07-18,288.840000,172.460000,304.300000,438.810000,59.080000,471.790000,518.590000,3.860000,5.340000,44.500000,5.760000,60.260000,413.450000,0.040500,24.750000
2020-07-21,289.950000,173.360000,305.670000,441.650000,59.370000,475.150000,522.190000,3.870000,5.350000,44.810000,5.780000,60.490000,414.800000,0.040700,24.890000
2020-07-22,292.400000,173.310000,306.790000,441.230000,59.200000,473.310000,524.900000,3.860000,5.340000,45.050000,5.840000,60.330000,413.700000,0.040700,25.040000
2020-07-23,294.540000,173.180000,306.390000,441.400000,58.880000,475.780000,522.400000,3.850000,5.320000,45.090000,5.810000,60.190000,412.180000,0.040400,25.040000
2020-07-24,294.590000,173.090000,308.530000,445.170000,58.940000,478.180000,525.200000,3.850000,5.370000,45.210000,5.800000,60.250000,412.540000,0.040400,24.940000
2020-07-25,292.930000,173.780000,308.420000,447.810000,59.040000,480.180000,527.260000,3.900000,5.410000,44.930000,5.790000,60.450000,414.090000,0.040600,24.760000
2020-07-28,295.370000,173.360000,309.640000,450.220000,59.150000,484.860000,532.040000,3.930000,5.400000,45.510000,5.790000,60.480000,414.200000,0.040600,25.170000
2020-07-29,295.940000,171.870000,309.840000,451.080000,59.210000,486.090000,533.600000,3.940000,5.410000,45.430000,5.740000,59.710000,414.540000,0.040700,25.110000
2020-07-30,298.960000,172.300000,312.070000,454.780000,59.530000,489.250000,540.020000,3.970000,5.440000,45.890000,5.750000,59.840000,416.490000,0.040900,25.300000
2020-07-31,298.950000,171.420000,311.800000,457.330000,59.680000,491.360000,543.530000,3.980000,5.440000,45.960000,5.690000,59.850000,418.000000,0.041000,24.920000
2020-08-04,298.540000,171.950000,312.740000,457.740000,60.200000,493.250000,547.860000,3.970000,5.470000,45.890000,5.680000,60.220000,420.070000,0.041200,24.320000
2020-08-05,298.910000,171.420000,312.870000,457.700000,59.950000,493.520000,546.460000,3.950000,5.450000,45.920000,5.670000,60.260000,418.520000,0.041100,24.220000
2020-08-06,301.880000,172.160000,315.780000,460.380000,60.270000,496.080000,549.290000,3.960000,5.450000,46.400000,5.730000,59.650000,418.350000,0.041100,24.290000
2020-08-07,300.530000,171.170000,314.900000,460.460000,60.190000,495.590000,550.500000,3.960000,5.450000,46.610000,5.700000,57.760000,417.870000,0.040900,23.830000
2020-08-08,301.420000,170.890000,312.950000,457.570000,60.110000,494.070000,547.380000,3.960000,5.440000,46.400000,5.680000,57.030000,418.170000,0.041000,23.750000
2020-08-11,299.180000,170.360000,312.470000,456.570000,60.060000,491.930000,546.190000,3.950000,5.430000,46.320000,5.680000,57.080000,418.310000,0.040900,23.590000
2020-08-12,299.950000,170.710000,314.420000,457.720000,60.180000,492.680000,547.320000,3.940000,5.400000,46.590000,5.740000,57.710000,417.990000,0.041000,23.790000
2020-08-13,298.890000,170.700000,315.080000,458.210000,60.320000,492.880000,546.620000,3.920000,5.400000,46.730000,5.730000,57.470000,418.900000,0.041000,24.070000
2020-08-14,299.890000,170.190000,316.490000,460.130000,60.290000,495.470000,547.730000,3.920000,5.380000,47.090000,5.700000,57.090000,418.720000,0.040900,24.020000
2020-08-15,299.260000,170.550000,316.500000,459.600000,60.310000,494.020000,547.830000,3.930000,5.410000,46.880000,5.710000,56.820000,419.020000,0.040900,23.950000
2020-08-18,300.500000,170.180000,316.160000,461.090000,60.270000,495.600000,548.280000,3.930000,5.350000,47.150000,5.700000,56.590000,418.120000,0.040800,24.020000
2020-08-19,302.300000,170.000000,317.770000,461.600000,60.410000,497.560000,550.620000,3.960000,5.390000,47.360000,5.710000,56.670000,418.120000,0.040800,23.990000
2020-08-20,303.760000,169.540000,318.010000,463.070000,60.520000,499.000000,553.090000,3.970000,5.370000,47.300000,5.700000,56.690000,418.060000,0.040800,24.240000
2020-08-21,299.430000,168.050000,316.710000,458.890000,60.450000,495.100000,548.730000,3.950000,5.390000,46.790000,5.660000,57.120000,418.370000,0.040900,24.260000
2020-08-22,300.780000,166.010000,317.300000,459.870000,60.560000,494.430000,551.240000,3.960000,5.390000,46.800000,5.640000,57.870000,418.620000,0.040900,24.260000
2020-08-25,301.520000,165.380000,318.900000,461.070000,60.690000,496.330000,550.530000,3.970000,5.400000,46.730000,5.650000,56.950000,419.480000,0.041000,24.670000
2020-08-26,299.650000,160.760000,316.400000,459.950000,60.490000,494.520000,548.240000,3.930000,5.390000,46.710000,5.590000,56.630000,418.090000,0.040800,24.810000
2020-08-27,301.460000,158.070000,317.800000,460.500000,60.770000,494.670000,550.300000,3.940000,5.370000,46.820000,5.520000,56.860000,418.640000,0.040800,24.930000
2020-08-28,304.260000,157.810000,319.060000,461.750000,60.940000,495.970000,553.950000,3.960000,5.370000,47.110000,5.590000,57.150000,419.500000,0.040900,24.860000
2020-08-29,307.140000,158.230000,321.550000,464.620000,61.200000,499.470000,557.610000,3.980000,5.360000,47.660000,5.640000,57.320000,420.110000,0.040900,25.040000
2020-09-02,309.480000,159.350000,322.440000,464.220000,61.440000,502.250000,563.710000,3.970000,5.340000,48.160000,5.690000,56.910000,419.240000,0.040900,25.040000
2020-09-03,307.280000,158.440000,320.410000,459.460000,61.310000,496.470000,558.880000,3.940000,5.360000,47.740000,5.650000,56.670000,418.290000,0.040800,25.050000
2020-09-04,306.580000,159.480000,321.090000,461.350000,61.510000,496.700000,558.370000,3.950000,5.370000,47.270000,5.570000,56.540000,420.430000,0.041000,25.020000
2020-09-05,306.780000,160.290000,321.440000,462.320000,61.540000,498.680000,559.440000,3.960000,5.350000,47.350000,5.610000,56.570000,420.760000,0.041100,25.300000
2020-09-08,308.060000,160.650000,322.670000,462.990000,61.920000,500.190000,557.880000,3.980000,5.370000,47.340000,5.570000,56.720000,422.990000,0.041300,25.350000
2020-09-09,307.110000,160.870000,322.160000,460.720000,61.950000,499.400000,553.270000,3.980000,5.380000,47.050000,5.550000,56.630000,423.540000,0.041300,25.120000
2020-09-10,308.510000,162.310000,322.390000,464.440000,62.290000,501.700000,551.920000,4.020000,5.420000,46.790000,5.620000,56.910000,426.360000,0.041600,25.380000
2020-09-11,309.500000,163.140000,323.560000,468.180000,62.230000,503.820000,554.350000,4.010000,5.420000,47.150000,5.650000,56.870000,425.670000,0.041500,25.460000
2020-09-12,310.980000,164.290000,323.760000,469.530000,62.380000,506.050000,545.100000,4.010000,5.420000,47.320000,5.690000,57.080000,426.290000,0.041600,25.410000
2020-09-15,309.700000,164.340000,323.340000,469.070000,62.460000,505.320000,547.700000,4.020000,5.420000,47.290000,5.660000,56.900000,426.290000,0.041600,25.560000
2020-09-16,312.210000,165.120000,324.160000,470.290000,62.930000,506.590000,549.880000,4.040000,5.400000,47.370000,5.680000,56.910000,426.460000,0.041600,25.680000
2020-09-17,311.480000,164.930000,322.760000,468.810000,62.850000,504.270000,549.790000,4.040000,5.390000,47.320000,5.680000,56.740000,424.650000,0.041400,26.000000
2020-09-18,308.670000,164.530000,320.310000,464.620000,62.480000,498.900000,548.590000,4.040000,5.400000,46.710000,5.640000,56.110000,422.900000,0.041300,25.880000
2020-09-19,307.410000,163.900000,319.650000,463.490000,62.270000,498.600000,545.980000,4.030000,5.370000,46.450000,5.600000,55.610000,420.760000,0.041100,26.080000
2020-09-22,306.400000,163.520000,318.730000,460.940000,62.200000,496.830000,541.810000,4.050000,5.330000,45.820000,5.530000,55.480000,421.580000,0.041100,25.470000
2020-09-23,305.280000,164.020000,318.090000,462.090000,62.420000,496.910000,541.330000,4.050000,5.370000,45.400000,5.570000,55.400000,423.410000,0.041300,25.300000
2020-09-24,302.880000,164.230000,318.910000,462.090000,62.580000,497.330000,540.490000,4.050000,5.360000,45.270000,5.560000,55.340000,424.850000,0.041500,25.100000
2020-09-25,300.120000,163.820000,318.220000,460.350000,62.430000,496.260000,543.950000,4.040000,5.370000,44.590000,5.530000,55.460000,426.190000,0.041600,25.140000
2020-09-26,300.130000,163.520000,318.700000,459.590000,62.470000,496.410000,541.810000,4.040000,5.370000,44.450000,5.500000,56.180000,426.320000,0.041600,24.940000
2020-09-29,302.200000,163.370000,320.530000,462.380000,62.880000,499.410000,552.140000,4.070000,5.390000,45.020000,5.440000,55.000000,428.350000,0.041800,24.980000
2020-09-30,305.640000,163.280000,321.510000,465.540000,62.990000,502.140000,552.310000,4.070000,5.400000,45.310000,5.420000,54.860000,429.510000,0.041900,25.100000
2020-10-01,307.370000,165.350000,322.350000,467.740000,63.440000,505.570000,554.070000,4.090000,5.420000,45.670000,5.520000,55.530000,431.820000,0.042100,25.580000
2020-10-02,308.630000,165.320000,323.200000,468.340000,63.240000,504.340000,551.650000,4.070000,5.390000,46.330000,5.550000,55.540000,429.370000,0.041600,25.900000
2020-10-03,308.160000,164.880000,323.790000,468.410000,63.500000,505.270000,556.750000,4.100000,5.420000,46.240000,5.490000,55.710000,431.120000,0.042100,25.940000
2020-10-06,309.400000,164.550000,324.690000,470.150000,63.450000,506.360000,557.930000,4.080000,5.420000,46.570000,5.480000,55.460000,430.800000,0.042000,26.240000
2020-10-07,307.240000,163.950000,323.750000,469.510000,63.250000,505.820000,556.880000,4.070000,5.390000,46.510000,5.480000,55.230000,429.460000,0.041600,25.860000
2020-10-08,305.580000,163.780000,322.320000,467.340000,63.170000,504.280000,552.480000,4.040000,5.390000,45.980000,5.480000,54.660000,428.880000,0.041500,25.770000
2020-10-09,306.580000,164.340000,323.520000,466.670000,63.080000,503.520000,553.250000,4.040000,5.380000,46.150000,5.500000,54.070000,428.310000,0.041500,25.760000
2020-10-10,307.050000,166.330000,324.520000,467.850000,63.730000,503.990000,552.790000,4.040000,5.370000,46.270000,5.540000,53.870000,427.290000,0.041400,25.910000
2020-10-13,308.420000,166.730000,325.780000,469.410000,63.370000,504.870000,557.240000,4.060000,5.370000,46.800000,5.540000,54.180000,427.820000,0.041400,25.860000
2020-10-14,308.660000,167.050000,327.230000,470.780000,63.690000,505.490000,559.630000,4.070000,5.390000,46.870000,5.570000,54.350000,428.930000,0.041500,26.000000
2020-10-15,307.670000,166.830000,326.560000,468.860000,63.730000,503.110000,555.860000,4.070000,5.380000,46.450000,5.540000,53.970000,428.870000,0.041500,25.940000
2020-10-16,302.890000,166.440000,324.130000,467.710000,63.540000,500.750000,554.680000,4.060000,5.370000,45.760000,5.480000,53.870000,427.630000,0.041400,25.650000
2020-10-17,303.020000,166.600000,323.840000,467.970000,63.870000,501.200000,553.980000,4.070000,5.400000,45.670000,5.470000,53.920000,428.050000,0.041400,25.810000
2020-10-20,304.180000,167.420000,324.770000,469.270000,64.000000,502.930000,556.030000,4.060000,5.400000,45.980000,5.510000,54.190000,427.880000,0.041300,26.020000
2020-10-21,301.880000,167.530000,325.520000,472.220000,64.190000,506.010000,555.610000,4.060000,5.240000,46.170000,5.500000,54.310000,428.680000,0.041400,26.000000
2020-10-22,302.890000,168.240000,326.490000,473.060000,64.290000,506.710000,558.580000,4.080000,5.270000,46.380000,5.550000,54.560000,427.930000,0.041400,26.070000
2020-10-23,304.360000,168.800000,326.040000,472.790000,64.200000,507.210000,561.360000,4.090000,5.310000,46.430000,5.570000,55.070000,428.680000,0.041400,26.300000
2020-10-24,305.870000,168.910000,326.370000,473.250000,64.170000,506.900000,559.750000,4.090000,5.300000,46.450000,5.600000,53.710000,427.910000,0.041400,26.400000
2020-10-27,306.560000,169.170000,325.920000,473.740000,64.100000,507.300000,560.570000,4.100000,5.330000,46.300000,5.620000,53.450000,429.590000,0.041500,26.430000
2020-10-28,306.150000,168.130000,325.770000,472.770000,63.930000,507.450000,559.580000,4.110000,5.330000,46.630000,5.610000,52.680000,429.750000,0.041600,26.640000
2020-10-29,305.880000,167.270000,325.130000,472.210000,64.140000,505.720000,558.370000,4.130000,5.370000,46.350000,5.510000,51.900000,430.510000,0.041600,26.350000
2020-10-30,304.120000,164.630000,324.450000,474.090000,64.440000,506.790000,562.240000,4.150000,5.300000,45.800000,5.450000,51.980000,432.230000,0.041800,26.340000
2020-10-31,304.670000,164.630000,324.900000,472.420000,64.700000,505.020000,560.530000,4.140000,5.300000,45.410000,5.470000,51.840000,432.640000,0.041800,26.560000
2020-11-03,305.250000,163.860000,326.480000,473.910000,64.960000,505.810000,561.130000,4.150000,5.310000,45.570000,5.410000,51.790000,434.580000,0.042000,26.710000
2020-11-04,308.680000,163.820000,329.710000,473.290000,64.870000,506.740000,562.860000,4.140000,5.300000,46.060000,5.440000,51.080000,433.300000,0.041800,27.040000
2020-11-05,306.630000,163.670000,327.020000,472.060000,64.420000,504.460000,560.330000,4.120000,5.310000,45.740000,5.460000,50.800000,432.120000,0.041700,26.570000
2020-11-06,311.540000,165.330000,329.230000,476.300000,65.210000,509.720000,563.910000,4.150000,5.150000,46.820000,5.560000,51.080000,432.150000,0.041800,27.310000
2020-11-07,314.250000,167.480000,330.910000,479.780000,65.330000,512.520000,568.080000,4.180000,5.170000,46.980000,5.570000,50.830000,432.430000,0.041800,27.450000
2020-11-10,313.320000,167.840000,331.000000,478.890000,65.540000,511.800000,565.910000,4.160000,5.140000,47.130000,5.590000,53.010000,431.100000,0.041700,27.690000
2020-11-11,312.660000,168.150000,329.750000,468.350000,64.950000,506.400000,568.310000,4.070000,5.120000,47.560000,5.620000,52.220000,429.010000,0.041500,27.680000
2020-11-12,311.860000,167.690000,327.850000,465.730000,64.590000,503.780000,566.670000,4.050000,5.100000,47.380000,5.610000,52.870000,427.260000,0.041200,27.450000
2020-11-13,312.000000,167.620000,328.280000,469.460000,64.810000,506.510000,565.370000,4.070000,5.100000,47.160000,5.580000,54.700000,428.990000,0.041500,27.510000
2020-11-14,312.170000,168.130000,328.120000,471.290000,65.130000,509.130000,567.080000,4.100000,5.140000,47.080000,5.570000,56.390000,430.520000,0.041600,27.580000
2020-11-17,312.980000,168.010000,327.440000,471.390000,65.280000,508.630000,565.530000,4.110000,5.060000,47.130000,5.590000,55.620000,429.440000,0.041500,27.840000
2020-11-18,313.730000,167.500000,327.420000,470.160000,65.350000,508.100000,566.120000,4.110000,5.050000,47.340000,5.590000,55.020000,428.130000,0.041400,27.760000
2020-11-19,313.980000,168.500000,328.050000,471.320000,65.440000,509.670000,569.860000,4.130000,5.070000,47.550000,5.670000,55.550000,428.760000,0.041500,27.980000
2020-11-20,310.970000,167.310000,326.430000,468.510000,64.970000,506.170000,565.280000,4.110000,5.050000,47.210000,5.590000,55.760000,427.980000,0.041200,27.490000
2020-11-21,311.850000,167.810000,327.770000,469.990000,65.150000,507.610000,568.260000,4.120000,5.050000,47.510000,5.620000,56.460000,428.070000,0.041400,27.800000
2020-11-24,311.910000,166.960000,326.100000,467.420000,64.830000,505.430000,568.800000,4.100000,5.020000,47.370000,5.610000,54.960000,425.590000,0.041200,27.820000
2020-11-25,312.300000,166.360000,325.850000,466.010000,64.570000,504.510000,567.200000,4.070000,5.020000,47.240000,5.590000,53.480000,424.490000,0.041100,27.690000
2020-11-26,310.770000,165.360000,325.180000,463.570000,64.300000,503.380000,564.190000,4.050000,4.990000,47.680000,5.600000,53.160000,422.870000,0.040600,27.830000
2020-11-27,310.930000,164.580000,324.720000,464.840000,64.240000,502.780000,564.280000,4.050000,4.980000,47.560000,5.590000,53.510000,422.400000,0.040600,27.830000
2020-11-28,312.650000,164.150000,326.150000,467.490000,64.430000,505.250000,566.120000,4.070000,5.000000,47.860000,5.590000,54.450000,423.870000,0.041000,27.960000
2020-12-01,313.860000,164.680000,327.640000,470.600000,64.660000,509.290000,566.290000,4.090000,5.010000,48.200000,5.580000,54.610000,425.050000,0.041100,27.850000
2020-12-03,314.050000,165.060000,329.170000,472.450000,64.830000,512.840000,567.730000,4.060000,5.020000,48.210000,5.630000,54.350000,425.490000,0.040800,27.730000
2020-12-04,313.730000,163.620000,327.000000,473.010000,64.490000,512.100000,566.730000,4.060000,4.990000,47.910000,5.630000,54.090000,422.870000,0.040600,27.610000
2020-12-05,312.520000,163.950000,327.360000,472.110000,64.460000,511.980000,567.350000,4.050000,4.960000,48.060000,5.670000,54.250000,420.790000,0.040400,27.710000
2020-12-08,311.240000,164.140000,328.870000,471.910000,64.470000,509.650000,559.050000,4.040000,4.970000,47.510000,5.670000,53.750000,421.510000,0.040800,27.640000
2020-12-09,313.070000,165.210000,329.790000,473.780000,64.520000,510.960000,562.310000,4.050000,4.970000,48.240000,5.770000,54.010000,421.240000,0.040400,27.950000
2020-12-10,313.840000,164.960000,328.700000,472.820000,64.230000,509.140000,564.570000,4.030000,4.950000,48.220000,5.730000,53.640000,419.910000,0.040200,28.130000
2020-12-11,314.530000,165.460000,328.480000,472.730000,64.220000,508.520000,559.490000,4.020000,4.960000,47.660000,5.720000,53.490000,420.160000,0.040600,27.990000
2020-12-12,315.410000,165.290000,328.290000,472.530000,64.040000,507.810000,553.910000,4.030000,4.940000,47.470000,5.720000,52.600000,419.090000,0.040200,27.750000
2020-12-15,316.440000,165.780000,328.290000,472.810000,63.990000,508.930000,561.260000,4.040000,4.940000,48.030000,5.740000,53.080000,418.630000,0.040500,27.900000
2020-12-16,316.140000,166.260000,329.450000,474.320000,64.190000,510.560000,559.330000,4.040000,4.980000,48.070000,5.720000,53.600000,420.010000,0.040200,28.100000
2020-12-21,318.240000,166.630000,326.670000,472.620000,63.880000,511.550000,564.350000,4.040000,5.170000,48.650000,5.710000,54.750000,417.420000,0.039900,28.740000
2020-12-22,314.550000,167.180000,325.110000,472.390000,64.090000,510.800000,554.700000,4.050000,5.200000,47.810000,5.600000,54.920000,419.620000,0.040100,28.240000
2020-12-23,316.020000,164.880000,325.810000,473.370000,64.120000,512.380000,562.870000,4.060000,5.210000,48.250000,5.560000,54.980000,419.740000,0.040100,28.730000
2020-12-24,318.850000,163.860000,327.350000,474.100000,64.510000,513.850000,565.470000,4.070000,5.200000,48.460000,5.590000,55.160000,421.430000,0.040300,28.880000
2020-12-25,318.860000,162.750000,327.090000,472.530000,64.300000,511.850000,570.920000,4.050000,5.200000,48.640000,5.620000,54.900000,419.890000,0.040200,28.730000
2020-12-26,318.900000,162.720000,325.980000,472.140000,64.290000,511.080000,568.630000,4.050000,5.020000,48.660000,5.690000,55.690000,419.500000,0.040100,28.740000
2020-12-29,319.560000,163.480000,327.640000,472.510000,64.250000,514.260000,568.970000,4.060000,5.020000,48.750000,5.700000,56.260000,419.870000,0.040200,28.830000
2020-12-30,319.480000,163.700000,328.140000,474.900000,64.430000,515.000000,566.430000,4.060000,5.080000,48.820000,5.720000,56.880000,420.480000,0.040200,28.650000
2020-12-31,321.760000,162.830000,328.710000,475.540000,64.490000,516.130000,571.160000,4.080000,5.100000,49.010000,5.650000,57.300000,420.710000,0.040300,28.790000
2021-01-01,324.180000,162.830000,330.150000,477.600000,64.360000,516.790000,574.880000,4.090000,5.090000,49.290000,5.620000,56.230000,420.910000,0.040200,28.650000
2021-01-06,324.590000,163.220000,330.360000,478.160000,65.130000,516.380000,571.040000,4.090000,5.060000,49.320000,5.620000,56.970000,420.780000,0.040300,28.310000
2021-01-07,327.070000,163.020000,331.150000,477.970000,64.890000,516.850000,571.600000,4.070000,5.040000,49.830000,5.690000,57.170000,418.940000,0.040100,27.990000
2021-01-09,325.830000,163.620000,330.440000,473.080000,64.830000,512.890000,569.660000,4.040000,5.040000,49.650000,5.630000,56.880000,418.960000,0.040100,27.410000
2021-01-12,323.110000,162.910000,328.320000,471.200000,64.730000,509.620000,565.490000,4.030000,5.050000,49.220000,5.630000,56.300000,419.130000,0.040100,27.090000
2021-01-13,325.100000,163.350000,329.930000,472.300000,65.060000,511.080000,571.570000,4.040000,5.050000,49.450000,5.670000,56.300000,420.300000,0.040300,27.250000
2021-01-14,324.970000,163.030000,329.310000,472.490000,64.820000,510.900000,573.770000,4.040000,5.040000,49.590000,5.680000,56.430000,419.150000,0.040000,27.440000
2021-01-15,326.180000,163.840000,331.510000,473.350000,64.970000,510.880000,573.290000,4.040000,5.010000,49.660000,5.720000,56.940000,419.960000,0.040200,27.770000
2021-01-16,324.850000,164.740000,330.610000,472.830000,64.810000,509.200000,572.170000,4.050000,4.970000,49.350000,5.720000,56.740000,419.540000,0.040200,27.710000
2021-01-19,322.110000,164.630000,328.690000,471.710000,64.730000,506.870000,568.570000,4.050000,4.970000,48.640000,5.660000,56.040000,420.290000,0.040100,27.350000
2021-01-20,323.980000,165.220000,330.210000,473.440000,64.850000,509.340000,571.890000,4.040000,4.970000,49.150000,5.700000,56.550000,420.320000,0.040000,28.060000
2021-01-21,323.670000,165.220000,329.870000,471.260000,64.740000,507.640000,573.160000,4.030000,4.940000,49.200000,5.710000,56.270000,418.670000,0.039900,28.110000
2021-01-22,325.150000,165.030000,331.680000,471.610000,64.760000,507.950000,574.560000,4.050000,4.960000,49.610000,5.690000,56.630000,418.410000,0.040100,28.210000
2021-01-23,324.170000,164.840000,330.670000,474.390000,64.820000,510.890000,573.590000,4.050000,4.970000,49.480000,5.630000,56.710000,419.690000,0.040200,27.870000
2021-01-26,324.800000,164.230000,330.900000,474.260000,64.920000,510.990000,575.060000,4.050000,4.960000,49.560000,5.580000,56.800000,420.670000,0.040100,27.630000
2021-01-27,324.620000,163.910000,330.940000,474.540000,65.200000,511.570000,576.200000,4.070000,4.980000,49.280000,5.590000,57.170000,421.910000,0.040100,27.610000
2021-01-28,326.060000,163.220000,331.640000,475.420000,65.270000,511.610000,579.550000,4.070000,4.980000,49.230000,5.610000,57.380000,421.980000,0.040400,27.870000
2021-01-29,322.010000,161.810000,329.280000,475.970000,65.420000,512.630000,577.970000,4.060000,4.990000,48.700000,5.560000,57.530000,423.420000,0.040600,27.760000
2021-01-30,324.320000,161.980000,330.130000,477.080000,65.830000,513.900000,579.740000,4.050000,5.000000,49.540000,5.560000,57.890000,424.220000,0.040600,28.030000
2021-02-02,323.970000,162.150000,331.660000,474.130000,65.650000,512.890000,582.290000,4.040000,5.000000,49.380000,5.620000,58.840000,424.160000,0.040300,28.150000
2021-02-03,322.810000,161.300000,331.280000,472.920000,65.690000,511.240000,579.850000,4.040000,5.000000,49.460000,5.580000,59.240000,423.740000,0.040600,28.330000
2021-02-04,322.610000,160.630000,331.140000,471.440000,65.580000,509.280000,577.690000,4.030000,5.000000,49.140000,5.570000,59.170000,423.590000,0.040200,28.300000
2021-02-05,321.940000,160.400000,329.630000,467.790000,65.310000,505.670000,573.230000,4.010000,4.980000,48.910000,5.600000,59.110000,421.990000,0.040400,28.170000
2021-02-06,320.250000,160.200000,328.690000,465.760000,65.000000,503.540000,575.610000,3.990000,4.960000,48.930000,5.610000,59.360000,420.490000,0.039900,28.130000
2021-02-09,321.030000,160.210000,327.950000,464.890000,64.890000,503.710000,573.990000,3.970000,4.940000,49.090000,5.630000,59.240000,418.820000,0.039800,28.100000
2021-02-10,322.970000,160.940000,328.530000,467.610000,64.930000,505.820000,575.670000,4.000000,4.930000,49.350000,5.650000,58.960000,417.760000,0.040000,28.290000
2021-02-11,322.530000,161.220000,328.800000,468.750000,64.860000,506.300000,578.040000,3.990000,4.930000,49.530000,5.660000,59.240000,417.840000,0.039700,28.380000
2021-02-12,323.390000,162.310000,329.470000,469.270000,64.700000,506.470000,577.710000,3.990000,4.960000,49.310000,5.660000,59.300000,417.600000,0.039700,28.480000
2021-02-13,323.530000,161.920000,328.670000,469.420000,64.900000,507.030000,577.360000,3.990000,4.980000,49.270000,5.640000,59.590000,418.860000,0.040100,28.560000
2021-02-16,324.070000,161.790000,329.150000,468.130000,64.590000,505.830000,579.280000,3.960000,4.930000,49.530000,5.690000,59.880000,416.870000,0.039600,28.900000
2021-02-17,324.460000,161.600000,329.530000,468.900000,64.550000,506.280000,580.270000,3.960000,4.930000,49.810000,5.680000,60.170000,416.620000,0.039600,28.870000
2021-02-18,323.190000,161.090000,328.210000,465.910000,64.580000,502.870000,578.640000,3.930000,4.940000,49.210000,5.660000,59.500000,416.800000,0.039700,28.350000
2021-02-19,323.620000,160.750000,328.020000,463.930000,64.320000,502.190000,579.140000,3.940000,4.930000,49.060000,5.650000,59.810000,415.960000,0.039600,28.590000
2021-02-20,327.230000,161.700000,330.360000,467.530000,64.770000,507.120000,584.660000,3.970000,4.940000,49.510000,5.660000,59.960000,417.970000,0.039800,28.650000
2021-02-23,327.920000,160.230000,329.650000,463.200000,64.440000,504.270000,583.660000,3.940000,4.920000,48.900000,5.570000,59.420000,416.510000,0.039600,28.070000
2021-02-24,327.680000,159.760000,329.000000,461.350000,64.220000,504.030000,584.530000,3.940000,4.900000,48.890000,5.590000,59.060000,414.940000,0.039400,28.220000
2021-02-25,329.010000,159.740000,330.680000,458.330000,64.470000,505.370000,588.450000,3.930000,4.910000,49.250000,5.650000,58.110000,415.570000,0.039500,28.550000
2021-02-26,331.860000,159.580000,332.430000,457.750000,64.320000,506.810000,587.850000,3.910000,4.900000,49.820000,5.640000,57.610000,414.770000,0.039400,28.290000
2021-02-27,325.480000,160.390000,330.470000,461.250000,64.520000,505.510000,581.330000,3.920000,4.920000,48.880000,5.590000,56.690000,417.020000,0.039600,27.930000
2021-03-02,323.080000,160.670000,329.130000,458.530000,64.700000,503.070000,582.800000,3.920000,4.930000,48.350000,5.640000,57.020000,417.900000,0.039700,27.740000
2021-03-03,326.130000,161.530000,331.980000,458.070000,65.010000,505.030000,583.270000,3.940000,4.960000,49.190000,5.640000,57.350000,420.650000,0.040100,27.910000
2021-03-04,328.800000,161.200000,333.310000,458.820000,65.000000,508.040000,586.980000,3.930000,4.950000,49.720000,5.700000,57.090000,419.870000,0.040100,28.220000
2021-03-05,326.290000,160.890000,331.480000,454.540000,64.880000,504.640000,584.210000,3.910000,4.950000,49.240000,5.680000,56.120000,419.450000,0.040100,27.780000
2021-03-06,322.090000,161.040000,330.490000,451.680000,64.730000,500.440000,579.930000,3.870000,4.950000,48.860000,5.620000,55.750000,419.660000,0.040200,27.400000
2021-03-10,323.400000,161.390000,332.950000,449.930000,64.450000,499.660000,583.280000,3.860000,4.950000,49.590000,5.670000,55.090000,419.780000,0.040100,27.360000
2021-03-11,324.310000,161.900000,332.600000,452.640000,64.640000,500.520000,584.980000,3.870000,4.960000,49.710000,5.690000,55.480000,420.640000,0.040200,27.630000
2021-03-12,325.890000,161.780000,333.150000,453.130000,64.580000,501.410000,584.560000,3.860000,4.940000,49.960000,5.700000,56.230000,419.100000,0.039900,28.050000
2021-03-13,324.280000,161.520000,333.440000,449.720000,64.370000,498.890000,582.330000,3.840000,4.940000,49.370000,5.680000,55.030000,418.640000,0.039900,27.890000
2021-03-16,324.540000,161.640000,336.320000,450.730000,64.480000,499.440000,583.540000,3.840000,4.940000,49.630000,5.730000,55.930000,418.820000,0.039900,28.160000
2021-03-17,323.420000,161.920000,335.660000,451.740000,64.450000,499.750000,579.180000,3.840000,4.940000,49.470000,5.750000,55.720000,418.940000,0.039900,28.180000
2021-03-18,323.410000,161.330000,335.670000,451.780000,64.360000,498.320000,581.630000,3.840000,4.930000,49.360000,5.730000,55.830000,418.440000,0.039800,28.090000
2021-03-19,327.370000,161.600000,338.010000,453.110000,64.500000,500.570000,585.120000,3.840000,4.940000,49.770000,5.690000,56.170000,419.170000,0.039900,28.530000
2021-03-20,326.500000,162.290000,337.520000,453.390000,64.740000,500.960000,586.520000,3.870000,4.970000,49.440000,5.690000,57.950000,421.290000,0.040100,28.610000
2021-03-26,321.840000,161.400000,336.860000,452.450000,64.800000,499.900000,579.960000,3.880000,4.990000,49.240000,5.570000,53.270000,423.360000,0.040400,28.390000
2021-03-27,323.220000,161.700000,337.430000,451.410000,64.890000,500.270000,585.080000,3.880000,5.000000,49.360000,5.590000,52.910000,424.280000,0.040500,28.290000
2021-03-30,323.750000,161.570000,336.440000,451.360000,64.580000,498.810000,585.870000,3.870000,5.000000,49.360000,5.580000,52.050000,423.650000,0.040400,28.280000
2021-03-31,323.860000,161.710000,337.210000,450.420000,64.630000,498.130000,583.890000,3.850000,5.010000,49.590000,5.590000,50.910000,424.340000,0.040500,28.410000
2021-04-01,323.680000,162.230000,337.270000,450.720000,64.840000,498.310000,585.460000,3.840000,5.010000,49.830000,5.620000,51.090000,424.890000,0.040600,28.680000
2021-04-02,322.960000,162.200000,339.380000,451.230000,64.940000,501.150000,587.900000,3.850000,5.030000,49.950000,5.620000,52.170000,426.910000,0.040800,28.980000
2021-04-03,324.870000,161.900000,339.810000,453.700000,65.070000,502.690000,590.490000,3.860000,5.030000,50.080000,5.600000,53.160000,426.840000,0.040800,29.180000
2021-04-06,325.630000,161.150000,340.250000,453.220000,65.110000,501.710000,592.150000,3.860000,5.040000,50.010000,5.600000,52.560000,427.390000,0.040900,29.200000
2021-04-07,326.630000,161.740000,341.830000,457.410000,65.510000,506.850000,593.400000,3.880000,5.060000,50.340000,5.620000,52.590000,429.100000,0.041100,29.490000
2021-04-08,328.380000,161.880000,342.020000,463.690000,65.850000,511.930000,595.280000,3.920000,5.080000,50.760000,5.550000,52.660000,430.770000,0.041200,29.640000
2021-04-09,330.290000,163.100000,343.410000,466.280000,66.100000,513.680000,594.770000,3.950000,5.110000,51.010000,5.620000,53.100000,432.940000,0.041400,29.800000
2021-04-10,329.930000,164.470000,343.990000,467.560000,66.060000,515.060000,593.330000,3.950000,5.110000,50.850000,5.610000,53.210000,433.150000,0.041400,29.760000
2021-04-13,330.680000,164.240000,345.450000,469.100000,66.240000,515.830000,595.190000,3.960000,5.110000,51.030000,5.600000,53.120000,433.400000,0.041400,29.710000
2021-04-14,330.150000,164.540000,344.440000,468.450000,66.250000,515.530000,596.650000,3.970000,5.110000,50.910000,5.620000,53.190000,433.550000,0.041500,29.750000
2021-04-15,331.350000,165.340000,343.580000,467.650000,65.990000,515.290000,593.430000,3.950000,5.080000,51.070000,5.690000,53.480000,430.990000,0.041200,29.700000
2021-04-16,333.490000,164.710000,344.620000,466.460000,65.990000,515.320000,593.290000,3.960000,5.070000,51.350000,5.610000,53.660000,430.260000,0.041100,30.080000
2021-04-17,333.380000,165.940000,344.200000,468.220000,66.030000,515.520000,592.950000,3.960000,5.080000,51.380000,5.680000,53.410000,430.390000,0.041000,30.200000
2021-04-20,335.160000,166.510000,345.240000,471.580000,66.170000,518.420000,598.620000,3.990000,5.080000,51.920000,5.660000,53.360000,430.690000,0.041100,30.300000
2021-04-21,334.270000,166.280000,343.450000,469.120000,66.150000,518.160000,600.890000,3.960000,5.070000,51.800000,5.640000,52.920000,429.760000,0.040900,30.090000
2021-04-22,333.470000,166.380000,343.160000,471.160000,66.480000,518.670000,601.920000,4.000000,5.090000,51.640000,5.610000,52.780000,432.010000,0.041100,30.260000
2021-04-23,334.880000,167.040000,345.990000,471.900000,66.590000,520.380000,600.900000,4.000000,5.100000,51.960000,5.670000,52.200000,432.210000,0.041000,30.290000
2021-04-24,333.040000,168.160000,344.970000,471.000000,66.330000,519.290000,597.720000,3.990000,5.080000,51.670000,5.730000,51.680000,430.730000,0.041000,30.140000
2021-04-27,334.850000,167.930000,345.180000,470.660000,66.290000,519.950000,598.090000,3.990000,5.070000,51.860000,5.740000,51.680000,429.850000,0.040900,30.200000
2021-04-28,333.620000,167.600000,346.060000,469.770000,66.220000,518.050000,596.210000,3.970000,5.060000,51.710000,5.730000,52.210000,429.420000,0.040800,29.980000
2021-04-29,332.560000,167.590000,346.120000,468.910000,66.210000,517.940000,596.210000,3.940000,5.060000,51.890000,5.740000,52.460000,429.330000,0.040900,29.910000
2021-04-30,332.750000,167.450000,347.540000,470.520000,66.130000,518.300000,596.030000,3.920000,5.040000,52.140000,5.760000,52.410000,427.750000,0.040800,30.100000
2021-05-01,333.010000,167.740000,349.290000,471.930000,66.350000,518.490000,596.260000,3.940000,5.060000,52.160000,5.720000,51.900000,428.750000,0.040900,29.720000
2021-05-05,331.050000,167.260000,348.430000,468.590000,66.270000,515.050000,595.310000,3.920000,5.060000,51.570000,5.710000,51.490000,428.990000,0.040900,29.670000
2021-05-06,329.610000,167.160000,347.480000,466.500000,65.940000,512.350000,593.070000,3.900000,5.030000,51.310000,5.710000,51.110000,426.850000,0.040700,29.560000
2021-05-07,330.960000,167.990000,348.650000,469.480000,65.960000,514.350000,594.200000,3.910000,5.040000,51.230000,5.720000,51.360000,426.990000,0.040700,29.940000
2021-05-12,335.200000,168.700000,353.070000,473.580000,66.520000,519.710000,603.830000,3.930000,5.040000,51.850000,5.780000,51.480000,427.220000,0.040700,30.610000
2021-05-13,332.560000,168.650000,352.620000,471.600000,66.170000,517.080000,602.350000,3.920000,5.030000,51.590000,5.740000,51.200000,426.140000,0.040400,30.420000
2021-05-14,329.300000,168.910000,352.420000,470.770000,66.240000,515.840000,599.600000,3.900000,5.050000,50.950000,5.750000,50.490000,427.550000,0.040500,30.270000
2021-05-15,331.610000,169.940000,353.170000,474.290000,66.610000,519.120000,602.680000,3.920000,5.060000,51.760000,5.790000,50.740000,428.710000,0.040700,30.350000
2021-05-18,331.630000,169.830000,353.030000,474.530000,66.380000,519.470000,602.820000,3.910000,5.050000,51.730000,5.780000,51.150000,427.410000,0.040600,30.230000
2021-05-19,332.230000,169.400000,354.100000,474.810000,66.350000,520.460000,605.120000,3.910000,5.050000,51.920000,5.780000,51.110000,426.050000,0.040400,30.450000
2021-05-20,331.040000,170.220000,353.750000,474.520000,66.400000,521.980000,605.610000,3.920000,5.070000,51.640000,5.800000,50.860000,427.540000,0.040500,30.440000
2021-05-21,332.290000,170.970000,353.870000,476.050000,66.670000,522.990000,606.090000,3.940000,5.110000,51.450000,5.830000,51.140000,429.210000,0.040600,30.460000
2021-05-22,333.010000,171.500000,355.810000,478.420000,66.690000,524.280000,609.580000,3.950000,5.110000,51.640000,5.840000,51.290000,428.860000,0.040500,30.820000
2021-05-25,330.480000,170.570000,354.510000,476.520000,66.510000,522.120000,604.380000,3.930000,5.100000,51.310000,5.810000,50.960000,427.580000,0.040500,30.550000
2021-05-26,331.030000,170.610000,354.250000,477.050000,66.590000,522.520000,604.580000,3.920000,5.100000,51.260000,5.810000,50.740000,426.480000,0.040400,30.850000
2021-05-27,332.350000,170.530000,353.840000,477.680000,66.860000,523.010000,605.290000,3.920000,5.130000,51.350000,5.810000,50.640000,427.190000,0.040400,30.870000
2021-05-28,331.560000,169.820000,353.790000,476.720000,67.190000,522.450000,604.970000,3.920000,5.160000,51.150000,5.830000,50.750000,428.480000,0.040500,31.240000
2021-05-29,330.250000,169.140000,353.780000,476.030000,67.210000,521.350000,606.850000,3.890000,5.130000,51.240000,5.820000,49.950000,427.900000,0.040500,30.960000
2021-06-01,331.510000,169.390000,355.330000,476.230000,67.290000,522.370000,607.640000,3.910000,5.130000,51.160000,5.840000,50.390000,428.700000,0.040600,31.160000
2021-06-02,330.740000,168.850000,354.710000,475.440000,67.040000,522.730000,606.120000,3.900000,5.110000,51.700000,5.820000,50.130000,427.420000,0.040500,31.090000
2021-06-03,330.650000,169.060000,354.540000,475.240000,67.070000,521.430000,605.480000,3.900000,5.070000,51.430000,5.820000,49.810000,428.140000,0.040600,31.150000
2021-06-04,330.840000,168.890000,355.000000,475.700000,67.010000,521.810000,607.150000,3.900000,5.070000,51.530000,5.850000,49.590000,427.990000,0.040600,31.610000
2021-06-05,328.310000,169.030000,353.200000,473.560000,66.800000,518.700000,604.760000,3.890000,5.060000,51.000000,5.850000,49.310000,428.150000,0.040700,31.340000
2021-06-08,330.740000,169.090000,353.230000,474.660000,66.760000,518.960000,603.680000,3.900000,5.040000,51.590000,5.860000,49.510000,426.810000,0.040500,31.650000
2021-06-09,330.970000,170.040000,354.050000,477.010000,66.880000,520.750000,604.690000,3.910000,5.060000,51.850000,5.890000,49.760000,427.830000,0.040700,31.490000
2021-06-10,330.540000,170.800000,353.070000,476.520000,66.810000,520.170000,604.880000,3.900000,5.040000,51.710000,5.910000,49.710000,426.720000,0.040500,31.470000
2021-06-11,330.870000,171.420000,353.130000,476.990000,66.890000,520.090000,602.730000,3.900000,5.060000,51.360000,5.920000,50.130000,427.530000,0.040500,31.380000
2021-06-12,331.130000,172.370000,353.050000,476.460000,66.840000,519.120000,604.370000,3.900000,5.090000,51.510000,5.960000,51.010000,427.150000,0.040400,31.440000
2021-06-15,329.240000,171.720000,351.140000,474.760000,66.720000,517.000000,601.380000,3.890000,5.050000,51.380000,5.910000,51.180000,426.810000,0.040400,31.000000
2021-06-16,328.230000,171.820000,350.600000,475.280000,66.720000,517.550000,600.900000,3.880000,5.040000,51.340000,5.940000,49.830000,426.990000,0.040300,30.960000
2021-06-17,327.990000,170.670000,349.450000,473.610000,66.520000,515.990000,600.610000,3.870000,5.030000,51.020000,5.920000,49.770000,425.630000,0.040200,30.940000
2021-06-18,324.130000,169.490000,346.430000,466.770000,66.340000,509.950000,596.280000,3.860000,5.050000,50.100000,5.890000,49.470000,426.770000,0.040300,30.370000
2021-06-19,322.750000,170.390000,345.960000,465.780000,66.510000,509.750000,594.710000,3.880000,5.050000,49.870000,5.930000,49.310000,427.820000,0.040500,30.370000
2021-06-22,320.940000,169.030000,343.850000,463.780000,66.060000,508.190000,592.530000,3.880000,5.050000,49.440000,5.850000,48.780000,427.230000,0.040500,30.000000
2021-06-23,319.740000,168.090000,344.080000,462.680000,65.790000,506.390000,590.960000,3.860000,5.040000,49.520000,5.820000,48.810000,426.040000,0.040300,29.830000
2021-06-24,322.520000,168.570000,346.980000,464.670000,65.870000,509.330000,595.550000,3.850000,5.040000,50.110000,5.880000,49.500000,426.610000,0.040400,30.050000
2021-06-25,323.460000,168.840000,347.470000,465.050000,66.020000,509.940000,596.150000,3.850000,5.040000,50.230000,5.910000,49.270000,427.010000,0.040500,30.050000
2021-06-26,324.000000,169.210000,346.880000,465.740000,66.210000,509.810000,593.750000,3.860000,5.040000,50.280000,5.920000,49.140000,426.940000,0.040500,30.260000
2021-06-29,322.850000,168.880000,345.860000,463.730000,65.950000,508.220000,592.390000,3.850000,5.030000,50.030000,5.900000,48.750000,425.750000,0.040300,29.870000
2021-06-30,322.170000,169.370000,345.940000,464.940000,66.240000,509.370000,592.700000,3.870000,5.050000,49.950000,5.910000,49.110000,427.790000,0.040500,29.860000
2021-07-01,321.000000,169.190000,345.070000,463.940000,66.260000,508.850000,592.840000,3.870000,5.050000,49.930000,5.850000,49.200000,427.890000,0.040400,29.930000
2021-07-02,318.980000,168.430000,343.560000,460.450000,65.900000,505.040000,587.010000,3.820000,5.030000,49.380000,5.840000,49.040000,426.050000,0.040300,29.820000
2021-07-03,317.670000,167.800000,343.120000,460.240000,65.810000,504.120000,586.300000,3.830000,5.030000,49.190000,5.790000,48.950000,426.460000,0.040400,29.460000
2021-07-04,319.810000,167.320000,344.930000,461.640000,65.660000,504.210000,587.380000,3.830000,5.010000,49.430000,5.810000,48.970000,424.990000,0.040100,29.820000
2021-07-08,321.610000,167.730000,344.150000,463.640000,66.190000,506.060000,590.820000,3.860000,5.050000,49.330000,5.770000,49.330000,427.850000,0.040400,29.850000
2021-07-09,319.600000,166.110000,342.060000,468.450000,66.310000,508.580000,592.180000,3.910000,5.070000,49.040000,5.730000,49.460000,429.800000,0.040500,29.950000
2021-07-10,320.200000,167.190000,343.280000,469.630000,66.220000,508.900000,592.360000,3.900000,5.060000,49.210000,5.780000,49.450000,429.340000,0.040500,30.110000
2021-07-13,319.050000,166.530000,342.390000,467.000000,66.060000,506.840000,592.680000,3.880000,5.050000,49.020000,5.730000,49.530000,427.680000,0.040300,29.720000
2021-07-14,318.940000,166.460000,341.810000,465.670000,65.950000,505.030000,590.890000,3.870000,5.030000,49.000000,5.760000,49.520000,426.510000,0.040200,29.250000
2021-07-15,316.870000,166.550000,340.300000,463.120000,65.800000,501.880000,589.260000,3.850000,5.020000,48.510000,5.740000,49.310000,425.610000,0.040000,28.910000
2021-07-16,318.590000,168.350000,341.210000,467.620000,66.060000,505.150000,590.210000,3.890000,5.040000,48.790000,5.760000,49.850000,426.610000,0.040100,29.370000
2021-07-17,317.210000,168.650000,339.220000,464.360000,65.950000,504.040000,589.640000,3.870000,5.030000,48.480000,5.760000,50.180000,426.470000,0.040100,29.720000
2021-07-20,314.580000,168.680000,334.970000,463.830000,65.860000,503.140000,587.040000,3.890000,5.040000,47.890000,5.730000,49.840000,427.190000,0.040300,29.520000
2021-07-22,313.380000,169.600000,337.840000,464.820000,66.220000,504.500000,584.290000,3.890000,5.050000,47.810000,5.770000,49.900000,428.520000,0.040500,29.230000
2021-07-23,314.260000,169.280000,339.000000,463.840000,65.830000,502.080000,585.270000,3.860000,5.030000,48.200000,5.770000,49.750000,425.710000,0.040200,29.290000
2021-07-24,313.160000,169.490000,337.930000,461.260000,65.600000,499.760000,583.300000,3.850000,5.030000,47.920000,5.770000,49.660000,424.680000,0.040100,28.770000
2021-07-27,312.460000,168.800000,338.350000,462.830000,65.510000,500.900000,585.610000,3.850000,5.040000,47.840000,5.730000,49.510000,424.600000,0.040000,28.620000
2021-07-28,312.210000,168.420000,337.610000,462.180000,65.280000,499.910000,584.700000,3.850000,5.030000,47.830000,5.750000,49.470000,424.370000,0.039900,28.560000
2021-07-29,311.860000,168.740000,338.060000,464.340000,65.360000,501.630000,589.150000,3.860000,5.020000,47.820000,5.780000,49.640000,424.640000,0.039900,28.730000
2021-07-30,314.180000,169.380000,340.510000,467.320000,65.730000,504.060000,592.230000,3.870000,5.010000,48.520000,5.800000,49.930000,424.510000,0.039900,28.990000
2021-07-31,313.320000,169.630000,341.330000,469.100000,65.720000,504.910000,593.070000,3.870000,5.010000,48.310000,5.810000,50.450000,424.440000,0.040000,29.110000
2021-08-03,312.360000,169.840000,340.770000,469.120000,65.740000,504.810000,590.810000,3.870000,5.010000,48.320000,5.820000,50.690000,424.460000,0.040000,29.420000
2021-08-04,313.240000,169.940000,338.700000,468.960000,65.570000,503.540000,589.560000,3.880000,5.000000,48.320000,5.820000,50.940000,423.750000,0.039900,29.520000
2021-08-05,314.540000,168.660000,338.380000,468.740000,65.620000,502.760000,590.870000,3.880000,5.010000,48.180000,5.820000,50.200000,424.020000,0.039900,29.690000
2021-08-06,314.890000,168.500000,339.910000,468.820000,65.790000,503.010000,591.650000,3.880000,5.020000,48.200000,5.810000,49.770000,425.130000,0.040100,29.570000
2021-08-07,313.450000,169.130000,339.130000,467.360000,65.610000,501.080000,590.190000,3.860000,5.010000,48.050000,5.800000,49.600000,424.320000,0.040000,29.170000
2021-08-10,313.300000,169.860000,340.120000,465.430000,65.830000,501.420000,592.240000,3.870000,5.030000,47.910000,5.810000,49.240000,426.380000,0.040200,29.220000
2021-08-11,312.180000,169.820000,338.690000,462.160000,65.690000,499.160000,590.200000,3.850000,5.020000,47.670000,5.790000,49.310000,425.830000,0.040100,28.760000
2021-08-12,311.810000,169.320000,339.480000,460.810000,65.640000,498.230000,587.800000,3.840000,5.020000,47.710000,5.750000,49.200000,425.510000,0.040000,28.720000
2021-08-13,312.200000,169.490000,339.120000,460.180000,65.520000,498.100000,588.120000,3.840000,5.000000,48.080000,5.770000,49.510000,424.240000,0.039900,28.860000
2021-08-14,312.200000,170.580000,339.720000,461.230000,65.640000,499.480000,586.850000,3.850000,5.030000,48.160000,5.790000,49.800000,425.160000,0.039900,28.620000
2021-08-17,312.160000,170.740000,339.270000,465.670000,65.730000,501.330000,589.680000,3.890000,5.020000,48.210000,5.800000,50.260000,425.580000,0.039900,28.900000
2021-08-18,309.830000,170.320000,336.980000,466.420000,65.580000,500.230000,586.500000,3.890000,5.020000,48.130000,5.790000,50.650000,425.000000,0.039900,28.550000
2021-08-19,308.540000,169.690000,337.110000,465.710000,65.670000,498.600000,585.070000,3.880000,5.020000,47.750000,5.790000,50.290000,425.570000,0.040000,28.530000
2021-08-20,305.700000,169.810000,334.870000,465.940000,65.730000,498.980000,584.140000,3.890000,5.040000,47.500000,5.760000,50.080000,426.660000,0.040200,28.150000
2021-08-21,303.850000,169.940000,330.290000,465.420000,65.700000,498.360000,581.310000,3.890000,5.050000,46.990000,5.730000,50.010000,426.930000,0.040200,27.830000
2021-08-24,305.700000,169.600000,334.380000,464.760000,65.700000,499.440000,582.260000,3.870000,5.030000,47.630000,5.750000,50.320000,426.000000,0.040100,27.980000
2021-08-25,307.010000,169.780000,336.070000,465.350000,65.580000,498.130000,582.170000,3.870000,5.020000,47.830000,5.740000,50.500000,424.630000,0.040000,28.060000
2021-08-26,308.300000,169.790000,337.050000,465.090000,65.590000,498.920000,582.930000,3.870000,5.020000,48.090000,5.760000,50.640000,424.720000,0.040000,28.450000
2021-08-27,308.820000,169.470000,337.460000,464.330000,65.610000,500.660000,584.710000,3.860000,5.020000,48.320000,5.750000,50.870000,425.370000,0.040000,28.480000
2021-08-28,308.960000,169.360000,336.180000,464.220000,65.720000,500.500000,583.650000,3.870000,5.030000,48.290000,5.750000,50.710000,425.740000,0.040100,28.530000
2021-09-01,311.660000,169.320000,338.060000,465.640000,65.840000,502.880000,585.700000,3.870000,5.020000,49.140000,5.810000,51.180000,425.410000,0.040000,29.210000
2021-09-02,312.350000,170.530000,337.800000,464.390000,65.820000,503.000000,585.500000,3.860000,5.030000,48.990000,5.820000,51.330000,425.660000,0.039900,29.480000
2021-09-03,314.980000,170.800000,338.340000,465.540000,66.000000,505.170000,588.140000,3.880000,5.030000,49.050000,5.860000,51.570000,426.340000,0.040000,29.710000
2021-09-04,315.750000,170.210000,338.550000,464.620000,65.860000,504.210000,587.820000,3.870000,5.020000,49.120000,5.840000,51.140000,424.850000,0.039800,29.510000
2021-09-07,316.630000,170.770000,339.600000,465.450000,66.020000,505.540000,589.900000,3.880000,5.030000,49.180000,5.840000,51.430000,426.260000,0.040000,29.850000
2021-09-08,314.850000,169.270000,338.290000,465.400000,65.830000,504.820000,587.620000,3.870000,5.020000,49.100000,5.810000,51.190000,425.470000,0.039900,29.720000
2021-09-09,314.160000,169.480000,336.290000,463.050000,66.060000,503.730000,586.490000,3.870000,5.030000,48.990000,5.810000,50.400000,426.380000,0.039900,29.760000
2021-09-10,314.310000,169.440000,336.040000,463.640000,66.050000,504.200000,588.780000,3.880000,5.030000,49.030000,5.830000,50.360000,426.130000,0.040000,30.130000
2021-09-11,315.410000,170.200000,338.290000,465.530000,66.240000,504.790000,591.670000,3.880000,5.030000,49.390000,5.860000,50.640000,426.520000,0.040100,30.230000
2021-09-14,313.490000,170.350000,336.380000,462.080000,66.000000,502.200000,588.850000,3.870000,5.020000,49.380000,5.840000,50.380000,425.990000,0.040000,30.030000
2021-09-15,312.250000,170.490000,336.540000,461.940000,66.080000,503.020000,590.270000,3.870000,5.020000,49.440000,5.840000,50.380000,425.820000,0.040100,29.970000
2021-09-16,312.670000,171.520000,336.540000,464.780000,66.280000,504.160000,589.570000,3.900000,5.030000,49.800000,5.870000,50.650000,426.390000,0.040000,29.890000
2021-09-17,310.700000,171.370000,336.170000,459.970000,65.920000,500.090000,587.150000,3.880000,5.010000,49.380000,5.870000,50.290000,424.920000,0.039800,29.310000
2021-09-18,310.810000,171.420000,336.150000,458.740000,65.880000,501.050000,586.280000,3.870000,5.020000,49.510000,5.850000,49.540000,425.300000,0.039900,29.090000
2021-09-21,307.890000,171.830000,331.750000,456.890000,65.850000,498.320000,581.930000,3.880000,5.020000,48.640000,5.800000,49.080000,425.730000,0.040000,28.770000
2021-09-22,309.930000,171.880000,333.900000,460.330000,65.870000,499.780000,582.950000,3.890000,5.020000,49.190000,5.820000,49.310000,425.850000,0.039900,28.900000
2021-09-23,308.500000,170.440000,332.900000,461.570000,65.880000,499.320000,580.470000,3.890000,5.020000,49.250000,5.850000,49.190000,425.750000,0.039900,28.850000
2021-09-24,309.460000,170.010000,335.510000,459.480000,65.850000,498.170000,581.210000,3.870000,5.010000,49.510000,5.850000,49.140000,425.020000,0.039900,29.090000
2021-09-25,307.970000,169.700000,334.180000,459.470000,65.590000,497.370000,580.880000,3.840000,5.000000,49.400000,5.820000,47.990000,423.910000,0.039800,28.400000
2021-09-28,307.790000,169.910000,335.090000,457.190000,65.600000,495.810000,580.770000,3.820000,5.000000,49.440000,5.840000,48.000000,423.950000,0.039900,28.210000
2021-09-29,307.500000,170.310000,335.210000,456.900000,65.640000,495.000000,578.300000,3.810000,5.000000,49.090000,5.830000,47.760000,423.910000,0.039800,28.090000
2021-09-30,308.310000,170.410000,335.810000,458.250000,65.870000,496.420000,575.630000,3.830000,5.020000,48.990000,5.850000,48.090000,425.670000,0.040000,28.240000
2021-10-01,306.550000,169.800000,334.510000,455.390000,65.920000,493.640000,572.780000,3.800000,5.040000,48.390000,5.850000,47.840000,425.700000,0.039900,28.100000
2021-10-02,308.080000,169.830000,335.410000,456.630000,66.090000,493.200000,574.810000,3.830000,5.020000,48.930000,5.830000,48.080000,425.940000,0.039900,28.380000
2021-10-05,309.340000,169.660000,337.520000,458.260000,66.050000,494.090000,578.200000,3.830000,5.020000,49.510000,5.840000,48.000000,425.680000,0.039900,28.500000
2021-10-06,309.100000,170.000000,337.230000,458.380000,65.880000,492.670000,578.490000,3.820000,5.010000,49.620000,5.850000,47.960000,424.640000,0.039800,28.390000
2021-10-07,307.230000,170.470000,336.250000,456.750000,65.910000,490.280000,575.630000,3.810000,5.010000,49.300000,5.850000,47.650000,424.820000,0.039800,28.010000
2021-10-08,310.150000,171.300000,338.410000,459.540000,66.070000,492.250000,578.700000,3.820000,5.020000,49.500000,5.900000,47.950000,425.860000,0.040000,28.480000
2021-10-09,309.980000,172.400000,338.820000,457.470000,65.930000,491.340000,578.680000,3.800000,5.010000,49.670000,5.900000,47.650000,424.810000,0.039900,28.530000
2021-10-12,311.440000,172.270000,340.850000,457.520000,65.850000,490.460000,578.040000,3.760000,5.010000,49.620000,5.930000,47.360000,424.530000,0.039800,28.420000
2021-10-13,313.220000,172.120000,341.210000,458.660000,65.910000,491.470000,578.260000,3.750000,5.010000,49.810000,5.920000,47.290000,425.220000,0.039900,28.380000
2021-10-14,313.180000,172.300000,342.340000,459.310000,66.140000,492.420000,580.890000,3.750000,5.030000,50.050000,5.940000,47.220000,426.150000,0.040000,28.650000
2021-10-15,315.540000,172.620000,343.970000,462.740000,66.140000,494.280000,584.200000,3.760000,5.020000,50.610000,5.950000,46.550000,425.770000,0.039900,28.880000
2021-10-16,315.760000,173.610000,344.930000,461.200000,66.230000,494.080000,584.470000,3.720000,5.020000,50.640000,5.980000,46.220000,425.780000,0.039800,28.940000
2021-10-19,314.220000,174.300000,343.260000,459.210000,66.150000,492.660000,584.030000,3.720000,5.020000,50.480000,5.970000,45.810000,425.370000,0.039800,28.830000
2021-10-20,318.410000,174.570000,345.950000,463.900000,66.690000,497.050000,588.710000,3.740000,5.030000,51.070000,6.020000,45.840000,426.140000,0.039900,29.220000
2021-10-21,318.910000,174.860000,344.930000,461.080000,66.600000,495.120000,586.620000,3.720000,5.020000,50.760000,6.000000,45.700000,425.950000,0.039900,29.410000
2021-10-22,318.730000,175.280000,345.210000,463.330000,66.560000,495.530000,587.440000,3.730000,5.020000,51.160000,5.990000,45.830000,425.710000,0.039900,29.380000
2021-10-23,320.000000,176.010000,345.730000,465.060000,66.740000,496.240000,588.410000,3.750000,5.030000,51.190000,6.040000,44.460000,426.320000,0.039900,29.250000
2021-10-26,317.950000,176.160000,343.800000,462.540000,66.550000,494.140000,584.470000,3.740000,5.010000,50.940000,6.060000,43.610000,425.070000,0.039800,28.780000
2021-10-27,318.980000,176.530000,343.960000,462.330000,66.670000,494.200000,586.740000,3.730000,5.020000,51.020000,6.140000,45.040000,425.480000,0.039900,28.890000
2021-10-28,319.510000,176.100000,343.170000,463.810000,66.620000,493.750000,585.000000,3.750000,5.020000,50.680000,6.050000,44.790000,426.010000,0.040000,28.450000
2021-10-29,321.190000,176.390000,345.790000,465.560000,66.830000,495.640000,588.120000,3.760000,5.040000,50.880000,6.080000,44.410000,427.570000,0.040100,28.240000
2021-10-30,321.870000,176.880000,346.200000,468.680000,66.770000,497.500000,588.640000,3.760000,5.040000,51.140000,6.050000,44.490000,427.110000,0.040100,27.890000
2021-11-02,320.940000,175.620000,345.790000,467.860000,66.880000,494.930000,584.390000,3.750000,5.040000,50.710000,6.040000,44.940000,427.810000,0.040200,27.930000
2021-11-03,319.280000,174.310000,344.720000,469.000000,66.860000,495.920000,583.230000,3.770000,5.040000,50.730000,5.940000,44.860000,427.590000,0.040100,27.680000
2021-11-04,318.770000,174.540000,345.140000,470.240000,66.990000,496.590000,583.680000,3.760000,5.050000,50.420000,5.970000,44.110000,428.390000,0.040100,27.920000
2021-11-05,318.770000,174.770000,345.950000,470.680000,67.130000,496.200000,585.280000,3.770000,5.070000,50.390000,6.000000,44.300000,429.500000,0.040200,28.140000
2021-11-06,316.860000,174.800000,344.770000,469.850000,67.150000,496.010000,577.250000,3.780000,5.070000,50.190000,6.000000,44.310000,429.820000,0.040300,28.110000
2021-11-09,317.390000,175.400000,344.450000,468.590000,67.030000,495.500000,578.190000,3.780000,5.060000,50.170000,6.000000,44.240000,428.670000,0.040100,28.480000
2021-11-10,318.740000,176.130000,345.200000,470.330000,67.170000,497.590000,583.740000,3.800000,5.060000,50.610000,6.050000,44.220000,429.220000,0.040200,28.860000
2021-11-11,315.900000,176.210000,345.020000,469.750000,67.060000,496.130000,579.860000,3.790000,5.050000,50.290000,6.060000,43.640000,428.510000,0.040200,28.340000
2021-11-12,313.250000,176.510000,342.690000,466.160000,67.060000,492.100000,574.910000,3.760000,5.060000,49.500000,6.040000,43.220000,429.290000,0.040100,28.020000
2021-11-13,313.260000,175.810000,341.110000,465.880000,67.370000,491.490000,575.440000,3.770000,5.070000,49.450000,5.960000,43.290000,429.590000,0.040000,28.110000
2021-11-16,316.470000,175.060000,343.250000,467.380000,67.370000,492.250000,576.750000,3.780000,5.070000,49.680000,5.940000,42.970000,429.990000,0.040100,28.250000
2021-11-17,315.300000,174.280000,343.000000,463.520000,67.310000,488.160000,578.520000,3.760000,5.070000,49.400000,5.920000,42.200000,429.680000,0.040100,28.130000
2021-11-18,313.540000,174.660000,342.920000,462.320000,67.500000,487.170000,578.480000,3.750000,5.080000,49.240000,5.920000,41.320000,430.740000,0.040200,27.670000
2021-11-19,314.380000,175.010000,342.400000,465.540000,67.610000,489.000000,582.360000,3.780000,5.090000,49.300000,5.920000,40.490000,431.600000,0.040100,27.800000
2021-11-20,311.800000,174.540000,340.480000,465.080000,67.420000,486.390000,578.280000,3.780000,5.080000,48.450000,5.870000,38.840000,430.430000,0.040100,27.360000
2021-11-23,313.110000,172.770000,341.410000,465.010000,67.630000,486.780000,579.440000,3.780000,5.090000,48.400000,5.830000,38.600000,431.580000,0.040200,27.400000
2021-11-24,312.190000,172.230000,339.550000,463.680000,67.660000,486.560000,578.090000,3.770000,5.100000,48.340000,5.770000,35.070000,432.150000,0.040300,27.350000
2021-11-25,310.140000,171.270000,339.010000,459.210000,67.280000,481.600000,573.780000,3.740000,5.070000,48.180000,5.760000,33.930000,429.730000,0.040000,27.140000
2021-11-26,309.010000,171.310000,339.450000,460.510000,67.320000,482.320000,573.060000,3.730000,5.070000,47.980000,5.770000,36.000000,429.840000,0.040100,27.180000
2021-11-27,307.180000,168.050000,337.780000,465.320000,67.470000,485.510000,573.970000,3.780000,5.080000,47.520000,5.690000,35.500000,431.070000,0.040200,26.490000
2021-11-30,310.040000,169.930000,340.510000,469.110000,67.970000,489.520000,578.570000,3.830000,5.120000,47.710000,5.780000,34.390000,433.740000,0.040300,26.890000
2021-12-01,309.300000,170.760000,339.560000,472.990000,68.150000,493.290000,579.990000,3.850000,5.120000,47.990000,5.810000,33.450000,434.160000,0.040300,26.900000
2021-12-03,309.740000,171.420000,340.920000,473.450000,68.370000,493.410000,580.300000,3.850000,5.140000,48.090000,5.890000,32.530000,435.760000,0.040500,27.580000
2021-12-04,307.670000,171.790000,340.190000,474.020000,68.480000,492.830000,579.650000,3.850000,5.150000,47.870000,5.920000,31.680000,436.290000,0.040600,27.290000
2021-12-07,306.140000,171.590000,340.480000,472.620000,68.360000,492.380000,577.890000,3.850000,5.140000,47.680000,5.920000,31.700000,435.850000,0.040500,27.290000
2021-12-08,308.390000,170.350000,342.180000,470.750000,68.280000,489.920000,576.150000,3.820000,5.130000,48.000000,5.850000,31.750000,434.600000,0.040400,27.210000
2021-12-09,309.860000,171.360000,344.260000,470.090000,68.410000,490.290000,575.310000,3.830000,5.120000,48.450000,5.900000,31.790000,434.460000,0.040300,27.470000
2021-12-10,310.260000,171.210000,341.870000,470.310000,68.290000,490.510000,572.290000,3.820000,5.110000,48.490000,5.880000,31.530000,433.390000,0.040300,27.450000
2021-12-11,310.550000,171.640000,341.560000,470.230000,68.220000,490.090000,573.410000,3.820000,5.140000,48.320000,5.910000,31.290000,434.400000,0.040300,27.130000
2021-12-14,309.500000,171.290000,340.100000,468.830000,68.130000,488.460000,574.170000,3.810000,5.110000,48.210000,5.900000,30.310000,433.530000,0.040100,27.120000
2021-12-15,309.520000,171.810000,339.270000,472.400000,68.350000,491.370000,574.900000,3.830000,5.130000,47.840000,5.910000,30.480000,434.840000,0.040200,27.050000
2021-12-16,310.450000,172.150000,338.440000,471.260000,68.420000,490.850000,577.400000,3.830000,5.140000,47.860000,5.900000,29.720000,435.540000,0.040200,26.950000
2021-12-21,309.420000,172.400000,337.580000,472.340000,68.430000,491.330000,575.200000,3.840000,5.150000,48.010000,5.880000,24.970000,436.350000,0.040400,27.510000
2021-12-22,310.660000,172.970000,336.930000,473.590000,68.420000,492.340000,577.380000,3.840000,5.140000,48.390000,5.900000,35.510000,435.890000,0.040300,27.540000
2021-12-23,311.060000,172.560000,336.980000,470.490000,68.260000,490.580000,577.640000,3.810000,5.130000,48.820000,5.890000,34.680000,434.870000,0.040200,27.380000
2021-12-24,314.170000,172.850000,338.550000,471.460000,68.110000,491.110000,581.530000,3.800000,5.120000,48.970000,5.920000,37.990000,433.880000,0.040100,27.560000
2021-12-25,313.060000,172.040000,337.510000,471.360000,67.880000,490.160000,579.640000,3.780000,5.100000,48.970000,5.890000,36.980000,432.280000,0.040000,27.800000
2021-12-28,311.150000,171.750000,336.430000,469.350000,67.740000,488.020000,578.440000,3.760000,5.090000,48.640000,5.870000,38.200000,431.610000,0.040100,27.800000
2021-12-29,312.560000,171.210000,336.990000,470.520000,67.730000,488.440000,579.640000,3.760000,5.080000,48.880000,5.860000,36.370000,431.180000,0.040000,27.540000
2021-12-30,311.620000,171.400000,336.660000,469.800000,67.840000,487.030000,579.180000,3.760000,5.090000,48.810000,5.860000,34.970000,431.840000,0.040000,27.310000
2021-12-31,313.220000,169.710000,337.060000,470.380000,67.730000,487.790000,580.900000,3.750000,5.090000,48.850000,5.770000,33.410000,431.670000,0.039900,27.100000
2022-01-01,313.790000,169.630000,339.490000,473.150000,68.000000,489.100000,583.320000,3.750000,5.090000,49.030000,5.760000,32.280000,431.800000,0.039900,27.160000
2022-01-06,312.930000,167.070000,339.710000,471.560000,67.850000,488.160000,584.330000,3.730000,5.090000,48.860000,5.700000,32.140000,431.810000,0.040000,27.140000
2022-01-13,312.840000,169.210000,345.720000,469.870000,68.150000,493.080000,591.030000,3.760000,5.120000,49.690000,5.830000,32.140000,433.780000,0.040200,28.020000
2022-01-14,316.980000,170.010000,347.450000,475.380000,68.230000,497.400000,595.670000,3.790000,5.120000,50.170000,5.810000,31.930000,433.690000,0.040200,28.390000
2022-01-15,316.170000,169.230000,348.400000,477.430000,68.470000,498.200000,597.170000,3.820000,5.130000,50.040000,5.720000,32.080000,434.840000,0.040300,28.390000
2022-01-18,313.550000,168.440000,347.470000,475.780000,68.470000,496.460000,594.420000,3.800000,5.130000,49.760000,5.680000,32.200000,434.580000,0.040100,28.220000
2022-01-19,312.010000,168.040000,346.620000,474.650000,68.340000,494.450000,591.380000,3.790000,5.120000,49.460000,5.660000,32.060000,434.070000,0.040100,28.050000
2022-01-20,312.870000,168.270000,348.140000,474.530000,68.440000,492.610000,591.460000,3.790000,5.120000,49.570000,5.680000,32.010000,434.480000,0.040200,28.250000
2022-01-21,314.000000,169.320000,347.750000,474.530000,68.460000,492.690000,591.610000,3.800000,5.120000,49.400000,5.670000,32.260000,434.240000,0.040200,28.440000
2022-01-22,312.750000,169.390000,347.410000,477.030000,68.630000,493.270000,590.260000,3.820000,5.130000,49.220000,5.690000,32.480000,435.100000,0.040300,28.710000
2022-01-25,310.730000,167.790000,344.880000,476.560000,68.670000,491.930000,587.440000,3.820000,5.120000,48.590000,5.560000,32.450000,434.340000,0.040200,28.600000
2022-01-26,311.120000,167.470000,344.470000,473.510000,68.770000,491.170000,586.690000,3.820000,5.130000,48.350000,5.540000,32.160000,435.200000,0.040300,28.440000
2022-01-27,311.330000,166.440000,345.430000,472.160000,68.750000,490.240000,586.750000,3.810000,5.120000,48.870000,5.500000,32.150000,434.340000,0.040200,28.660000
2022-01-28,308.110000,166.450000,342.870000,468.440000,68.280000,486.330000,583.200000,3.780000,5.120000,48.520000,5.520000,31.920000,434.380000,0.040200,28.440000
2022-01-29,303.720000,166.240000,339.510000,465.980000,68.260000,482.810000,580.380000,3.750000,5.120000,48.250000,5.570000,31.860000,433.830000,0.040200,27.970000
2022-02-01,305.660000,167.210000,340.450000,465.280000,68.160000,484.390000,582.710000,3.760000,5.110000,48.450000,5.600000,32.430000,433.500000,0.040100,27.930000
2022-02-02,307.100000,167.600000,342.300000,470.050000,68.200000,488.460000,585.490000,3.780000,5.120000,48.930000,5.630000,32.400000,433.760000,0.040200,28.380000
2022-02-03,310.000000,167.700000,342.220000,472.010000,68.250000,490.280000,587.830000,3.800000,5.120000,49.380000,5.690000,32.250000,434.110000,0.040200,28.410000
2022-02-04,309.000000,167.510000,341.750000,470.930000,68.280000,489.970000,588.770000,3.790000,5.120000,49.160000,5.670000,31.980000,434.290000,0.040200,28.220000
2022-02-05,307.770000,168.090000,340.590000,470.120000,68.070000,496.180000,587.400000,3.770000,5.110000,49.620000,5.700000,31.940000,432.930000,0.040000,28.270000
2022-02-08,306.010000,168.540000,338.780000,466.500000,67.830000,492.670000,583.000000,3.750000,5.090000,48.850000,5.710000,31.830000,431.370000,0.039800,27.810000
2022-02-09,305.650000,166.550000,337.880000,464.100000,67.350000,488.700000,580.570000,3.710000,5.050000,48.810000,5.690000,31.400000,428.500000,0.039600,27.640000
2022-02-10,305.370000,166.610000,335.860000,461.670000,67.010000,487.020000,578.330000,3.700000,5.030000,48.470000,5.700000,31.390000,426.310000,0.039300,27.820000
2022-02-11,306.040000,166.830000,335.980000,461.130000,66.970000,487.240000,577.800000,3.680000,5.020000,48.320000,5.700000,31.450000,425.760000,0.039400,28.130000
2022-02-12,305.730000,167.890000,337.130000,462.640000,67.480000,488.570000,581.560000,3.700000,5.060000,48.550000,5.720000,31.860000,429.100000,0.039600,28.470000
2022-02-15,306.110000,167.290000,337.830000,466.860000,67.850000,487.890000,582.710000,3.750000,5.090000,48.260000,5.580000,31.810000,431.380000,0.039800,28.270000
2022-02-16,307.620000,167.900000,339.190000,465.720000,67.880000,488.700000,583.750000,3.730000,5.080000,48.560000,5.700000,31.640000,430.840000,0.039800,28.610000
2022-02-17,306.890000,167.160000,337.390000,462.930000,67.550000,486.710000,580.150000,3.700000,5.050000,48.100000,5.690000,31.390000,427.840000,0.039600,28.360000
2022-02-18,308.360000,166.740000,337.260000,465.230000,67.620000,486.930000,582.870000,3.720000,5.050000,48.080000,5.640000,31.460000,428.520000,0.039600,28.590000
2022-02-19,309.030000,167.100000,337.790000,465.310000,67.710000,486.960000,583.460000,3.720000,5.050000,48.040000,5.650000,31.440000,428.320000,0.039500,28.580000
2022-02-22,309.150000,166.040000,336.430000,466.970000,67.650000,486.820000,584.310000,3.730000,5.050000,47.860000,5.570000,31.450000,428.540000,0.039600,28.300000
2022-02-23,312.300000,167.040000,340.150000,471.900000,68.430000,490.550000,588.330000,3.780000,5.110000,48.490000,5.430000,31.520000,433.390000,0.040000,28.520000
2022-02-24,317.640000,165.660000,344.020000,475.190000,69.240000,496.590000,594.790000,3.800000,5.160000,49.410000,5.500000,31.690000,437.220000,0.040400,29.130000
2022-02-25,334.350000,168.810000,363.570000,505.800000,73.730000,522.510000,625.920000,4.060000,5.500000,51.600000,5.530000,32.820000,465.990000,0.043000,30.570000
2022-02-26,336.260000,170.040000,364.710000,504.360000,73.970000,522.210000,624.640000,4.050000,5.510000,52.080000,5.660000,33.200000,467.090000,0.043200,30.580000
2022-03-01,356.500000,180.150000,387.750000,536.700000,78.520000,553.460000,662.060000,4.280000,5.860000,55.600000,4.950000,35.770000,495.000000,0.045800,32.050000
2022-03-02,354.740000,159.920000,385.030000,532.420000,77.260000,545.990000,654.220000,4.250000,5.770000,55.270000,5.170000,35.040000,487.750000,0.045000,31.740000
2022-03-03,355.950000,165.070000,385.980000,534.880000,77.670000,543.490000,652.620000,4.260000,5.800000,54.890000,4.490000,34.870000,490.430000,0.045200,31.660000
2022-03-04,359.220000,159.840000,389.960000,535.200000,77.890000,545.200000,658.520000,4.250000,5.830000,55.310000,4.220000,34.840000,492.280000,0.045200,32.150000
2022-03-05,366.810000,161.760000,392.140000,543.490000,79.040000,549.870000,663.940000,4.330000,5.910000,55.840000,4.540000,35.070000,499.200000,0.045900,32.540000
2022-03-06,370.930000,162.890000,395.370000,549.150000,79.650000,549.910000,665.610000,4.380000,5.960000,56.220000,4.160000,35.480000,503.300000,0.046200,32.710000
2022-03-10,373.370000,155.740000,397.660000,549.750000,80.760000,559.270000,670.550000,4.400000,5.220000,57.070000,3.980000,34.840000,510.000000,0.046900,33.610000
2022-03-11,374.040000,155.470000,397.820000,550.120000,80.640000,562.870000,671.300000,4.400000,5.220000,56.930000,4.290000,34.550000,509.800000,0.046700,33.750000
2022-03-12,373.440000,156.440000,399.990000,548.290000,80.710000,560.180000,667.910000,4.370000,4.950000,57.140000,4.420000,34.090000,510.790000,0.046600,33.870000
2022-03-15,371.300000,156.580000,401.250000,548.520000,80.530000,561.960000,667.420000,4.340000,4.970000,57.210000,4.540000,34.700000,511.710000,0.046500,33.910000
2022-03-16,368.160000,154.970000,398.370000,545.810000,80.430000,563.560000,667.840000,4.340000,4.880000,56.700000,4.570000,34.630000,512.190000,0.047100,33.820000
2022-03-17,367.910000,154.930000,400.110000,541.430000,80.210000,559.020000,664.620000,4.300000,4.850000,56.950000,4.730000,34.610000,508.940000,0.046800,33.730000
2022-03-18,371.000000,155.330000,399.640000,538.560000,79.770000,558.830000,667.090000,4.270000,4.820000,57.030000,4.900000,34.380000,506.140000,0.044700,33.920000
2022-03-19,372.650000,155.930000,400.430000,540.860000,79.410000,558.720000,663.760000,4.250000,4.840000,57.280000,4.900000,34.150000,505.220000,0.044700,33.770000
2022-03-25,370.530000,152.350000,394.010000,530.950000,77.810000,544.530000,652.780000,4.070000,4.980000,57.380000,5.150000,33.390000,495.430000,0.043100,33.560000
2022-03-26,370.920000,151.960000,394.070000,533.300000,77.670000,543.770000,650.560000,4.060000,4.970000,56.980000,5.040000,33.320000,494.160000,0.043000,33.960000
2022-03-29,364.530000,148.980000,388.180000,518.000000,76.120000,531.870000,636.180000,3.900000,5.090000,56.160000,4.970000,32.640000,484.490000,0.042200,33.340000
2022-03-30,353.430000,144.930000,377.430000,503.530000,74.050000,520.130000,616.600000,3.810000,5.000000,54.560000,5.300000,31.800000,471.300000,0.041100,32.200000
2022-03-31,344.110000,140.900000,367.210000,494.920000,72.150000,510.570000,602.350000,3.760000,5.210000,52.980000,5.490000,31.240000,458.200000,0.040000,31.670000
2022-04-01,348.990000,143.390000,372.240000,504.830000,73.530000,517.980000,611.750000,3.820000,5.600000,53.480000,5.700000,31.800000,466.310000,0.040900,32.150000
2022-04-02,355.220000,145.310000,378.410000,511.540000,74.330000,522.370000,620.240000,3.860000,5.730000,53.990000,5.800000,32.190000,472.560000,0.041600,32.430000
2022-04-05,355.330000,145.380000,378.150000,509.990000,74.300000,520.410000,619.980000,3.860000,5.800000,54.110000,5.680000,32.130000,472.760000,0.041500,32.310000
2022-04-06,353.390000,142.350000,371.610000,500.340000,72.760000,508.140000,608.310000,3.770000,5.680000,53.130000,5.600000,31.460000,462.910000,0.040700,31.860000
2022-04-07,350.550000,142.220000,370.100000,495.360000,72.700000,504.330000,605.320000,3.730000,5.390000,52.810000,5.540000,31.360000,462.220000,0.040700,31.590000
2022-04-08,343.230000,141.190000,365.230000,491.770000,72.160000,499.760000,600.340000,3.710000,5.050000,52.120000,6.020000,31.120000,458.870000,0.040400,31.240000
2022-04-09,333.250000,137.500000,354.900000,477.860000,70.280000,485.680000,582.830000,3.600000,4.910000,50.900000,5.910000,30.300000,446.890000,0.039300,30.330000
2022-04-12,335.030000,138.270000,357.420000,481.550000,70.600000,491.020000,586.680000,3.590000,4.940000,51.510000,5.710000,30.520000,449.530000,0.039700,30.790000
2022-04-13,334.200000,138.330000,355.330000,482.240000,70.610000,488.910000,584.930000,3.580000,5.220000,51.010000,5.390000,30.630000,449.740000,0.039700,30.900000
2022-04-14,334.160000,138.470000,355.920000,482.650000,70.740000,487.670000,585.670000,3.570000,5.230000,51.090000,5.670000,30.870000,450.170000,0.039900,31.090000
2022-04-15,333.900000,137.860000,357.320000,479.710000,70.340000,489.060000,588.520000,3.570000,5.370000,51.270000,5.470000,30.670000,448.190000,0.039600,30.580000
2022-04-16,336.480000,139.730000,360.620000,482.340000,71.330000,491.250000,593.640000,3.590000,5.580000,51.830000,5.740000,31.050000,454.270000,0.040200,31.010000
2022-04-19,331.310000,138.370000,355.920000,476.890000,70.690000,485.430000,585.300000,3.550000,5.520000,50.990000,5.710000,30.720000,449.850000,0.039900,30.760000
2022-04-20,326.960000,136.440000,352.210000,468.690000,69.520000,478.880000,577.840000,3.460000,5.510000,50.160000,5.670000,30.260000,443.570000,0.039400,30.000000
2022-04-21,330.140000,136.580000,354.010000,468.530000,69.320000,481.910000,578.570000,3.470000,5.480000,50.570000,5.470000,30.290000,444.030000,0.039500,29.650000
2022-04-22,330.410000,136.580000,355.890000,468.250000,68.890000,484.540000,580.010000,3.470000,5.380000,50.590000,5.760000,30.250000,444.040000,0.039400,29.180000
2022-04-23,324.250000,134.540000,350.120000,464.860000,68.370000,479.690000,571.240000,3.460000,5.520000,49.640000,5.670000,30.130000,443.990000,0.039400,28.490000
2022-04-26,320.860000,135.830000,351.710000,467.670000,68.290000,480.940000,570.320000,3.500000,5.540000,49.560000,6.060000,30.360000,448.260000,0.039900,28.600000
2022-04-27,326.950000,137.350000,356.020000,473.360000,69.290000,484.510000,576.390000,3.550000,5.460000,49.360000,6.130000,30.670000,453.530000,0.040400,28.900000
2022-04-28,321.470000,136.180000,350.310000,466.530000,68.620000,477.110000,565.940000,3.510000,5.340000,48.620000,6.100000,30.340000,449.550000,0.040100,28.310000
2022-04-29,319.010000,135.860000,349.400000,461.650000,67.850000,471.720000,561.060000,3.430000,5.330000,47.880000,6.360000,30.300000,448.490000,0.040100,28.200000
2022-04-30,319.610000,135.100000,350.270000,460.760000,67.760000,472.090000,560.610000,3.430000,5.400000,48.070000,6.330000,30.110000,446.380000,0.040000,28.040000
2022-05-04,313.560000,133.750000,343.230000,451.850000,66.830000,464.250000,553.020000,3.390000,5.390000,46.780000,6.330000,29.690000,441.640000,0.039600,27.620000
2022-05-05,310.950000,132.330000,341.100000,445.450000,66.110000,459.650000,546.410000,3.360000,5.330000,46.450000,6.570000,29.460000,436.850000,0.039200,27.610000
2022-05-06,308.660000,129.160000,335.820000,437.740000,64.660000,453.300000,537.700000,3.300000,5.220000,46.010000,6.790000,28.800000,427.800000,0.038400,27.390000
2022-05-07,308.210000,131.180000,338.900000,441.310000,65.130000,459.190000,536.090000,3.330000,5.300000,45.980000,6.580000,29.090000,434.470000,0.039100,27.110000
2022-05-12,310.310000,133.630000,341.520000,447.990000,65.850000,467.440000,547.730000,3.410000,5.390000,45.910000,6.740000,28.910000,442.610000,0.039700,27.670000
2022-05-13,298.770000,131.300000,333.480000,436.640000,64.100000,453.370000,529.760000,3.380000,5.260000,44.040000,6.910000,28.260000,434.760000,0.038900,26.770000
2022-05-14,293.880000,129.210000,328.700000,427.330000,63.020000,443.800000,520.940000,3.320000,5.180000,43.410000,6.670000,27.690000,427.840000,0.038400,26.590000
2022-05-17,296.360000,129.740000,332.000000,427.520000,63.230000,447.350000,525.320000,3.320000,5.200000,43.790000,6.940000,27.520000,429.570000,0.038600,26.360000
2022-05-18,304.340000,130.710000,337.910000,434.480000,64.140000,453.350000,538.910000,3.350000,5.250000,44.710000,6.730000,27.280000,432.790000,0.038800,26.940000
2022-05-19,303.880000,130.640000,337.430000,434.470000,64.210000,455.320000,536.970000,3.350000,5.260000,44.600000,6.810000,27.120000,432.690000,0.038900,27.180000
2022-05-20,301.690000,130.250000,336.330000,441.750000,63.830000,452.940000,534.820000,3.380000,5.370000,43.820000,6.920000,27.020000,431.410000,0.038800,26.950000
2022-05-21,300.190000,128.320000,332.540000,437.220000,63.750000,450.100000,530.300000,3.320000,5.310000,43.860000,7.170000,26.610000,425.020000,0.038400,26.810000
2022-05-24,302.100000,128.230000,332.270000,439.660000,63.910000,453.600000,534.150000,3.330000,5.320000,44.260000,7.300000,26.700000,424.840000,0.038400,26.990000
2022-05-25,294.840000,125.840000,325.710000,432.170000,62.530000,446.470000,520.680000,3.270000,5.240000,43.310000,7.340000,25.840000,416.910000,0.037700,26.480000
2022-05-26,293.780000,125.300000,323.400000,430.890000,62.210000,443.060000,518.780000,3.270000,5.220000,43.250000,7.410000,25.450000,415.120000,0.037600,26.650000
2022-05-27,299.420000,127.380000,329.230000,439.910000,62.720000,452.060000,532.110000,3.330000,5.310000,44.180000,6.750000,25.780000,422.010000,0.038200,26.770000
2022-05-28,309.380000,130.860000,340.350000,451.920000,64.560000,464.190000,546.040000,3.410000,5.450000,45.460000,6.480000,26.440000,433.300000,0.039300,27.710000
2022-05-31,307.210000,128.920000,337.060000,446.450000,64.190000,460.040000,540.430000,3.360000,5.290000,45.330000,6.810000,26.100000,427.390000,0.038800,27.580000
2022-06-01,297.900000,125.090000,327.100000,432.040000,62.300000,444.650000,522.530000,3.240000,5.130000,43.980000,6.780000,25.250000,414.670000,0.037600,26.630000
2022-06-02,305.470000,128.090000,335.930000,441.710000,63.520000,455.410000,534.510000,3.280000,5.250000,45.300000,6.940000,25.820000,424.620000,0.038700,27.350000
2022-06-03,311.130000,130.590000,341.960000,450.620000,64.920000,462.510000,542.710000,3.340000,5.440000,45.710000,7.040000,26.280000,432.780000,0.039500,27.870000
2022-06-04,313.210000,130.340000,343.880000,450.320000,64.860000,464.130000,543.000000,3.320000,5.430000,45.930000,6.980000,26.180000,431.950000,0.039400,27.950000
2022-06-07,311.950000,130.320000,343.910000,449.590000,65.020000,464.010000,542.570000,3.300000,5.430000,46.000000,7.090000,26.040000,431.880000,0.039300,28.150000
2022-06-08,308.620000,129.610000,340.990000,439.880000,64.410000,458.480000,536.890000,3.240000,5.400000,45.230000,7.040000,25.640000,429.410000,0.039000,27.900000
2022-06-09,311.350000,130.870000,345.460000,443.520000,64.830000,463.880000,542.980000,3.240000,5.490000,45.750000,7.200000,25.280000,433.450000,0.039300,28.170000
2022-06-10,312.240000,131.150000,346.030000,444.600000,65.180000,465.710000,544.270000,3.260000,5.470000,45.840000,7.450000,25.220000,434.510000,0.039400,28.480000
2022-06-11,310.220000,131.530000,342.150000,444.150000,65.150000,461.690000,542.610000,3.260000,5.480000,45.550000,7.540000,25.530000,435.760000,0.039600,27.970000
2022-06-14,303.800000,131.650000,339.200000,439.080000,64.820000,456.290000,532.100000,3.240000,5.490000,44.390000,7.650000,25.280000,436.180000,0.039700,27.130000
2022-06-15,301.830000,131.610000,337.350000,438.950000,64.760000,454.840000,527.590000,3.250000,5.480000,43.860000,7.650000,25.260000,435.920000,0.039700,27.100000
2022-06-16,304.140000,132.370000,339.030000,439.930000,65.290000,459.960000,530.020000,3.260000,5.510000,44.130000,7.740000,25.370000,438.430000,0.040000,27.430000
2022-06-17,308.280000,133.500000,341.890000,451.010000,65.860000,460.210000,536.350000,3.330000,5.560000,44.050000,7.800000,25.550000,442.170000,0.040400,27.730000
2022-06-18,312.540000,134.880000,344.620000,462.550000,66.670000,469.970000,549.690000,3.320000,5.620000,45.010000,7.910000,25.800000,446.870000,0.040800,28.110000
2022-06-21,309.930000,133.790000,341.390000,459.960000,66.320000,466.840000,542.770000,3.290000,5.580000,44.870000,7.910000,25.580000,443.260000,0.040600,27.690000
2022-06-22,312.160000,135.200000,346.560000,463.600000,66.910000,473.280000,550.770000,3.310000,5.630000,45.770000,8.220000,25.830000,447.930000,0.041100,28.120000
2022-06-23,313.430000,137.070000,349.850000,470.390000,67.680000,477.680000,556.380000,3.340000,5.710000,45.600000,8.540000,26.180000,454.110000,0.041800,28.380000
2022-06-24,320.110000,140.290000,358.260000,481.220000,69.300000,488.790000,566.880000,3.430000,5.850000,46.590000,8.760000,26.770000,464.810000,0.042900,29.050000
2022-06-25,325.720000,142.090000,363.350000,491.900000,70.330000,496.940000,579.070000,3.490000,5.920000,47.640000,8.830000,27.120000,470.900000,0.043600,29.520000
2022-06-28,319.020000,139.090000,357.630000,481.360000,68.910000,487.180000,566.000000,3.410000,5.800000,46.810000,8.660000,27.560000,460.950000,0.042600,29.000000
2022-06-29,316.640000,137.610000,355.370000,477.890000,68.210000,482.680000,559.210000,3.350000,5.740000,46.680000,8.610000,27.410000,456.050000,0.042200,28.700000
2022-06-30,319.180000,140.330000,360.890000,487.510000,69.430000,488.750000,565.260000,3.410000,5.850000,47.320000,9.100000,27.840000,465.080000,0.043100,28.820000
2022-07-01,323.920000,141.920000,364.240000,490.910000,70.250000,490.470000,570.760000,3.450000,5.920000,47.520000,8.980000,28.190000,470.340000,0.043300,28.930000
2022-07-02,317.650000,140.740000,361.220000,486.280000,69.650000,487.710000,562.810000,3.440000,5.870000,47.030000,8.560000,27.860000,466.440000,0.043000,28.540000
2022-07-05,319.160000,140.010000,361.270000,483.850000,69.380000,484.680000,562.560000,3.430000,5.840000,46.970000,8.420000,27.600000,464.160000,0.042900,28.450000
2022-07-06,318.910000,141.550000,363.060000,486.330000,69.990000,483.060000,564.520000,3.460000,5.900000,46.960000,8.040000,27.650000,469.260000,0.043400,28.550000
2022-07-08,326.340000,190.280000,366.940000,490.890000,71.200000,486.780000,572.590000,3.510000,6.000000,47.300000,7.550000,27.610000,477.240000,0.043900,28.520000
2022-07-09,323.750000,189.350000,365.210000,486.100000,70.880000,480.520000,567.480000,3.500000,5.830000,46.800000,7.720000,27.430000,474.920000,0.043600,28.060000
2022-07-12,315.490000,185.340000,357.550000,473.710000,69.300000,469.590000,554.980000,3.390000,5.620000,45.520000,7.550000,26.760000,464.850000,0.042600,27.380000
2022-07-13,318.350000,188.740000,363.330000,480.440000,70.410000,473.710000,560.100000,3.460000,5.730000,46.210000,8.050000,27.220000,473.380000,0.043400,27.680000
2022-07-14,322.670000,189.000000,365.780000,486.370000,70.790000,477.580000,565.900000,3.470000,5.760000,46.560000,8.150000,27.290000,475.910000,0.043700,28.010000
2022-07-15,322.820000,189.980000,365.710000,486.810000,70.970000,480.490000,567.800000,3.450000,5.910000,46.920000,8.210000,27.350000,478.390000,0.043800,28.050000
2022-07-16,323.910000,190.770000,366.920000,490.470000,71.100000,482.150000,568.330000,3.460000,5.920000,46.900000,8.350000,27.490000,480.370000,0.044000,27.910000
2022-07-19,330.990000,192.280000,373.450000,496.850000,71.910000,491.640000,579.850000,3.500000,5.980000,47.900000,8.570000,27.660000,484.180000,0.044200,28.410000
2022-07-20,331.210000,190.760000,371.050000,495.630000,71.260000,491.890000,577.250000,3.490000,6.000000,48.270000,8.690000,27.340000,480.360000,0.044000,28.230000
2022-07-21,333.090000,191.100000,374.300000,496.950000,71.280000,493.230000,578.500000,3.480000,6.040000,48.660000,8.770000,27.370000,481.200000,0.044100,28.220000
2022-07-22,331.110000,191.430000,373.270000,496.130000,71.230000,490.760000,575.650000,3.470000,6.060000,48.250000,8.240000,27.280000,482.040000,0.044300,28.030000
2022-07-23,334.890000,192.160000,376.180000,500.550000,71.540000,491.570000,578.290000,3.520000,6.070000,48.470000,8.370000,27.250000,483.880000,0.044500,28.520000
2022-07-26,330.910000,189.000000,369.790000,494.620000,70.570000,487.200000,573.250000,3.490000,5.970000,48.290000,8.200000,26.680000,475.920000,0.043700,28.450000
2022-07-27,333.240000,190.550000,372.970000,496.870000,70.970000,488.230000,576.280000,3.510000,5.920000,48.700000,8.210000,26.860000,479.830000,0.043800,28.640000
2022-07-28,333.520000,190.680000,373.490000,499.440000,71.120000,486.930000,579.510000,3.510000,5.930000,48.900000,7.940000,26.840000,480.160000,0.043900,28.520000
2022-07-29,334.430000,190.140000,373.640000,498.990000,70.960000,486.010000,580.660000,3.540000,5.810000,49.140000,7.970000,26.710000,478.780000,0.043800,28.550000
2022-07-30,333.150000,189.460000,371.770000,500.570000,70.830000,486.730000,579.520000,3.580000,5.740000,49.190000,7.750000,26.640000,477.090000,0.043800,28.850000
2022-08-02,337.240000,190.430000,375.470000,505.600000,71.020000,492.120000,587.210000,3.630000,5.770000,49.670000,7.690000,26.730000,479.510000,0.044000,29.140000
2022-08-03,329.340000,188.950000,369.830000,500.410000,70.410000,487.020000,581.230000,3.640000,5.730000,49.040000,7.920000,26.510000,475.790000,0.043600,28.730000
2022-08-04,330.150000,189.140000,370.550000,496.480000,70.530000,485.080000,579.620000,3.580000,5.730000,49.030000,8.210000,26.530000,476.270000,0.043500,28.480000
2022-08-05,332.230000,189.100000,371.090000,496.230000,70.460000,485.080000,579.940000,3.550000,5.730000,49.040000,7.920000,26.510000,476.180000,0.043500,28.370000
2022-08-06,332.100000,189.820000,370.900000,500.660000,70.820000,488.930000,579.980000,3.590000,5.750000,48.960000,7.930000,26.610000,477.980000,0.043800,28.760000
2022-08-09,331.870000,189.280000,369.390000,497.360000,70.490000,485.530000,576.040000,3.530000,5.740000,48.760000,7.960000,26.530000,476.620000,0.043900,28.550000
2022-08-10,334.390000,189.980000,372.460000,502.410000,70.860000,489.680000,580.050000,3.550000,5.760000,49.320000,7.950000,26.640000,478.390000,0.044100,28.780000
2022-08-11,333.320000,189.830000,371.410000,503.270000,70.760000,488.810000,577.820000,3.540000,5.770000,49.390000,7.910000,26.620000,478.010000,0.044000,28.970000
2022-08-12,339.290000,189.690000,374.350000,507.840000,70.880000,493.670000,583.810000,3.600000,5.810000,50.260000,7.890000,26.600000,477.670000,0.043900,29.550000
2022-08-13,338.490000,189.110000,373.190000,505.260000,70.640000,490.150000,578.110000,3.570000,5.790000,50.030000,7.810000,26.510000,476.010000,0.043700,29.360000
2022-08-16,334.900000,189.180000,369.070000,503.840000,70.340000,485.560000,574.460000,3.570000,5.810000,49.210000,7.760000,26.510000,476.180000,0.043700,29.130000
2022-08-17,333.320000,189.340000,369.330000,501.720000,70.220000,482.920000,572.900000,3.550000,5.790000,48.980000,7.770000,26.530000,476.580000,0.043700,28.940000
2022-08-18,331.770000,189.190000,370.010000,501.050000,70.250000,484.720000,576.580000,3.530000,5.780000,49.160000,7.860000,26.510000,476.200000,0.043500,28.760000
2022-08-19,331.060000,189.080000,369.290000,499.360000,70.090000,483.980000,574.410000,3.520000,5.880000,49.160000,7.940000,26.500000,475.940000,0.043600,28.550000
2022-08-20,328.930000,189.280000,367.250000,498.510000,70.000000,479.860000,565.470000,3.490000,5.870000,48.730000,8.070000,26.320000,476.430000,0.043600,28.090000
2022-08-23,327.810000,188.310000,365.170000,494.510000,69.320000,474.560000,559.830000,3.470000,5.850000,48.480000,7.940000,26.160000,473.990000,0.043500,27.820000
2022-08-24,323.670000,186.830000,361.360000,487.060000,68.700000,467.060000,553.950000,3.420000,5.830000,48.040000,7.850000,25.960000,470.450000,0.043200,27.620000
2022-08-25,319.460000,183.460000,356.110000,480.530000,67.300000,459.620000,545.230000,3.390000,5.750000,47.810000,7.700000,25.460000,461.980000,0.042500,27.130000
2022-08-26,324.510000,184.680000,360.200000,483.420000,67.910000,464.910000,550.290000,3.410000,5.790000,48.340000,7.790000,25.600000,465.050000,0.042700,27.680000
2022-08-27,329.550000,187.520000,365.110000,489.990000,68.810000,472.290000,558.750000,3.450000,5.870000,48.880000,7.860000,25.980000,472.200000,0.043300,28.040000
2022-08-28,322.520000,185.890000,359.170000,484.430000,68.120000,466.270000,549.880000,3.400000,5.800000,47.930000,7.890000,25.800000,468.100000,0.042900,27.750000
2022-09-01,323.510000,187.530000,360.000000,482.340000,68.460000,471.220000,548.800000,3.400000,5.850000,47.560000,7.840000,25.960000,472.210000,0.043300,27.720000
2022-09-02,322.030000,187.220000,358.040000,482.430000,68.340000,472.700000,546.810000,3.390000,5.840000,47.170000,7.820000,25.910000,471.430000,0.043000,27.470000
2022-09-03,321.610000,187.630000,359.370000,481.960000,68.410000,472.660000,546.550000,3.370000,5.850000,47.200000,7.840000,25.940000,472.470000,0.043100,27.260000
2022-09-06,321.100000,187.690000,359.580000,481.830000,68.180000,468.900000,544.040000,3.370000,5.840000,47.340000,7.720000,25.930000,472.630000,0.043200,27.320000
2022-09-07,320.240000,187.630000,359.980000,482.110000,67.890000,470.200000,548.020000,3.340000,5.840000,47.500000,7.790000,25.930000,472.470000,0.043100,27.500000
2022-09-08,318.540000,187.880000,359.580000,481.040000,67.840000,468.700000,543.400000,3.280000,5.840000,47.280000,7.740000,25.950000,473.100000,0.043200,27.280000
2022-09-09,321.140000,189.610000,363.470000,490.100000,68.630000,477.270000,548.790000,3.320000,5.870000,47.600000,7.870000,26.180000,477.460000,0.043500,27.450000
2022-09-10,324.770000,187.980000,364.540000,495.240000,68.390000,477.370000,549.940000,3.330000,5.780000,47.970000,7.840000,25.950000,473.350000,0.043200,27.430000
2022-09-13,324.300000,187.440000,363.460000,493.710000,68.170000,478.830000,551.140000,3.310000,5.750000,48.110000,7.810000,25.880000,471.990000,0.043200,27.600000
2022-09-14,326.780000,188.020000,365.060000,498.320000,68.300000,481.210000,554.270000,3.330000,5.840000,48.160000,7.890000,25.960000,473.450000,0.043300,27.760000
2022-09-15,319.080000,188.200000,360.060000,493.090000,68.100000,474.290000,547.930000,3.310000,5.790000,47.080000,7.940000,25.970000,473.910000,0.043400,27.290000
2022-09-16,319.750000,188.310000,360.220000,495.440000,67.950000,473.810000,545.890000,3.310000,5.800000,46.970000,7.960000,25.970000,474.190000,0.043500,27.120000
2022-09-17,318.480000,189.480000,359.170000,495.500000,68.030000,475.450000,542.720000,3.330000,5.890000,46.510000,7.950000,26.110000,477.120000,0.043700,27.020000
2022-09-20,318.760000,189.640000,358.540000,494.140000,68.050000,476.110000,542.290000,3.330000,5.930000,46.390000,7.950000,26.110000,477.540000,0.043600,26.860000
2022-09-21,320.290000,189.930000,359.840000,495.250000,68.180000,478.590000,546.130000,3.330000,5.900000,46.640000,7.970000,26.130000,478.260000,0.043600,27.000000
2022-09-22,318.980000,189.720000,357.580000,495.670000,67.840000,474.190000,542.030000,3.320000,5.890000,46.210000,7.880000,26.080000,477.730000,0.043700,27.050000
2022-09-23,318.900000,191.130000,357.010000,492.770000,68.010000,474.310000,543.280000,3.360000,5.930000,46.460000,8.030000,26.210000,481.290000,0.043900,27.270000
2022-09-24,315.550000,190.390000,354.550000,488.850000,67.350000,467.910000,533.690000,3.360000,5.880000,45.690000,8.210000,26.060000,479.420000,0.043600,26.880000
2022-09-27,310.150000,189.580000,349.900000,482.920000,66.640000,460.380000,510.550000,3.310000,5.850000,44.480000,8.270000,25.880000,477.370000,0.043400,26.410000
2022-09-28,310.180000,190.180000,349.210000,483.930000,66.820000,459.980000,516.590000,3.320000,5.880000,44.430000,8.240000,25.920000,478.900000,0.043400,26.610000
2022-09-29,305.750000,190.380000,347.310000,483.010000,66.180000,457.430000,511.800000,3.310000,5.950000,43.650000,8.210000,25.890000,479.390000,0.043600,26.400000
2022-09-30,308.550000,189.380000,348.220000,486.320000,66.640000,462.200000,518.090000,3.300000,5.960000,44.230000,8.310000,25.730000,476.890000,0.043400,26.620000
2022-10-01,309.380000,189.310000,348.140000,487.680000,67.100000,467.030000,531.720000,3.300000,5.950000,44.280000,8.360000,25.710000,476.710000,0.043400,26.530000
2022-10-04,306.370000,187.940000,345.320000,480.020000,66.850000,464.150000,531.810000,3.280000,5.930000,43.790000,8.200000,25.610000,475.510000,0.043300,26.300000
2022-10-05,306.490000,186.820000,346.900000,478.230000,66.450000,466.910000,537.060000,3.270000,5.900000,44.650000,8.010000,25.440000,472.680000,0.043100,26.610000
2022-10-06,303.940000,185.790000,345.910000,477.610000,66.080000,466.680000,535.210000,3.250000,5.860000,44.520000,7.910000,25.310000,470.060000,0.042800,26.430000
2022-10-07,303.000000,185.270000,342.980000,476.860000,65.900000,463.410000,528.520000,3.240000,5.840000,44.470000,7.770000,25.240000,468.750000,0.042600,26.280000
2022-10-08,303.190000,186.570000,344.400000,476.620000,66.360000,462.840000,529.490000,3.260000,5.870000,44.180000,7.700000,25.400000,472.040000,0.042800,26.250000
2022-10-11,298.990000,187.170000,344.980000,474.710000,66.240000,459.420000,524.170000,3.260000,5.820000,44.420000,7.620000,25.480000,473.380000,0.042900,26.090000
2022-10-12,297.510000,187.790000,343.150000,475.430000,66.200000,460.650000,524.580000,3.260000,5.840000,44.120000,7.440000,25.550000,474.950000,0.043000,26.160000
2022-10-13,299.490000,188.960000,347.050000,479.950000,66.670000,463.890000,528.930000,3.260000,5.800000,44.570000,7.490000,25.720000,477.890000,0.043200,26.270000
2022-10-14,301.540000,189.520000,347.430000,480.090000,66.690000,466.140000,534.200000,3.270000,5.810000,44.910000,7.570000,25.790000,479.320000,0.043300,26.210000
2022-10-15,299.770000,188.560000,345.670000,475.510000,66.240000,463.920000,536.070000,3.230000,5.710000,44.930000,7.570000,25.660000,476.890000,0.043000,26.240000
2022-10-18,295.340000,186.990000,342.400000,471.740000,65.670000,461.240000,533.830000,3.180000,5.660000,44.600000,7.680000,25.450000,472.920000,0.042600,26.080000
2022-10-19,297.440000,186.980000,343.610000,475.500000,65.690000,465.120000,532.980000,3.170000,5.660000,44.670000,7.660000,25.450000,472.880000,0.042500,26.110000
2022-10-20,296.930000,185.810000,342.590000,470.410000,65.080000,461.530000,530.450000,3.150000,5.720000,44.500000,7.640000,25.290000,470.130000,0.042200,25.940000
2022-10-21,294.500000,185.080000,340.760000,466.080000,64.800000,458.010000,524.600000,3.130000,5.690000,44.140000,7.600000,25.190000,468.270000,0.042100,25.570000
2022-10-22,294.170000,186.000000,340.690000,465.300000,64.970000,458.270000,523.070000,3.120000,5.710000,44.020000,7.670000,25.300000,470.600000,0.042300,25.600000
2022-10-23,301.590000,186.920000,346.770000,474.070000,65.320000,466.310000,534.510000,3.200000,5.740000,45.160000,7.800000,25.440000,472.930000,0.042500,26.120000
2022-10-27,304.990000,186.290000,347.740000,476.320000,65.680000,472.550000,545.270000,3.200000,5.700000,45.590000,7.670000,25.330000,471.320000,0.042400,26.080000
2022-10-28,300.390000,184.220000,342.130000,470.440000,64.320000,467.080000,538.000000,3.180000,5.630000,45.270000,7.590000,25.010000,465.360000,0.041700,25.740000
2022-10-29,299.580000,184.870000,343.080000,469.580000,64.360000,464.760000,538.360000,3.160000,5.630000,45.280000,7.580000,25.100000,467.000000,0.041900,25.740000
2022-11-01,299.840000,185.850000,343.340000,468.770000,64.180000,465.730000,541.460000,3.150000,5.630000,45.340000,7.600000,25.160000,468.350000,0.042000,25.620000
2022-11-02,300.290000,185.070000,344.100000,469.510000,64.060000,463.050000,537.690000,3.160000,5.600000,45.300000,7.610000,25.040000,466.220000,0.041800,25.670000
2022-11-03,296.000000,182.830000,338.800000,462.220000,63.300000,456.090000,529.410000,3.130000,5.520000,44.600000,7.470000,24.740000,460.560000,0.041500,25.440000
2022-11-04,291.700000,184.030000,336.870000,457.970000,63.380000,452.100000,521.740000,3.130000,5.550000,43.710000,7.470000,24.900000,463.600000,0.041800,25.210000
2022-11-05,295.070000,184.370000,340.380000,460.120000,64.000000,453.860000,520.930000,3.140000,5.550000,44.170000,7.490000,24.950000,464.450000,0.041900,25.470000
2022-11-08,300.100000,184.350000,344.330000,468.240000,64.260000,463.700000,531.230000,3.170000,5.530000,45.300000,7.590000,24.960000,464.400000,0.041800,26.000000
2022-11-09,300.540000,184.200000,343.790000,469.170000,63.940000,464.010000,533.050000,3.170000,5.520000,45.140000,7.610000,24.940000,464.010000,0.041600,26.110000
2022-11-10,301.600000,184.890000,346.230000,472.190000,64.300000,467.720000,533.090000,3.190000,5.540000,45.260000,7.620000,25.030000,465.580000,0.041800,26.210000
2022-11-11,300.620000,186.340000,346.770000,475.310000,64.770000,467.680000,533.540000,3.210000,5.580000,45.010000,7.680000,25.230000,469.420000,0.042100,26.380000
2022-11-12,307.880000,183.400000,347.400000,481.560000,64.810000,474.440000,542.950000,3.300000,5.490000,46.080000,7.670000,24.890000,462.010000,0.041400,26.780000
2022-11-15,307.060000,182.500000,346.110000,486.140000,65.190000,474.080000,542.400000,3.280000,5.510000,45.950000,7.610000,24.710000,459.740000,0.041100,26.550000
2022-11-16,311.810000,183.000000,347.370000,490.880000,65.490000,479.430000,545.120000,3.310000,5.460000,46.360000,7.640000,24.770000,460.990000,0.041300,26.820000
2022-11-17,311.440000,182.350000,347.020000,488.410000,64.880000,478.600000,546.490000,3.300000,5.440000,46.250000,7.610000,24.680000,459.350000,0.041200,26.670000
2022-11-18,307.330000,182.230000,343.990000,484.640000,64.290000,475.670000,545.580000,3.290000,5.440000,45.550000,7.610000,24.660000,459.050000,0.041100,26.370000
2022-11-19,308.060000,182.220000,344.160000,482.840000,64.510000,476.440000,547.450000,3.280000,5.440000,45.450000,7.610000,24.660000,459.040000,0.041000,26.480000
2022-11-22,306.310000,184.010000,345.010000,483.370000,64.680000,473.930000,547.220000,3.270000,5.490000,45.120000,7.640000,24.890000,463.550000,0.041400,26.570000
2022-11-23,307.270000,183.700000,345.280000,484.400000,64.870000,475.150000,548.730000,3.280000,5.480000,45.390000,7.640000,24.850000,462.750000,0.041400,26.820000
2022-11-24,307.750000,183.660000,345.600000,486.440000,64.670000,477.550000,551.430000,3.270000,5.480000,46.100000,7.640000,24.840000,462.650000,0.041400,26.870000
2022-11-25,314.100000,184.970000,349.080000,494.010000,65.280000,485.430000,563.430000,3.360000,5.520000,46.830000,7.720000,25.010000,465.950000,0.041600,27.450000
2022-11-26,313.390000,184.740000,348.290000,492.520000,64.950000,483.580000,562.130000,3.340000,5.510000,46.950000,7.690000,24.980000,465.380000,0.041500,27.160000
2022-11-29,313.510000,185.780000,348.160000,496.590000,65.060000,488.820000,565.610000,3.400000,5.540000,47.240000,7.700000,25.120000,467.990000,0.041700,27.330000
2022-11-30,314.640000,185.950000,348.200000,492.200000,65.350000,485.430000,561.320000,3.390000,5.550000,46.990000,7.670000,25.140000,468.430000,0.041800,27.520000
2022-12-01,315.290000,186.140000,346.590000,493.420000,66.100000,485.640000,563.380000,3.380000,5.550000,47.250000,7.700000,25.160000,468.900000,0.041900,27.690000
2022-12-02,318.780000,185.960000,349.020000,496.500000,66.090000,489.060000,568.980000,3.440000,5.550000,47.720000,7.660000,25.140000,468.450000,0.041900,27.080000
2022-12-03,319.940000,186.170000,349.130000,501.580000,66.790000,493.740000,575.630000,3.500000,5.550000,48.130000,7.590000,25.160000,468.980000,0.041900,27.030000
2022-12-06,319.460000,186.250000,349.740000,501.630000,67.460000,495.070000,576.380000,3.470000,5.560000,48.060000,7.560000,25.170000,469.170000,0.041800,27.270000
2022-12-07,317.120000,187.500000,347.120000,500.770000,67.570000,495.570000,575.160000,3.450000,5.590000,47.520000,7.500000,25.340000,472.330000,0.042000,27.250000
2022-12-08,315.990000,188.050000,345.950000,503.020000,67.840000,496.130000,574.400000,3.440000,5.580000,47.060000,7.530000,25.400000,473.540000,0.042000,27.290000
2022-12-09,317.110000,187.510000,345.360000,501.030000,67.740000,495.500000,574.680000,3.450000,5.560000,47.060000,7.570000,25.330000,472.170000,0.042000,27.440000
2022-12-10,319.120000,187.500000,346.220000,505.450000,67.930000,498.390000,578.180000,3.470000,5.560000,47.340000,7.650000,25.330000,472.140000,0.042000,27.420000
2022-12-13,319.180000,186.620000,344.040000,503.840000,67.390000,496.150000,576.750000,3.440000,5.530000,46.980000,7.490000,25.210000,469.930000,0.041800,26.930000
2022-12-14,317.520000,186.390000,344.550000,501.230000,67.250000,494.790000,576.030000,3.410000,5.530000,47.160000,7.440000,25.170000,469.350000,0.041700,26.530000
2022-12-15,321.780000,186.060000,346.100000,505.580000,67.450000,499.490000,580.640000,3.470000,5.520000,48.110000,7.400000,25.130000,468.520000,0.041600,27.350000
2022-12-16,317.360000,186.080000,345.210000,504.480000,67.180000,497.560000,578.060000,3.430000,5.520000,47.770000,7.300000,25.130000,468.560000,0.041700,27.140000
2022-12-20,314.610000,185.950000,343.160000,503.380000,67.180000,497.180000,571.770000,3.440000,5.510000,47.490000,7.050000,25.110000,468.240000,0.041600,27.110000
2022-12-21,313.830000,186.320000,344.630000,506.840000,67.390000,499.070000,569.960000,3.550000,5.520000,47.590000,6.800000,25.150000,469.180000,0.041700,27.150000
2022-12-22,313.910000,186.760000,345.390000,507.810000,67.440000,499.160000,570.780000,3.570000,5.530000,47.690000,6.660000,25.200000,470.280000,0.041800,27.150000
2022-12-23,314.880000,185.450000,343.700000,505.880000,66.930000,497.150000,564.950000,3.540000,5.450000,47.880000,6.480000,25.010000,466.980000,0.041600,27.320000
2022-12-24,309.430000,183.460000,339.580000,496.160000,66.150000,490.100000,557.410000,3.480000,5.390000,46.870000,6.810000,24.730000,461.970000,0.041200,27.010000
2022-12-27,309.910000,183.110000,339.120000,494.740000,66.250000,489.730000,555.990000,3.460000,5.380000,46.750000,6.740000,24.910000,461.100000,0.041200,27.110000
2022-12-28,311.470000,182.920000,340.490000,496.200000,66.180000,490.880000,555.460000,3.460000,5.380000,46.960000,6.580000,24.670000,460.620000,0.041100,26.980000
2022-12-29,311.840000,183.170000,340.770000,495.950000,66.140000,490.520000,554.770000,3.440000,5.380000,46.840000,6.490000,24.650000,461.230000,0.041400,26.880000
2022-12-30,310.240000,183.070000,339.310000,499.170000,66.210000,491.220000,555.620000,3.450000,5.380000,46.620000,6.430000,24.630000,460.980000,0.041200,27.090000
2022-12-31,314.190000,183.730000,341.510000,501.190000,66.730000,492.860000,556.570000,3.500000,5.400000,46.900000,6.430000,24.720000,462.650000,0.041200,27.260000
2023-01-05,319.680000,184.820000,343.330000,502.200000,67.660000,493.780000,561.260000,3.570000,5.430000,46.200000,6.530000,24.830000,465.390000,0.041400,27.680000
2023-01-06,318.040000,185.030000,345.080000,503.110000,67.800000,494.910000,560.650000,3.520000,5.440000,46.330000,6.530000,24.840000,465.930000,0.041400,27.450000
2023-01-07,312.360000,183.990000,340.340000,493.040000,67.520000,486.940000,549.390000,3.450000,5.410000,45.190000,6.450000,24.690000,463.310000,0.041100,26.930000
2023-01-10,320.320000,183.670000,345.400000,500.370000,68.210000,493.520000,562.300000,3.490000,5.400000,46.550000,6.650000,24.630000,462.490000,0.041000,27.130000
2023-01-11,318.620000,183.410000,345.090000,502.160000,68.180000,496.200000,562.610000,3.500000,5.390000,46.500000,6.650000,24.600000,461.840000,0.040900,27.140000
2023-01-12,319.430000,183.550000,344.410000,500.760000,68.280000,496.450000,560.690000,3.490000,5.400000,46.310000,6.690000,24.610000,462.200000,0.041000,27.190000
2023-01-13,319.740000,183.700000,344.640000,496.860000,68.620000,497.920000,563.190000,3.530000,5.400000,46.260000,6.830000,24.630000,462.580000,0.040900,27.450000
2023-01-14,322.450000,183.590000,346.390000,497.940000,68.830000,501.210000,565.240000,3.600000,5.400000,46.860000,6.870000,24.610000,462.290000,0.040900,27.530000
2023-01-17,322.220000,183.750000,345.500000,500.310000,68.780000,500.630000,564.390000,3.600000,5.400000,46.750000,6.760000,24.630000,462.690000,0.041000,27.110000
2023-01-18,322.540000,184.300000,345.640000,502.640000,68.500000,502.010000,566.560000,3.600000,5.420000,46.830000,6.770000,24.710000,464.090000,0.041000,27.120000
2023-01-19,326.150000,184.400000,347.640000,508.700000,68.780000,504.640000,573.780000,3.590000,5.420000,47.320000,6.760000,24.710000,464.340000,0.041100,27.430000
2023-01-20,318.620000,183.780000,342.540000,505.210000,68.220000,501.040000,570.970000,3.610000,5.400000,46.700000,6.730000,24.620000,462.770000,0.041000,26.830000
2023-01-21,320.550000,183.690000,343.470000,502.610000,68.200000,500.850000,570.790000,3.570000,5.390000,46.780000,6.740000,24.600000,462.550000,0.041100,26.700000
2023-01-24,323.750000,183.490000,346.100000,503.530000,68.120000,504.090000,573.020000,3.560000,5.370000,47.200000,6.740000,24.570000,462.040000,0.040900,26.940000
2023-01-25,324.150000,183.420000,345.540000,501.120000,68.100000,501.560000,569.500000,3.550000,5.360000,46.950000,6.720000,24.560000,461.880000,0.041000,26.740000
2023-01-26,327.230000,183.240000,344.980000,499.900000,68.030000,502.060000,567.900000,3.550000,5.360000,46.680000,6.700000,24.540000,461.410000,0.041000,26.830000
2023-01-27,327.760000,183.220000,344.250000,501.820000,68.020000,502.620000,571.270000,3.550000,5.360000,46.710000,6.690000,24.530000,461.370000,0.040900,27.000000
2023-01-28,327.090000,182.850000,345.770000,500.030000,67.890000,501.040000,569.550000,3.550000,5.350000,46.700000,6.650000,24.470000,460.430000,0.040800,26.700000
2023-01-31,325.440000,182.650000,345.030000,500.400000,68.090000,501.310000,569.890000,3.540000,5.340000,46.590000,6.620000,24.460000,459.920000,0.040600,26.580000
2023-02-01,322.820000,182.880000,342.510000,497.040000,68.180000,498.690000,567.530000,3.530000,5.350000,45.830000,6.530000,24.480000,460.510000,0.040800,26.370000
2023-02-02,325.790000,183.020000,346.280000,503.130000,68.360000,501.560000,567.650000,3.550000,5.350000,46.270000,6.570000,24.500000,460.870000,0.041000,26.530000
2023-02-03,327.880000,182.650000,346.350000,506.630000,68.410000,505.770000,567.590000,3.570000,5.340000,46.330000,6.570000,24.450000,459.920000,0.040800,26.920000
2023-02-04,323.740000,182.160000,343.690000,502.400000,68.040000,501.300000,561.530000,3.570000,5.320000,45.730000,6.520000,24.370000,458.690000,0.040700,26.800000
2023-02-07,315.680000,181.760000,340.730000,494.860000,67.490000,492.810000,550.890000,3.470000,5.310000,44.500000,6.490000,24.320000,457.700000,0.040500,26.010000
2023-02-08,317.050000,181.480000,340.800000,493.610000,67.330000,489.430000,548.560000,3.470000,5.300000,44.190000,6.450000,24.270000,456.980000,0.040400,25.960000
2023-02-09,318.230000,180.950000,340.830000,496.460000,67.180000,489.960000,551.470000,3.490000,5.250000,44.540000,6.360000,24.200000,455.650000,0.040200,26.030000
2023-02-10,315.590000,179.660000,337.530000,492.640000,66.750000,486.820000,549.160000,3.460000,5.210000,44.530000,6.220000,24.020000,452.390000,0.039900,25.570000
2023-02-11,312.530000,179.020000,335.560000,488.500000,66.250000,482.570000,545.460000,3.440000,5.200000,44.370000,6.190000,23.930000,450.790000,0.039800,25.320000
2023-02-14,313.040000,179.670000,338.570000,490.070000,66.260000,483.060000,544.540000,3.410000,5.210000,44.500000,6.140000,24.020000,452.430000,0.039900,25.120000
2023-02-15,314.470000,179.170000,338.360000,492.330000,66.230000,485.410000,549.800000,3.420000,5.200000,44.770000,6.110000,23.940000,451.170000,0.039900,25.310000
2023-02-16,309.170000,177.630000,333.950000,485.020000,65.380000,479.720000,541.000000,3.350000,5.140000,43.970000,6.020000,23.730000,447.290000,0.039500,24.850000
2023-02-17,307.220000,176.360000,331.910000,481.450000,64.780000,475.090000,535.350000,3.320000,5.110000,43.550000,5.950000,23.560000,444.090000,0.039100,24.620000
2023-02-18,303.100000,176.410000,329.010000,476.490000,64.540000,472.480000,530.460000,3.300000,5.110000,42.990000,5.960000,23.550000,444.230000,0.039200,24.330000
2023-02-21,308.720000,177.780000,332.530000,484.760000,65.260000,478.030000,538.110000,3.340000,5.150000,43.560000,6.050000,23.730000,447.680000,0.039600,24.700000
2023-02-22,307.050000,176.980000,331.260000,482.200000,64.840000,475.200000,538.790000,3.310000,5.100000,43.390000,5.980000,23.630000,445.650000,0.039400,24.500000
2023-02-23,304.630000,177.360000,329.590000,481.510000,64.780000,475.000000,539.310000,3.310000,5.110000,43.250000,5.960000,23.660000,446.600000,0.039500,24.400000
2023-02-24,306.190000,178.400000,331.750000,481.480000,65.120000,475.680000,540.320000,3.330000,5.140000,43.390000,5.990000,23.800000,449.220000,0.039800,24.520000
2023-02-25,303.700000,177.800000,329.990000,479.060000,64.540000,473.880000,538.310000,3.310000,5.120000,43.420000,5.930000,23.710000,447.730000,0.039600,24.420000
2023-02-28,301.600000,178.360000,330.370000,477.300000,64.520000,473.800000,537.620000,3.290000,5.140000,43.310000,5.960000,23.790000,449.140000,0.039700,24.390000
2023-03-01,299.550000,177.050000,328.070000,475.490000,64.280000,472.750000,538.240000,3.260000,5.100000,43.060000,5.960000,23.610000,445.820000,0.039500,24.180000
2023-03-02,298.950000,175.570000,325.030000,471.630000,64.280000,470.410000,533.450000,3.250000,5.060000,42.810000,5.880000,23.410000,442.110000,0.039100,24.320000
2023-03-03,293.180000,173.020000,319.980000,462.810000,63.170000,462.880000,521.520000,3.190000,4.980000,41.750000,5.780000,23.070000,435.690000,0.038500,24.000000
2023-03-04,291.320000,171.190000,317.880000,459.770000,62.450000,457.290000,516.650000,3.170000,4.930000,41.360000,5.720000,22.810000,431.080000,0.038000,23.700000
2023-03-07,291.420000,171.890000,318.260000,463.370000,62.460000,460.060000,520.520000,3.180000,4.950000,41.470000,5.750000,22.900000,432.830000,0.038100,23.740000
2023-03-08,292.750000,174.170000,321.790000,470.370000,63.250000,467.340000,526.770000,3.230000,5.020000,41.890000,5.810000,23.190000,438.570000,0.038700,23.920000
2023-03-10,291.450000,175.180000,319.560000,470.480000,63.380000,465.600000,523.570000,3.240000,5.050000,41.310000,5.820000,23.280000,441.120000,0.038800,23.760000
2023-03-11,293.720000,177.110000,322.360000,479.450000,64.090000,471.850000,534.460000,3.260000,5.100000,41.690000,5.870000,23.730000,445.980000,0.039200,24.190000
2023-03-14,302.400000,181.350000,331.610000,499.680000,66.250000,487.120000,551.230000,3.430000,5.220000,42.960000,6.040000,24.070000,456.660000,0.040100,25.090000
2023-03-15,304.530000,181.970000,333.660000,502.710000,66.600000,490.750000,556.830000,3.410000,5.240000,43.160000,6.090000,24.160000,458.220000,0.040200,25.030000
2023-03-16,309.130000,184.580000,338.920000,506.140000,67.340000,496.210000,563.000000,3.460000,5.320000,43.800000,6.140000,24.490000,464.790000,0.040700,25.420000
2023-03-17,309.710000,185.120000,339.090000,502.860000,67.570000,494.820000,562.830000,3.510000,5.330000,43.380000,6.100000,24.750000,466.150000,0.040800,25.360000
2023-03-18,308.870000,182.990000,336.420000,497.610000,66.910000,490.510000,558.890000,3.460000,5.270000,43.190000,6.020000,24.250000,460.790000,0.040400,25.150000
2023-03-21,308.630000,183.610000,337.100000,497.640000,67.140000,493.480000,563.660000,3.520000,5.290000,43.160000,5.990000,24.530000,462.360000,0.040700,24.980000
2023-03-25,303.690000,181.600000,332.000000,498.080000,66.500000,490.350000,558.400000,3.520000,5.230000,43.380000,5.970000,23.980000,457.290000,0.040200,25.050000
2023-03-28,304.740000,182.230000,334.210000,500.620000,66.680000,493.840000,562.120000,3.490000,5.250000,43.510000,6.000000,24.030000,458.870000,0.040200,25.060000
2023-03-29,303.530000,180.690000,332.580000,495.970000,66.110000,492.130000,559.290000,3.480000,5.200000,43.650000,5.940000,23.810000,455.000000,0.040000,24.910000
2023-03-30,299.480000,178.070000,330.010000,489.030000,65.130000,486.910000,553.940000,3.410000,5.130000,43.200000,5.830000,23.430000,448.390000,0.039400,24.760000
2023-03-31,300.060000,177.930000,330.760000,489.240000,65.090000,486.580000,553.070000,3.380000,5.130000,42.920000,5.820000,23.380000,448.050000,0.039300,24.790000
2023-04-01,302.370000,179.390000,333.560000,492.490000,65.700000,491.640000,558.630000,3.390000,5.170000,43.310000,5.860000,23.550000,451.710000,0.039600,25.390000
2023-04-04,302.600000,179.040000,334.420000,492.170000,65.460000,489.780000,556.780000,3.380000,5.160000,43.340000,5.780000,23.480000,450.830000,0.039600,25.230000
2023-04-05,303.560000,178.460000,334.920000,493.020000,65.340000,491.230000,562.280000,3.380000,5.140000,43.760000,5.660000,23.370000,449.390000,0.039500,25.260000
2023-04-06,298.860000,177.430000,331.570000,493.640000,64.960000,489.320000,557.640000,3.390000,5.110000,42.910000,5.630000,23.210000,446.790000,0.039300,24.940000
2023-04-07,299.560000,177.640000,331.980000,494.100000,65.050000,487.840000,557.260000,3.410000,5.120000,42.900000,5.540000,23.220000,447.310000,0.039400,24.590000
2023-04-08,297.360000,176.720000,329.660000,492.100000,64.790000,485.590000,553.590000,3.380000,5.090000,42.510000,5.360000,23.320000,445.010000,0.039200,24.420000
2023-04-11,296.560000,176.440000,329.270000,490.440000,64.630000,484.500000,552.470000,3.360000,5.080000,42.430000,5.440000,23.060000,444.290000,0.039100,24.190000
2023-04-12,298.910000,178.240000,332.480000,496.260000,65.180000,489.750000,558.290000,3.370000,5.130000,42.530000,5.460000,23.270000,448.820000,0.039400,24.490000
2023-04-13,302.000000,179.890000,336.660000,502.020000,65.820000,494.920000,562.320000,3.390000,5.180000,43.050000,5.520000,23.450000,452.970000,0.039700,24.550000
2023-04-14,302.760000,178.650000,335.870000,505.460000,65.420000,495.880000,562.820000,3.380000,5.150000,43.240000,5.510000,23.270000,449.860000,0.039400,24.690000
2023-04-15,305.090000,178.810000,338.150000,507.150000,65.720000,497.930000,563.170000,3.400000,5.140000,43.670000,5.520000,23.240000,450.250000,0.039400,24.870000
2023-04-18,300.520000,178.070000,335.640000,501.470000,65.280000,492.310000,556.030000,3.350000,5.120000,43.170000,5.520000,23.140000,448.410000,0.039300,24.680000
2023-04-19,303.880000,179.100000,337.400000,503.180000,65.580000,494.880000,560.680000,3.360000,5.150000,43.170000,5.530000,23.450000,451.000000,0.039500,24.830000
2023-04-20,304.670000,180.720000,338.850000,506.140000,65.990000,497.350000,564.920000,3.380000,5.200000,43.090000,5.580000,23.640000,455.070000,0.039800,24.890000
2023-04-21,306.090000,180.940000,338.380000,508.970000,66.220000,499.370000,566.350000,3.380000,5.210000,42.960000,5.580000,23.690000,455.630000,0.040000,25.070000
2023-04-22,306.000000,181.760000,338.420000,511.950000,66.440000,501.340000,566.750000,3.420000,5.230000,42.990000,5.680000,23.590000,457.680000,0.040100,25.220000
2023-04-25,304.880000,181.220000,337.110000,512.680000,66.190000,501.930000,567.230000,3.400000,5.210000,43.130000,5.620000,23.720000,456.340000,0.040000,25.170000
2023-04-26,303.280000,180.710000,335.300000,513.470000,65.770000,501.860000,567.340000,3.400000,5.200000,43.060000,5.590000,23.430000,455.040000,0.039800,24.980000
2023-04-27,299.500000,180.270000,332.920000,510.320000,65.550000,501.180000,565.910000,3.400000,5.190000,42.710000,5.560000,23.370000,453.930000,0.039900,24.700000
2023-04-28,301.460000,181.170000,334.660000,510.760000,65.910000,503.470000,567.660000,3.410000,5.210000,42.960000,5.600000,23.680000,456.210000,0.040200,24.950000
2023-04-29,298.330000,180.050000,331.960000,506.020000,65.500000,498.180000,564.650000,3.330000,5.180000,42.220000,5.630000,23.310000,453.390000,0.039900,24.650000
2023-05-03,300.350000,178.370000,330.820000,499.500000,64.990000,491.860000,559.640000,3.270000,5.130000,41.730000,5.640000,23.070000,449.150000,0.039400,24.400000
2023-05-04,294.670000,175.740000,324.880000,498.500000,64.030000,488.540000,553.810000,3.260000,5.060000,41.180000,5.580000,22.720000,442.520000,0.038800,24.200000
2023-05-05,297.100000,176.840000,327.270000,501.850000,64.390000,492.220000,559.730000,3.310000,5.090000,41.640000,5.690000,22.850000,445.290000,0.038900,24.420000
2023-05-06,299.580000,176.830000,329.670000,499.190000,64.450000,490.970000,561.320000,3.320000,5.100000,41.970000,5.800000,22.840000,445.280000,0.039000,24.240000
2023-05-11,300.030000,176.390000,331.740000,498.940000,64.140000,486.670000,560.570000,3.290000,5.090000,42.130000,5.820000,22.940000,444.160000,0.038900,23.690000
2023-05-12,299.230000,176.410000,331.380000,496.610000,64.040000,485.090000,558.870000,3.300000,5.090000,42.180000,5.880000,22.700000,444.220000,0.038800,23.400000
2023-05-13,298.190000,177.110000,330.580000,499.650000,64.160000,486.530000,558.740000,3.310000,5.110000,41.860000,5.780000,22.730000,445.990000,0.039000,23.090000
2023-05-16,300.920000,178.900000,333.340000,502.380000,64.780000,489.630000,562.740000,3.310000,5.160000,42.190000,5.690000,22.920000,450.480000,0.039500,23.620000
2023-05-17,300.420000,178.360000,333.730000,503.170000,64.470000,489.240000,562.890000,3.310000,5.140000,42.320000,5.610000,22.990000,449.130000,0.039400,23.570000
2023-05-18,299.040000,178.580000,333.380000,500.100000,64.300000,486.970000,559.410000,3.280000,5.140000,41.700000,5.570000,22.760000,449.690000,0.039500,23.420000
2023-05-19,298.040000,178.380000,333.450000,499.040000,63.890000,485.890000,558.840000,3.260000,5.130000,41.420000,5.610000,22.700000,449.190000,0.039300,23.200000
2023-05-20,298.480000,178.040000,332.700000,496.910000,64.030000,484.220000,557.200000,3.250000,5.120000,41.460000,5.620000,22.630000,448.310000,0.039100,23.220000
2023-05-23,295.690000,176.770000,329.690000,497.400000,63.320000,481.490000,553.910000,3.230000,5.090000,40.930000,5.580000,22.450000,445.120000,0.038900,23.120000
2023-05-24,292.340000,175.430000,326.180000,490.110000,62.610000,476.150000,547.050000,3.190000,5.050000,40.220000,5.510000,22.260000,441.740000,0.038700,22.950000
2023-05-25,292.040000,176.500000,328.100000,492.510000,63.080000,478.800000,550.440000,3.210000,5.080000,40.540000,5.560000,22.360000,444.440000,0.039000,23.080000
2023-05-26,291.530000,177.380000,328.660000,493.150000,63.190000,479.300000,552.820000,3.200000,5.100000,40.710000,5.600000,22.420000,446.650000,0.039200,23.110000
2023-05-27,290.900000,176.990000,327.100000,493.610000,63.130000,478.350000,550.820000,3.190000,5.090000,40.500000,5.570000,22.270000,445.680000,0.039100,22.690000
2023-05-30,290.670000,176.500000,326.870000,491.870000,62.810000,476.270000,548.810000,3.170000,5.070000,39.990000,5.560000,22.150000,444.450000,0.039000,22.590000
2023-05-31,292.520000,177.550000,329.370000,495.320000,63.150000,479.180000,554.960000,3.190000,5.100000,40.290000,5.530000,21.920000,447.080000,0.039200,22.610000
2023-06-01,290.480000,177.960000,328.540000,492.340000,63.050000,478.330000,553.800000,3.200000,5.120000,39.820000,5.580000,21.830000,448.130000,0.039400,22.620000
2023-06-02,292.250000,178.200000,330.820000,494.020000,63.120000,480.440000,558.570000,3.210000,5.120000,40.310000,5.560000,21.580000,448.720000,0.039400,22.720000
2023-06-03,296.960000,177.870000,333.860000,494.640000,63.460000,482.160000,561.310000,3.230000,5.110000,40.820000,5.540000,21.450000,447.900000,0.039300,22.990000
2023-06-06,295.570000,178.190000,333.840000,492.870000,63.040000,479.670000,556.180000,3.200000,5.120000,40.500000,5.520000,21.180000,448.710000,0.039300,23.140000
2023-06-07,297.770000,177.800000,333.690000,493.560000,62.890000,478.690000,555.290000,3.210000,5.120000,40.420000,5.510000,21.020000,447.710000,0.039200,23.250000
2023-06-08,298.630000,177.380000,333.590000,492.770000,62.760000,477.650000,555.860000,3.210000,5.110000,40.450000,5.490000,19.290000,446.650000,0.039000,23.400000
2023-06-09,297.200000,176.660000,333.400000,489.220000,62.390000,477.190000,554.190000,3.180000,5.090000,40.550000,5.420000,19.030000,444.850000,0.038900,23.480000
2023-06-10,298.920000,176.970000,334.100000,494.150000,62.490000,479.400000,558.720000,3.190000,5.090000,41.260000,5.400000,18.980000,445.620000,0.039000,23.730000
2023-06-13,302.750000,177.640000,335.830000,495.100000,62.640000,482.210000,562.820000,3.220000,5.110000,41.520000,5.430000,18.910000,447.320000,0.039200,24.080000
2023-06-14,303.810000,178.160000,335.870000,495.000000,62.720000,484.690000,563.600000,3.220000,5.120000,41.540000,5.350000,19.090000,448.620000,0.039200,24.110000
2023-06-15,305.610000,178.770000,338.750000,498.680000,62.890000,486.310000,569.270000,3.220000,5.140000,42.400000,5.350000,19.050000,450.160000,0.039300,24.390000
2023-06-16,308.100000,179.430000,339.180000,501.580000,63.150000,490.040000,572.050000,3.200000,5.160000,42.680000,5.390000,19.090000,451.820000,0.039400,24.600000
2023-06-17,309.920000,179.100000,341.090000,505.820000,63.430000,493.700000,576.860000,3.200000,5.150000,42.930000,5.400000,19.050000,450.990000,0.039400,24.870000
2023-06-20,306.160000,177.570000,338.700000,498.660000,62.450000,487.710000,572.530000,3.150000,5.110000,42.010000,5.330000,18.900000,447.150000,0.039100,24.570000
2023-06-21,304.130000,178.030000,338.900000,499.830000,62.480000,489.680000,572.210000,3.170000,5.120000,41.950000,5.330000,19.120000,448.300000,0.039100,24.670000
2023-06-22,302.710000,177.670000,338.380000,498.220000,62.240000,488.380000,568.150000,3.150000,5.120000,41.730000,5.320000,18.970000,447.400000,0.039000,24.350000
2023-06-23,304.110000,177.760000,340.550000,501.140000,62.360000,492.380000,572.420000,3.150000,5.130000,42.580000,5.360000,18.990000,447.620000,0.039000,24.410000
2023-06-24,299.260000,177.530000,338.700000,497.000000,62.280000,485.500000,568.560000,3.120000,5.120000,41.200000,5.320000,17.630000,447.050000,0.039000,23.970000
2023-06-27,300.240000,178.730000,341.860000,503.250000,62.200000,490.300000,572.930000,3.140000,5.160000,41.760000,5.320000,17.490000,450.060000,0.039300,24.230000
2023-06-28,301.290000,178.850000,342.740000,503.310000,62.390000,492.740000,572.720000,3.130000,5.160000,41.920000,5.300000,17.310000,450.360000,0.039300,24.390000
2023-06-30,300.410000,180.350000,342.350000,506.620000,62.690000,495.680000,574.200000,3.150000,5.200000,42.160000,5.220000,17.430000,454.130000,0.039400,24.310000
2023-07-01,299.700000,179.700000,341.440000,501.900000,62.310000,490.700000,571.660000,3.130000,5.190000,42.100000,5.140000,17.360000,452.510000,0.039300,23.870000
2023-07-02,299.520000,178.440000,339.480000,501.880000,61.970000,490.220000,570.830000,3.110000,5.150000,41.930000,5.170000,17.250000,449.330000,0.039000,23.870000
2023-07-04,297.870000,177.960000,337.980000,498.200000,61.850000,487.970000,567.690000,3.100000,5.140000,41.740000,5.010000,17.190000,448.130000,0.039000,23.910000
2023-07-05,298.720000,180.160000,337.610000,499.100000,61.880000,486.910000,567.240000,3.090000,5.140000,41.950000,4.990000,17.270000,446.790000,0.038800,23.920000
2023-07-06,296.040000,176.260000,334.420000,494.140000,61.280000,483.470000,564.170000,3.080000,5.080000,41.570000,4.900000,17.130000,443.840000,0.038500,23.650000
2023-07-11,295.270000,176.680000,334.730000,500.380000,61.490000,487.640000,569.640000,3.120000,5.070000,42.170000,4.850000,17.050000,444.890000,0.038500,23.650000
2023-07-12,294.400000,175.180000,332.560000,499.840000,61.260000,485.400000,569.560000,3.140000,5.030000,42.340000,4.880000,17.020000,441.110000,0.038200,23.620000
2023-07-13,294.900000,174.950000,333.570000,501.710000,61.290000,485.620000,569.590000,3.150000,5.020000,42.790000,4.870000,16.850000,440.550000,0.038100,23.860000
2023-07-14,303.550000,176.090000,336.750000,513.250000,61.910000,494.830000,578.860000,3.200000,5.050000,43.960000,4.920000,16.950000,443.400000,0.038300,24.550000
2023-07-15,306.730000,177.310000,340.380000,520.190000,62.550000,501.170000,585.420000,3.220000,5.080000,44.810000,4.950000,17.040000,446.480000,0.038600,24.720000
2023-07-18,303.910000,177.250000,337.650000,520.270000,62.240000,501.730000,584.350000,3.230000,5.080000,44.450000,4.950000,17.090000,446.340000,0.038600,24.750000
2023-07-19,302.690000,176.380000,336.680000,517.480000,61.930000,499.540000,581.880000,3.210000,5.050000,44.290000,4.910000,16.560000,444.150000,0.038300,24.810000
2023-07-20,299.610000,175.800000,335.970000,515.880000,61.340000,497.090000,573.090000,3.170000,5.040000,43.910000,4.860000,16.440000,442.680000,0.038200,24.680000
2023-07-21,303.330000,176.320000,338.300000,517.410000,61.880000,497.800000,573.370000,3.180000,5.050000,44.600000,4.890000,16.490000,443.990000,0.038400,24.990000
2023-07-22,300.340000,176.650000,337.820000,513.460000,61.960000,494.940000,572.290000,3.140000,5.060000,44.310000,4.920000,16.630000,444.810000,0.038400,24.660000
2023-07-25,300.050000,176.820000,337.530000,514.310000,61.880000,493.370000,571.240000,3.150000,5.070000,44.160000,4.930000,16.520000,445.240000,0.038400,24.770000
2023-07-26,301.040000,176.740000,337.700000,511.920000,62.330000,491.390000,571.190000,3.150000,5.070000,44.180000,4.940000,16.620000,445.060000,0.038500,25.160000
2023-07-27,300.340000,176.440000,336.400000,515.780000,62.110000,492.010000,573.620000,3.170000,5.060000,44.030000,4.940000,16.590000,444.290000,0.038300,25.120000
2023-07-28,302.410000,176.610000,337.550000,519.650000,62.230000,495.370000,577.110000,3.180000,5.060000,44.330000,4.950000,16.500000,444.720000,0.038300,25.490000
2023-07-29,296.470000,176.990000,337.070000,512.100000,62.310000,489.000000,571.180000,3.200000,5.090000,43.810000,4.900000,16.650000,445.680000,0.038500,25.130000
2023-08-01,298.870000,177.150000,337.270000,512.780000,62.390000,492.100000,573.560000,3.140000,5.090000,43.970000,4.880000,16.550000,446.070000,0.038500,25.200000
2023-08-02,295.110000,176.740000,335.680000,508.560000,62.110000,488.390000,570.410000,3.120000,5.070000,43.650000,4.840000,16.500000,445.040000,0.038400,24.690000
2023-08-03,292.060000,176.190000,333.300000,505.940000,61.800000,487.090000,566.860000,3.110000,5.050000,43.650000,4.770000,16.450000,443.660000,0.038200,24.170000
2023-08-04,290.680000,176.720000,332.940000,507.770000,62.030000,486.440000,563.650000,3.110000,5.070000,43.170000,4.750000,16.490000,445.010000,0.038300,23.980000
2023-08-05,292.070000,176.840000,333.230000,507.340000,61.990000,487.280000,565.830000,3.120000,5.070000,43.620000,4.690000,16.500000,445.290000,0.038300,23.820000
2023-08-08,292.900000,177.260000,333.480000,509.080000,62.110000,489.430000,567.680000,3.140000,5.080000,43.850000,4.620000,16.640000,446.360000,0.038400,23.970000
2023-08-09,290.400000,177.070000,331.760000,509.580000,61.820000,489.090000,567.610000,3.120000,5.070000,43.440000,4.640000,16.500000,445.880000,0.038300,23.700000
2023-08-10,292.160000,177.240000,332.700000,509.670000,61.960000,489.930000,568.210000,3.110000,5.080000,43.760000,4.590000,16.510000,446.320000,0.038300,23.540000
2023-08-11,291.810000,176.730000,332.060000,509.540000,61.730000,490.380000,567.810000,3.090000,5.060000,43.720000,4.560000,16.460000,445.030000,0.038200,23.660000
2023-08-12,290.490000,177.040000,331.310000,508.390000,61.590000,489.280000,565.910000,3.080000,5.070000,42.900000,4.530000,16.480000,445.810000,0.037000,23.620000
2023-08-15,291.380000,178.130000,333.670000,511.690000,61.800000,491.210000,569.930000,3.090000,5.100000,43.020000,4.420000,16.580000,448.550000,0.037300,23.670000
2023-08-16,290.840000,178.380000,333.160000,513.400000,61.680000,491.390000,571.570000,3.090000,5.160000,42.900000,4.580000,16.710000,449.170000,0.037300,23.420000
2023-08-17,293.430000,180.410000,336.690000,517.250000,62.290000,496.100000,579.230000,3.120000,5.150000,43.300000,4.700000,16.790000,454.300000,0.037700,23.760000
2023-08-18,297.280000,183.940000,342.650000,526.950000,63.390000,503.580000,589.220000,3.170000,5.250000,43.640000,4.990000,17.090000,463.190000,0.038400,24.190000
2023-08-19,295.360000,183.360000,341.000000,524.610000,63.310000,501.690000,587.480000,3.170000,5.230000,43.470000,4.950000,17.030000,461.710000,0.038300,24.180000
2023-08-22,289.950000,179.640000,334.600000,514.320000,62.000000,493.050000,576.240000,3.100000,5.120000,42.750000,4.800000,16.760000,452.340000,0.037500,23.840000
2023-08-23,292.400000,179.950000,335.080000,516.980000,62.130000,494.180000,579.550000,3.110000,5.130000,42.890000,4.810000,16.660000,453.130000,0.037500,24.110000
2023-08-24,294.170000,181.930000,337.730000,520.130000,62.840000,495.150000,579.210000,3.150000,5.200000,42.820000,4.860000,16.840000,458.130000,0.038000,24.480000
2023-08-25,297.830000,183.490000,341.140000,524.570000,63.470000,501.220000,585.450000,3.180000,5.240000,43.360000,4.890000,16.980000,462.040000,0.038400,24.780000
2023-08-26,295.380000,182.740000,338.660000,519.500000,63.120000,496.480000,579.030000,3.150000,5.220000,43.050000,4.890000,17.430000,460.170000,0.038300,24.670000
2023-08-29,297.220000,184.290000,341.290000,525.000000,63.630000,501.450000,583.590000,3.170000,5.260000,43.330000,4.870000,17.590000,464.050000,0.038500,24.790000
2023-08-30,297.670000,183.250000,339.270000,522.170000,63.300000,498.960000,582.060000,3.150000,5.230000,43.200000,4.830000,17.330000,461.440000,0.038300,24.960000
2023-09-01,297.330000,182.550000,339.300000,521.070000,63.060000,499.820000,583.070000,3.150000,5.210000,43.110000,4.770000,17.230000,459.690000,0.038100,24.510000
2023-09-02,295.330000,181.240000,338.040000,517.160000,62.850000,495.090000,578.610000,3.140000,5.170000,43.020000,4.740000,17.200000,456.390000,0.037700,24.350000
2023-09-05,297.080000,182.490000,337.960000,519.820000,63.210000,496.010000,580.330000,3.140000,5.210000,43.150000,4.760000,17.160000,459.520000,0.038000,24.310000
2023-09-06,293.280000,182.670000,336.930000,518.160000,62.980000,494.280000,577.310000,3.130000,5.210000,42.930000,4.710000,17.170000,459.970000,0.038000,24.000000
2023-09-07,294.890000,183.240000,337.910000,518.500000,63.160000,495.140000,579.160000,3.130000,5.230000,43.060000,4.720000,17.210000,461.410000,0.038100,23.990000
2023-09-08,296.480000,184.460000,340.350000,520.950000,63.390000,497.640000,579.110000,3.150000,5.260000,43.320000,4.720000,17.310000,464.480000,0.038300,24.190000
2023-09-09,298.150000,185.180000,341.230000,523.040000,63.570000,499.070000,581.980000,3.170000,5.280000,43.700000,4.770000,17.370000,466.290000,0.038500,24.420000
2023-09-12,297.720000,183.820000,340.550000,519.210000,63.450000,496.720000,580.080000,3.160000,5.240000,43.490000,4.810000,17.230000,462.880000,0.038100,24.460000
2023-09-13,295.870000,182.880000,339.250000,516.430000,63.170000,493.700000,574.200000,3.140000,5.210000,43.180000,4.870000,17.150000,460.500000,0.037900,24.360000
2023-09-14,297.320000,184.260000,342.240000,519.630000,63.740000,497.760000,578.170000,3.150000,5.250000,43.410000,4.840000,17.290000,463.980000,0.038100,24.540000
2023-09-15,299.710000,185.130000,344.550000,521.980000,64.070000,500.070000,580.860000,3.160000,5.270000,43.450000,4.850000,17.300000,466.180000,0.038400,24.680000
2023-09-16,301.540000,185.570000,345.990000,521.940000,64.210000,498.220000,580.840000,3.160000,5.270000,43.640000,4.840000,17.460000,467.290000,0.038500,24.550000
2023-09-19,302.050000,186.370000,347.480000,524.080000,64.330000,500.800000,581.940000,3.180000,5.290000,43.320000,4.870000,17.370000,469.310000,0.038600,24.680000
2023-09-20,304.320000,187.220000,350.680000,525.940000,64.660000,503.930000,583.990000,3.190000,5.310000,43.820000,4.900000,17.440000,471.450000,0.038800,24.880000
2023-09-21,306.130000,187.930000,352.360000,527.680000,64.860000,506.110000,585.470000,3.200000,5.330000,44.070000,4.900000,17.500000,473.220000,0.039000,25.000000
2023-09-22,304.850000,189.020000,352.590000,524.990000,65.150000,506.950000,584.950000,3.210000,5.370000,44.130000,4.960000,17.730000,475.960000,0.039200,25.210000
2023-09-23,306.010000,188.730000,353.080000,524.440000,65.080000,505.520000,581.660000,3.200000,5.360000,44.220000,4.950000,17.510000,475.250000,0.039100,25.240000
2023-09-26,304.480000,188.230000,351.960000,521.030000,64.830000,504.030000,579.580000,3.190000,5.340000,44.100000,4.930000,17.420000,473.980000,0.038900,25.270000
2023-09-27,305.690000,189.380000,353.540000,522.790000,65.240000,505.270000,581.040000,3.200000,5.380000,44.180000,4.950000,17.500000,476.890000,0.039100,25.210000
2023-09-28,307.720000,191.720000,356.710000,526.810000,66.020000,509.710000,586.520000,3.240000,5.440000,44.820000,5.000000,17.760000,482.770000,0.039700,25.200000
2023-09-29,304.980000,189.650000,354.120000,520.850000,65.390000,503.220000,582.350000,3.200000,5.380000,44.600000,4.920000,17.420000,477.570000,0.039300,24.900000
2023-09-30,308.070000,188.420000,353.500000,520.820000,64.990000,503.510000,581.750000,3.180000,5.350000,44.770000,4.880000,17.310000,474.470000,0.039000,25.270000
2023-10-03,305.950000,145.610000,351.520000,524.100000,65.520000,504.040000,581.720000,3.200000,5.390000,44.660000,4.860000,17.500000,478.350000,0.039200,25.140000
2023-10-04,301.190000,145.230000,347.930000,518.020000,65.370000,500.250000,576.470000,3.180000,5.380000,43.920000,4.810000,17.360000,477.250000,0.039200,24.740000
2023-10-05,301.250000,145.030000,347.980000,518.880000,65.280000,500.230000,577.910000,3.200000,5.370000,43.610000,4.790000,17.290000,476.590000,0.039100,24.730000
2023-10-06,302.410000,145.250000,346.550000,520.650000,65.390000,501.600000,578.750000,3.210000,5.380000,43.340000,4.790000,17.400000,477.440000,0.039200,24.460000
2023-10-07,304.230000,145.550000,348.910000,524.250000,65.530000,504.840000,583.780000,3.210000,5.390000,43.650000,4.770000,17.440000,478.430000,0.039300,24.680000
2023-10-10,303.430000,145.120000,349.230000,523.970000,65.480000,502.450000,581.390000,3.200000,5.360000,43.850000,4.730000,17.220000,477.020000,0.039200,24.620000
2023-10-11,306.080000,145.130000,351.170000,527.830000,65.410000,505.890000,585.390000,3.210000,5.370000,44.110000,4.810000,17.210000,477.210000,0.039300,24.940000
2023-10-12,306.050000,145.000000,350.500000,528.290000,65.290000,505.530000,585.680000,3.210000,5.360000,44.090000,4.780000,17.190000,476.780000,0.039100,25.210000
2023-10-13,304.980000,144.700000,350.150000,528.760000,65.190000,505.180000,585.110000,3.190000,5.350000,43.860000,4.910000,17.150000,475.780000,0.039000,25.300000
2023-10-14,301.070000,145.060000,348.900000,525.600000,65.280000,502.210000,581.440000,3.190000,5.350000,43.610000,4.910000,17.160000,476.980000,0.039100,25.120000
2023-10-17,301.380000,144.960000,349.420000,528.020000,65.180000,501.850000,578.930000,3.190000,5.350000,43.570000,4.900000,17.100000,476.640000,0.039100,25.250000
2023-10-18,303.070000,145.110000,350.050000,529.250000,65.240000,503.500000,580.370000,3.190000,5.350000,43.560000,4.900000,17.090000,477.120000,0.039200,25.350000
2023-10-19,304.810000,145.370000,350.840000,532.340000,65.360000,505.140000,582.910000,3.190000,5.350000,43.690000,4.910000,17.070000,477.990000,0.039200,25.430000
2023-10-20,302.260000,145.800000,349.110000,533.670000,65.520000,505.480000,580.270000,3.200000,5.370000,43.230000,4.930000,17.120000,479.400000,0.039400,25.120000
2023-10-21,302.430000,145.700000,349.860000,537.300000,65.480000,507.230000,580.810000,3.190000,5.360000,43.420000,5.010000,17.100000,479.060000,0.039200,25.120000
2023-10-24,301.190000,145.610000,348.930000,536.320000,65.430000,507.020000,581.560000,3.190000,5.360000,43.010000,5.070000,17.070000,478.770000,0.039300,25.030000
2023-10-25,302.740000,144.720000,347.650000,532.820000,65.090000,505.980000,582.500000,3.180000,5.330000,42.880000,5.080000,17.010000,475.860000,0.039000,24.940000
2023-10-27,300.630000,144.850000,345.310000,530.200000,65.070000,502.140000,575.770000,3.170000,5.330000,42.500000,5.090000,16.920000,476.280000,0.039100,24.960000
2023-10-28,298.830000,143.030000,340.870000,522.790000,64.260000,496.780000,570.710000,3.140000,5.270000,42.090000,5.040000,16.690000,470.300000,0.038600,24.940000
2023-10-31,300.530000,143.510000,340.870000,522.560000,64.490000,499.290000,572.240000,3.150000,5.280000,42.330000,5.070000,16.710000,471.870000,0.038700,25.150000
2023-11-01,299.040000,142.840000,340.000000,520.810000,64.210000,501.090000,572.620000,3.120000,5.260000,42.230000,5.110000,16.680000,469.670000,0.038500,25.040000
2023-11-02,297.760000,142.970000,338.510000,516.980000,64.230000,495.850000,570.550000,3.110000,5.260000,41.930000,5.050000,16.600000,470.090000,0.038500,25.120000
2023-11-03,301.480000,142.370000,339.050000,518.470000,63.970000,497.340000,570.420000,3.110000,5.240000,42.020000,5.030000,16.520000,468.130000,0.038300,25.470000
2023-11-04,299.600000,141.460000,338.510000,514.420000,63.580000,495.140000,568.120000,3.090000,5.210000,41.720000,5.010000,16.480000,465.140000,0.038000,25.230000
2023-11-07,300.600000,140.650000,338.820000,515.160000,63.620000,496.730000,573.130000,3.090000,5.180000,42.010000,5.010000,16.260000,462.460000,0.037800,25.320000
2023-11-08,298.250000,141.260000,337.880000,516.040000,63.770000,496.170000,571.370000,3.090000,5.200000,41.610000,5.030000,16.310000,464.490000,0.037900,25.280000
2023-11-09,299.820000,141.960000,338.600000,517.560000,64.120000,497.780000,571.720000,3.100000,5.230000,41.630000,5.070000,16.440000,466.790000,0.038000,25.200000
2023-11-10,299.830000,142.350000,339.460000,519.770000,64.250000,500.670000,575.650000,3.100000,5.240000,41.890000,5.090000,16.500000,468.050000,0.038100,25.190000
2023-11-11,297.440000,142.300000,338.940000,518.620000,64.170000,499.480000,571.590000,3.090000,5.240000,42.000000,5.080000,16.390000,467.900000,0.038100,25.000000
2023-11-14,296.960000,141.690000,337.360000,516.450000,63.920000,497.990000,570.300000,3.070000,5.220000,41.880000,5.060000,16.300000,465.890000,0.038000,24.910000
2023-11-15,295.620000,141.010000,335.540000,514.310000,63.620000,496.750000,570.340000,3.060000,5.190000,41.760000,5.070000,16.200000,463.650000,0.037800,24.800000
2023-11-16,300.180000,140.360000,336.960000,519.100000,63.680000,500.760000,575.160000,3.070000,5.170000,42.530000,5.170000,16.100000,461.530000,0.037600,25.360000
2023-11-17,299.820000,140.370000,336.970000,519.120000,63.680000,500.780000,572.370000,3.050000,5.170000,42.690000,5.190000,16.090000,461.550000,0.037600,25.340000
2023-11-18,300.170000,140.750000,336.800000,521.450000,63.960000,502.170000,574.230000,3.090000,5.180000,42.390000,5.200000,16.120000,462.790000,0.037700,25.200000
2023-11-21,303.530000,140.680000,337.680000,524.090000,64.570000,505.810000,578.520000,3.120000,5.190000,43.090000,5.240000,16.160000,462.560000,0.037700,25.200000
2023-11-22,300.990000,139.610000,334.360000,519.220000,64.330000,502.330000,575.180000,3.110000,5.150000,43.030000,5.220000,15.940000,459.040000,0.037500,24.970000
2023-11-23,299.360000,138.930000,333.210000,516.600000,63.890000,497.990000,572.360000,3.060000,5.130000,42.660000,5.180000,15.850000,456.830000,0.037200,24.420000
2023-11-24,302.530000,140.250000,337.060000,522.390000,64.590000,503.640000,579.000000,3.090000,5.190000,42.960000,5.230000,16.000000,461.170000,0.037500,24.650000
2023-11-25,303.830000,140.840000,338.220000,523.800000,64.730000,504.860000,581.090000,3.090000,5.210000,43.020000,5.210000,16.040000,463.090000,0.037700,24.460000
2023-11-28,303.000000,139.710000,336.510000,521.180000,64.200000,502.920000,579.170000,3.080000,5.180000,42.930000,5.180000,15.890000,459.370000,0.037400,24.520000
2023-11-29,303.840000,139.610000,337.980000,521.100000,64.180000,502.920000,579.630000,3.090000,5.170000,43.080000,5.180000,15.870000,459.040000,0.037300,24.540000
2023-11-30,304.130000,139.610000,338.170000,523.740000,64.420000,503.770000,582.040000,3.110000,5.160000,43.050000,5.160000,15.950000,459.060000,0.037300,24.780000
2023-12-01,302.900000,139.300000,336.700000,523.650000,64.220000,500.410000,579.370000,3.110000,5.140000,42.810000,5.170000,15.970000,458.040000,0.037300,24.300000
2023-12-02,305.080000,139.940000,340.420000,526.670000,64.480000,501.380000,582.830000,3.110000,5.160000,42.840000,5.110000,15.900000,460.150000,0.037500,24.590000
2023-12-05,306.780000,140.300000,340.820000,528.810000,64.640000,501.650000,584.550000,3.150000,5.170000,42.980000,5.100000,16.070000,461.330000,0.037500,24.670000
2023-12-06,303.190000,140.220000,340.230000,527.880000,64.560000,499.320000,582.310000,3.140000,5.160000,42.480000,5.030000,15.950000,461.050000,0.037600,24.530000
2023-12-07,302.000000,139.730000,338.260000,525.700000,64.190000,495.710000,578.830000,3.120000,5.140000,41.910000,4.930000,15.880000,459.460000,0.037400,24.200000
2023-12-08,301.880000,139.870000,338.420000,526.330000,64.330000,495.280000,578.290000,3.170000,5.150000,42.120000,4.970000,15.900000,459.910000,0.037500,24.380000
2023-12-09,302.300000,139.170000,337.020000,522.980000,63.900000,493.070000,574.530000,3.170000,5.120000,42.080000,4.990000,15.790000,457.610000,0.037200,24.230000
2023-12-12,300.590000,139.440000,337.350000,521.780000,63.860000,493.610000,575.220000,3.140000,5.130000,41.970000,5.040000,15.880000,458.490000,0.037300,24.020000
2023-12-13,300.890000,138.840000,336.520000,520.250000,63.620000,492.680000,573.530000,3.140000,5.110000,41.850000,5.060000,15.720000,456.520000,0.037100,24.090000
2023-12-14,298.660000,138.590000,335.240000,520.190000,63.450000,491.460000,570.660000,3.120000,5.100000,41.450000,5.070000,15.680000,455.690000,0.037000,23.960000
2023-12-15,305.590000,138.570000,338.730000,523.170000,63.870000,496.730000,577.060000,3.220000,5.110000,43.160000,5.080000,15.690000,455.630000,0.036900,24.580000
2023-12-16,307.400000,139.120000,342.040000,527.860000,64.380000,501.260000,584.290000,3.230000,5.140000,43.700000,5.110000,15.740000,457.440000,0.037100,25.210000
2023-12-20,308.230000,139.290000,342.170000,528.870000,64.130000,501.100000,581.570000,3.170000,5.140000,44.230000,5.080000,15.750000,458.000000,0.037000,24.760000
2023-12-21,308.650000,138.740000,342.270000,529.640000,63.920000,500.110000,578.300000,3.180000,5.120000,44.410000,5.050000,15.660000,456.180000,0.036900,24.950000
2023-12-22,308.330000,138.980000,342.390000,530.150000,63.950000,500.040000,577.180000,3.190000,5.140000,44.240000,4.970000,15.680000,456.990000,0.037000,24.990000
2023-12-23,312.220000,139.800000,346.200000,537.270000,64.520000,505.750000,583.120000,3.230000,5.170000,44.940000,5.010000,15.740000,459.690000,0.037200,24.980000
2023-12-26,311.600000,139.180000,345.300000,534.430000,64.140000,503.990000,580.960000,3.210000,5.130000,44.960000,4.980000,15.700000,457.630000,0.037000,24.750000
2023-12-27,310.140000,138.750000,344.210000,532.100000,63.840000,502.390000,578.940000,3.200000,5.110000,44.550000,4.990000,15.550000,456.220000,0.036900,24.410000
2023-12-28,311.200000,138.240000,345.000000,534.750000,63.730000,503.460000,579.300000,3.190000,5.120000,44.840000,4.970000,15.500000,455.500000,0.036900,24.600000
2023-12-29,309.790000,137.670000,343.350000,543.090000,63.830000,504.770000,580.300000,3.220000,5.100000,44.930000,5.010000,15.400000,453.640000,0.036700,24.430000
2023-12-30,309.240000,137.950000,343.090000,541.080000,63.940000,502.240000,577.470000,3.200000,5.100000,44.690000,5.060000,15.380000,454.560000,0.036900,24.540000
2024-01-04,308.420000,138.670000,343.040000,536.960000,63.970000,499.840000,577.130000,3.200000,5.130000,44.030000,5.000000,15.420000,457.060000,0.037100,24.420000
2024-01-05,307.540000,138.370000,342.310000,537.020000,63.820000,500.150000,580.060000,3.170000,5.120000,44.350000,5.000000,15.320000,456.090000,0.037000,24.490000
2024-01-06,302.940000,137.570000,339.090000,531.700000,63.380000,494.740000,574.000000,3.120000,5.090000,43.920000,4.980000,15.200000,453.430000,0.036800,24.160000
2024-01-09,303.370000,137.560000,338.910000,532.720000,63.320000,495.930000,576.000000,3.140000,5.090000,43.680000,4.990000,15.170000,453.400000,0.036700,24.260000
2024-01-10,303.820000,138.760000,339.420000,533.540000,63.300000,495.970000,577.140000,3.150000,5.090000,43.720000,5.020000,15.140000,453.190000,0.036600,24.310000
2024-01-11,304.100000,138.800000,339.100000,532.090000,63.220000,496.180000,576.780000,3.130000,5.080000,43.880000,5.070000,15.130000,453.340000,0.036800,24.340000
2024-01-12,304.040000,138.730000,338.930000,532.580000,63.270000,496.800000,577.180000,3.110000,5.070000,43.850000,5.100000,15.100000,453.120000,0.036500,24.310000
2024-01-13,302.350000,138.190000,337.950000,528.740000,62.990000,494.750000,575.450000,3.110000,5.050000,43.930000,5.120000,15.000000,451.330000,0.036600,24.240000
2024-01-16,300.430000,138.200000,336.520000,528.600000,62.910000,494.020000,574.320000,3.100000,5.050000,43.700000,5.150000,15.000000,451.370000,0.036600,24.180000
2024-01-17,297.960000,138.160000,334.360000,524.530000,62.730000,491.140000,570.330000,3.080000,5.050000,43.220000,5.150000,14.990000,451.250000,0.036600,23.900000
2024-01-18,296.820000,138.680000,335.070000,525.590000,62.980000,492.670000,574.300000,3.070000,5.070000,43.200000,5.130000,15.040000,452.950000,0.036800,23.760000
2024-01-19,296.470000,138.330000,334.820000,522.740000,62.820000,491.650000,572.570000,3.060000,5.060000,43.000000,5.100000,14.990000,451.800000,0.036700,23.870000
2024-01-20,296.980000,137.790000,334.200000,518.300000,62.590000,489.730000,570.740000,3.040000,5.040000,43.020000,5.090000,14.910000,450.040000,0.036500,23.740000
2024-01-23,295.410000,137.350000,334.140000,517.130000,62.350000,488.760000,569.910000,3.030000,5.020000,42.720000,5.110000,14.840000,448.610000,0.036400,23.410000
2024-01-24,293.800000,136.560000,331.030000,513.860000,62.220000,485.550000,567.660000,3.020000,4.990000,42.480000,5.070000,14.730000,446.030000,0.036200,23.350000
2024-01-25,293.980000,136.380000,331.400000,514.890000,62.210000,485.560000,568.500000,3.020000,4.990000,42.610000,5.040000,14.710000,445.430000,0.036200,23.640000
2024-01-26,293.710000,136.560000,330.270000,516.720000,62.200000,485.910000,567.570000,3.020000,4.990000,42.830000,5.030000,14.730000,446.030000,0.036200,23.650000
2024-01-27,296.380000,137.700000,334.280000,519.990000,62.690000,487.700000,571.750000,3.040000,5.040000,43.050000,5.030000,14.840000,449.740000,0.036500,23.920000
2024-01-30,296.990000,141.950000,334.930000,522.200000,62.660000,487.010000,571.610000,3.050000,5.040000,43.140000,5.020000,14.830000,449.980000,0.036500,23.950000
2024-01-31,296.020000,137.220000,334.360000,519.320000,62.430000,485.140000,568.190000,3.040000,5.020000,43.000000,5.030000,14.820000,448.170000,0.036400,23.750000
2024-02-01,294.700000,137.090000,333.590000,519.060000,62.390000,484.500000,567.200000,3.030000,5.010000,42.730000,4.990000,14.750000,447.740000,0.036300,23.920000
2024-02-02,293.480000,137.670000,334.430000,521.200000,62.600000,485.610000,569.020000,3.060000,5.030000,42.780000,4.980000,14.860000,449.640000,0.036500,24.050000
2024-02-03,297.860000,138.160000,337.530000,527.090000,62.870000,491.360000,575.560000,3.080000,5.050000,43.220000,4.980000,14.820000,451.240000,0.036600,24.210000
2024-02-06,294.510000,138.750000,336.070000,520.750000,62.950000,487.240000,570.980000,3.050000,5.070000,42.600000,4.970000,14.840000,453.160000,0.036800,23.880000
2024-02-07,295.170000,139.180000,335.940000,521.020000,63.240000,487.730000,570.150000,3.060000,5.080000,42.510000,5.010000,14.870000,454.590000,0.036900,23.980000
2024-02-08,295.160000,138.430000,335.690000,518.930000,62.850000,486.910000,571.100000,3.060000,5.060000,42.680000,4.960000,14.780000,452.140000,0.036700,23.990000
2024-02-09,293.040000,137.880000,334.550000,515.910000,62.580000,485.470000,568.780000,3.030000,5.040000,42.490000,4.930000,14.720000,450.340000,0.036600,23.800000
2024-02-10,290.880000,136.890000,332.320000,510.620000,62.160000,481.300000,563.790000,2.990000,5.000000,42.230000,4.920000,14.570000,447.100000,0.036300,23.500000
2024-02-13,291.080000,136.770000,331.790000,510.300000,62.110000,481.030000,563.760000,3.000000,5.000000,42.450000,4.900000,14.550000,446.720000,0.036300,23.460000
2024-02-14,291.960000,137.160000,333.100000,509.370000,62.280000,482.260000,566.930000,3.000000,5.010000,42.640000,4.910000,14.580000,447.990000,0.036400,23.800000
2024-02-15,289.500000,136.910000,330.210000,504.020000,62.170000,478.470000,560.620000,2.970000,5.000000,42.030000,4.890000,14.610000,447.170000,0.036300,23.350000
2024-02-16,291.020000,137.190000,331.040000,507.490000,62.290000,480.810000,562.490000,2.990000,5.010000,42.370000,4.880000,14.570000,448.060000,0.036400,23.600000
2024-02-17,292.670000,137.370000,332.900000,509.280000,62.380000,483.000000,564.620000,2.990000,5.020000,42.630000,4.850000,14.560000,448.680000,0.036400,23.740000
2024-02-20,294.350000,137.820000,334.130000,511.000000,62.530000,484.980000,567.760000,3.000000,5.030000,42.860000,4.870000,14.580000,450.140000,0.036500,23.720000
2024-02-21,296.810000,138.680000,335.710000,513.770000,62.930000,489.040000,570.750000,3.010000,5.060000,43.220000,4.900000,14.660000,452.940000,0.036300,23.800000
2024-02-22,295.410000,138.020000,333.310000,511.980000,62.710000,486.770000,568.460000,3.000000,5.040000,42.870000,4.880000,14.560000,450.800000,0.036600,23.840000
2024-02-23,296.500000,137.920000,334.900000,513.650000,62.650000,488.810000,570.930000,3.000000,5.040000,43.170000,4.840000,14.520000,450.470000,0.036200,23.800000
2024-02-24,294.760000,137.740000,333.370000,510.300000,62.500000,486.640000,569.370000,2.980000,5.030000,42.630000,4.830000,14.470000,449.880000,0.036100,23.270000
2024-02-27,294.540000,137.770000,332.790000,511.550000,62.520000,487.670000,570.500000,2.990000,5.030000,42.680000,4.860000,14.460000,449.960000,0.036200,23.260000
2024-02-28,294.110000,137.440000,332.730000,510.390000,62.360000,487.090000,569.600000,2.990000,5.020000,42.690000,4.890000,14.420000,448.890000,0.036000,23.410000
2024-02-29,292.810000,138.180000,332.160000,512.100000,62.690000,487.320000,569.690000,2.990000,5.050000,42.540000,4.900000,14.470000,451.310000,0.036100,23.420000
2024-03-01,292.990000,137.970000,331.770000,513.280000,62.630000,488.910000,570.610000,3.010000,5.040000,42.530000,4.970000,14.430000,450.610000,0.036100,23.450000
2024-03-02,293.350000,138.090000,332.200000,509.520000,62.660000,487.470000,569.560000,3.000000,5.040000,42.630000,4.940000,14.390000,451.030000,0.036300,23.480000
2024-03-05,295.670000,138.800000,334.400000,513.420000,62.970000,492.020000,574.530000,3.010000,5.070000,43.040000,4.960000,14.390000,453.350000,0.036200,23.790000
2024-03-06,292.530000,137.940000,331.760000,508.500000,62.580000,488.730000,571.450000,3.000000,5.040000,42.650000,4.950000,14.250000,450.530000,0.036200,23.730000
2024-03-07,291.780000,137.020000,329.400000,505.620000,62.160000,486.680000,569.290000,2.990000,5.000000,42.430000,4.960000,14.110000,447.520000,0.035700,23.690000
2024-03-08,295.480000,136.950000,331.350000,508.170000,62.140000,487.320000,570.650000,3.030000,5.000000,42.750000,4.930000,14.050000,447.290000,0.035800,23.790000
2024-03-12,296.910000,137.450000,333.170000,511.990000,62.480000,491.150000,576.580000,3.060000,5.020000,43.020000,4.960000,14.030000,448.910000,0.036100,24.000000
2024-03-13,297.210000,137.560000,333.610000,512.840000,62.610000,491.260000,574.970000,3.050000,5.020000,43.000000,4.930000,14.020000,449.300000,0.036100,24.200000
2024-03-14,297.200000,137.750000,333.520000,512.340000,62.550000,491.680000,575.450000,3.040000,5.030000,42.800000,4.910000,14.020000,449.890000,0.036100,24.110000
2024-03-15,297.430000,137.520000,333.530000,510.760000,62.470000,491.290000,575.330000,3.040000,5.020000,42.880000,4.910000,13.980000,449.160000,0.036000,24.130000
2024-03-16,294.450000,137.340000,331.520000,507.790000,62.340000,488.550000,571.890000,3.020000,5.010000,42.420000,4.880000,13.930000,448.580000,0.035900,24.010000
2024-03-19,295.100000,137.560000,331.780000,508.780000,62.420000,489.690000,572.230000,3.010000,5.020000,42.470000,4.890000,13.910000,449.300000,0.035900,23.860000
2024-03-20,293.650000,138.110000,332.430000,507.340000,62.660000,489.060000,571.970000,3.000000,5.040000,42.160000,4.880000,13.950000,451.080000,0.036100,23.750000
2024-03-21,294.000000,138.170000,331.790000,506.360000,62.690000,489.130000,572.800000,2.980000,5.040000,42.200000,4.870000,13.930000,451.270000,0.036100,23.870000
2024-03-27,295.070000,137.800000,331.840000,499.860000,62.350000,488.510000,569.560000,2.980000,5.030000,42.010000,4.860000,13.980000,450.070000,0.035900,23.780000
2024-03-28,293.440000,137.650000,330.770000,496.500000,62.220000,486.940000,567.860000,2.970000,5.020000,41.770000,4.860000,14.010000,449.580000,0.035900,23.810000
2024-03-29,290.890000,137.210000,329.590000,494.970000,61.990000,483.460000,565.300000,2.960000,5.010000,41.370000,4.860000,13.860000,448.150000,0.035700,23.570000
2024-03-30,290.990000,136.790000,329.730000,495.930000,61.880000,481.810000,563.480000,2.950000,4.990000,41.100000,4.840000,13.810000,446.780000,0.035400,23.660000
2024-04-02,290.980000,136.730000,329.830000,495.190000,61.760000,481.350000,563.160000,2.950000,4.990000,41.100000,4.840000,13.770000,446.560000,0.035500,23.680000
2024-04-03,291.030000,137.020000,330.010000,492.870000,61.850000,480.830000,562.320000,2.950000,5.010000,41.080000,4.840000,13.950000,447.530000,0.035600,23.790000
2024-04-04,290.980000,136.830000,329.260000,492.030000,61.760000,481.550000,562.030000,2.950000,5.000000,41.250000,4.850000,14.060000,446.910000,0.035600,23.760000
2024-04-05,295.170000,136.700000,330.760000,492.870000,61.730000,484.840000,565.300000,2.940000,5.000000,41.800000,4.850000,14.000000,446.490000,0.035400,24.000000
2024-04-06,294.160000,136.790000,329.610000,494.880000,61.770000,484.000000,564.330000,2.950000,5.000000,41.710000,4.840000,14.000000,446.780000,0.035200,24.030000
2024-04-09,293.880000,136.540000,328.190000,492.440000,61.660000,482.960000,563.370000,2.940000,4.990000,41.710000,4.820000,13.900000,445.950000,0.035300,24.040000
2024-04-10,295.430000,136.600000,328.890000,494.340000,61.680000,484.870000,565.970000,2.940000,5.000000,41.820000,4.810000,13.860000,446.140000,0.035400,24.140000
2024-04-11,296.150000,136.910000,329.850000,494.800000,61.830000,485.740000,567.790000,2.950000,5.020000,41.950000,4.800000,13.860000,447.150000,0.035300,24.160000
2024-04-12,292.590000,137.290000,327.670000,491.680000,61.960000,481.050000,562.220000,2.930000,5.030000,41.430000,4.790000,13.900000,448.410000,0.035400,23.840000
2024-04-13,290.680000,137.130000,325.760000,490.300000,61.890000,476.780000,558.430000,2.920000,5.030000,41.140000,4.790000,13.860000,447.890000,0.035400,23.830000
2024-04-16,290.800000,137.340000,326.530000,491.250000,61.970000,478.030000,560.300000,2.910000,5.030000,41.130000,4.790000,13.850000,448.560000,0.035400,23.680000
2024-04-17,287.820000,137.410000,325.340000,491.520000,62.000000,476.820000,558.590000,2.900000,5.040000,40.830000,4.770000,13.870000,448.810000,0.035400,23.550000
2024-04-18,288.410000,137.440000,325.280000,492.960000,62.020000,477.930000,559.320000,2.900000,5.040000,40.900000,4.760000,13.800000,448.890000,0.035400,23.630000
2024-04-19,288.220000,136.980000,325.220000,492.350000,61.810000,477.550000,558.130000,2.900000,5.030000,40.670000,4.760000,13.760000,447.400000,0.035300,23.490000
2024-04-20,286.160000,136.700000,324.300000,491.510000,61.660000,475.380000,555.170000,2.890000,5.020000,40.420000,4.790000,13.700000,446.490000,0.035200,23.240000
2024-04-23,286.870000,136.450000,324.870000,488.930000,61.530000,474.580000,549.230000,2.880000,5.010000,40.520000,4.780000,13.700000,445.660000,0.035100,23.350000
2024-04-24,286.590000,136.040000,324.230000,487.250000,61.310000,473.330000,548.780000,2.870000,5.000000,40.340000,4.760000,13.630000,444.320000,0.035000,23.100000
2024-04-25,288.370000,135.900000,324.330000,485.610000,61.250000,474.300000,552.020000,2.870000,5.000000,40.470000,4.800000,13.650000,443.850000,0.034900,23.160000
2024-04-26,289.900000,136.010000,324.750000,486.550000,61.310000,476.380000,555.590000,2.860000,5.000000,40.570000,4.820000,13.740000,444.220000,0.035000,23.370000
2024-04-27,289.600000,135.740000,324.660000,485.970000,61.180000,475.540000,554.680000,2.830000,4.990000,40.300000,4.820000,13.720000,443.350000,0.035100,23.510000
2024-04-30,289.720000,135.160000,323.330000,484.350000,60.960000,473.090000,553.120000,2.830000,4.970000,40.150000,4.750000,13.700000,441.440000,0.035200,23.550000
2024-05-01,288.660000,135.340000,323.020000,485.080000,61.070000,474.140000,554.330000,2.820000,4.990000,40.140000,4.740000,13.650000,442.050000,0.035000,23.670000
2024-05-03,289.210000,135.750000,323.110000,486.360000,61.240000,474.490000,554.740000,2.860000,5.000000,40.000000,4.830000,13.760000,443.370000,0.035300,23.770000
2024-05-04,292.380000,135.980000,325.140000,489.570000,61.340000,477.050000,557.660000,2.900000,5.010000,40.660000,4.850000,13.740000,444.140000,0.035200,23.990000
2024-05-05,291.850000,135.230000,322.760000,487.810000,61.000000,475.140000,554.020000,2.890000,4.980000,40.590000,4.860000,13.660000,441.660000,0.034900,23.880000
2024-05-07,291.080000,134.540000,321.360000,485.400000,60.980000,473.310000,552.580000,2.860000,4.960000,40.550000,4.820000,13.610000,439.430000,0.034800,23.860000
2024-05-11,290.400000,134.530000,321.200000,484.720000,60.820000,473.540000,550.660000,2.820000,4.970000,40.620000,4.760000,13.620000,439.400000,0.034800,23.900000
2024-05-14,291.360000,135.000000,322.360000,486.290000,60.950000,475.360000,552.520000,2.830000,4.990000,40.670000,4.820000,13.690000,440.920000,0.034700,24.000000
2024-05-15,291.390000,134.990000,322.600000,485.890000,60.950000,475.950000,553.460000,2.820000,4.990000,40.820000,4.820000,13.670000,440.900000,0.034700,23.970000
2024-05-16,293.010000,135.150000,323.800000,487.480000,61.120000,477.780000,556.440000,2.830000,5.000000,41.020000,4.840000,13.680000,441.410000,0.034700,23.980000
2024-05-17,294.750000,135.200000,324.000000,489.390000,61.190000,480.000000,559.350000,2.860000,5.000000,41.300000,4.860000,13.710000,441.580000,0.034900,24.240000
2024-05-18,294.930000,135.770000,325.060000,487.670000,61.360000,480.510000,560.910000,2.850000,5.020000,41.310000,4.880000,13.740000,443.440000,0.035000,24.260000
2024-05-21,296.670000,135.860000,325.880000,488.250000,61.350000,482.280000,563.610000,2.850000,5.030000,41.590000,4.900000,13.840000,443.720000,0.035100,24.360000
2024-05-22,294.590000,135.270000,324.190000,485.870000,61.060000,480.020000,561.790000,2.830000,5.010000,41.430000,4.880000,13.720000,441.800000,0.035000,24.380000
2024-05-23,294.320000,135.270000,323.560000,483.360000,61.020000,478.770000,562.090000,2.820000,5.010000,41.350000,4.900000,13.730000,441.790000,0.034900,24.300000
2024-05-24,294.170000,135.650000,324.140000,485.030000,61.190000,480.380000,563.670000,2.830000,5.030000,41.650000,4.910000,13.820000,443.030000,0.035000,24.130000
2024-05-25,293.110000,135.680000,323.140000,484.490000,61.180000,480.390000,563.740000,2.820000,5.040000,41.740000,4.940000,13.750000,443.160000,0.035000,24.110000
2024-05-28,294.400000,135.590000,324.400000,484.720000,61.140000,480.970000,564.840000,2.820000,5.030000,42.140000,5.000000,13.760000,442.840000,0.035000,24.100000
2024-05-29,294.140000,135.200000,324.030000,484.940000,60.950000,480.270000,564.220000,2.820000,5.020000,42.130000,4.990000,13.730000,441.590000,0.035000,24.030000
2024-05-30,293.880000,135.590000,324.150000,484.940000,61.090000,480.320000,564.320000,2.820000,5.040000,42.100000,4.940000,13.740000,442.850000,0.035200,24.230000
2024-05-31,294.360000,136.180000,324.380000,490.670000,61.480000,481.040000,565.370000,2.830000,5.070000,42.170000,4.950000,13.770000,444.790000,0.035400,23.870000
2024-06-01,297.560000,136.940000,328.140000,493.650000,61.770000,485.180000,568.900000,2.840000,5.100000,42.610000,4.960000,13.890000,447.250000,0.035500,23.850000
2024-06-04,297.040000,136.890000,327.360000,496.370000,61.700000,484.410000,568.240000,2.850000,5.100000,42.530000,5.010000,13.950000,447.080000,0.035700,23.900000
2024-06-05,297.300000,137.170000,327.210000,501.750000,61.890000,486.810000,571.390000,2.890000,5.110000,42.380000,5.050000,13.840000,448.010000,0.035500,23.980000
2024-06-06,297.900000,137.360000,328.000000,502.850000,61.910000,487.540000,572.910000,2.880000,5.120000,42.460000,5.060000,13.800000,448.640000,0.035600,23.780000
2024-06-07,297.050000,136.830000,326.530000,501.560000,61.690000,485.950000,571.130000,2.860000,5.120000,42.260000,5.040000,13.870000,446.890000,0.035400,23.570000
2024-06-08,297.950000,136.970000,326.980000,502.950000,61.780000,487.230000,572.450000,2.880000,5.120000,42.410000,5.040000,13.860000,447.370000,0.035500,23.670000
2024-06-11,295.180000,137.200000,325.360000,500.020000,61.830000,481.100000,568.840000,2.860000,5.130000,41.780000,5.050000,13.800000,448.120000,0.035600,23.900000
2024-06-12,296.530000,137.710000,326.530000,501.400000,62.000000,483.000000,572.990000,2.860000,5.170000,42.020000,5.050000,13.890000,449.760000,0.035800,24.090000
2024-06-13,298.800000,138.320000,328.680000,504.430000,62.280000,485.970000,576.460000,2.870000,5.190000,42.400000,5.070000,13.960000,451.770000,0.036000,24.260000
2024-06-14,300.030000,138.200000,328.370000,503.660000,62.240000,487.220000,576.590000,2.870000,5.190000,42.540000,5.140000,13.980000,451.380000,0.035900,24.570000
2024-06-15,298.150000,138.020000,327.660000,504.750000,62.140000,482.210000,572.680000,2.870000,5.170000,42.250000,5.050000,13.790000,450.790000,0.035900,24.560000
2024-06-18,299.240000,138.670000,329.660000,507.760000,62.420000,484.990000,573.760000,2.870000,5.160000,42.260000,5.120000,13.790000,452.920000,0.035900,24.870000
2024-06-19,303.090000,140.220000,333.170000,515.860000,63.120000,490.860000,581.040000,2.900000,5.210000,42.890000,5.260000,14.030000,457.980000,0.036300,25.270000
2024-06-20,306.750000,140.760000,335.390000,519.730000,63.350000,494.140000,585.450000,2.910000,5.250000,43.630000,5.540000,14.120000,459.750000,0.036600,25.560000
2024-06-21,306.600000,140.720000,335.230000,516.580000,63.300000,493.060000,583.780000,2.900000,5.260000,43.660000,5.380000,14.120000,459.600000,0.036500,25.390000
2024-06-22,309.180000,142.290000,339.390000,520.870000,64.000000,496.320000,586.990000,2.920000,5.350000,44.060000,5.400000,14.180000,464.720000,0.037000,25.970000
2024-06-25,309.320000,142.460000,340.290000,521.090000,64.100000,499.200000,589.140000,2.920000,5.360000,44.060000,5.330000,14.150000,465.280000,0.037000,25.670000
2024-06-26,311.170000,143.070000,342.090000,523.110000,64.340000,501.030000,592.850000,2.930000,5.390000,44.240000,5.350000,14.170000,467.290000,0.037300,25.760000
2024-06-27,308.780000,142.000000,338.890000,516.560000,63.820000,495.490000,586.900000,2.890000,5.360000,43.610000,5.310000,14.090000,463.770000,0.037000,25.530000
2024-06-28,309.990000,142.530000,340.220000,519.030000,64.050000,498.200000,588.840000,2.900000,5.380000,43.730000,5.450000,14.210000,465.520000,0.037200,25.380000
2024-06-29,313.950000,144.350000,344.460000,524.660000,64.920000,504.790000,596.490000,2.940000,5.450000,44.320000,5.530000,14.340000,471.460000,0.037700,25.930000
2024-07-02,317.140000,145.490000,347.180000,527.220000,65.380000,510.720000,602.100000,2.950000,5.500000,44.690000,5.470000,14.590000,475.180000,0.038000,26.330000
2024-07-03,313.810000,144.460000,343.620000,522.170000,64.890000,505.660000,596.390000,2.920000,5.460000,44.190000,5.400000,14.510000,471.830000,0.037500,25.530000
2024-07-04,315.160000,144.690000,345.500000,523.330000,64.970000,508.340000,600.160000,2.920000,5.490000,44.380000,5.400000,14.590000,472.570000,0.037800,25.570000
2024-07-05,319.840000,145.550000,349.010000,528.150000,65.390000,513.370000,606.410000,2.950000,5.520000,45.040000,5.400000,14.600000,475.390000,0.037800,25.880000
2024-07-06,320.770000,145.820000,350.020000,530.070000,65.550000,515.470000,608.960000,2.960000,5.530000,45.060000,5.410000,14.560000,476.270000,0.037900,26.150000
2024-07-10,323.990000,147.200000,352.440000,535.500000,66.120000,520.190000,615.910000,2.990000,5.610000,45.260000,5.510000,14.670000,480.770000,0.038300,26.530000
2024-07-11,322.450000,146.500000,351.050000,532.890000,65.760000,517.760000,612.790000,2.960000,5.590000,44.740000,5.470000,14.530000,478.480000,0.038100,26.480000
2024-07-12,320.270000,145.210000,347.880000,528.130000,65.280000,514.480000,610.660000,2.940000,5.550000,43.910000,5.430000,14.420000,474.260000,0.037700,26.240000
2024-07-13,321.690000,145.440000,348.900000,530.350000,65.510000,517.210000,615.690000,2.990000,5.570000,44.290000,5.440000,14.390000,475.030000,0.037700,26.400000
2024-07-16,320.350000,144.660000,346.270000,528.630000,65.070000,515.440000,613.200000,2.990000,5.540000,43.930000,5.410000,14.300000,472.490000,0.037600,25.990000
2024-07-17,319.990000,145.320000,346.970000,529.890000,65.320000,517.190000,615.300000,3.000000,5.560000,43.870000,5.390000,14.350000,474.620000,0.037800,26.220000
2024-07-18,320.130000,145.380000,347.430000,534.660000,65.420000,518.990000,618.850000,3.030000,5.570000,44.170000,5.400000,14.350000,474.830000,0.037700,26.110000
2024-07-19,321.380000,146.050000,348.810000,539.930000,65.710000,521.440000,619.610000,3.050000,5.610000,44.430000,5.430000,14.480000,477.030000,0.038100,26.160000
2024-07-20,320.170000,146.530000,348.950000,538.090000,65.840000,520.840000,618.230000,3.040000,5.640000,44.080000,5.440000,14.470000,478.580000,0.038200,26.090000
2024-07-23,315.120000,144.870000,344.180000,533.130000,65.050000,515.120000,612.070000,3.020000,5.590000,43.310000,5.400000,14.350000,473.150000,0.037500,25.930000
2024-07-24,313.160000,144.700000,343.470000,530.440000,64.970000,513.220000,609.680000,3.030000,5.590000,42.960000,5.430000,14.350000,472.620000,0.037700,25.760000
2024-07-25,312.660000,145.150000,343.870000,534.550000,65.150000,514.010000,611.810000,3.070000,5.620000,42.950000,5.480000,14.420000,474.090000,0.037900,25.910000
2024-07-26,309.610000,145.350000,343.150000,540.500000,65.810000,515.170000,611.060000,3.120000,5.640000,42.760000,5.580000,14.350000,474.720000,0.037800,25.700000
2024-07-27,311.490000,145.380000,343.780000,537.500000,65.480000,515.380000,611.250000,3.070000,5.640000,43.210000,5.500000,14.430000,474.830000,0.037800,26.020000
2024-07-30,309.960000,144.910000,342.120000,535.150000,65.210000,512.810000,607.850000,3.080000,5.630000,43.070000,5.470000,14.330000,473.290000,0.037800,25.780000
2024-07-31,310.940000,145.550000,343.300000,536.720000,65.560000,514.970000,611.090000,3.070000,5.660000,43.380000,5.510000,14.390000,475.370000,0.038000,25.960000
2024-08-01,308.070000,145.110000,342.520000,538.210000,65.640000,513.380000,608.550000,3.150000,5.640000,43.440000,5.500000,14.360000,473.950000,0.038000,26.030000
2024-08-02,309.840000,145.340000,343.350000,541.170000,65.510000,511.740000,605.780000,3.160000,5.650000,43.590000,5.540000,14.340000,474.710000,0.038000,26.060000
2024-08-03,309.090000,145.300000,342.080000,545.290000,65.870000,513.630000,604.410000,3.190000,5.650000,43.130000,5.530000,14.310000,474.570000,0.037900,26.100000
2024-08-06,308.000000,146.090000,344.490000,561.880000,66.940000,522.430000,608.700000,3.350000,5.680000,43.280000,5.630000,14.310000,477.150000,0.038100,25.630000
2024-08-07,310.800000,146.780000,346.440000,561.030000,67.050000,522.930000,608.310000,3.310000,5.670000,43.530000,5.610000,14.290000,479.400000,0.038100,25.880000
2024-08-08,312.480000,145.620000,346.080000,551.380000,66.220000,519.230000,604.660000,3.230000,5.620000,44.160000,5.520000,14.190000,475.620000,0.037700,25.950000
2024-08-09,312.620000,146.090000,347.040000,556.170000,66.530000,521.280000,605.490000,3.270000,5.630000,43.890000,5.490000,14.250000,477.140000,0.037900,25.910000
2024-08-10,313.560000,146.060000,347.190000,551.560000,66.530000,520.780000,607.890000,3.240000,5.600000,43.970000,5.370000,14.210000,477.040000,0.037900,26.060000
2024-08-13,316.110000,146.670000,349.150000,551.690000,66.730000,523.390000,611.190000,3.250000,5.610000,44.510000,5.310000,14.280000,479.030000,0.038100,26.290000
2024-08-14,316.140000,146.790000,348.990000,553.050000,66.910000,523.690000,612.920000,3.250000,5.610000,44.400000,5.220000,14.350000,479.440000,0.038000,26.360000
2024-08-15,318.270000,146.910000,350.160000,556.260000,67.220000,528.820000,616.250000,3.270000,5.600000,44.970000,5.390000,14.310000,479.830000,0.038200,26.590000
2024-08-16,317.050000,146.530000,349.090000,552.430000,66.860000,526.910000,615.110000,3.250000,5.580000,44.820000,5.400000,14.230000,478.570000,0.038100,26.590000
2024-08-17,317.710000,146.630000,348.930000,551.740000,66.850000,526.420000,618.180000,3.230000,5.590000,44.610000,5.380000,14.220000,478.910000,0.038000,26.750000
2024-08-20,320.230000,146.580000,349.880000,553.330000,67.030000,528.240000,620.020000,3.270000,5.590000,44.930000,5.350000,14.260000,478.740000,0.038000,26.860000
2024-08-21,320.990000,145.990000,350.340000,554.750000,66.740000,528.400000,620.000000,3.260000,5.560000,45.250000,5.210000,14.160000,476.810000,0.037900,26.800000
2024-08-22,320.720000,145.650000,349.780000,556.110000,66.690000,529.120000,620.220000,3.250000,5.550000,45.280000,5.180000,14.020000,475.700000,0.037900,26.710000
2024-08-23,322.610000,146.680000,352.650000,562.430000,67.120000,533.500000,628.220000,3.290000,5.600000,45.460000,5.260000,14.120000,479.080000,0.038100,26.680000
2024-08-24,324.860000,147.820000,355.400000,566.780000,67.660000,536.660000,633.500000,3.310000,5.650000,45.520000,5.280000,14.200000,482.780000,0.038100,26.920000
2024-08-27,327.720000,148.080000,358.290000,571.490000,67.950000,540.290000,638.370000,3.360000,5.670000,45.910000,5.270000,14.220000,483.650000,0.038300,27.280000
2024-08-28,325.790000,147.140000,356.940000,567.870000,67.440000,536.580000,635.000000,3.320000,5.640000,45.730000,5.260000,14.120000,480.590000,0.038100,27.070000
2024-08-29,326.600000,147.340000,357.470000,570.640000,67.520000,535.360000,636.080000,3.330000,5.650000,45.680000,5.270000,14.140000,481.220000,0.038200,27.090000
2024-08-30,328.520000,147.460000,358.010000,571.190000,67.920000,534.460000,635.410000,3.330000,5.660000,45.960000,5.280000,14.130000,481.630000,0.038200,27.240000
2024-09-03,326.820000,147.740000,357.480000,567.220000,67.840000,533.770000,633.510000,3.290000,5.680000,45.550000,5.410000,14.190000,482.530000,0.038200,26.950000
2024-09-04,324.840000,147.800000,356.480000,566.800000,67.790000,532.700000,633.110000,3.310000,5.690000,45.200000,5.440000,14.220000,482.740000,0.038200,26.860000
2024-09-05,324.670000,148.060000,356.900000,569.040000,67.950000,534.490000,634.060000,3.330000,5.720000,45.300000,5.410000,14.210000,483.570000,0.038400,27.010000
2024-09-06,324.780000,147.860000,357.470000,570.720000,68.060000,535.970000,635.740000,3.370000,5.720000,45.490000,5.350000,14.260000,482.940000,0.038400,27.130000
2024-09-07,323.700000,147.130000,356.150000,570.660000,67.850000,533.750000,632.790000,3.360000,5.710000,45.240000,5.360000,14.140000,480.550000,0.037800,27.110000
2024-09-10,318.460000,146.620000,353.110000,564.200000,67.290000,528.740000,626.240000,3.330000,5.690000,44.250000,5.290000,14.060000,478.890000,0.037900,26.730000
2024-09-11,318.550000,146.180000,351.920000,563.360000,67.070000,527.100000,625.410000,3.340000,5.670000,44.290000,5.240000,14.020000,477.450000,0.037800,26.720000
2024-09-12,318.570000,146.240000,351.730000,564.360000,67.160000,527.670000,625.010000,3.370000,5.670000,44.190000,5.250000,14.040000,477.620000,0.037800,26.750000
2024-09-13,318.820000,146.090000,351.530000,558.700000,67.000000,525.850000,622.610000,3.350000,5.670000,44.090000,5.240000,14.050000,477.130000,0.037500,26.500000
2024-09-14,321.230000,146.770000,352.980000,565.170000,67.580000,531.630000,629.190000,3.410000,5.690000,44.860000,5.270000,14.120000,479.380000,0.037800,26.950000
2024-09-17,323.980000,147.150000,354.010000,568.900000,67.760000,534.530000,634.070000,3.430000,5.700000,45.380000,5.280000,14.210000,480.610000,0.037900,27.230000
2024-09-18,324.670000,147.160000,353.560000,569.130000,67.760000,535.130000,634.910000,3.420000,5.680000,45.380000,5.270000,14.120000,480.630000,0.037800,27.260000
2024-09-19,325.020000,146.650000,352.510000,568.160000,67.620000,533.030000,632.710000,3.380000,5.660000,45.250000,5.220000,14.050000,478.960000,0.037800,27.280000
2024-09-20,327.250000,146.640000,353.710000,566.510000,67.800000,534.960000,635.200000,3.350000,5.660000,45.840000,5.160000,14.080000,478.930000,0.037800,27.500000
2024-09-21,326.230000,146.670000,353.070000,564.120000,67.920000,534.570000,636.320000,3.320000,5.680000,45.520000,5.170000,14.050000,479.050000,0.037800,27.280000
2024-09-24,328.040000,147.120000,354.660000,566.230000,68.120000,534.220000,639.550000,3.350000,5.700000,45.710000,5.180000,14.070000,480.500000,0.037900,27.650000
2024-09-25,328.360000,146.880000,355.080000,565.760000,68.220000,533.770000,641.230000,3.330000,5.690000,45.990000,5.160000,14.050000,479.710000,0.037600,27.680000
2024-09-26,328.830000,146.400000,355.960000,563.000000,68.070000,534.920000,639.160000,3.310000,5.680000,45.880000,5.180000,14.000000,478.160000,0.037700,27.790000
2024-09-27,329.520000,146.520000,355.450000,564.520000,68.250000,533.760000,640.240000,3.310000,5.680000,45.340000,5.170000,14.010000,478.540000,0.037700,27.850000
2024-09-28,329.810000,146.730000,355.560000,567.880000,68.350000,534.960000,641.590000,3.350000,5.690000,45.410000,5.160000,14.090000,479.230000,0.037800,27.920000
2024-10-01,332.790000,147.330000,355.780000,570.060000,68.630000,538.450000,645.080000,3.370000,5.710000,45.700000,5.180000,14.080000,481.190000,0.038000,27.990000
2024-10-02,331.320000,147.000000,354.930000,567.100000,68.420000,532.250000,639.700000,3.340000,5.700000,45.320000,5.140000,14.040000,480.110000,0.037700,27.740000
2024-10-03,333.430000,147.950000,358.480000,569.650000,68.860000,534.740000,641.630000,3.340000,5.740000,45.880000,5.120000,14.120000,483.230000,0.037900,27.800000
2024-10-04,330.570000,147.840000,356.830000,567.870000,68.810000,533.170000,633.420000,3.290000,5.730000,45.470000,5.080000,14.190000,482.860000,0.038000,27.630000
2024-10-05,329.630000,147.530000,355.520000,565.810000,68.660000,531.330000,634.340000,3.290000,5.710000,45.460000,5.070000,14.070000,481.840000,0.038000,27.590000
2024-10-08,328.550000,148.300000,356.520000,564.930000,69.020000,531.060000,632.780000,3.260000,5.730000,45.550000,5.050000,14.140000,484.370000,0.037900,27.840000
2024-10-09,327.420000,148.940000,356.650000,568.200000,68.980000,534.310000,637.240000,3.290000,5.740000,45.720000,5.060000,14.240000,486.440000,0.038000,27.870000
2024-10-10,329.330000,149.740000,357.710000,570.600000,69.210000,536.210000,640.080000,3.290000,5.770000,45.450000,5.050000,14.350000,489.060000,0.038400,27.770000
2024-10-11,329.940000,150.280000,357.310000,571.810000,69.370000,536.880000,642.510000,3.300000,5.770000,45.520000,5.040000,14.350000,490.840000,0.038600,27.950000
2024-10-12,328.240000,149.220000,354.040000,568.030000,68.960000,532.940000,636.550000,3.270000,5.720000,45.420000,5.090000,14.210000,487.370000,0.038200,27.900000
2024-10-15,325.230000,148.220000,350.960000,562.460000,68.360000,528.790000,632.050000,3.240000,5.680000,44.910000,5.030000,14.170000,484.110000,0.038100,27.620000
2024-10-16,327.010000,149.240000,352.900000,565.580000,68.510000,531.390000,637.590000,3.270000,5.700000,45.110000,5.040000,14.220000,487.420000,0.038100,27.650000
2024-10-17,326.610000,149.700000,354.580000,567.070000,68.740000,532.400000,636.340000,3.270000,5.720000,45.090000,5.040000,14.290000,488.930000,0.038200,27.830000
2024-10-18,326.260000,149.180000,353.580000,564.200000,68.420000,529.340000,633.800000,3.260000,5.700000,44.590000,5.020000,14.270000,487.240000,0.038200,27.510000
2024-10-19,325.610000,148.510000,351.710000,560.030000,68.290000,525.980000,632.780000,3.240000,5.670000,44.610000,5.040000,14.220000,485.040000,0.037900,27.640000
2024-10-22,321.860000,147.480000,348.460000,557.370000,67.720000,522.480000,627.100000,3.210000,5.630000,44.190000,5.000000,14.070000,481.680000,0.037600,27.350000
2024-10-23,323.630000,148.250000,350.050000,559.500000,68.000000,524.280000,628.330000,3.210000,5.660000,44.350000,5.030000,14.140000,484.190000,0.038000,27.550000
2024-10-24,323.520000,149.000000,351.850000,561.500000,68.270000,524.460000,631.380000,3.180000,5.690000,44.310000,5.050000,14.200000,486.650000,0.038200,27.650000
2024-10-25,322.890000,148.530000,351.170000,560.760000,68.180000,523.820000,629.090000,3.200000,5.670000,44.390000,5.020000,14.170000,485.110000,0.038000,27.430000
2024-10-29,322.200000,149.360000,351.170000,563.030000,68.440000,527.620000,633.270000,3.200000,5.690000,44.300000,5.020000,14.220000,487.810000,0.038300,27.660000
2024-10-30,323.190000,150.550000,354.200000,567.390000,68.900000,531.280000,638.520000,3.210000,5.730000,44.880000,5.070000,14.350000,491.700000,0.038600,27.740000
2024-10-31,321.250000,149.550000,350.870000,563.310000,68.590000,529.190000,633.670000,3.190000,5.690000,44.640000,5.040000,14.250000,488.450000,0.038400,27.820000
2024-11-01,320.490000,149.490000,350.690000,563.810000,68.590000,530.540000,633.960000,3.200000,5.690000,44.450000,5.030000,14.260000,488.260000,0.038400,27.610000
2024-11-02,320.400000,149.450000,350.380000,562.530000,68.520000,530.090000,630.300000,3.200000,5.690000,44.260000,5.010000,14.220000,488.110000,0.038400,27.670000
2024-11-05,322.730000,149.830000,351.800000,566.650000,68.970000,533.450000,634.310000,3.220000,5.700000,44.620000,4.990000,14.310000,489.360000,0.038300,27.910000
2024-11-06,323.610000,149.690000,352.110000,567.380000,68.830000,532.620000,634.700000,3.210000,5.700000,44.600000,5.000000,14.240000,488.910000,0.038200,28.020000
2024-11-07,323.780000,150.680000,354.240000,562.120000,68.690000,528.850000,634.320000,3.200000,5.740000,44.510000,5.010000,14.440000,492.140000,0.038500,27.820000
2024-11-08,326.290000,150.710000,354.550000,561.510000,68.740000,529.380000,635.160000,3.200000,5.710000,44.970000,5.030000,14.380000,492.220000,0.038700,28.180000
2024-11-09,326.300000,150.550000,353.980000,564.990000,68.690000,529.970000,637.310000,3.230000,5.710000,45.050000,5.050000,14.310000,491.710000,0.038500,28.110000
2024-11-12,324.260000,150.840000,353.640000,560.280000,68.470000,525.710000,634.630000,3.210000,5.720000,44.590000,5.030000,14.350000,492.650000,0.038400,27.730000
2024-11-13,323.700000,151.540000,354.520000,560.850000,68.400000,525.490000,634.430000,3.210000,5.740000,44.720000,5.050000,14.400000,494.950000,0.038700,27.400000
2024-11-14,321.090000,150.690000,352.630000,557.130000,68.270000,522.390000,627.020000,3.180000,5.710000,44.450000,5.000000,14.320000,492.170000,0.038700,27.330000
2024-11-15,318.930000,151.200000,352.420000,554.830000,68.160000,519.040000,624.280000,3.160000,5.730000,44.190000,4.970000,14.370000,493.850000,0.038600,26.920000
2024-11-16,320.880000,151.850000,353.240000,558.750000,68.620000,524.370000,628.570000,3.190000,5.750000,44.670000,4.980000,14.410000,495.950000,0.038800,27.280000
2024-11-19,321.490000,152.440000,353.410000,561.320000,68.730000,525.120000,628.640000,3.210000,5.760000,44.880000,5.000000,14.420000,497.890000,0.038900,27.510000
2024-11-20,323.020000,152.250000,354.730000,563.340000,68.690000,525.210000,628.240000,3.230000,5.750000,45.060000,4.970000,14.380000,497.260000,0.038800,27.510000
2024-11-21,321.980000,151.620000,353.990000,559.040000,68.340000,522.340000,626.870000,3.180000,5.720000,44.810000,4.940000,14.370000,495.200000,0.038700,27.360000
2024-11-22,322.160000,151.520000,354.310000,560.120000,68.340000,520.650000,625.020000,3.210000,5.720000,44.780000,4.910000,14.330000,494.870000,0.038700,27.310000
2024-11-23,323.920000,152.580000,356.310000,561.380000,68.790000,519.720000,624.570000,3.230000,5.760000,44.960000,4.850000,14.420000,498.340000,0.039000,27.590000
2024-11-26,324.580000,152.630000,357.180000,560.690000,68.810000,522.840000,627.130000,3.230000,5.760000,45.130000,4.810000,14.410000,498.510000,0.039100,27.600000
2024-11-27,323.710000,152.640000,353.880000,563.020000,68.760000,524.280000,627.520000,3.240000,5.760000,44.890000,4.750000,14.390000,498.550000,0.038900,27.560000
2024-11-28,323.930000,152.940000,355.600000,566.590000,68.900000,525.830000,630.030000,3.300000,5.760000,45.030000,4.620000,14.420000,499.510000,0.039000,27.590000
2024-11-29,333.350000,157.070000,366.350000,580.510000,70.750000,541.160000,649.660000,3.380000,5.910000,46.430000,4.690000,14.820000,513.000000,0.039900,28.260000
2024-11-30,332.450000,156.520000,365.030000,580.730000,70.610000,540.050000,648.940000,3.410000,5.890000,46.150000,4.730000,14.740000,511.220000,0.039900,28.320000
2024-12-03,340.500000,160.610000,373.710000,592.340000,72.130000,551.910000,666.370000,3.490000,6.040000,47.330000,4.930000,15.110000,524.580000,0.040800,28.870000
2024-12-04,339.330000,160.480000,372.730000,591.020000,71.810000,550.060000,662.590000,3.490000,6.030000,47.280000,4.930000,15.060000,523.170000,0.040800,28.870000
2024-12-05,335.670000,160.310000,372.230000,590.610000,71.990000,549.710000,663.060000,3.470000,6.030000,47.290000,5.010000,15.070000,523.580000,0.040800,28.860000
2024-12-06,337.610000,160.640000,373.230000,593.630000,72.230000,552.190000,667.140000,3.500000,6.140000,47.480000,5.140000,15.110000,524.650000,0.040900,29.080000
2024-12-07,330.410000,157.570000,366.590000,586.500000,70.840000,544.600000,656.690000,3.420000,6.020000,46.470000,5.170000,14.790000,514.650000,0.040100,28.540000
2024-12-10,328.700000,156.170000,360.890000,580.490000,70.210000,539.610000,651.420000,3.390000,5.880000,45.900000,5.150000,14.650000,510.080000,0.039700,28.590000
2024-12-11,324.900000,155.550000,358.640000,577.330000,70.040000,534.820000,647.970000,3.350000,5.850000,45.700000,5.060000,14.580000,508.050000,0.039700,28.480000
2024-12-12,328.040000,158.270000,364.340000,584.700000,71.120000,542.520000,657.640000,3.390000,5.960000,46.330000,4.980000,14.830000,516.930000,0.040200,28.970000
2024-12-13,334.920000,160.100000,369.700000,589.730000,71.970000,548.850000,666.140000,3.430000,6.020000,47.080000,5.050000,14.990000,522.910000,0.040800,29.660000
2024-12-14,332.830000,159.970000,367.410000,584.440000,71.820000,547.880000,660.480000,3.410000,6.020000,47.020000,5.060000,14.950000,522.490000,0.040800,29.150000
2024-12-18,332.580000,160.640000,367.360000,585.230000,72.020000,550.210000,665.900000,3.410000,6.030000,46.820000,5.090000,15.000000,524.660000,0.041000,29.080000
2024-12-19,329.940000,160.020000,364.970000,584.990000,71.740000,548.660000,664.580000,3.400000,6.010000,46.600000,5.070000,14.930000,522.630000,0.040600,28.950000
2024-12-20,327.200000,160.440000,364.160000,584.910000,71.820000,545.190000,662.150000,3.340000,6.020000,46.260000,5.090000,14.940000,524.020000,0.040900,28.730000
2024-12-21,326.360000,160.390000,364.320000,585.710000,71.770000,544.340000,655.190000,3.340000,6.020000,45.880000,5.110000,14.890000,523.860000,0.040700,28.510000
2024-12-24,327.170000,160.350000,363.770000,584.570000,71.750000,544.090000,657.010000,3.340000,6.020000,46.150000,5.200000,14.870000,523.720000,0.040600,28.470000
2024-12-25,321.500000,157.950000,358.410000,573.270000,70.700000,536.320000,646.620000,3.280000,5.930000,45.300000,5.170000,14.640000,515.890000,0.040000,27.800000
2024-12-26,321.210000,157.660000,358.510000,572.400000,70.550000,536.040000,646.080000,3.270000,5.920000,45.540000,5.180000,14.660000,514.930000,0.040100,27.600000
2024-12-27,321.000000,157.760000,358.290000,572.880000,70.600000,535.910000,645.610000,3.270000,5.920000,45.300000,5.180000,14.700000,515.250000,0.040100,27.670000
2024-12-28,324.040000,159.770000,362.320000,579.470000,71.490000,543.670000,653.980000,3.310000,6.000000,45.950000,5.050000,14.900000,521.810000,0.040600,27.840000
2024-12-31,326.270000,160.300000,363.950000,580.490000,71.720000,546.470000,659.080000,3.320000,6.020000,46.080000,4.990000,14.820000,523.540000,0.040600,27.920000
2025-01-01,326.200000,160.780000,365.320000,580.680000,71.940000,546.740000,658.910000,3.350000,6.040000,46.390000,4.880000,14.920000,525.110000,0.040700,27.920000
2025-01-06,326.820000,161.080000,364.170000,579.290000,71.870000,542.310000,653.430000,3.350000,6.050000,46.330000,4.760000,14.890000,526.110000,0.040800,28.080000
2025-01-07,328.930000,161.450000,366.870000,581.750000,71.950000,544.860000,657.020000,3.340000,6.060000,46.470000,4.950000,14.920000,527.300000,0.040800,28.240000
2025-01-09,327.520000,161.420000,366.900000,578.420000,71.910000,544.050000,656.140000,3.330000,6.060000,46.420000,5.050000,14.940000,527.230000,0.040900,28.030000
2025-01-10,325.140000,160.670000,364.820000,575.260000,71.570000,540.600000,644.500000,3.320000,6.030000,46.030000,5.120000,14.850000,524.750000,0.040700,27.830000
2025-01-11,325.830000,161.300000,365.690000,576.440000,71.850000,542.720000,647.610000,3.330000,6.060000,46.170000,5.160000,14.870000,526.810000,0.040900,27.760000
2025-01-14,324.720000,161.820000,366.090000,576.670000,72.080000,539.140000,641.150000,3.360000,6.070000,46.010000,5.170000,14.890000,528.520000,0.040800,27.580000
2025-01-15,328.010000,162.350000,368.790000,578.990000,72.330000,543.970000,646.100000,3.360000,6.080000,46.500000,5.160000,14.940000,530.240000,0.040900,27.970000
2025-01-16,328.520000,162.180000,369.280000,581.070000,72.250000,545.960000,647.560000,3.380000,6.060000,46.640000,5.170000,14.930000,529.700000,0.041000,28.080000
2025-01-17,328.970000,162.170000,368.530000,581.140000,72.240000,544.640000,646.170000,3.400000,6.060000,46.550000,5.160000,14.940000,529.650000,0.040900,28.100000
2025-01-18,328.780000,162.310000,367.910000,581.650000,72.330000,546.080000,646.480000,3.400000,6.060000,46.590000,5.170000,14.910000,530.120000,0.040900,28.330000
2025-01-21,328.540000,162.270000,366.320000,580.240000,72.460000,546.630000,645.950000,3.390000,6.060000,46.390000,5.210000,14.890000,529.990000,0.040900,28.240000
2025-01-22,328.260000,161.530000,365.490000,579.310000,72.440000,546.150000,646.070000,3.380000,6.030000,46.260000,5.290000,14.810000,527.580000,0.040700,28.300000
2025-01-23,327.390000,159.490000,363.810000,576.480000,71.680000,544.250000,644.160000,3.340000,5.960000,46.320000,5.290000,14.670000,520.910000,0.040100,28.210000
2025-01-24,327.300000,159.950000,363.020000,576.240000,71.690000,543.890000,643.570000,3.340000,5.970000,46.310000,5.280000,14.660000,522.420000,0.040200,28.150000
2025-01-25,327.170000,158.550000,361.470000,571.820000,71.490000,543.110000,643.620000,3.320000,5.920000,46.210000,5.280000,14.510000,517.840000,0.039900,28.240000
2025-01-28,325.360000,158.220000,359.990000,575.470000,71.220000,542.870000,645.550000,3.360000,5.910000,46.000000,5.330000,14.460000,516.770000,0.039800,27.810000
2025-01-29,322.320000,158.030000,358.170000,569.550000,71.180000,538.010000,641.810000,3.320000,5.900000,45.750000,5.290000,14.430000,516.130000,0.039800,27.610000
2025-01-30,321.840000,158.250000,358.200000,570.540000,71.280000,537.680000,641.570000,3.330000,5.910000,45.660000,5.260000,14.450000,516.850000,0.039800,27.680000
2025-01-31,323.200000,158.990000,360.340000,572.080000,71.620000,540.050000,645.470000,3.360000,5.940000,45.930000,5.310000,14.510000,519.280000,0.040100,28.040000
2025-02-01,322.020000,158.640000,357.660000,568.950000,71.460000,537.570000,643.170000,3.350000,5.930000,45.730000,5.270000,14.450000,518.140000,0.040000,27.790000
2025-02-04,320.520000,159.700000,355.510000,568.810000,71.940000,534.270000,642.040000,3.370000,5.960000,45.620000,5.250000,14.560000,521.600000,0.040400,27.530000
2025-02-05,323.240000,159.290000,360.920000,572.730000,71.750000,537.650000,646.440000,3.350000,5.950000,45.920000,5.240000,14.470000,520.270000,0.040100,27.770000
2025-02-06,324.290000,157.980000,361.400000,572.730000,70.970000,537.800000,646.970000,3.380000,5.900000,46.130000,5.250000,14.360000,515.970000,0.039900,27.760000
2025-02-07,322.690000,157.780000,358.930000,569.470000,70.690000,533.960000,639.710000,3.380000,5.890000,45.830000,5.300000,14.350000,515.310000,0.039700,27.700000
2025-02-08,321.170000,156.510000,356.940000,563.840000,70.140000,530.600000,636.370000,3.360000,5.850000,45.560000,5.280000,14.210000,511.180000,0.039600,27.750000
2025-02-11,320.540000,156.300000,356.160000,561.220000,69.880000,527.290000,633.620000,3.360000,5.840000,45.530000,5.270000,14.190000,510.490000,0.039600,27.680000
2025-02-12,317.530000,155.060000,353.090000,555.240000,69.310000,522.430000,625.850000,3.330000,5.790000,45.140000,5.280000,14.110000,506.430000,0.039200,27.410000
2025-02-13,314.570000,153.490000,350.420000,550.290000,68.590000,520.110000,623.680000,3.260000,5.730000,44.530000,5.330000,13.890000,501.310000,0.038600,27.190000
2025-02-14,311.920000,152.440000,348.440000,549.170000,68.270000,518.590000,622.000000,3.240000,5.690000,44.210000,5.440000,13.790000,497.880000,0.038300,26.920000
2025-02-15,313.610000,151.640000,349.210000,549.210000,68.180000,518.410000,622.860000,3.250000,5.660000,44.500000,5.440000,13.680000,495.280000,0.038300,26.980000
2025-02-18,317.450000,152.710000,351.480000,553.740000,68.680000,523.090000,628.520000,3.290000,5.700000,44.890000,5.460000,13.770000,498.750000,0.038400,27.060000
2025-02-19,316.410000,152.440000,350.800000,552.410000,68.410000,520.890000,627.090000,3.280000,5.690000,44.740000,5.470000,13.730000,497.890000,0.038500,27.020000
2025-02-20,319.890000,154.190000,354.530000,557.210000,69.120000,524.960000,634.100000,3.320000,5.760000,45.220000,5.580000,13.870000,503.610000,0.038800,27.320000
2025-02-21,318.700000,153.010000,351.820000,554.120000,68.850000,521.700000,630.450000,3.330000,5.710000,45.030000,5.630000,13.760000,499.760000,0.038800,27.090000
2025-02-22,320.830000,153.840000,353.950000,559.050000,69.260000,525.830000,635.420000,3.340000,5.750000,45.260000,5.680000,13.800000,502.470000,0.038900,27.380000
2025-02-25,320.090000,153.970000,353.870000,559.820000,69.360000,527.030000,635.850000,3.360000,5.750000,45.330000,5.710000,13.800000,502.890000,0.039100,27.360000
2025-02-26,315.470000,152.690000,349.520000,556.390000,68.650000,522.230000,629.500000,3.330000,5.700000,44.800000,5.790000,13.680000,498.690000,0.038900,27.090000
2025-02-27,316.660000,153.480000,349.490000,559.900000,69.070000,526.190000,633.720000,3.350000,5.730000,45.060000,5.860000,13.780000,501.280000,0.039100,27.230000
2025-02-28,315.990000,153.540000,349.960000,558.700000,69.000000,525.710000,636.040000,3.350000,5.730000,44.940000,5.770000,13.790000,501.490000,0.039100,27.240000
2025-03-01,310.170000,152.850000,345.770000,553.090000,68.590000,519.140000,628.570000,3.320000,5.710000,44.290000,5.640000,13.670000,499.220000,0.038800,26.970000
2025-03-04,310.550000,152.820000,345.980000,553.580000,68.470000,521.120000,631.170000,3.310000,5.710000,44.600000,5.580000,13.680000,499.110000,0.038700,26.760000
2025-03-05,310.940000,153.010000,346.370000,560.620000,68.740000,525.230000,635.720000,3.360000,5.710000,44.660000,5.600000,13.730000,499.740000,0.038800,26.910000
2025-03-06,312.080000,152.080000,345.300000,560.180000,68.390000,531.330000,637.230000,3.330000,5.680000,45.000000,5.550000,13.660000,496.710000,0.038500,27.000000
2025-03-07,313.640000,151.850000,345.440000,559.570000,68.440000,535.280000,638.440000,3.350000,5.670000,45.600000,5.540000,13.640000,495.950000,0.038500,27.030000
2025-03-08,312.100000,151.510000,345.730000,563.660000,68.420000,537.400000,639.180000,3.350000,5.660000,45.760000,5.580000,13.580000,494.840000,0.038300,27.370000
2025-03-12,306.940000,149.580000,339.140000,553.950000,67.540000,531.910000,631.470000,3.310000,5.590000,45.750000,5.680000,13.360000,488.530000,0.037900,26.760000
2025-03-13,307.530000,149.770000,339.220000,554.530000,67.530000,533.470000,632.520000,3.290000,5.590000,45.860000,5.640000,13.390000,489.150000,0.037800,26.630000
2025-03-14,311.430000,151.640000,344.590000,561.220000,68.350000,538.320000,641.540000,3.340000,5.660000,46.430000,5.770000,13.540000,495.280000,0.038500,26.970000
2025-03-15,318.400000,154.660000,350.390000,571.440000,69.850000,550.310000,653.660000,3.390000,5.780000,47.360000,5.890000,13.830000,505.150000,0.039100,27.740000
2025-03-18,316.840000,152.790000,347.710000,565.480000,69.000000,544.450000,647.550000,3.360000,5.710000,47.220000,5.960000,13.630000,499.040000,0.038500,27.520000
2025-03-19,316.160000,151.990000,347.310000,564.680000,68.680000,542.770000,644.790000,3.320000,5.680000,47.220000,6.050000,13.570000,496.410000,0.038500,27.490000
2025-03-20,316.650000,153.190000,349.240000,569.840000,69.190000,545.300000,648.510000,3.340000,5.720000,47.230000,6.000000,13.070000,500.320000,0.038900,27.520000
2025-03-21,316.230000,153.950000,349.790000,570.040000,69.430000,545.370000,651.220000,3.380000,5.780000,47.260000,5.950000,13.240000,502.830000,0.039100,27.640000
2025-03-27,317.390000,153.640000,352.320000,567.920000,69.080000,541.500000,647.490000,3.340000,5.790000,47.750000,5.960000,13.230000,501.810000,0.038800,27.530000
2025-03-28,314.250000,152.550000,348.670000,563.700000,68.580000,537.160000,644.290000,3.300000,5.760000,47.290000,5.960000,13.140000,498.250000,0.038800,27.340000
2025-03-29,316.750000,154.130000,351.310000,570.320000,69.310000,542.080000,651.120000,3.340000,5.820000,47.890000,6.000000,13.250000,503.420000,0.039000,27.750000
2025-04-01,315.330000,154.450000,351.350000,572.320000,69.550000,545.650000,652.490000,3.380000,5.830000,47.820000,5.950000,13.290000,504.440000,0.039000,27.510000
2025-04-02,314.420000,154.050000,349.870000,570.400000,69.210000,543.300000,649.370000,3.370000,5.820000,47.950000,5.930000,13.270000,503.150000,0.039100,27.390000
2025-04-03,316.970000,154.020000,351.220000,569.130000,69.190000,542.990000,650.640000,3.370000,5.820000,48.180000,5.980000,13.270000,503.050000,0.039100,26.940000
2025-04-04,317.740000,153.570000,355.020000,581.260000,68.740000,554.340000,659.360000,3.420000,5.790000,48.780000,5.980000,13.220000,501.570000,0.039000,26.610000
2025-04-05,309.660000,154.420000,356.170000,593.340000,69.270000,556.340000,655.690000,3.480000,5.810000,47.910000,5.970000,13.270000,504.340000,0.039200,26.430000
2025-04-08,312.960000,158.690000,363.550000,607.060000,70.900000,567.960000,664.680000,3.540000,5.980000,47.510000,6.030000,13.640000,518.310000,0.040200,26.770000
2025-04-09,313.060000,158.770000,365.270000,606.300000,70.660000,566.590000,661.180000,3.530000,5.980000,47.230000,6.050000,13.650000,518.570000,0.040000,26.640000
2025-04-10,314.060000,159.360000,366.920000,619.470000,70.820000,574.610000,667.050000,3.580000,5.990000,47.560000,6.060000,13.700000,520.480000,0.040200,26.410000
2025-04-11,318.380000,157.740000,366.700000,612.580000,70.290000,570.660000,665.360000,3.540000,5.920000,47.660000,6.060000,13.580000,515.180000,0.039700,26.540000
2025-04-12,320.650000,157.660000,370.010000,628.050000,70.560000,583.740000,673.030000,3.600000,5.890000,48.230000,6.130000,13.530000,514.940000,0.039900,26.730000
2025-04-15,327.350000,158.660000,373.830000,632.890000,70.870000,590.090000,683.730000,3.620000,5.930000,49.190000,6.300000,13.620000,518.210000,0.040100,27.400000
2025-04-16,328.650000,158.270000,372.870000,634.630000,70.660000,586.330000,684.290000,3.620000,5.910000,48.940000,6.300000,13.570000,516.910000,0.040100,27.370000
2025-04-17,332.250000,159.720000,374.950000,638.050000,71.420000,592.460000,691.790000,3.650000,5.970000,49.150000,6.320000,13.680000,521.670000,0.040400,27.670000
2025-04-18,332.340000,160.190000,376.620000,640.310000,71.670000,594.300000,691.780000,3.670000,5.980000,49.710000,6.380000,13.780000,523.200000,0.040500,27.750000
2025-04-19,332.550000,159.790000,376.630000,637.400000,71.470000,593.500000,692.770000,3.670000,5.970000,49.880000,6.390000,13.680000,521.900000,0.040500,27.710000
2025-04-22,334.930000,159.680000,377.700000,646.180000,71.550000,601.010000,698.330000,3.700000,5.980000,50.140000,6.430000,13.650000,521.530000,0.040500,27.920000
2025-04-23,331.460000,158.920000,374.380000,637.780000,70.840000,595.210000,692.400000,3.690000,5.950000,50.040000,6.370000,13.550000,518.070000,0.040300,27.810000
2025-04-24,332.200000,158.700000,375.230000,629.590000,71.120000,591.060000,689.550000,3.650000,5.970000,49.820000,6.270000,13.540000,518.340000,0.040400,27.910000
2025-04-25,330.150000,158.340000,373.450000,626.250000,70.970000,588.480000,687.820000,3.630000,5.950000,49.730000,6.230000,13.500000,517.160000,0.040400,27.730000
2025-04-26,328.430000,157.690000,370.930000,621.640000,70.670000,584.820000,685.760000,3.590000,5.920000,49.310000,6.240000,13.410000,515.030000,0.040000,27.310000
2025-04-29,328.450000,157.280000,370.140000,619.120000,70.390000,583.030000,685.040000,3.580000,5.880000,49.250000,6.240000,13.360000,513.680000,0.039700,27.530000
2025-04-30,327.730000,156.860000,369.990000,620.620000,70.450000,582.920000,685.590000,3.590000,5.870000,49.370000,6.290000,13.330000,512.320000,0.039800,27.630000
2025-05-01,327.440000,156.870000,370.430000,621.240000,70.530000,582.070000,684.180000,3.580000,5.860000,49.430000,6.310000,13.310000,512.340000,0.039800,27.540000
2025-05-03,331.790000,158.040000,373.270000,626.180000,70.990000,584.860000,685.930000,3.570000,5.900000,49.760000,6.250000,13.380000,516.160000,0.040200,28.060000
2025-05-06,336.060000,158.760000,375.860000,630.050000,71.320000,588.170000,689.800000,3.600000,5.930000,49.980000,6.390000,13.440000,518.530000,0.040200,28.340000
2025-05-07,332.110000,157.530000,372.340000,623.860000,71.290000,582.670000,686.860000,3.600000,5.880000,49.630000,6.350000,13.350000,514.500000,0.040000,28.180000
2025-05-09,331.120000,157.990000,371.950000,624.860000,71.300000,582.470000,684.380000,3.560000,5.900000,49.850000,6.260000,13.390000,516.010000,0.040200,28.400000
2025-05-13,327.870000,157.290000,367.350000,606.970000,71.260000,569.170000,675.050000,3.460000,5.870000,49.100000,6.330000,13.250000,513.740000,0.039900,28.030000
2025-05-14,327.100000,156.170000,364.770000,605.990000,70.840000,566.320000,673.380000,3.450000,5.830000,48.940000,6.320000,13.150000,510.060000,0.039800,27.840000
2025-05-15,327.770000,154.990000,363.470000,606.240000,70.270000,568.420000,675.540000,3.470000,5.790000,49.160000,6.300000,13.060000,506.210000,0.039300,27.780000
2025-05-16,327.030000,156.330000,365.040000,609.430000,70.830000,571.800000,678.460000,3.500000,5.840000,49.050000,6.340000,13.220000,510.580000,0.039500,28.170000
2025-05-17,327.050000,156.000000,365.060000,609.020000,70.720000,570.600000,677.090000,3.500000,5.830000,49.040000,6.300000,13.130000,509.510000,0.039500,28.220000
2025-05-20,329.150000,156.390000,366.200000,613.550000,70.820000,576.060000,683.830000,3.530000,5.840000,49.580000,6.350000,13.150000,510.780000,0.039700,28.300000
2025-05-21,327.980000,156.640000,366.860000,613.710000,70.860000,575.280000,683.640000,3.540000,5.850000,49.670000,6.330000,13.170000,511.590000,0.040000,28.440000
2025-05-22,328.970000,156.330000,367.910000,619.800000,70.890000,578.910000,684.750000,3.550000,5.840000,50.320000,6.370000,13.150000,510.590000,0.039600,28.570000
2025-05-23,325.290000,155.250000,365.380000,613.220000,70.370000,572.530000,679.270000,3.530000,5.800000,49.680000,6.370000,13.050000,507.070000,0.039400,28.120000
2025-05-24,330.050000,156.410000,369.910000,618.300000,71.110000,579.700000,689.380000,3.560000,5.840000,50.520000,6.390000,13.090000,510.840000,0.039600,28.550000
2025-05-27,332.530000,156.470000,372.610000,622.160000,71.110000,581.720000,692.920000,3.580000,5.840000,50.660000,6.410000,13.130000,511.040000,0.039600,28.610000
2025-05-28,329.980000,156.810000,372.130000,619.220000,71.180000,580.940000,693.570000,3.550000,5.860000,50.560000,6.390000,13.130000,512.160000,0.039800,28.630000
2025-05-29,330.100000,156.960000,371.040000,619.380000,71.280000,580.590000,691.680000,3.550000,5.860000,50.530000,6.450000,13.120000,512.660000,0.040000,28.660000
2025-05-30,328.010000,155.920000,368.390000,615.350000,70.860000,574.750000,686.080000,3.510000,5.820000,50.050000,6.460000,13.020000,509.260000,0.039900,28.540000
2025-05-31,327.890000,156.400000,369.780000,619.610000,71.010000,578.590000,688.060000,3.550000,5.840000,50.220000,6.510000,13.080000,510.810000,0.040200,28.540000
2025-06-03,331.470000,156.570000,373.370000,625.150000,71.030000,583.730000,691.730000,3.580000,5.850000,50.640000,6.460000,13.050000,511.370000,0.040000,28.520000
2025-06-04,330.660000,156.790000,372.920000,624.510000,71.230000,583.640000,691.540000,3.580000,5.860000,50.580000,6.500000,13.080000,512.100000,0.039900,28.610000
2025-06-05,331.310000,156.660000,373.210000,621.260000,71.180000,582.380000,691.930000,3.550000,5.850000,50.570000,6.530000,13.080000,511.670000,0.040000,28.700000
2025-06-06,332.130000,156.210000,373.600000,622.940000,71.080000,582.790000,692.430000,3.560000,5.830000,50.610000,6.460000,12.970000,510.190000,0.040000,28.760000
2025-06-10,331.640000,155.690000,371.820000,619.740000,70.820000,580.660000,689.370000,3.530000,5.810000,50.530000,6.440000,12.960000,508.500000,0.040000,28.720000
2025-06-11,331.080000,155.670000,371.140000,619.270000,70.770000,580.720000,686.570000,3.520000,5.810000,50.500000,6.480000,12.960000,508.420000,0.040200,28.680000
2025-06-12,330.530000,155.480000,371.120000,617.910000,70.660000,580.820000,685.230000,3.500000,5.810000,50.240000,6.440000,12.960000,507.800000,0.040300,28.560000
2025-06-13,333.420000,156.690000,375.340000,630.180000,71.330000,593.190000,695.390000,3.570000,5.850000,51.300000,6.410000,13.020000,511.770000,0.040700,28.770000
2025-06-14,331.010000,156.740000,375.390000,628.970000,71.270000,588.910000,692.730000,3.550000,5.850000,51.440000,6.440000,13.040000,511.920000,0.040500,28.460000
2025-06-17,333.850000,156.900000,377.630000,632.490000,71.380000,593.150000,695.790000,3.560000,5.860000,51.780000,6.520000,13.010000,512.440000,0.040200,28.830000
2025-06-18,338.150000,158.430000,381.520000,637.100000,72.040000,598.590000,701.510000,3.580000,5.920000,52.370000,6.580000,13.160000,517.450000,0.040900,29.020000
2025-06-19,336.550000,158.850000,379.610000,635.170000,72.180000,596.270000,697.280000,3.580000,5.930000,52.140000,6.630000,13.160000,518.810000,0.041200,28.670000
2025-06-20,335.730000,159.070000,378.900000,635.460000,72.290000,596.030000,697.340000,3.570000,5.940000,51.630000,6.630000,13.180000,519.550000,0.041200,28.760000
2025-06-21,338.290000,159.690000,380.620000,638.710000,72.640000,601.010000,703.750000,3.590000,5.960000,51.880000,6.650000,13.190000,521.570000,0.041700,28.900000
2025-06-24,333.970000,160.270000,379.650000,639.610000,72.830000,600.040000,700.280000,3.540000,5.990000,51.430000,6.690000,13.200000,523.460000,0.041900,28.900000
2025-06-25,337.930000,158.980000,378.520000,641.060000,72.390000,602.130000,706.610000,3.580000,5.940000,51.440000,6.620000,13.130000,519.260000,0.042000,29.310000
2025-06-26,336.710000,158.750000,377.560000,642.980000,72.280000,601.620000,705.320000,3.560000,5.930000,51.080000,6.610000,13.040000,518.500000,0.041800,29.180000
2025-06-27,338.740000,158.700000,378.930000,647.520000,72.290000,607.180000,711.470000,3.590000,5.940000,51.520000,6.620000,13.040000,518.340000,0.041600,29.350000
2025-06-28,339.970000,159.330000,380.960000,651.950000,72.570000,609.580000,714.240000,3.600000,5.970000,51.710000,6.630000,13.060000,520.390000,0.041600,29.080000
2025-07-01,339.270000,159.100000,380.100000,652.160000,72.530000,609.230000,711.850000,3.600000,5.950000,51.540000,6.620000,13.080000,519.640000,0.041100,29.290000
2025-07-02,341.900000,158.990000,381.720000,658.580000,72.510000,613.280000,715.270000,3.630000,5.950000,51.850000,6.620000,13.050000,519.290000,0.041100,29.550000
2025-07-03,340.260000,158.710000,379.930000,654.260000,72.310000,609.970000,710.270000,3.600000,5.930000,51.370000,6.600000,13.040000,518.370000,0.041100,29.350000
2025-07-04,341.510000,159.080000,382.400000,655.530000,72.560000,612.780000,709.730000,3.610000,5.940000,51.630000,6.610000,13.030000,519.570000,0.041500,29.660000
2025-07-05,340.540000,159.060000,382.190000,654.540000,72.540000,611.830000,708.980000,3.600000,5.940000,51.580000,6.600000,13.100000,519.510000,0.041600,29.540000
2025-07-09,339.700000,159.080000,380.530000,651.590000,72.430000,609.360000,705.330000,3.550000,5.940000,51.570000,6.630000,12.980000,519.580000,0.041200,29.230000
2025-07-10,338.470000,158.900000,378.980000,651.810000,72.280000,607.300000,704.920000,3.540000,5.930000,51.380000,6.640000,12.990000,518.970000,0.041000,29.110000
2025-07-11,340.240000,158.700000,379.130000,652.490000,72.240000,607.910000,704.790000,3.550000,5.930000,51.560000,6.660000,12.940000,518.340000,0.041200,29.220000
2025-07-12,343.080000,159.500000,380.520000,654.850000,72.680000,609.070000,704.710000,3.550000,5.960000,51.560000,6.680000,13.020000,520.930000,0.041400,29.210000
2025-07-15,344.320000,160.510000,383.470000,658.430000,73.150000,612.940000,706.940000,3.560000,5.990000,51.910000,6.680000,13.080000,524.240000,0.041600,29.360000
2025-07-16,345.290000,161.010000,384.440000,660.640000,73.310000,614.370000,707.400000,3.560000,6.010000,51.770000,6.720000,13.080000,525.870000,0.041600,29.560000
2025-07-17,343.330000,161.200000,383.750000,657.060000,73.340000,611.640000,705.720000,3.540000,6.020000,51.210000,6.720000,13.080000,526.500000,0.041400,29.400000
2025-07-18,344.360000,163.110000,387.030000,662.530000,74.200000,617.230000,713.770000,3.580000,6.090000,51.630000,6.770000,13.230000,532.740000,0.041900,29.770000
2025-07-19,348.020000,163.380000,388.990000,665.760000,74.340000,621.070000,717.710000,3.590000,6.100000,52.320000,6.780000,13.240000,533.610000,0.042400,30.150000
2025-07-22,344.980000,162.100000,386.060000,662.380000,73.780000,617.060000,713.000000,3.590000,6.050000,52.000000,6.760000,13.130000,529.440000,0.042200,29.850000
2025-07-23,346.310000,162.870000,388.860000,667.450000,74.140000,622.450000,716.870000,3.610000,6.080000,52.280000,6.790000,13.160000,531.960000,0.042400,30.220000
2025-07-24,354.910000,164.920000,396.530000,679.410000,75.210000,631.560000,728.940000,3.680000,6.160000,53.480000,6.850000,13.320000,538.640000,0.042600,30.700000
2025-07-25,358.110000,165.930000,398.010000,682.100000,75.720000,636.710000,733.720000,3.700000,6.200000,53.670000,6.830000,13.410000,541.930000,0.042700,30.760000
2025-07-26,357.650000,166.830000,398.530000,683.910000,76.020000,639.020000,733.120000,3.690000,6.240000,53.710000,6.880000,13.490000,544.870000,0.043100,30.720000
2025-07-29,353.300000,165.780000,394.560000,675.970000,75.480000,631.170000,726.570000,3.650000,6.200000,53.160000,6.780000,13.380000,541.450000,0.043100,30.320000
2025-07-30,352.860000,165.960000,394.090000,673.750000,75.540000,627.290000,723.560000,3.650000,6.210000,53.090000,6.660000,13.370000,542.030000,0.043500,30.220000
2025-07-31,354.590000,167.280000,396.290000,677.950000,76.090000,630.440000,729.990000,3.690000,6.260000,53.510000,6.700000,13.490000,546.360000,0.043900,30.600000
2025-08-01,348.050000,165.570000,390.570000,665.410000,75.150000,618.650000,715.240000,3.610000,6.190000,52.440000,6.710000,13.320000,540.780000,0.043200,29.820000
2025-08-02,348.980000,166.330000,391.640000,665.980000,75.330000,619.890000,715.180000,3.610000,6.210000,52.460000,6.780000,13.360000,543.240000,0.043000,29.670000
2025-08-05,351.050000,165.490000,393.220000,670.900000,75.520000,627.100000,720.400000,3.670000,6.200000,52.760000,6.780000,13.320000,541.820000,0.042600,30.070000
2025-08-06,347.030000,163.880000,389.400000,663.540000,74.800000,620.520000,714.050000,3.640000,6.150000,52.360000,6.710000,13.220000,537.530000,0.042800,29.810000
2025-08-07,348.940000,163.340000,390.070000,665.320000,74.680000,622.750000,714.510000,3.640000,6.140000,52.560000,6.710000,13.200000,536.580000,0.043100,30.130000
2025-08-08,352.000000,163.690000,392.990000,669.290000,75.140000,629.460000,721.580000,3.660000,6.170000,52.910000,6.760000,13.270000,539.380000,0.043400,30.400000
2025-08-09,351.960000,163.720000,393.010000,667.930000,75.100000,627.700000,725.070000,3.650000,6.170000,52.680000,6.750000,13.290000,539.490000,0.043100,30.450000
2025-08-12,353.810000,165.090000,394.170000,670.450000,75.540000,631.980000,729.550000,3.670000,6.210000,53.010000,6.770000,13.330000,542.660000,0.042800,30.610000
2025-08-13,351.840000,164.570000,393.220000,668.830000,75.440000,629.540000,729.600000,3.650000,6.200000,52.960000,6.770000,13.320000,542.290000,0.043300,30.620000
2025-08-14,352.580000,163.010000,391.040000,669.350000,74.980000,630.270000,729.800000,3.650000,6.150000,52.820000,6.730000,13.210000,537.960000,0.043200,30.740000
2025-08-15,351.120000,162.250000,390.610000,668.030000,75.030000,629.230000,730.590000,3.670000,6.160000,52.780000,6.740000,13.210000,538.030000,0.043300,30.650000
2025-08-16,352.210000,162.420000,392.300000,671.050000,75.350000,632.010000,733.260000,3.680000,6.190000,53.190000,6.760000,13.230000,540.870000,0.043200,30.760000
2025-08-19,351.490000,161.670000,391.470000,669.150000,75.230000,630.720000,730.940000,3.660000,6.180000,53.030000,6.720000,13.230000,540.000000,0.043100,30.650000
2025-08-20,349.480000,161.000000,389.990000,669.110000,75.020000,629.480000,728.150000,3.650000,6.160000,52.780000,6.710000,13.200000,538.570000,0.043300,30.630000
2025-08-21,346.310000,160.450000,387.990000,666.910000,75.020000,626.990000,726.370000,3.650000,6.160000,52.450000,6.710000,13.160000,538.330000,0.043200,30.410000
2025-08-22,345.720000,159.990000,387.400000,667.350000,74.920000,626.430000,724.400000,3.640000,6.150000,52.830000,6.710000,13.140000,537.750000,0.043400,30.380000
2025-08-23,344.810000,159.820000,386.160000,664.450000,74.850000,623.050000,720.520000,3.620000,6.150000,52.590000,6.650000,13.150000,537.340000,0.043500,30.470000
2025-08-26,347.750000,158.850000,387.470000,667.980000,74.900000,626.360000,722.890000,3.640000,6.130000,52.980000,6.640000,13.100000,535.990000,0.043400,30.560000
2025-08-27,346.110000,157.760000,385.470000,662.860000,74.560000,621.640000,719.440000,3.620000,6.110000,52.490000,6.640000,13.010000,533.870000,0.043600,30.260000
2025-08-28,347.580000,158.490000,388.180000,666.210000,75.070000,622.520000,721.550000,3.630000,6.150000,52.800000,6.690000,13.120000,537.630000,0.043700,30.270000
2025-08-29,350.940000,158.490000,390.790000,672.700000,75.410000,627.620000,727.000000,3.660000,6.160000,53.410000,6.700000,13.120000,537.760000,0.043500,30.450000
2025-08-30,351.450000,158.580000,391.690000,671.250000,75.500000,628.310000,724.820000,3.660000,6.170000,53.550000,6.700000,13.150000,538.540000,0.043400,30.360000
2025-09-03,351.250000,160.240000,391.720000,670.920000,75.520000,627.550000,721.810000,3.630000,6.170000,53.910000,6.700000,13.110000,539.550000,0.043500,30.450000
2025-09-04,352.680000,160.240000,391.490000,671.450000,75.590000,628.930000,723.950000,3.630000,6.180000,53.850000,6.680000,13.120000,540.180000,0.043700,30.640000
2025-09-05,352.000000,160.200000,390.800000,670.950000,75.640000,629.160000,726.100000,3.640000,6.180000,53.490000,6.650000,13.120000,540.050000,0.043900,30.390000
2025-09-06,351.900000,159.470000,389.990000,670.040000,75.360000,628.870000,724.940000,3.630000,6.150000,53.530000,6.600000,13.040000,537.910000,0.043500,30.440000
2025-09-09,352.440000,158.550000,387.690000,672.950000,75.050000,627.440000,723.980000,3.620000,6.120000,53.620000,6.520000,12.970000,535.130000,0.043000,30.480000
2025-09-10,354.960000,158.940000,388.730000,676.450000,75.380000,630.850000,728.760000,3.660000,6.140000,53.850000,6.450000,13.010000,536.760000,0.043400,30.740000
2025-09-11,355.320000,159.270000,388.370000,674.690000,75.570000,629.640000,728.620000,3.650000,6.150000,54.220000,6.340000,13.040000,538.200000,0.043600,30.650000
2025-09-12,355.940000,159.480000,388.190000,673.950000,75.650000,629.530000,728.200000,3.640000,6.160000,54.260000,6.340000,13.050000,538.890000,0.043800,30.740000
2025-09-13,359.600000,159.960000,390.920000,679.020000,75.950000,634.460000,733.160000,3.660000,6.180000,54.790000,6.430000,13.130000,540.840000,0.043700,31.180000
2025-09-16,360.100000,160.110000,391.560000,680.900000,75.990000,636.050000,736.280000,3.670000,6.190000,55.020000,6.520000,13.100000,541.180000,0.043600,31.200000
2025-09-17,359.600000,159.720000,392.020000,682.010000,75.830000,637.090000,735.230000,3.670000,6.170000,54.950000,6.520000,13.070000,539.540000,0.043900,31.080000
2025-09-18,360.800000,160.010000,393.320000,687.780000,76.150000,640.340000,738.050000,3.700000,6.190000,55.070000,6.520000,13.100000,541.010000,0.044300,31.130000
2025-09-19,360.210000,160.110000,393.100000,687.150000,76.190000,640.730000,738.930000,3.680000,6.190000,55.350000,6.530000,13.110000,541.340000,0.044400,31.250000
2025-09-20,357.350000,160.110000,392.000000,680.740000,76.080000,636.440000,730.390000,3.660000,6.190000,54.620000,6.490000,13.130000,541.190000,0.044000,31.190000
2025-09-23,357.780000,160.450000,393.100000,683.810000,76.300000,638.890000,732.500000,3.670000,6.210000,54.640000,6.510000,13.110000,542.670000,0.044000,31.410000
2025-09-24,360.030000,161.240000,394.250000,688.140000,76.650000,642.840000,736.250000,3.690000,6.230000,55.170000,6.520000,13.160000,545.010000,0.044700,31.500000
2025-09-25,358.520000,160.540000,391.290000,683.030000,76.190000,637.840000,730.880000,3.660000,6.210000,54.620000,6.490000,13.100000,542.800000,0.044800,31.360000
2025-09-26,356.970000,160.210000,389.870000,681.020000,76.050000,636.260000,728.230000,3.640000,6.190000,54.480000,6.480000,13.060000,541.680000,0.044600,31.300000
2025-09-27,354.970000,160.920000,389.980000,680.240000,76.270000,634.720000,726.320000,3.630000,6.220000,54.210000,6.520000,13.140000,544.260000,0.044800,31.150000
2025-09-30,360.060000,162.310000,394.130000,688.220000,77.080000,643.020000,736.810000,3.690000,6.280000,55.070000,6.630000,13.200000,548.790000,0.045200,31.750000
2025-10-01,362.820000,162.390000,394.470000,688.480000,77.130000,644.870000,737.720000,3.710000,6.280000,54.970000,6.660000,13.230000,549.060000,0.045700,31.800000
2025-10-02,362.880000,162.370000,394.140000,688.420000,77.140000,643.880000,739.650000,3.730000,6.280000,55.200000,6.710000,13.200000,549.150000,0.045500,31.950000
2025-10-03,361.650000,161.670000,392.510000,687.830000,76.830000,642.730000,737.190000,3.730000,6.260000,55.130000,6.700000,13.150000,546.960000,0.045500,31.840000
2025-10-04,361.510000,161.810000,392.070000,687.560000,76.920000,642.630000,736.540000,3.720000,6.260000,55.070000,6.680000,13.190000,547.570000,0.045500,31.780000
2025-10-07,359.810000,161.150000,391.020000,683.630000,76.650000,636.410000,732.290000,3.630000,6.240000,54.790000,6.570000,13.090000,545.670000,0.045500,31.610000
2025-10-08,356.990000,159.580000,388.240000,679.590000,76.080000,632.240000,727.190000,3.590000,6.190000,54.470000,6.610000,12.990000,541.630000,0.045100,31.520000
2025-10-09,355.140000,159.160000,387.280000,675.670000,75.860000,628.250000,724.220000,3.540000,6.180000,54.120000,6.610000,12.950000,540.060000,0.044900,31.470000
2025-10-10,357.150000,159.600000,388.260000,676.590000,76.040000,629.160000,723.880000,3.550000,6.190000,54.130000,6.640000,13.000000,541.540000,0.045100,31.700000
2025-10-11,353.080000,158.680000,384.550000,668.970000,75.690000,623.750000,714.900000,3.530000,6.160000,53.380000,6.630000,12.940000,539.060000,0.044700,31.280000
2025-10-14,350.570000,158.350000,384.090000,668.950000,75.400000,622.950000,717.220000,3.530000,6.150000,53.370000,6.650000,12.870000,537.770000,0.044500,31.060000
2025-10-15,347.090000,158.460000,382.690000,670.020000,75.430000,622.230000,714.330000,3.550000,6.160000,52.820000,6.710000,12.900000,538.630000,0.044600,30.790000
2025-10-16,351.690000,158.690000,384.380000,674.280000,75.710000,627.350000,720.800000,3.570000,6.170000,53.490000,6.840000,12.900000,539.560000,0.044300,31.200000
2025-10-17,349.970000,158.180000,383.100000,674.830000,75.480000,626.850000,722.430000,3.560000,6.150000,53.430000,6.790000,12.880000,537.840000,0.044200,31.100000
2025-10-18,347.370000,157.740000,382.210000,679.060000,75.270000,626.900000,720.440000,3.580000,6.130000,53.280000,6.600000,12.840000,536.320000,0.044300,30.790000
2025-10-21,349.190000,158.170000,383.490000,678.930000,75.560000,627.020000,721.570000,3.570000,6.150000,53.470000,6.650000,12.830000,538.120000,0.044700,31.040000
2025-10-22,349.360000,158.350000,383.290000,677.950000,75.650000,625.650000,720.750000,3.550000,6.160000,53.570000,6.620000,12.830000,538.560000,0.044900,31.140000
2025-10-23,349.240000,158.340000,384.140000,675.870000,75.590000,623.940000,716.780000,3.550000,6.160000,53.590000,6.590000,12.830000,538.530000,0.045100,30.830000
2025-10-24,349.990000,158.170000,384.500000,674.150000,75.530000,623.510000,717.570000,3.520000,6.150000,53.850000,6.610000,12.820000,538.110000,0.044700,31.000000
2025-10-25,349.570000,158.180000,383.750000,675.790000,75.560000,624.880000,716.520000,3.520000,6.150000,53.780000,6.640000,12.850000,538.130000,0.044600,31.020000
2025-10-29,351.450000,157.500000,382.930000,675.270000,75.470000,624.940000,713.890000,3.530000,6.130000,53.590000,6.690000,12.770000,535.830000,0.044700,31.090000
2025-10-30,349.950000,155.830000,380.440000,666.100000,74.670000,617.470000,700.650000,3.480000,6.060000,53.070000,6.640000,12.640000,530.150000,0.044400,31.010000
2025-10-31,347.940000,155.810000,379.870000,662.750000,74.540000,615.200000,698.310000,3.440000,6.060000,52.750000,6.580000,12.630000,530.070000,0.044400,30.700000
2025-11-01,346.980000,155.920000,378.640000,661.350000,74.570000,613.750000,696.450000,3.440000,6.070000,52.590000,6.560000,12.620000,530.470000,0.044300,30.600000
2025-11-04,345.940000,155.240000,376.260000,654.740000,74.190000,608.350000,693.670000,3.430000,6.040000,52.200000,6.550000,12.560000,528.310000,0.044300,30.530000
2025-11-05,339.670000,153.580000,371.320000,646.490000,73.340000,601.070000,683.050000,3.400000,5.970000,51.240000,6.470000,12.420000,522.490000,0.043900,29.970000
2025-11-06,340.060000,154.300000,371.480000,647.670000,73.660000,602.790000,683.630000,3.420000,6.000000,51.360000,6.450000,12.470000,524.940000,0.043900,30.030000
2025-11-07,342.730000,154.840000,373.690000,651.080000,73.970000,606.340000,688.880000,3.430000,6.020000,51.780000,6.510000,12.560000,526.790000,0.044200,30.330000
2025-11-08,341.070000,154.620000,372.770000,651.820000,73.870000,607.550000,689.560000,3.430000,6.020000,51.570000,6.500000,12.460000,526.020000,0.044000,30.370000
2025-11-11,342.000000,153.850000,373.530000,649.600000,73.540000,605.360000,688.930000,3.400000,5.990000,51.760000,6.450000,12.400000,523.580000,0.043600,30.450000
2025-11-12,342.540000,154.350000,374.400000,654.960000,73.790000,607.850000,690.060000,3.410000,6.010000,52.060000,6.470000,12.440000,525.280000,0.043900,30.610000
2025-11-13,342.650000,154.120000,374.320000,656.300000,73.720000,607.020000,688.450000,3.390000,6.000000,52.160000,6.480000,12.420000,524.650000,0.044000,30.620000
2025-11-14,344.370000,153.980000,374.670000,659.360000,73.880000,609.050000,689.850000,3.390000,6.000000,52.210000,6.520000,12.430000,524.320000,0.043800,30.890000
2025-11-15,340.150000,153.360000,371.930000,659.000000,73.560000,606.420000,686.260000,3.370000,5.970000,51.790000,6.470000,12.340000,522.190000,0.043800,30.490000
2025-11-18,341.220000,153.930000,373.590000,658.960000,73.750000,607.790000,689.350000,3.390000,5.990000,51.880000,6.460000,12.380000,524.140000,0.043800,30.710000
2025-11-19,338.600000,152.960000,371.250000,653.470000,73.260000,603.430000,684.970000,3.350000,5.960000,51.390000,6.420000,12.310000,521.010000,0.043600,30.290000
2025-11-20,336.840000,152.400000,370.980000,647.000000,73.040000,600.850000,680.580000,3.320000,5.940000,51.330000,6.410000,12.260000,519.410000,0.043700,30.230000
2025-11-21,335.890000,152.050000,368.820000,642.680000,72.840000,597.320000,677.330000,3.290000,5.930000,50.970000,6.430000,12.230000,518.190000,0.043700,30.100000
2025-11-22,333.760000,152.100000,368.050000,643.980000,72.940000,597.440000,677.530000,3.310000,5.930000,50.540000,6.560000,12.270000,518.660000,0.043700,29.900000
2025-11-25,335.390000,152.480000,368.540000,645.140000,73.170000,600.060000,680.650000,3.320000,5.950000,50.850000,6.600000,12.250000,519.980000,0.043700,30.020000
2025-11-26,334.580000,151.970000,367.350000,640.400000,73.160000,598.130000,680.610000,3.320000,5.930000,50.640000,6.550000,12.240000,518.400000,0.043500,30.060000
2025-11-27,336.620000,152.150000,368.280000,643.200000,73.270000,600.270000,682.580000,3.310000,5.930000,50.720000,6.580000,12.220000,518.680000,0.043700,30.250000
2025-11-28,337.150000,151.570000,368.000000,641.420000,72.970000,598.680000,683.500000,3.310000,5.910000,50.840000,6.580000,12.180000,516.860000,0.043700,30.130000
2025-11-29,334.220000,176.730000,364.870000,635.260000,72.440000,592.430000,676.740000,3.280000,5.860000,50.370000,6.530000,12.060000,512.530000,0.043300,29.880000
2025-12-02,336.260000,177.660000,367.170000,639.570000,72.610000,596.990000,679.140000,3.310000,5.870000,50.690000,6.590000,12.090000,513.450000,0.043200,30.050000
2025-12-03,332.620000,175.790000,362.870000,631.380000,71.890000,589.820000,670.570000,3.260000,5.810000,50.040000,6.540000,11.980000,508.200000,0.042900,29.670000
2025-12-04,331.960000,173.760000,361.320000,629.230000,71.330000,587.540000,669.270000,3.240000,5.760000,50.030000,6.480000,11.870000,503.890000,0.042600,29.510000
2025-12-05,330.420000,173.190000,357.740000,624.090000,70.660000,582.890000,666.630000,3.230000,5.710000,49.580000,6.470000,11.770000,499.650000,0.042200,29.380000
2025-12-06,334.630000,176.090000,361.800000,628.410000,71.370000,587.730000,672.790000,3.250000,5.770000,49.890000,6.570000,11.870000,504.490000,0.042200,29.790000
2025-12-09,337.310000,176.370000,367.720000,632.060000,71.920000,592.170000,676.900000,3.270000,5.810000,50.240000,6.630000,11.960000,508.300000,0.042400,29.940000
2025-12-10,341.680000,178.730000,371.840000,638.560000,72.870000,599.360000,686.300000,3.300000,5.890000,50.920000,6.710000,12.090000,514.740000,0.043100,30.220000
2025-12-11,344.520000,179.370000,374.210000,643.720000,73.390000,603.090000,690.030000,3.310000,5.930000,51.110000,6.680000,12.190000,518.390000,0.043200,30.510000
2025-12-12,346.020000,177.910000,376.720000,652.470000,73.680000,608.790000,695.580000,3.340000,5.950000,51.450000,6.570000,12.210000,520.020000,0.043500,30.760000
2025-12-13,348.270000,178.100000,379.720000,656.830000,74.050000,612.600000,698.630000,3.350000,5.970000,51.680000,6.540000,12.240000,522.380000,0.043600,30.980000
2025-12-16,345.280000,177.810000,377.270000,652.780000,73.730000,610.130000,695.130000,3.350000,5.940000,51.250000,6.540000,12.170000,519.610000,0.043000,30.910000
2025-12-18,340.420000,174.610000,373.200000,645.710000,73.010000,603.030000,685.680000,3.310000,5.880000,50.400000,6.400000,12.040000,514.310000,0.042500,30.740000
2025-12-19,339.300000,175.790000,372.790000,645.810000,72.940000,602.090000,685.540000,3.290000,5.870000,50.360000,6.420000,12.020000,513.550000,0.042800,30.640000
2025-12-20,342.070000,177.180000,375.330000,651.310000,73.520000,606.490000,692.580000,3.290000,5.920000,50.850000,6.440000,12.090000,517.660000,0.043100,30.860000
2025-12-23,341.970000,177.840000,374.070000,649.290000,73.190000,604.220000,691.720000,3.270000,5.890000,50.850000,6.500000,12.030000,515.020000,0.043000,30.850000
2025-12-24,341.570000,176.420000,372.480000,648.010000,72.600000,601.910000,689.410000,3.270000,5.830000,50.700000,6.510000,11.930000,510.180000,0.042300,30.580000
2025-12-25,342.930000,176.210000,373.810000,649.630000,72.850000,602.720000,690.670000,3.280000,5.840000,51.120000,6.490000,11.950000,511.000000,0.042400,30.750000
2025-12-26,343.480000,177.030000,374.970000,651.350000,73.200000,604.190000,693.470000,3.290000,5.860000,51.440000,6.570000,11.980000,512.810000,0.042500,30.800000
2025-12-27,338.230000,174.200000,368.860000,639.380000,72.010000,594.270000,680.760000,3.230000,5.770000,50.370000,6.480000,11.800000,504.600000,0.041800,30.280000
2025-12-30,338.040000,175.520000,368.760000,639.180000,72.050000,593.800000,681.120000,3.230000,5.770000,50.270000,6.500000,11.760000,504.760000,0.041900,30.310000
2025-12-31,337.070000,174.270000,367.240000,637.780000,71.900000,591.680000,679.370000,3.220000,5.750000,50.050000,6.420000,11.700000,502.570000,0.041800,30.210000
2026-01-01,337.590000,173.540000,368.810000,637.330000,72.330000,593.440000,679.330000,3.230000,5.780000,50.260000,6.340000,11.800000,505.530000,0.042100,30.470000
2026-01-06,341.730000,174.280000,371.390000,643.660000,73.060000,597.610000,688.210000,3.260000,5.850000,50.700000,6.320000,11.880000,511.260000,0.042600,31.050000
2026-01-07,344.370000,176.480000,372.620000,647.190000,73.430000,600.580000,693.910000,3.280000,5.870000,51.210000,6.360000,11.910000,512.830000,0.042900,31.310000
2026-01-09,340.870000,174.730000,366.990000,638.770000,72.730000,594.360000,684.230000,3.250000,5.820000,50.330000,6.330000,11.820000,508.910000,0.042300,30.910000
2026-01-10,340.590000,175.420000,367.660000,637.900000,73.020000,593.880000,683.680000,3.230000,5.830000,50.520000,6.430000,11.820000,509.940000,0.042100,30.830000
2026-01-13,342.150000,175.380000,367.450000,639.780000,73.120000,595.750000,686.700000,3.230000,5.830000,50.710000,6.470000,11.820000,509.840000,0.042000,31.080000
2026-01-14,341.330000,175.260000,367.280000,638.700000,73.070000,594.670000,686.480000,3.210000,5.830000,50.560000,6.460000,11.810000,509.750000,0.042100,31.030000
2026-01-15,341.170000,175.790000,367.590000,637.400000,73.210000,594.860000,686.630000,3.220000,5.840000,50.700000,6.490000,11.830000,510.430000,0.042400,31.110000
2026-01-16,342.230000,176.380000,367.560000,638.450000,73.340000,594.490000,685.690000,3.220000,5.840000,50.740000,6.500000,11.830000,510.950000,0.042600,31.240000
2026-01-17,343.400000,177.720000,368.670000,638.920000,73.490000,594.720000,686.500000,3.240000,5.860000,50.810000,6.570000,11.830000,512.160000,0.042800,31.260000
2026-01-20,341.400000,177.270000,366.980000,637.990000,73.190000,592.340000,683.360000,3.230000,5.830000,50.460000,6.540000,11.780000,509.630000,0.042600,30.990000
2026-01-21,341.300000,176.020000,366.790000,642.570000,72.860000,594.820000,683.400000,3.210000,5.800000,50.660000,6.510000,11.710000,507.050000,0.042100,30.840000
2026-01-22,341.820000,176.560000,366.220000,639.610000,72.760000,593.140000,679.280000,3.210000,5.790000,50.840000,6.530000,11.700000,506.700000,0.042000,31.010000
2026-01-23,343.980000,179.340000,365.870000,637.640000,72.510000,591.430000,679.980000,3.190000,5.780000,51.090000,6.650000,11.680000,505.710000,0.041700,31.240000
2026-01-24,344.540000,178.200000,365.250000,636.910000,72.280000,590.630000,680.780000,3.180000,5.760000,51.060000,6.620000,11.650000,503.350000,0.041500,31.150000
2026-01-27,347.240000,176.580000,366.860000,646.050000,72.160000,595.070000,685.850000,3.270000,5.740000,51.360000,6.560000,11.570000,501.790000,0.041500,31.340000
2026-01-28,347.820000,176.750000,366.460000,648.090000,72.220000,597.150000,688.210000,3.270000,5.740000,51.510000,6.570000,11.570000,502.270000,0.041500,31.340000
2026-01-29,352.830000,177.640000,371.310000,656.120000,72.540000,603.320000,693.920000,3.300000,5.760000,52.360000,6.610000,11.610000,503.900000,0.041700,31.720000
2026-01-30,353.780000,178.160000,371.100000,654.910000,72.450000,600.890000,693.470000,3.280000,5.750000,52.540000,6.630000,11.590000,503.170000,0.041400,31.900000
2026-01-31,350.460000,176.860000,370.170000,651.780000,72.080000,597.270000,688.800000,3.250000,5.730000,52.220000,6.590000,11.520000,501.020000,0.041100,31.390000
2026-02-03,351.550000,177.380000,370.630000,651.500000,72.760000,599.540000,692.130000,3.260000,5.780000,52.280000,6.590000,11.620000,505.170000,0.041300,31.490000
2026-02-04,352.510000,176.160000,367.980000,646.760000,72.570000,593.350000,687.400000,3.230000,5.760000,51.910000,6.550000,11.580000,503.440000,0.041100,31.410000
2026-02-05,349.900000,175.160000,364.990000,642.180000,71.840000,589.060000,683.850000,3.180000,5.700000,51.630000,6.490000,11.460000,498.650000,0.040700,31.180000
2026-02-06,345.630000,173.320000,361.810000,636.700000,71.330000,583.720000,673.480000,3.150000,5.660000,51.180000,6.460000,11.370000,495.100000,0.040400,30.690000
2026-02-07,344.960000,172.410000,361.390000,636.180000,71.280000,583.220000,671.360000,3.150000,5.660000,50.840000,6.420000,11.340000,494.630000,0.040300,30.600000
2026-02-10,347.310000,172.060000,362.560000,640.620000,71.450000,586.770000,673.160000,3.160000,5.660000,51.230000,6.380000,11.350000,494.750000,0.040200,30.810000
2026-02-11,347.860000,172.290000,362.800000,642.310000,71.180000,585.830000,672.010000,3.170000,5.620000,51.690000,6.360000,11.280000,491.880000,0.039900,30.900000
2026-02-12,349.240000,171.750000,363.180000,640.610000,71.000000,584.770000,672.340000,3.200000,5.610000,51.960000,6.340000,11.240000,490.580000,0.039800,30.950000
2026-02-13,352.030000,172.950000,364.380000,643.590000,71.620000,587.060000,674.050000,3.230000,5.650000,52.090000,6.400000,11.320000,494.280000,0.040200,31.120000
2026-02-14,350.280000,173.890000,364.280000,644.570000,71.800000,588.010000,675.450000,3.230000,5.670000,52.100000,6.420000,11.390000,496.000000,0.040500,30.900000
2026-02-17,348.560000,173.030000,361.340000,639.170000,71.220000,583.770000,671.440000,3.200000,5.630000,51.730000,6.390000,11.260000,491.970000,0.040300,30.870000
2026-02-18,346.130000,172.370000,359.200000,636.930000,70.930000,580.250000,666.090000,3.200000,5.600000,51.580000,6.380000,11.200000,489.990000,0.040200,30.520000
2026-02-19,346.030000,171.850000,358.300000,633.890000,70.830000,578.940000,663.740000,3.180000,5.600000,51.530000,6.380000,11.180000,489.300000,0.040300,30.630000
2026-02-20,345.010000,172.130000,357.550000,632.330000,70.810000,576.630000,659.740000,3.160000,5.590000,51.280000,6.380000,11.180000,489.170000,0.040300,30.280000
2026-02-21,348.880000,173.020000,361.380000,637.280000,71.610000,581.870000,666.500000,3.190000,5.660000,51.660000,6.430000,11.280000,494.660000,0.040700,30.720000
2026-02-24,351.910000,174.070000,363.700000,641.960000,71.990000,586.700000,671.590000,3.210000,5.690000,52.100000,6.480000,11.350000,497.330000,0.040900,31.110000
2026-02-25,350.430000,174.030000,362.610000,642.340000,72.230000,585.540000,670.450000,3.190000,5.680000,52.050000,6.490000,11.330000,496.850000,0.040600,31.110000
2026-02-26,354.940000,175.470000,365.960000,647.120000,72.970000,590.380000,677.050000,3.200000,5.730000,52.250000,6.540000,11.430000,501.260000,0.041100,31.480000
2026-02-27,356.840000,174.890000,366.780000,647.840000,73.350000,591.960000,679.070000,3.220000,5.740000,52.390000,6.520000,11.440000,501.750000,0.041500,31.570000
2026-02-28,353.720000,172.580000,363.900000,643.920000,72.550000,586.920000,670.410000,3.190000,5.690000,52.300000,6.440000,11.320000,497.560000,0.041100,31.280000
2026-03-03,356.290000,173.950000,368.230000,650.360000,73.030000,589.950000,673.740000,3.200000,5.750000,52.750000,6.500000,11.430000,502.600000,0.041300,31.290000
2026-03-04,349.810000,171.860000,363.360000,632.900000,72.190000,577.340000,661.610000,3.160000,5.700000,51.290000,6.410000,11.330000,498.090000,0.040900,30.420000
2026-03-05,352.080000,172.160000,365.690000,639.990000,72.470000,581.500000,668.670000,3.180000,5.720000,51.790000,6.420000,11.390000,499.830000,0.041100,30.560000
2026-03-06,347.620000,168.840000,361.700000,632.270000,71.590000,572.840000,658.640000,3.140000,5.640000,51.080000,6.290000,11.210000,493.360000,0.040600,29.950000
2026-03-07,346.190000,168.230000,361.560000,632.010000,71.530000,571.780000,658.750000,3.130000,5.650000,51.150000,6.250000,11.250000,493.850000,0.040500,29.690000
2026-03-11,349.470000,168.000000,362.420000,633.660000,71.520000,572.160000,661.040000,3.120000,5.620000,51.330000,6.240000,11.160000,491.590000,0.040500,30.200000
2026-03-12,350.450000,166.520000,360.690000,628.870000,71.280000,567.990000,657.980000,3.090000,5.600000,50.800000,6.190000,11.100000,489.390000,0.040400,29.990000
2026-03-13,350.720000,167.570000,361.740000,629.710000,71.570000,568.230000,658.410000,3.100000,5.620000,50.810000,6.200000,11.150000,491.680000,0.040500,29.730000
2026-03-14,345.820000,167.070000,359.180000,623.460000,71.250000,562.920000,651.400000,3.080000,5.620000,50.400000,6.100000,11.120000,491.290000,0.040800,29.250000
2026-03-17,342.720000,163.870000,355.100000,617.010000,70.510000,557.820000,645.280000,3.050000,5.560000,50.090000,6.000000,11.010000,486.200000,0.040200,28.970000
2026-03-18,339.340000,160.190000,349.650000,608.900000,69.560000,551.110000,638.150000,3.010000,5.480000,49.740000,5.820000,10.840000,479.020000,0.039500,28.600000
2026-03-19,342.660000,160.020000,352.260000,614.010000,70.200000,556.750000,644.220000,3.030000,5.520000,50.270000,5.790000,10.920000,482.490000,0.039600,28.960000
2026-03-20,340.040000,157.020000,351.190000,606.390000,69.900000,553.370000,640.420000,3.030000,5.520000,50.340000,5.630000,10.880000,482.320000,0.039600,28.510000
2026-03-21,340.720000,159.610000,351.450000,612.250000,70.050000,557.570000,645.210000,3.040000,5.520000,50.530000,5.740000,10.890000,482.330000,0.039600,28.500000
2026-03-27,334.000000,161.240000,348.420000,608.600000,69.760000,556.800000,643.340000,3.020000,5.510000,49.970000,5.850000,10.860000,481.830000,0.039600,28.340000
2026-03-28,332.560000,162.510000,348.420000,605.130000,69.830000,555.440000,641.810000,3.020000,5.520000,49.810000,5.920000,10.890000,482.530000,0.039600,28.080000
2026-03-31,330.140000,162.560000,346.180000,602.380000,69.690000,553.240000,636.980000,3.020000,5.510000,49.330000,5.930000,10.830000,481.540000,0.039500,28.060000
2026-04-01,328.010000,161.630000,343.380000,597.790000,69.310000,548.620000,631.980000,3.000000,5.470000,48.920000,5.870000,10.760000,478.770000,0.039300,27.920000
2026-04-02,329.810000,160.380000,341.990000,599.710000,69.120000,551.060000,631.870000,3.000000,5.430000,49.140000,5.870000,10.680000,475.090000,0.039100,28.300000
2026-04-03,324.150000,159.850000,339.080000,589.950000,68.480000,543.720000,622.740000,2.960000,5.400000,48.460000,5.860000,10.620000,472.310000,0.038900,27.820000
2026-04-04,324.810000,158.960000,337.950000,589.550000,68.380000,543.100000,622.420000,2.950000,5.380000,48.330000,5.860000,10.550000,470.460000,0.038700,27.730000
2026-04-07,322.980000,158.930000,334.980000,584.740000,67.760000,538.470000,617.510000,2.920000,5.330000,47.930000,5.900000,10.460000,466.330000,0.038300,27.680000
2026-04-08,318.940000,157.020000,330.750000,575.820000,67.140000,531.870000,609.580000,2.880000,5.260000,47.450000,5.820000,10.320000,460.370000,0.037800,27.260000
2026-04-09,334.480000,163.340000,342.760000,602.880000,69.600000,555.540000,638.770000,3.000000,5.440000,49.750000,6.050000,10.680000,475.310000,0.038900,28.990000
2026-04-10,337.270000,165.720000,346.370000,606.140000,70.150000,559.900000,642.720000,3.020000,5.490000,50.350000,6.150000,10.760000,479.820000,0.039400,29.110000
2026-04-11,334.690000,165.390000,342.380000,600.110000,69.290000,554.080000,636.360000,2.970000,5.410000,49.850000,6.130000,10.590000,473.130000,0.038900,28.840000
2026-04-14,334.800000,166.920000,343.140000,601.220000,69.510000,555.300000,637.930000,2.970000,5.430000,50.070000,6.240000,10.620000,474.900000,0.039200,28.750000
2026-04-15,339.510000,168.350000,346.740000,610.870000,69.980000,562.590000,646.680000,3.000000,5.450000,50.660000,6.270000,10.660000,476.970000,0.039300,29.150000
2026-04-16,338.350000,166.670000,344.060000,605.930000,69.500000,558.280000,642.140000,2.980000,5.420000,50.270000,6.260000,10.590000,474.080000,0.038900,28.930000
2026-04-17,337.850000,166.130000,343.300000,601.510000,69.120000,555.380000,638.550000,2.960000,5.390000,50.190000,6.180000,10.530000,471.460000,0.038800,28.760000
2026-04-18,336.690000,165.720000,343.170000,600.100000,68.820000,553.750000,634.880000,2.950000,5.370000,50.150000,6.150000,10.470000,469.520000,0.038700,28.660000
2026-04-21,335.970000,166.240000,342.920000,601.140000,68.870000,552.590000,634.610000,2.950000,5.370000,50.340000,6.240000,10.460000,469.490000,0.038800,28.680000
2026-04-22,332.650000,164.560000,340.240000,595.960000,68.180000,546.570000,627.850000,2.920000,5.310000,49.880000,6.190000,10.350000,464.730000,0.038600,28.420000
2026-04-23,330.390000,164.360000,337.950000,590.820000,67.610000,542.160000,623.770000,2.900000,5.280000,49.720000,6.140000,10.270000,461.370000,0.038100,28.100000
2026-04-24,330.300000,164.280000,338.430000,589.340000,67.720000,540.720000,624.090000,2.900000,5.290000,49.640000,6.160000,10.300000,462.870000,0.038500,27.950000
2026-04-25,331.630000,164.420000,339.790000,591.650000,68.000000,544.030000,627.240000,2.910000,5.320000,49.730000,6.140000,10.320000,464.860000,0.038700,27.980000
2026-04-28,331.130000,164.650000,338.650000,587.680000,67.540000,541.210000,624.710000,2.900000,5.270000,49.720000,6.130000,10.230000,460.800000,0.038200,27.970000
2026-04-29,327.550000,162.410000,334.610000,579.260000,66.890000,534.620000,616.500000,2.860000,5.230000,49.180000,6.080000,10.150000,457.210000,0.038000,27.580000
2026-04-30,330.380000,164.370000,337.340000,584.830000,67.540000,540.380000,623.600000,2.890000,5.280000,49.660000,6.150000,10.240000,461.550000,0.038600,27.870000
2026-05-01,331.260000,164.500000,339.080000,589.470000,67.820000,542.160000,626.180000,2.950000,5.290000,49.730000,6.160000,10.250000,462.910000,0.038800,27.610000
2026-05-05,333.760000,164.840000,341.540000,592.820000,68.010000,543.730000,629.110000,2.960000,5.310000,50.250000,6.150000,10.280000,464.530000,0.038700,27.780000
2026-05-06,333.230000,164.840000,341.670000,593.880000,68.080000,543.550000,629.720000,2.950000,5.320000,50.240000,6.150000,10.280000,465.010000,0.038700,27.790000
2026-05-07,336.760000,164.680000,341.070000,596.100000,68.040000,546.270000,631.860000,2.980000,5.300000,49.990000,6.180000,10.260000,463.410000,0.038400,28.460000
2026-05-09,333.770000,163.800000,337.920000,592.650000,67.820000,542.580000,627.410000,2.940000,5.280000,50.130000,6.180000,10.170000,461.260000,0.038100,28.130000
2026-05-13,335.130000,166.280000,338.420000,594.070000,68.300000,544.630000,627.810000,2.940000,5.310000,50.690000,6.260000,10.220000,463.910000,0.038300,28.070000
2026-05-14,338.890000,168.250000,341.590000,598.450000,68.860000,547.690000,631.530000,2.960000,5.350000,51.060000,6.360000,10.300000,467.630000,0.038500,28.410000
2026-05-15,343.300000,170.140000,345.610000,606.420000,69.860000,555.010000,640.480000,3.000000,5.420000,51.500000,6.450000,10.430000,474.040000,0.039600,28.910000
2026-05-16,336.830000,169.350000,342.170000,599.320000,69.040000,547.470000,629.130000,2.970000,5.380000,50.550000,6.420000,10.320000,470.170000,0.039300,28.350000
2026-05-19,334.270000,169.910000,340.210000,594.730000,68.760000,543.660000,623.940000,2.940000,5.350000,50.360000,6.440000,10.290000,467.580000,0.038900,28.020000
2026-05-20,335.830000,173.640000,342.970000,599.730000,69.350000,548.430000,632.670000,2.970000,5.400000,50.920000,6.610000,10.360000,471.930000,0.039300,28.370000
2026-05-21,336.040000,172.550000,342.680000,597.480000,69.350000,547.250000,631.940000,2.970000,5.390000,50.860000,6.600000,10.350000,471.770000,0.039100,28.440000
2026-05-22,335.860000,172.620000,342.520000,598.360000,69.310000,547.210000,632.830000,2.960000,5.390000,51.030000,6.630000,10.340000,471.450000,0.039300,28.460000
2026-05-23,335.450000,171.800000,341.260000,598.450000,69.290000,545.990000,631.910000,2.960000,5.380000,50.910000,6.600000,10.290000,470.800000,0.039300,28.560000
2026-05-26,338.530000,172.170000,342.080000,604.810000,69.640000,550.060000,637.420000,2.970000,5.400000,51.180000,6.590000,10.340000,472.480000,0.039400,28.940000
2026-05-27,342.110000,173.300000,346.030000,608.800000,70.370000,555.830000,643.830000,3.000000,5.460000,51.570000,6.650000,10.400000,477.480000,0.039900,29.240000
2026-05-29,345.320000,177.280000,350.270000,614.850000,71.620000,563.380000,650.010000,3.050000,5.550000,52.230000,6.810000,10.580000,485.550000,0.040500,29.630000
2026-05-30,347.790000,177.650000,351.910000,620.940000,71.810000,565.740000,652.050000,3.050000,5.560000,52.540000,6.830000,10.590000,485.950000,0.040600,29.950000
2026-06-02,350.830000,177.370000,353.730000,623.830000,72.280000,569.490000,658.240000,3.070000,5.590000,52.860000,6.810000,10.650000,488.960000,0.041100,30.100000
2026-06-03,354.180000,178.880000,356.040000,627.980000,72.930000,574.170000,664.080000,3.090000,5.640000,53.240000,6.770000,10.740000,493.150000,0.041400,30.460000
2026-06-04,350.690000,174.040000,353.240000,620.160000,72.280000,568.330000,658.070000,3.060000,5.600000,52.760000,6.630000,10.650000,489.310000,0.040900,30.060000
2026-06-05,346.240000,171.960000,349.190000,614.900000,71.650000,564.450000,652.390000,3.040000,5.550000,52.140000,6.530000,10.560000,485.340000,0.040500,29.850000
2026-06-06,348.080000,174.090000,351.310000,618.970000,72.050000,567.380000,656.730000,3.050000,5.570000,52.350000,6.620000,10.620000,487.440000,0.040500,30.000000
2026-06-09,342.160000,173.110000,347.710000,608.100000,71.460000,558.660000,646.700000,3.030000,5.540000,51.210000,6.600000,10.530000,484.780000,0.040500,29.350000
2026-06-10,345.890000,177.930000,351.860000,615.760000,72.390000,566.930000,656.590000,3.060000,5.610000,51.890000,6.810000,10.630000,490.210000,0.040800,29.810000
2026-06-11,342.550000,177.870000,350.750000,611.810000,72.080000,564.370000,654.170000,3.050000,5.590000,51.480000,6.790000,10.590000,488.590000,0.040500,29.510000
2026-06-12,341.140000,177.100000,348.950000,610.080000,71.970000,562.390000,651.550000,3.040000,5.580000,51.250000,6.750000,10.570000,487.760000,0.040600,29.540000
2026-06-13,344.640000,177.480000,349.870000,614.890000,72.360000,566.300000,656.140000,3.060000,5.600000,51.340000,6.740000,10.580000,489.330000,0.040900,30.060000
2026-06-16,347.500000,178.390000,351.760000,620.030000,72.720000,570.480000,659.520000,3.070000,5.620000,51.690000,6.780000,10.620000,491.370000,0.041100,30.380000
2026-06-17,344.770000,176.870000,348.130000,613.560000,72.110000,565.650000,654.220000,3.040000,5.570000,51.190000,6.720000,10.520000,487.170000,0.040600,30.200000
2026-06-18,345.410000,177.680000,349.340000,617.760000,72.420000,567.500000,656.270000,3.050000,5.600000,51.600000,6.690000,10.570000,489.390000,0.040600,30.170000
2026-06-19,341.610000,177.070000,345.370000,607.010000,72.050000,558.990000,645.220000,3.030000,5.580000,50.420000,6.630000,10.500000,487.730000,0.040400,29.660000
2026-06-20,342.450000,176.100000,345.260000,605.690000,72.150000,559.770000,646.310000,3.030000,5.580000,50.400000,6.640000,10.520000,488.370000,0.040600,29.630000
2026-06-23,340.910000,174.500000,343.670000,602.880000,71.890000,557.870000,644.610000,3.010000,5.570000,50.320000,6.590000,10.480000,487.010000,0.040700,29.670000
2026-06-24,337.610000,173.420000,342.700000,600.310000,71.660000,554.260000,642.690000,3.010000,5.560000,49.860000,6.510000,10.460000,486.190000,0.040500,29.510000
2026-06-25,335.510000,173.170000,342.390000,599.410000,71.510000,552.230000,640.630000,3.010000,5.570000,49.520000,6.510000,10.480000,487.020000,0.040500,29.320000
2026-06-26,334.590000,171.020000,340.850000,597.420000,71.410000,550.690000,639.080000,3.000000,5.550000,49.080000,6.410000,10.440000,485.400000,0.040400,29.320000
2026-06-27,335.810000,168.240000,343.090000,601.840000,71.560000,554.770000,643.160000,3.010000,5.560000,49.200000,6.260000,10.470000,486.470000,0.040500,29.620000
2026-06-30,335.120000,167.930000,342.270000,601.040000,71.510000,554.030000,642.350000,3.000000,5.560000,48.930000,6.240000,10.420000,485.820000,0.040400,29.590000
2026-07-01,331.170000,164.330000,337.820000,594.440000,70.850000,548.070000,636.230000,2.960000,5.500000,48.510000,6.140000,10.300000,480.720000,0.040100,29.390000
2026-07-02,330.590000,164.850000,337.170000,591.970000,70.540000,546.210000,635.070000,2.950000,5.480000,48.310000,6.130000,10.270000,479.260000,0.040200,29.230000
2026-07-03,327.240000,163.930000,334.020000,589.040000,69.890000,541.370000,632.520000,2.940000,5.430000,48.060000,6.080000,10.180000,474.470000,0.039900,28.990000
2026-07-04,327.450000,163.110000,332.770000,587.760000,69.610000,540.290000,630.350000,2.930000,5.400000,48.010000,6.110000,10.090000,472.030000,0.039400,29.110000
2026-07-08,327.140000,165.310000,331.480000,584.050000,69.340000,538.540000,630.390000,2.910000,5.390000,48.090000,6.170000,10.060000,471.040000,0.039200,29.010000
2026-07-09,323.940000,163.210000,330.330000,579.400000,68.840000,533.870000,624.470000,2.880000,5.350000,47.940000,6.110000,9.990000,467.980000,0.039000,28.550000
2026-07-10,323.960000,163.860000,329.720000,578.760000,68.780000,533.880000,626.000000,2.880000,5.340000,47.900000,6.140000,9.970000,467.410000,0.039000,28.500000
2026-07-11,322.880000,163.080000,328.070000,576.130000,68.600000,531.260000,624.150000,2.870000,5.310000,47.670000,6.050000,9.890000,464.710000,0.038500,28.540000
2026-07-14,331.310000,167.810000,337.730000,589.830000,70.400000,545.580000,639.280000,2.940000,5.460000,48.860000,6.200000,10.150000,477.110000,0.039500,29.190000
2026-07-15,325.400000,163.770000,332.400000,576.940000,69.160000,534.100000,626.990000,2.890000,5.360000,48.200000,6.040000,9.970000,468.880000,0.038900,28.450000
2026-07-16,328.000000,163.290000,333.980000,579.390000,69.330000,536.170000,629.320000,2.890000,5.370000,48.300000,6.010000,9.990000,469.710000,0.038900,28.690000
2026-07-17,330.780000,163.590000,336.520000,585.090000,69.800000,541.250000,637.750000,2.910000,5.400000,48.880000,6.010000,10.040000,472.340000,0.039100,28.880000
2026-07-18,327.470000,162.780000,334.730000,581.540000,69.320000,536.830000,630.980000,2.890000,5.370000,48.580000,5.970000,10.000000,469.830000,0.039200,28.490000
2026-07-21,329.480000,163.020000,335.320000,582.170000,69.500000,537.530000,633.280000,2.900000,5.380000,48.730000,5.990000,9.990000,470.280000,0.039400,28.530000
2026-07-22,329.610000,162.750000,334.010000,579.740000,69.410000,536.220000,629.860000,2.890000,5.370000,48.840000,5.960000,9.950000,469.590000,0.039200,28.570000
2026-07-23,326.890000,162.580000,331.670000,575.570000,69.050000,533.260000,625.150000,2.870000,5.350000,48.720000,5.960000,9.910000,467.650000,0.038800,28.410000
2026-07-24,325.880000,161.760000,330.690000,571.460000,68.790000,531.080000,622.510000,2.850000,5.330000,48.550000,5.920000,9.860000,465.740000,0.038500,28.380000
2026-07-25,332.770000,166.420000,338.190000,582.850000,70.300000,541.860000,634.130000,2.910000,5.440000,49.730000,6.080000,10.060000,476.070000,0.039400,28.190000
2026-07-28,331.430000,165.350000,335.630000,580.930000,69.970000,539.390000,630.430000,2.890000,5.410000,49.130000,6.070000,10.000000,473.400000,0.039500,28.340000
2026-07-29,332.060000,166.520000,337.930000,581.400000,70.410000,541.590000,632.930000,2.910000,5.450000,49.220000,6.060000,10.080000,476.750000,0.039600,28.380000
2026-07-30,331.160000,163.800000,338.440000,582.060000,70.520000,543.260000,634.020000,2.920000,5.460000,49.360000,6.010000,10.070000,477.170000,0.039700,28.470000
2026-07-31,331.100000,162.730000,338.010000,584.090000,70.260000,544.500000,635.480000,2.920000,5.430000,49.580000,5.920000,10.010000,474.630000,0.039600,28.630000
2026-08-01,332.890000,163.250000,337.800000,585.470000,70.150000,544.680000,636.600000,2.960000,5.420000,49.760000,5.940000,10.000000,473.590000,0.039600,28.640000
2026-08-04,332.720000,162.980000,338.540000,587.690000,70.400000,547.730000,639.770000,3.030000,5.440000,49.830000,5.930000,10.000000,475.380000,0.039700,28.820000
2026-08-05,331.750000,160.510000,336.190000,582.910000,69.890000,543.390000,634.390000,2.990000,5.400000,49.590000,5.820000,9.920000,471.980000,0.039600,28.640000
2026-08-06,330.870000,159.130000,334.060000,580.420000,69.610000,542.160000,632.560000,2.980000,5.370000,49.350000,5.780000,9.880000,469.850000,0.039500,28.650000
2026-08-07,329.200000,158.290000,333.960000,577.630000,69.270000,539.520000,629.230000,2.960000,5.350000,49.080000,5.730000,9.820000,467.480000,0.039300,28.670000
2026-08-08,330.550000,158.150000,335.160000,580.160000,69.650000,541.640000,631.400000,2.970000,5.370000,49.360000,5.710000,9.850000,469.930000,0.039300,28.940000
2026-08-11,329.330000,157.120000,334.400000,576.620000,69.120000,538.560000,629.070000,2.940000,5.330000,49.080000,5.650000,9.770000,466.080000,0.039100,28.820000
2026-08-12,328.810000,157.330000,334.320000,574.420000,69.050000,537.230000,628.470000,2.930000,5.330000,49.100000,5.620000,9.760000,465.740000,0.039200,28.710000
2026-08-13,328.660000,156.540000,333.900000,572.610000,68.990000,536.550000,628.700000,2.920000,5.320000,48.980000,5.610000,9.740000,465.190000,0.039000,28.810000
2026-08-14,328.070000,155.170000,333.650000,572.900000,68.970000,536.520000,627.300000,2.920000,5.320000,48.880000,5.560000,9.740000,465.080000,0.039000,28.830000
2026-08-15,328.290000,153.230000,334.140000,570.750000,68.830000,536.180000,627.590000,2.920000,5.310000,49.030000,5.540000,9.690000,464.020000,0.039000,28.690000
2026-08-18,328.690000,152.360000,332.890000,569.480000,68.470000,534.750000,625.410000,2.900000,5.280000,49.020000,5.450000,9.630000,461.390000,0.038900,28.550000
2026-08-19,326.970000,151.950000,331.720000,566.590000,68.250000,532.600000,622.280000,2.880000,5.260000,48.790000,5.420000,9.600000,460.130000,0.039000,28.370000
2026-08-20,327.070000,152.640000,333.280000,570.430000,68.610000,536.500000,626.590000,2.910000,5.290000,49.180000,5.430000,9.660000,462.220000,0.039200,28.450000
2026-08-21,326.400000,151.320000,332.850000,575.230000,68.170000,535.990000,625.210000,2.890000,5.240000,49.200000,5.460000,9.560000,458.230000,0.038800,28.410000
2026-08-22,327.080000,153.130000,332.470000,571.890000,67.980000,534.640000,623.500000,2.880000,5.250000,49.260000,5.470000,9.510000,456.880000,0.038600,28.520000
2026-08-25,327.880000,153.270000,330.940000,570.630000,68.130000,534.150000,623.920000,2.880000,5.240000,49.120000,5.470000,9.530000,457.990000,0.038800,28.590000
2026-08-26,327.900000,152.760000,330.840000,571.170000,68.230000,534.680000,624.950000,2.880000,5.240000,49.180000,5.430000,9.550000,458.480000,0.039000,28.670000
2026-08-27,329.470000,152.930000,330.910000,570.590000,68.280000,535.090000,624.940000,2.880000,5.250000,49.170000,5.420000,9.540000,458.870000,0.038900,28.810000
2026-08-28,331.890000,154.070000,332.950000,573.640000,68.790000,538.070000,627.530000,2.900000,5.290000,49.480000,5.410000,9.610000,462.300000,0.039300,28.890000
2026-08-29,334.590000,154.890000,335.720000,578.650000,69.160000,541.360000,631.620000,2.910000,5.310000,49.920000,5.410000,9.630000,464.770000,0.039400,29.080000
2026-09-01,330.830000,151.050000,332.760000,571.740000,68.800000,536.090000,625.920000,2.890000,5.290000,49.430000,5.340000,9.580000,462.310000,0.039100,28.670000
2026-09-02,327.470000,148.770000,330.490000,565.920000,68.200000,531.390000,620.420000,2.860000,5.240000,49.150000,5.290000,9.500000,458.450000,0.038800,28.390000
2026-09-03,324.790000,147.670000,326.940000,558.840000,67.750000,526.990000,614.060000,2.850000,5.210000,48.780000,5.250000,9.430000,455.400000,0.038600,28.210000
2026-09-04,327.720000,148.080000,330.310000,563.350000,67.840000,528.840000,615.090000,2.920000,5.210000,48.990000,5.250000,9.450000,455.860000,0.038700,28.400000
2026-09-05,328.680000,148.470000,330.700000,564.280000,68.030000,530.520000,617.730000,2.920000,5.220000,49.070000,5.280000,9.460000,456.560000,0.038700,28.580000
2026-09-08,327.920000,147.980000,328.830000,561.780000,67.700000,528.040000,615.040000,2.940000,5.200000,49.030000,5.250000,9.380000,454.310000,0.038600,28.430000
2026-09-09,327.710000,147.890000,329.080000,559.960000,67.720000,527.720000,614.750000,2.950000,5.200000,49.090000,5.250000,9.380000,454.460000,0.038500,28.330000
2026-09-10,329.600000,149.480000,331.540000,564.550000,68.110000,531.360000,618.400000,2.980000,5.220000,49.620000,5.320000,9.430000,456.890000,0.038700,28.470000
2026-09-11,324.520000,148.730000,326.280000,555.840000,67.220000,524.130000,610.230000,2.930000,5.150000,48.800000,5.310000,9.300000,450.790000,0.038300,28.010000
