date,AED,AMD,AUD,AZN,BRL,BYN,CAD,CHF,CNY,CZK,DKK,EGP,EUR,GBP,GEL,HKD,HUF,IDR,ILS,INR,IRR,JPY,KGS,KRW,KWD,MDL,MNT,MXN,MYR,NOK,OMR,PKR,PLN,QAR,RON,RUB,SAR,SEK,SGD,THB,TJS,TRY,UAH,USD,UZS,VND,XDR,ZAR
2021-05-08,116.260000,0.821000,330.960000,252.210000,79.760000,167.990000,348.650000,469.480000,65.960000,19.910000,69.180000,,514.350000,594.200000,124.490000,54.960000,1.435000,,,5.790000,0.010200,3.910000,5.040000,0.380200,1418.380000,24.100000,,21.130000,103.640000,51.230000,,,112.100000,,,5.720000,113.860000,50.500000,319.940000,13.670000,37.750000,51.360000,15.390000,426.990000,0.040700,,611.700000,29.940000
2021-05-12,116.320000,0.819000,335.200000,252.340000,81.780000,168.700000,353.070000,473.580000,66.520000,20.350000,69.910000,,519.710000,603.830000,125.280000,55.000000,1.450000,,,5.830000,0.010200,3.930000,5.040000,0.382100,1420.280000,24.140000,,21.500000,103.790000,51.850000,,,114.140000,,,5.780000,113.920000,51.390000,322.160000,13.740000,37.770000,51.480000,15.450000,427.220000,0.040700,,616.230000,30.610000
2021-05-13,116.030000,0.818000,332.560000,251.710000,81.600000,168.650000,352.620000,471.600000,66.170000,20.250000,69.550000,,517.080000,602.350000,124.970000,54.870000,1.445000,,,5.800000,0.010100,3.920000,5.030000,0.378600,1417.250000,24.170000,,21.320000,103.360000,51.590000,,,113.880000,,,5.740000,113.630000,51.160000,320.770000,13.650000,37.680000,51.200000,15.410000,426.140000,0.040400,,614.510000,30.420000
2021-05-14,116.410000,0.820000,329.300000,252.540000,80.610000,168.910000,352.420000,470.770000,66.240000,20.180000,69.380000,,515.840000,599.600000,125.490000,55.050000,1.445000,,,5.810000,0.010200,3.900000,5.050000,0.377400,1421.420000,24.250000,,21.220000,103.700000,50.950000,,,113.480000,,,5.750000,114.010000,50.680000,320.170000,13.620000,37.800000,50.490000,15.470000,427.550000,0.040500,,615.850000,30.270000
2021-05-15,116.730000,0.821000,331.610000,253.230000,80.770000,169.940000,353.170000,474.290000,66.610000,20.350000,69.820000,,519.120000,602.680000,125.980000,55.200000,1.459000,,,5.850000,0.010200,3.920000,5.060000,0.379800,1424.900000,24.230000,,21.590000,103.980000,51.760000,,,114.550000,,,5.790000,114.320000,51.210000,321.250000,13.670000,37.910000,50.740000,15.520000,428.710000,0.040700,,615.570000,30.350000
2021-05-18,116.370000,0.822000,331.630000,252.460000,81.060000,169.830000,353.030000,474.530000,66.380000,20.370000,69.870000,,519.470000,602.820000,126.450000,55.030000,1.477000,,,5.840000,0.010200,3.910000,5.050000,0.376100,1421.190000,24.190000,,21.490000,103.510000,51.730000,,,114.520000,,,5.780000,113.970000,51.210000,320.130000,13.600000,37.790000,51.150000,15.520000,427.410000,0.040600,,614.910000,30.230000
2021-05-19,116.000000,0.818000,332.230000,251.650000,80.800000,169.400000,354.100000,474.810000,66.350000,20.480000,70.010000,,520.460000,605.120000,126.050000,54.870000,1.485000,,,5.830000,0.010100,3.910000,5.050000,0.377500,1418.750000,24.070000,,21.600000,103.280000,51.920000,,,115.060000,,,5.780000,113.610000,51.330000,320.340000,13.540000,37.670000,51.110000,15.540000,426.050000,0.040400,,613.980000,30.450000
2021-05-20,116.410000,0.821000,331.040000,252.530000,81.270000,170.220000,353.750000,474.520000,66.400000,20.520000,70.210000,,521.980000,605.610000,127.240000,55.060000,1.487000,,,5.840000,0.010200,3.920000,5.070000,0.378400,1423.760000,24.200000,,21.480000,103.370000,51.640000,,,115.320000,,,5.800000,114.000000,51.370000,320.950000,13.590000,37.800000,50.860000,15.590000,427.540000,0.040500,,617.420000,30.440000
2021-05-21,116.860000,0.826000,332.290000,253.520000,80.840000,170.970000,353.870000,476.050000,66.670000,20.510000,70.360000,,522.990000,606.090000,128.510000,55.300000,1.494000,,,5.870000,0.010200,3.940000,5.110000,0.379000,1428.600000,24.300000,,21.580000,103.560000,51.450000,,,115.800000,,,5.830000,114.450000,51.380000,321.920000,13.680000,37.950000,51.140000,15.630000,429.210000,0.040600,,619.510000,30.460000
2021-05-22,116.770000,0.825000,333.010000,253.310000,81.190000,171.500000,355.810000,478.420000,66.690000,20.610000,70.510000,,524.280000,609.580000,131.550000,55.230000,1.501000,,,5.890000,0.010200,3.950000,5.110000,0.380800,1428.580000,24.350000,,21.570000,103.610000,51.640000,,,116.700000,,,5.840000,114.360000,51.810000,322.430000,13.670000,37.920000,51.290000,15.630000,428.860000,0.040500,,618.730000,30.820000
2021-05-25,116.420000,0.823000,330.480000,252.560000,79.750000,170.570000,354.510000,476.520000,66.510000,20.550000,70.220000,,522.120000,604.380000,129.960000,55.060000,1.502000,,,5.860000,0.010200,3.930000,5.100000,0.379500,1423.270000,24.320000,,21.440000,103.180000,51.310000,,,116.240000,,,5.810000,114.020000,51.460000,321.680000,13.640000,37.810000,50.960000,15.600000,427.580000,0.040500,,617.840000,30.550000
2021-05-26,116.120000,0.821000,331.030000,251.910000,80.170000,170.610000,354.250000,477.050000,66.590000,20.540000,70.290000,,522.520000,604.580000,130.500000,54.940000,1.502000,,,5.860000,0.010200,3.920000,5.100000,0.380100,1420.180000,24.300000,,21.480000,103.010000,51.260000,,,116.650000,,,5.810000,113.730000,51.640000,321.870000,13.600000,37.710000,50.740000,15.530000,426.480000,0.040400,,615.760000,30.850000
2021-05-27,116.310000,0.822000,332.350000,252.330000,80.130000,170.530000,353.840000,477.680000,66.860000,20.550000,70.350000,,523.010000,605.290000,131.240000,55.030000,1.494000,,,5.880000,0.010200,3.920000,5.130000,0.382300,1423.210000,24.380000,,21.490000,103.190000,51.350000,,,116.380000,,,5.810000,113.910000,51.560000,322.850000,13.670000,37.770000,50.640000,15.500000,427.190000,0.040400,,617.760000,30.870000
2021-05-28,116.660000,0.825000,331.560000,253.090000,80.680000,169.820000,353.790000,476.720000,67.190000,20.540000,70.270000,,522.450000,604.970000,132.250000,55.210000,1.498000,,,5.900000,0.010200,3.920000,5.160000,0.383700,1426.410000,24.440000,,21.580000,103.550000,51.150000,,,116.370000,,,5.830000,114.260000,51.580000,323.770000,13.700000,37.890000,50.750000,15.570000,428.480000,0.040500,,619.760000,31.240000
2021-05-29,116.510000,0.823000,330.250000,252.750000,81.670000,169.140000,353.780000,476.030000,67.210000,20.490000,70.120000,,521.350000,606.850000,131.660000,55.130000,1.498000,,,5.910000,0.010200,3.890000,5.130000,0.384100,1424.050000,24.420000,,21.390000,103.560000,51.240000,,,116.270000,,,5.820000,114.100000,51.560000,323.260000,13.700000,37.830000,49.950000,15.560000,427.900000,0.040500,,618.170000,30.960000
2021-06-01,116.730000,0.828000,331.510000,252.950000,82.060000,169.390000,355.330000,476.230000,67.290000,20.490000,70.260000,,522.370000,607.640000,132.310000,55.240000,1.503000,,,5.900000,0.010200,3.910000,5.130000,0.386600,1425.290000,24.470000,,21.500000,104.000000,51.160000,,,116.520000,,,5.840000,114.310000,51.550000,324.040000,13.730000,37.840000,50.390000,15.610000,428.700000,0.040600,,618.790000,31.160000
2021-06-02,116.370000,0.823000,330.740000,252.460000,81.930000,168.850000,354.710000,475.440000,67.040000,20.550000,70.310000,,522.730000,606.120000,132.000000,55.090000,1.509000,,,5.860000,0.010200,3.900000,5.110000,0.386000,1421.840000,24.400000,,21.480000,103.620000,51.700000,,,117.030000,,,5.820000,113.970000,51.770000,323.310000,13.730000,37.790000,50.130000,15.580000,427.420000,0.040500,,617.480000,31.090000
2021-06-03,116.570000,0.824000,330.650000,252.890000,83.120000,169.060000,354.540000,475.240000,67.070000,20.500000,70.130000,,521.430000,605.480000,133.380000,55.180000,1.505000,,,5.860000,0.010200,3.900000,5.070000,0.384400,1425.190000,24.400000,,21.440000,103.840000,51.430000,,,116.740000,,,5.820000,114.160000,51.720000,323.470000,13.740000,37.860000,49.810000,15.670000,428.140000,0.040600,,618.680000,31.150000
2021-06-04,116.530000,0.824000,330.840000,252.800000,84.330000,168.890000,355.000000,475.700000,67.010000,20.510000,70.180000,,521.810000,607.150000,135.870000,55.170000,1.509000,,,5.870000,0.010200,3.900000,5.070000,0.384300,1424.880000,24.390000,,21.470000,103.880000,51.530000,,,117.090000,,,5.850000,114.120000,51.690000,323.260000,13.750000,37.840000,49.590000,15.660000,427.990000,0.040600,,617.300000,31.610000
2021-06-05,116.570000,0.825000,328.310000,252.890000,84.320000,169.030000,353.200000,473.560000,66.800000,20.390000,69.760000,,518.700000,604.760000,138.560000,55.190000,1.497000,,,5.870000,0.010200,3.890000,5.060000,0.383600,1423.230000,24.370000,,21.210000,103.770000,51.000000,,,116.070000,,,5.850000,114.170000,51.300000,322.430000,13.690000,37.860000,49.310000,15.710000,428.150000,0.040700,,617.950000,31.340000
2021-06-08,116.210000,0.822000,330.740000,251.840000,84.590000,169.090000,353.230000,474.660000,66.760000,20.450000,69.800000,,518.960000,603.680000,136.360000,55.020000,1.501000,,,5.860000,0.010200,3.900000,5.040000,0.383800,1420.470000,24.220000,,21.510000,103.440000,51.590000,,,116.350000,,,5.860000,113.810000,51.630000,322.510000,13.680000,37.670000,49.510000,15.710000,426.810000,0.040500,,614.100000,31.650000
2021-06-09,116.490000,0.824000,330.970000,252.710000,84.780000,170.040000,354.050000,477.010000,66.880000,20.520000,70.050000,,520.750000,604.690000,137.130000,55.140000,1.501000,,,5.870000,0.010200,3.910000,5.060000,0.383200,1424.110000,24.260000,,21.600000,103.870000,51.850000,,,116.520000,,,5.890000,114.080000,51.660000,323.130000,13.710000,37.830000,49.760000,15.760000,427.830000,0.040700,,616.940000,31.490000
2021-06-10,116.190000,0.823000,330.540000,251.750000,84.740000,170.800000,353.070000,476.520000,66.810000,20.500000,69.960000,,520.170000,604.880000,137.210000,55.000000,1.499000,,,5.850000,0.010200,3.900000,5.040000,0.383100,1420.600000,24.190000,,21.730000,103.670000,51.710000,,,116.790000,,,5.910000,113.780000,51.720000,322.490000,13.700000,37.660000,49.710000,15.760000,426.720000,0.040500,,615.690000,31.470000
2021-06-11,116.400000,0.826000,330.870000,252.530000,84.460000,171.420000,353.130000,476.990000,66.890000,20.470000,69.950000,,520.090000,602.730000,136.370000,55.100000,1.503000,,,5.850000,0.010200,3.900000,5.060000,0.383300,1423.340000,24.240000,,21.670000,103.810000,51.360000,,,116.100000,,,5.920000,114.000000,51.640000,322.620000,13.720000,37.800000,50.130000,15.780000,427.530000,0.040500,,617.300000,31.380000
2021-06-12,116.300000,0.825000,331.130000,252.300000,84.490000,172.370000,353.050000,476.460000,66.840000,20.520000,69.820000,,519.120000,604.370000,136.170000,55.050000,1.499000,,,5.850000,0.010200,3.900000,5.090000,0.383800,1421.980000,24.190000,,21.670000,104.030000,51.510000,,,116.040000,,,5.960000,113.920000,51.620000,322.790000,13.750000,37.770000,51.010000,15.810000,427.150000,0.040400,,616.050000,31.440000
2021-06-15,116.210000,0.825000,329.240000,252.100000,83.460000,171.720000,351.140000,474.760000,66.720000,20.380000,69.530000,,517.000000,601.380000,133.800000,54.990000,1.482000,,,5.820000,0.010200,3.890000,5.050000,0.381700,1420.290000,24.170000,,21.460000,103.770000,51.380000,,,114.840000,,,5.910000,113.810000,51.320000,321.710000,13.720000,37.740000,51.180000,15.820000,426.810000,0.040400,,615.490000,31.000000
2021-06-16,116.260000,0.826000,328.230000,252.210000,84.390000,171.820000,350.600000,475.280000,66.720000,20.360000,69.620000,,517.550000,600.900000,135.980000,55.010000,1.476000,,,5.820000,0.010200,3.880000,5.040000,0.381800,1420.700000,24.260000,,21.390000,103.760000,51.340000,,,114.320000,,,5.940000,113.860000,51.380000,321.870000,13.710000,37.750000,49.830000,15.870000,426.990000,0.040300,,614.720000,30.960000
2021-06-17,115.890000,0.827000,327.990000,251.410000,84.390000,170.670000,349.450000,473.610000,66.520000,20.290000,69.410000,,515.990000,600.610000,135.770000,54.830000,1.469000,,,5.810000,0.010100,3.870000,5.030000,0.380700,1416.360000,24.070000,,21.330000,103.410000,51.020000,,,114.190000,,,5.920000,113.500000,50.990000,320.940000,13.660000,37.630000,49.770000,15.730000,425.630000,0.040200,,612.550000,30.940000
2021-06-18,116.200000,0.828000,324.130000,252.080000,84.430000,169.490000,346.430000,466.770000,66.340000,20.010000,68.590000,,509.950000,596.280000,136.350000,54.960000,1.442000,,,5.760000,0.010200,3.860000,5.050000,0.376800,1418.360000,24.080000,,20.870000,103.130000,50.100000,,,112.490000,,,5.890000,113.800000,50.050000,318.870000,13.590000,37.730000,49.470000,15.720000,426.770000,0.040300,,614.420000,30.370000
2021-06-19,116.480000,0.830000,322.750000,252.700000,85.440000,170.390000,345.960000,465.780000,66.510000,20.000000,68.560000,,509.750000,594.710000,136.250000,55.110000,1.438000,,,5.790000,0.010200,3.880000,5.050000,0.378800,1421.520000,24.060000,,20.960000,103.410000,49.870000,,,112.160000,,,5.930000,114.080000,49.890000,319.010000,13.610000,37.830000,49.310000,15.730000,427.820000,0.040500,,611.490000,30.370000
2021-06-22,116.320000,0.830000,320.940000,252.350000,83.950000,169.030000,343.850000,463.780000,66.060000,19.910000,68.360000,,508.190000,592.530000,136.060000,55.020000,1.437000,,,5.770000,0.010200,3.880000,5.050000,0.377200,1420.410000,23.850000,,20.800000,103.070000,49.440000,,,112.110000,,,5.850000,113.930000,49.780000,317.880000,13.520000,37.770000,48.780000,15.680000,427.230000,0.040500,,610.400000,30.000000
2021-06-23,116.000000,0.827000,319.740000,251.650000,84.990000,168.090000,344.080000,462.680000,65.790000,19.830000,68.100000,,506.390000,590.960000,135.900000,54.860000,1.430000,,,5.730000,0.010100,3.860000,5.040000,0.375400,1416.780000,23.790000,,20.680000,102.430000,49.520000,,,111.770000,,,5.820000,113.610000,49.790000,316.360000,13.420000,37.670000,48.810000,15.580000,426.040000,0.040300,,608.010000,29.830000
2021-06-24,116.150000,0.833000,322.520000,251.980000,86.060000,168.570000,346.980000,464.670000,65.870000,20.030000,68.510000,,509.330000,595.550000,136.300000,54.930000,1.461000,,,5.740000,0.010200,3.850000,5.040000,0.375500,1419.050000,23.830000,,21.020000,102.580000,50.110000,,,112.720000,,,5.880000,113.760000,50.390000,317.160000,13.390000,37.720000,49.500000,15.650000,426.610000,0.040400,,608.550000,30.050000
2021-06-25,116.260000,0.836000,323.460000,252.220000,85.990000,168.840000,347.470000,465.050000,66.020000,20.120000,68.590000,,509.940000,596.150000,136.640000,55.000000,1.458000,,,5.760000,0.010200,3.850000,5.040000,0.377300,1420.190000,23.820000,,21.220000,102.650000,50.230000,,,112.740000,,,5.910000,113.870000,50.420000,317.860000,13.410000,37.760000,49.270000,15.520000,427.010000,0.040500,,610.010000,30.050000
2021-06-26,116.240000,0.842000,324.000000,252.180000,86.890000,169.210000,346.880000,465.740000,66.210000,20.040000,68.570000,,509.810000,593.750000,136.620000,55.010000,1.450000,,,5.760000,0.010200,3.860000,5.040000,0.378700,1419.870000,23.800000,,21.570000,102.780000,50.280000,,,113.110000,,,5.920000,113.850000,50.450000,318.230000,13.440000,37.750000,49.140000,15.610000,426.940000,0.040500,,610.040000,30.260000
2021-06-29,115.920000,0.858000,322.850000,251.480000,86.300000,168.880000,345.860000,463.730000,65.950000,19.910000,68.350000,,508.220000,592.390000,135.810000,54.850000,1.448000,,,5.740000,0.010100,3.850000,5.030000,0.376400,1415.910000,23.780000,,21.440000,102.760000,50.030000,,,112.750000,,,5.900000,113.530000,50.240000,317.090000,13.330000,37.640000,48.750000,15.600000,425.750000,0.040300,,608.370000,29.870000
2021-06-30,116.490000,0.862000,322.170000,252.680000,86.870000,169.370000,345.940000,464.940000,66.240000,20.030000,68.520000,,509.370000,592.700000,136.240000,55.100000,1.454000,,,5.760000,0.010200,3.870000,5.050000,0.378400,1422.600000,23.930000,,21.570000,103.080000,49.950000,,,112.860000,,,5.910000,114.070000,50.200000,318.320000,13.360000,37.820000,49.110000,15.730000,427.790000,0.040500,,611.140000,29.860000
2021-07-01,116.500000,0.866000,321.000000,252.740000,86.340000,169.190000,345.070000,463.940000,66.260000,19.980000,68.440000,,508.850000,592.840000,135.840000,55.100000,1.447000,,,5.760000,0.010200,3.870000,5.050000,0.379400,1422.740000,23.840000,,21.580000,103.110000,49.930000,,,112.700000,,,5.850000,114.090000,50.250000,318.470000,13.350000,37.830000,49.200000,15.710000,427.890000,0.040400,,610.510000,29.930000
2021-07-02,116.000000,0.860000,318.980000,251.650000,85.720000,168.430000,343.560000,460.450000,65.900000,19.840000,67.920000,,505.040000,587.010000,135.680000,54.870000,1.437000,,,5.720000,0.010100,3.820000,5.030000,0.376300,1415.870000,23.700000,,21.320000,102.500000,49.380000,,,111.900000,,,5.840000,113.600000,49.700000,316.460000,13.300000,37.670000,49.040000,15.560000,426.050000,0.040300,,607.730000,29.820000
2021-07-03,116.110000,0.861000,317.670000,251.900000,84.490000,167.800000,343.120000,460.240000,65.810000,19.710000,67.810000,,504.120000,586.300000,136.030000,54.900000,1.434000,,,5.710000,0.010200,3.830000,5.030000,0.375600,1416.670000,23.690000,,21.350000,102.470000,49.190000,,,111.320000,,,5.790000,113.710000,49.650000,315.620000,13.240000,37.710000,48.950000,15.560000,426.460000,0.040400,,608.310000,29.460000
2021-07-04,115.720000,0.860000,319.810000,250.760000,84.030000,167.320000,344.930000,461.640000,65.660000,19.740000,67.820000,,504.210000,587.380000,135.780000,54.730000,1.434000,,,5.700000,0.010100,3.830000,5.010000,0.375900,1412.490000,23.640000,,21.510000,102.110000,49.430000,,,111.960000,,,5.810000,113.320000,49.760000,315.530000,13.220000,37.580000,48.970000,15.540000,424.990000,0.040100,,606.210000,29.820000
2021-07-08,116.490000,0.864000,321.610000,252.720000,82.330000,167.730000,344.150000,463.640000,66.190000,19.750000,68.070000,,506.060000,590.820000,137.040000,55.080000,1.427000,,,5.730000,0.010200,3.860000,5.050000,0.376400,1422.990000,23.810000,,21.410000,102.850000,49.330000,,,112.030000,,,5.770000,114.080000,49.760000,317.610000,13.260000,37.830000,49.330000,15.690000,427.850000,0.040400,,609.350000,29.850000
2021-07-09,117.020000,0.868000,319.600000,253.870000,82.160000,166.110000,342.060000,468.450000,66.310000,19.710000,68.400000,,508.580000,592.180000,137.540000,55.320000,1.422000,,,5.750000,0.010200,3.910000,5.070000,0.374700,1429.140000,23.970000,,21.400000,102.820000,49.040000,,,112.060000,,,5.730000,114.600000,49.940000,318.040000,13.230000,38.000000,49.460000,15.740000,429.800000,0.040500,,611.710000,29.950000
2021-07-10,116.900000,0.866000,320.200000,253.600000,81.660000,167.190000,343.280000,469.630000,66.220000,19.770000,68.450000,,508.900000,592.360000,137.610000,55.280000,1.432000,,,5.750000,0.010200,3.900000,5.060000,0.374300,1427.800000,23.850000,,21.550000,102.490000,49.210000,,,111.950000,,,5.780000,114.470000,49.970000,317.300000,13.170000,37.960000,49.450000,15.710000,429.340000,0.040500,,611.240000,30.110000
2021-07-13,116.450000,0.863000,319.050000,252.620000,81.340000,166.530000,342.390000,467.000000,66.060000,19.690000,68.160000,,506.840000,592.680000,137.300000,55.070000,1.426000,,,5.730000,0.010200,3.880000,5.050000,0.372900,1423.700000,23.830000,,21.430000,102.100000,49.020000,,,111.240000,,,5.730000,114.030000,49.700000,316.450000,13.090000,37.810000,49.530000,15.660000,427.680000,0.040300,,609.290000,29.720000
2021-07-14,116.130000,0.861000,318.940000,251.930000,82.440000,166.460000,341.810000,465.670000,65.950000,19.690000,67.920000,,505.030000,590.890000,137.010000,54.920000,1.417000,,,5.730000,0.010200,3.870000,5.030000,0.372900,1420.090000,23.730000,,21.430000,101.770000,49.000000,,,110.530000,,,5.760000,113.720000,49.600000,315.490000,13.090000,37.710000,49.520000,15.610000,426.510000,0.040200,,607.650000,29.250000
2021-07-15,115.880000,0.860000,316.870000,251.390000,82.430000,166.550000,340.300000,463.120000,65.800000,19.560000,67.500000,,501.880000,589.260000,136.630000,54.790000,1.401000,,,5.710000,0.010100,3.850000,5.020000,0.370300,1416.760000,23.740000,,21.310000,101.360000,48.510000,,,109.500000,,,5.740000,113.480000,49.130000,313.850000,13.030000,37.630000,49.310000,15.600000,425.610000,0.040000,,606.440000,28.910000
2021-07-16,116.150000,0.861000,318.590000,251.980000,84.130000,168.350000,341.210000,467.620000,66.060000,19.750000,67.940000,,505.150000,590.210000,137.170000,54.920000,1.408000,,,5.720000,0.010200,3.890000,5.040000,0.373800,1421.180000,23.820000,,21.460000,101.550000,48.790000,,,110.400000,,,5.760000,113.740000,49.440000,315.280000,13.060000,37.720000,49.850000,15.640000,426.610000,0.040100,,606.960000,29.370000
2021-07-17,116.120000,0.861000,317.210000,251.900000,83.460000,168.650000,339.220000,464.360000,65.950000,19.760000,67.790000,,504.040000,589.640000,137.790000,54.900000,1.403000,,,5.720000,0.010200,3.870000,5.030000,0.374100,1420.150000,23.830000,,21.470000,101.370000,48.480000,,,109.950000,,,5.760000,113.710000,49.220000,315.060000,13.030000,37.710000,50.180000,15.670000,426.470000,0.040100,,607.540000,29.720000
2021-07-20,116.310000,0.863000,314.580000,252.330000,83.520000,168.680000,334.970000,463.830000,65.860000,19.650000,67.660000,,503.140000,587.040000,138.160000,54.980000,1.401000,,,5.710000,0.010200,3.890000,5.040000,0.371400,1422.070000,23.890000,,21.390000,101.160000,47.890000,,,109.710000,,,5.730000,113.900000,49.070000,313.900000,13.000000,37.770000,49.840000,15.690000,427.190000,0.040300,,607.750000,29.520000
2021-07-22,116.670000,0.874000,313.380000,253.110000,82.080000,169.600000,337.840000,464.820000,66.220000,19.660000,67.840000,,504.500000,584.290000,139.580000,55.120000,1.401000,,,5.750000,0.010200,3.890000,5.050000,0.371100,1425.640000,23.840000,,21.310000,101.310000,47.810000,,,109.800000,,,5.770000,114.250000,49.300000,313.310000,13.050000,37.890000,49.900000,15.730000,428.520000,0.040500,,608.850000,29.230000
2021-07-23,115.910000,0.878000,314.260000,251.450000,82.050000,169.280000,339.000000,463.840000,65.830000,19.610000,67.510000,,502.080000,585.270000,138.220000,54.780000,1.399000,,,5.720000,0.010100,3.860000,5.030000,0.371200,1417.000000,23.600000,,21.130000,100.840000,48.200000,,,109.800000,,,5.770000,113.500000,49.060000,313.000000,12.960000,37.640000,49.750000,15.660000,425.710000,0.040200,,604.450000,29.290000
2021-07-24,115.630000,0.876000,313.160000,250.840000,81.660000,169.490000,337.930000,461.260000,65.600000,19.480000,67.200000,,499.760000,583.300000,138.110000,54.660000,1.395000,,,5.710000,0.010100,3.850000,5.030000,0.369100,1413.100000,23.580000,,21.130000,100.520000,47.920000,,,109.340000,,,5.770000,113.220000,48.950000,312.310000,12.910000,37.550000,49.660000,15.710000,424.680000,0.040100,,603.890000,28.770000
2021-07-27,115.610000,0.876000,312.460000,250.800000,81.640000,168.800000,338.350000,462.830000,65.510000,19.490000,67.360000,,500.900000,585.610000,138.310000,54.610000,1.385000,,,5.710000,0.010100,3.850000,5.040000,0.367800,1413.070000,23.650000,,21.170000,100.380000,47.840000,,,109.240000,,,5.730000,113.210000,49.030000,312.320000,12.890000,37.540000,49.510000,15.740000,424.600000,0.040000,,603.010000,28.620000
2021-07-28,115.540000,0.875000,312.210000,250.660000,81.980000,168.420000,337.610000,462.180000,65.280000,19.450000,67.230000,,499.910000,584.700000,138.230000,54.540000,1.384000,,,5.700000,0.010100,3.850000,5.030000,0.367900,1412.310000,23.710000,,21.130000,100.310000,47.830000,,,108.980000,,,5.750000,113.150000,49.150000,311.990000,12.880000,37.520000,49.470000,15.780000,424.370000,0.039900,,603.300000,28.560000
2021-07-29,115.620000,0.875000,311.860000,250.820000,82.150000,168.740000,338.060000,464.340000,65.360000,19.560000,67.460000,,501.630000,589.150000,138.090000,54.570000,1.396000,,,5.710000,0.010100,3.860000,5.020000,0.368300,1413.860000,23.860000,,21.290000,100.320000,47.820000,,,109.270000,,,5.780000,113.230000,49.200000,312.440000,12.920000,37.550000,49.640000,15.820000,424.640000,0.039900,,603.500000,28.730000
2021-07-30,115.580000,0.882000,314.180000,250.740000,82.980000,169.380000,340.510000,467.320000,65.730000,19.760000,67.780000,,504.060000,592.230000,136.940000,54.610000,1.406000,,,5.710000,0.010100,3.870000,5.010000,0.370600,1414.560000,23.850000,,21.360000,100.190000,48.520000,,,109.890000,,,5.800000,113.190000,49.520000,313.550000,12.910000,37.530000,49.930000,15.800000,424.510000,0.039900,,604.010000,28.990000
2021-07-31,115.560000,0.879000,313.320000,250.700000,83.530000,169.630000,341.330000,469.100000,65.720000,19.810000,67.900000,,504.910000,593.070000,137.050000,54.610000,1.413000,,,5.700000,0.010100,3.870000,5.010000,0.369700,1414.710000,23.840000,,21.350000,100.630000,48.310000,,,110.460000,,,5.810000,113.170000,49.530000,313.910000,12.920000,37.530000,50.450000,15.830000,424.440000,0.040000,,605.880000,29.110000
2021-08-03,115.570000,0.872000,312.360000,250.710000,81.430000,169.840000,340.770000,469.120000,65.740000,19.820000,67.880000,,504.810000,590.810000,137.370000,54.590000,1.416000,,,5.710000,0.010100,3.870000,5.010000,0.369200,1413.080000,23.890000,,21.410000,100.500000,48.320000,,,110.700000,,,5.820000,113.180000,49.480000,314.160000,12.890000,37.530000,50.690000,15.810000,424.460000,0.040000,,606.460000,29.420000
2021-08-04,115.380000,0.871000,313.240000,250.300000,81.890000,169.940000,338.700000,468.960000,65.570000,19.750000,67.710000,,503.540000,589.560000,137.360000,54.490000,1.419000,,,5.710000,0.010100,3.880000,5.000000,0.369200,1412.690000,23.810000,,21.360000,100.460000,48.320000,,,110.670000,,,5.820000,113.000000,49.420000,313.680000,12.840000,37.470000,50.940000,15.800000,423.750000,0.039900,,605.060000,29.520000
2021-08-05,115.460000,0.871000,314.540000,250.450000,81.590000,168.660000,338.380000,468.740000,65.620000,19.770000,67.620000,,502.760000,590.870000,137.670000,54.540000,1.419000,,,5.720000,0.010100,3.880000,5.010000,0.371000,1412.690000,23.890000,,21.350000,100.480000,48.180000,,,110.660000,,,5.820000,113.070000,49.310000,314.410000,12.800000,37.490000,50.200000,15.760000,424.020000,0.039900,,605.670000,29.690000
2021-08-06,115.760000,0.867000,314.890000,251.110000,82.250000,168.500000,339.910000,468.820000,65.790000,19.790000,67.650000,,503.010000,591.650000,138.700000,54.660000,1.421000,,,5.730000,0.010100,3.880000,5.020000,0.372200,1415.680000,23.950000,,21.330000,100.860000,48.200000,,,110.490000,,,5.810000,113.370000,49.380000,314.860000,12.790000,37.590000,49.770000,15.780000,425.130000,0.040100,,606.770000,29.570000
2021-08-07,115.540000,0.866000,313.450000,250.630000,80.880000,169.130000,339.130000,467.360000,65.610000,19.740000,67.390000,,501.080000,590.190000,138.440000,54.570000,1.421000,,,5.720000,0.010100,3.860000,5.010000,0.371200,1413.930000,23.910000,,21.290000,100.620000,48.050000,,,110.010000,,,5.800000,113.150000,49.230000,314.080000,12.720000,37.520000,49.600000,15.820000,424.320000,0.040000,,605.320000,29.170000
2021-08-10,116.090000,0.871000,313.300000,251.850000,81.520000,169.860000,340.120000,465.430000,65.830000,19.740000,67.450000,,501.420000,592.240000,138.440000,54.790000,1.417000,,,5.740000,0.010200,3.870000,5.030000,0.372400,1419.370000,24.060000,,21.310000,100.890000,47.910000,,,109.820000,,,5.810000,113.700000,49.160000,314.560000,12.760000,37.700000,49.240000,15.910000,426.380000,0.040200,,607.270000,29.220000
2021-08-11,115.940000,0.870000,312.180000,251.520000,81.370000,169.820000,338.690000,462.160000,65.690000,19.680000,67.130000,,499.160000,590.200000,138.030000,54.720000,1.415000,,,5.720000,0.010100,3.850000,5.020000,0.370100,1416.840000,24.060000,,21.210000,100.760000,47.670000,,,109.190000,,,5.790000,113.550000,48.860000,313.460000,12.730000,37.650000,49.310000,15.910000,425.830000,0.040100,,605.300000,28.760000
2021-08-12,115.860000,0.870000,311.810000,251.330000,81.990000,169.320000,339.480000,460.810000,65.640000,19.630000,67.010000,,498.230000,587.800000,138.150000,54.690000,1.405000,,,5.720000,0.010100,3.840000,5.020000,0.367300,1415.300000,24.070000,,21.210000,100.400000,47.710000,,,108.590000,,,5.750000,113.460000,48.770000,312.900000,12.760000,37.620000,49.200000,15.870000,425.510000,0.040000,,604.130000,28.720000
2021-08-13,115.510000,0.867000,312.200000,250.580000,81.300000,169.490000,339.120000,460.180000,65.520000,19.640000,66.990000,,498.100000,588.120000,137.290000,54.530000,1.410000,,,5.710000,0.010100,3.840000,5.000000,0.364700,1411.780000,24.140000,,21.340000,100.270000,48.080000,,,108.490000,,,5.770000,113.120000,48.990000,312.750000,12.840000,37.510000,49.510000,15.850000,424.240000,0.039900,,601.770000,28.860000
2021-08-14,115.760000,0.866000,312.200000,251.130000,80.930000,170.580000,339.720000,461.230000,65.640000,19.700000,67.170000,,499.480000,586.850000,137.150000,54.630000,1.417000,,,5.730000,0.010100,3.850000,5.030000,0.364200,1414.560000,24.360000,,21.380000,100.370000,48.160000,,,109.290000,,,5.790000,113.370000,49.000000,313.060000,12.760000,37.590000,49.800000,15.930000,425.160000,0.039900,,603.800000,28.620000
2021-08-17,115.870000,0.866000,312.160000,251.380000,81.170000,170.740000,339.270000,465.670000,65.730000,19.740000,67.430000,,501.330000,589.680000,137.950000,54.670000,1.425000,,,5.740000,0.010100,3.890000,5.020000,0.365400,1417.180000,24.420000,,21.400000,100.490000,48.210000,,,109.770000,,,5.800000,113.480000,49.170000,313.870000,12.730000,37.630000,50.260000,15.970000,425.580000,0.039900,,604.470000,28.900000
2021-08-18,115.720000,0.865000,309.830000,251.030000,80.810000,170.320000,336.980000,466.420000,65.580000,19.670000,67.280000,,500.230000,586.500000,137.760000,54.540000,1.422000,,,5.720000,0.010100,3.890000,5.020000,0.361800,1414.400000,24.400000,,21.380000,100.330000,48.130000,,,109.550000,,,5.790000,113.320000,49.120000,312.820000,12.770000,37.540000,50.650000,15.940000,425.000000,0.039900,,604.830000,28.550000
2021-08-19,115.870000,0.870000,308.540000,251.370000,80.380000,169.690000,337.110000,465.710000,65.670000,19.570000,67.050000,,498.600000,585.070000,137.280000,54.650000,1.422000,,,5.730000,0.010100,3.880000,5.020000,0.364100,1416.020000,24.360000,,21.320000,100.470000,47.750000,,,109.310000,,,5.790000,113.480000,48.690000,312.990000,12.780000,37.590000,50.290000,15.980000,425.570000,0.040000,,605.110000,28.530000
2021-08-20,116.170000,0.871000,305.700000,252.010000,79.310000,169.810000,334.870000,465.940000,65.730000,19.560000,67.110000,,498.980000,584.140000,137.410000,54.770000,1.422000,,,5.740000,0.010200,3.890000,5.040000,0.362800,1418.420000,24.310000,,21.180000,100.700000,47.500000,,,108.940000,,,5.760000,113.770000,48.620000,313.010000,12.800000,37.690000,50.080000,16.010000,426.660000,0.040200,,605.410000,28.150000
2021-08-21,116.240000,0.873000,303.850000,252.170000,78.840000,169.940000,330.290000,465.420000,65.700000,19.550000,67.030000,,498.360000,581.310000,137.410000,54.800000,1.422000,,,5.740000,0.010200,3.890000,5.050000,0.360700,1419.500000,24.400000,,21.070000,100.790000,46.990000,,,108.570000,,,5.730000,113.840000,48.310000,313.070000,12.790000,37.710000,50.010000,16.030000,426.930000,0.040200,,605.210000,27.830000
2021-08-24,115.990000,0.871000,305.700000,251.620000,79.230000,169.600000,334.380000,464.760000,65.700000,19.560000,67.160000,,499.440000,582.260000,137.860000,54.680000,1.429000,,,5.740000,0.010100,3.870000,5.030000,0.363600,1416.880000,24.230000,,21.000000,100.850000,47.630000,,,108.930000,,,5.750000,113.590000,48.690000,313.510000,12.780000,37.630000,50.320000,15.980000,426.000000,0.040100,,603.310000,27.980000
2021-08-25,115.610000,0.868000,307.010000,250.820000,78.920000,169.780000,336.070000,465.350000,65.580000,19.520000,66.990000,,498.130000,582.170000,137.420000,54.520000,1.427000,,,5.720000,0.010100,3.870000,5.020000,0.363900,1412.750000,24.200000,,20.860000,100.460000,47.830000,,,108.690000,,,5.740000,113.230000,48.790000,313.060000,12.900000,37.510000,50.500000,15.930000,424.630000,0.040000,,602.320000,28.060000
2021-08-26,115.640000,0.867000,308.300000,250.870000,80.960000,169.790000,337.050000,465.090000,65.590000,19.560000,67.110000,,498.920000,582.930000,137.230000,54.560000,1.437000,,,5.720000,0.010100,3.870000,5.020000,0.364000,1413.190000,24.130000,,21.050000,101.080000,48.090000,,,109.250000,,,5.760000,113.250000,48.850000,314.000000,12.990000,37.520000,50.640000,15.900000,424.720000,0.040000,,602.990000,28.450000
2021-08-27,115.820000,0.869000,308.820000,251.250000,81.620000,169.470000,337.460000,464.330000,65.610000,19.590000,67.330000,,500.660000,584.710000,137.220000,54.620000,1.436000,,,5.730000,0.010100,3.860000,5.020000,0.363900,1415.070000,24.100000,,20.940000,101.450000,48.320000,,,109.460000,,,5.750000,113.420000,48.890000,314.440000,12.990000,37.580000,50.870000,15.870000,425.370000,0.040000,,604.090000,28.480000
2021-08-28,115.920000,0.870000,308.960000,251.470000,81.060000,169.360000,336.180000,464.220000,65.720000,19.600000,67.330000,,500.500000,583.650000,137.340000,54.650000,1.429000,,,5.780000,0.010100,3.870000,5.030000,0.364300,1416.020000,24.170000,,20.890000,101.660000,48.290000,,,109.290000,,,5.750000,113.520000,48.860000,315.220000,13.050000,37.610000,50.710000,15.810000,425.740000,0.040100,,605.010000,28.530000
2021-09-01,115.830000,0.868000,311.660000,251.280000,82.060000,169.320000,338.060000,465.640000,65.840000,19.690000,67.640000,,502.880000,585.700000,137.670000,54.670000,1.439000,,,5.830000,0.010100,3.870000,5.020000,0.367900,1416.190000,24.200000,,21.200000,102.390000,49.140000,,,110.760000,,,5.810000,113.420000,49.440000,316.620000,13.200000,37.520000,51.180000,15.810000,425.410000,0.040000,,605.190000,29.210000
2021-09-02,115.900000,0.868000,312.350000,251.420000,82.670000,170.530000,337.800000,464.390000,65.820000,19.770000,67.650000,,503.000000,585.500000,137.980000,54.730000,1.445000,,,5.830000,0.010100,3.860000,5.030000,0.367200,1416.840000,24.130000,,21.210000,102.510000,48.990000,,,111.480000,,,5.820000,113.490000,49.330000,316.150000,13.160000,37.570000,51.330000,15.760000,425.660000,0.039900,,606.250000,29.480000
2021-09-03,116.080000,0.866000,314.980000,251.830000,82.230000,170.800000,338.340000,465.540000,66.000000,19.920000,67.950000,,505.170000,588.140000,137.970000,54.850000,1.455000,,,5.840000,0.010200,3.880000,5.030000,0.367900,1419.340000,24.180000,,21.370000,102.580000,49.050000,,,112.110000,,,5.860000,113.680000,49.580000,317.240000,13.140000,37.630000,51.570000,15.810000,426.340000,0.040000,,606.780000,29.710000
2021-09-04,115.670000,0.863000,315.750000,250.950000,81.980000,170.210000,338.550000,464.620000,65.860000,19.850000,67.820000,,504.210000,587.820000,137.270000,54.660000,1.447000,,,5.820000,0.010100,3.870000,5.020000,0.367400,1414.800000,24.210000,,21.290000,102.520000,49.120000,,,111.840000,,,5.840000,113.280000,49.560000,316.560000,13.030000,37.470000,51.140000,15.800000,424.850000,0.039800,,604.660000,29.510000
2021-09-07,116.060000,0.869000,316.630000,251.780000,82.120000,170.770000,339.600000,465.450000,66.020000,19.920000,68.000000,,505.540000,589.900000,137.950000,54.830000,1.455000,,,5.830000,0.010100,3.880000,5.030000,0.368300,1419.640000,24.300000,,21.430000,102.810000,49.180000,,,111.980000,,,5.840000,113.660000,49.730000,317.390000,13.120000,37.590000,51.430000,15.930000,426.260000,0.040000,,606.670000,29.850000
2021-09-08,115.840000,0.864000,314.850000,251.310000,82.310000,169.270000,338.290000,465.400000,65.830000,19.900000,67.900000,,504.820000,587.620000,137.690000,54.730000,1.451000,,,5.800000,0.010100,3.870000,5.020000,0.365900,1417.240000,24.280000,,21.320000,102.420000,49.100000,,,111.760000,,,5.810000,113.450000,49.710000,316.570000,13.040000,37.590000,51.190000,15.960000,425.470000,0.039900,,605.550000,29.720000
2021-09-09,116.090000,0.870000,314.160000,251.850000,82.480000,169.480000,336.290000,463.050000,66.060000,19.840000,67.750000,,503.730000,586.490000,137.990000,54.830000,1.442000,,,5.790000,0.010200,3.870000,5.030000,0.365900,1417.720000,24.460000,,21.390000,102.670000,48.990000,,,111.550000,,,5.810000,113.690000,49.500000,316.850000,13.010000,37.630000,50.400000,15.950000,426.380000,0.039900,,608.010000,29.760000
2021-09-10,116.020000,0.869000,314.310000,251.700000,80.080000,169.440000,336.040000,463.640000,66.050000,19.870000,67.810000,,504.200000,588.780000,137.910000,54.800000,1.438000,,,5.800000,0.010100,3.880000,5.030000,0.364700,1418.970000,24.460000,,21.410000,102.780000,49.030000,,,111.280000,,,5.830000,113.620000,49.500000,317.160000,13.030000,37.610000,50.360000,15.950000,426.130000,0.040000,,606.520000,30.130000
2021-09-11,116.130000,0.870000,315.410000,251.930000,82.060000,170.200000,338.290000,465.530000,66.240000,19.930000,67.900000,,504.790000,591.670000,138.030000,54.850000,1.439000,,,5.810000,0.010200,3.880000,5.030000,0.365700,1421.020000,24.410000,,21.450000,103.150000,49.390000,,,111.050000,,,5.860000,113.720000,49.530000,318.540000,13.060000,37.650000,50.640000,15.970000,426.520000,0.040100,,607.670000,30.230000
2021-09-14,115.990000,0.870000,313.490000,251.620000,81.210000,170.350000,336.380000,462.080000,66.000000,19.840000,67.550000,,502.200000,588.850000,137.860000,54.760000,1.439000,,,5.780000,0.010100,3.870000,5.020000,0.362700,1418.360000,24.340000,,21.430000,102.670000,49.380000,,,110.680000,,,5.840000,113.580000,49.340000,317.330000,12.950000,37.600000,50.380000,15.960000,425.990000,0.040000,,607.310000,30.030000
2021-09-15,115.940000,0.869000,312.250000,251.520000,81.660000,170.490000,336.540000,461.940000,66.080000,19.830000,67.660000,,503.020000,590.270000,137.810000,54.740000,1.439000,,,5.780000,0.010100,3.870000,5.020000,0.363600,1417.790000,24.260000,,21.380000,102.360000,49.440000,,,110.550000,,,5.840000,113.530000,49.590000,317.140000,12.940000,37.580000,50.380000,15.990000,425.820000,0.040100,,605.730000,29.970000
2021-09-16,116.090000,0.872000,312.670000,251.850000,81.380000,171.520000,336.540000,464.780000,66.280000,19.930000,67.810000,,504.160000,589.570000,138.210000,54.810000,1.445000,,,5.800000,0.010200,3.900000,5.030000,0.365400,1419.740000,24.230000,,21.460000,102.570000,49.800000,,,110.820000,,,5.870000,113.690000,49.720000,317.990000,12.980000,37.630000,50.650000,16.010000,426.390000,0.040000,,607.230000,29.890000
2021-09-17,115.690000,0.868000,310.700000,250.990000,81.370000,171.370000,336.170000,459.970000,65.920000,19.800000,67.260000,,500.090000,587.150000,137.510000,54.590000,1.432000,,,5.780000,0.010100,3.880000,5.010000,0.362100,1414.470000,24.280000,,21.370000,102.220000,49.380000,,,109.430000,,,5.870000,113.300000,49.260000,316.350000,12.860000,37.500000,50.290000,15.920000,424.920000,0.039800,,605.940000,29.310000
2021-09-18,115.800000,0.868000,310.810000,251.210000,80.910000,171.420000,336.150000,458.740000,65.880000,19.810000,67.390000,,501.050000,586.280000,137.640000,54.650000,1.427000,,,5.790000,0.010100,3.870000,5.020000,0.361200,1414.840000,24.230000,,21.320000,101.990000,49.510000,,,109.420000,,,5.850000,113.400000,49.380000,316.070000,12.810000,37.510000,49.540000,15.950000,425.300000,0.039900,,605.230000,29.090000
2021-09-21,115.930000,0.871000,307.890000,251.460000,80.500000,171.830000,331.750000,456.890000,65.850000,19.610000,67.030000,,498.320000,581.930000,138.000000,54.670000,1.413000,,,5.770000,0.010100,3.880000,5.020000,0.358500,1415.800000,24.260000,,21.160000,101.610000,48.640000,,,108.420000,,,5.800000,113.530000,48.740000,314.730000,12.770000,37.580000,49.080000,15.940000,425.730000,0.040000,,605.630000,28.770000
2021-09-22,115.950000,0.878000,309.930000,251.540000,79.970000,171.880000,333.900000,460.330000,65.870000,19.700000,67.220000,,499.780000,582.950000,137.820000,54.700000,1.417000,,,5.790000,0.010100,3.890000,5.020000,0.359700,1416.670000,24.200000,,21.220000,101.800000,49.190000,,,108.320000,,,5.820000,113.560000,49.160000,315.350000,12.760000,37.560000,49.310000,15.960000,425.850000,0.039900,,604.180000,28.900000
2021-09-23,115.920000,0.878000,308.500000,251.480000,80.780000,170.440000,332.900000,461.570000,65.880000,19.670000,67.160000,,499.320000,580.470000,137.780000,54.670000,1.408000,,,5.760000,0.010100,3.890000,5.020000,0.359900,1415.860000,24.120000,,21.220000,101.590000,49.250000,,,107.930000,,,5.850000,113.520000,49.100000,314.950000,12.730000,37.580000,49.190000,15.990000,425.750000,0.039900,,604.430000,28.850000
2021-09-24,115.720000,0.869000,309.460000,251.050000,80.360000,170.010000,335.510000,459.480000,65.850000,19.660000,67.010000,,498.170000,581.210000,137.550000,54.590000,1.404000,,,5.770000,0.010100,3.870000,5.010000,0.362600,1413.250000,24.080000,,21.240000,101.680000,49.510000,,,108.290000,,,5.850000,113.320000,49.190000,315.320000,12.790000,37.510000,49.140000,16.000000,425.020000,0.039900,,603.310000,29.090000
2021-09-25,115.420000,0.866000,307.970000,250.390000,79.930000,169.700000,334.180000,459.470000,65.590000,19.600000,66.900000,,497.370000,580.880000,137.190000,54.450000,1.396000,,,5.750000,0.010100,3.840000,5.000000,0.360300,1410.210000,24.030000,,21.030000,101.240000,49.400000,,,108.000000,,,5.820000,113.020000,49.120000,313.800000,12.690000,37.410000,47.990000,15.890000,423.910000,0.039800,,601.530000,28.400000
2021-09-28,115.430000,0.867000,307.790000,250.410000,79.430000,169.910000,335.090000,457.190000,65.600000,19.510000,66.690000,,495.810000,580.770000,137.200000,54.460000,1.387000,,,5.740000,0.010100,3.820000,5.000000,0.359300,1409.360000,24.060000,,21.100000,101.270000,49.440000,,,107.930000,,,5.840000,113.030000,48.830000,313.130000,12.660000,37.420000,48.000000,15.930000,423.950000,0.039900,,601.600000,28.210000
2021-09-29,115.420000,0.867000,307.500000,250.390000,78.630000,170.310000,335.210000,456.900000,65.640000,19.400000,66.580000,,495.000000,578.300000,137.100000,54.470000,1.378000,,,5.730000,0.010100,3.810000,5.000000,0.357600,1408.530000,24.090000,,20.980000,101.410000,49.090000,,,107.220000,,,5.830000,113.010000,48.550000,312.480000,12.560000,37.390000,47.760000,15.950000,423.910000,0.039800,,600.990000,28.090000
2021-09-30,115.900000,0.871000,308.310000,251.430000,78.410000,170.410000,335.810000,458.250000,65.870000,19.500000,66.780000,,496.420000,575.630000,137.670000,54.680000,1.381000,,,5.740000,0.010100,3.830000,5.020000,0.359400,1413.760000,24.190000,,20.990000,101.750000,48.990000,,,107.310000,,,5.850000,113.480000,48.680000,313.660000,12.580000,37.570000,48.090000,16.030000,425.670000,0.040000,,602.470000,28.240000
2021-10-01,115.910000,0.872000,306.550000,251.450000,78.610000,169.800000,334.510000,455.390000,65.920000,19.350000,66.400000,,493.640000,572.780000,137.680000,54.660000,1.370000,,,5.740000,0.010100,3.800000,5.040000,0.359300,1412.920000,24.280000,,20.790000,101.720000,48.390000,,,106.470000,,,5.850000,113.500000,48.430000,312.950000,12.590000,37.570000,47.840000,16.010000,425.700000,0.039900,,601.740000,28.100000
2021-10-02,115.970000,0.873000,308.080000,251.590000,78.260000,169.830000,335.410000,456.630000,66.090000,19.500000,66.320000,,493.200000,574.810000,137.180000,54.710000,1.373000,,,5.750000,0.010100,3.830000,5.020000,0.359200,1414.240000,24.340000,,20.690000,101.950000,48.930000,,,107.550000,,,5.830000,113.570000,48.540000,313.680000,12.670000,37.630000,48.080000,16.000000,425.940000,0.039900,,600.090000,28.380000
2021-10-05,115.910000,0.872000,309.340000,251.440000,79.370000,169.660000,337.520000,458.260000,66.050000,19.520000,66.450000,,494.090000,578.200000,136.650000,54.660000,1.387000,,,5.730000,0.010100,3.830000,5.020000,0.360500,1413.660000,24.370000,,20.720000,102.030000,49.510000,,,108.180000,,,5.840000,113.500000,48.750000,313.510000,12.600000,37.640000,48.000000,16.040000,425.680000,0.039900,,600.920000,28.500000
2021-10-06,115.620000,0.881000,309.100000,250.820000,77.850000,170.000000,337.230000,458.380000,65.880000,19.440000,66.250000,,492.670000,578.490000,136.320000,54.550000,1.383000,,,5.700000,0.010100,3.820000,5.010000,0.358000,1410.250000,24.310000,,20.700000,101.650000,49.620000,,,107.180000,,,5.850000,113.230000,48.710000,313.110000,12.580000,37.550000,47.960000,16.080000,424.640000,0.039800,,600.140000,28.390000
2021-10-07,115.670000,0.871000,307.230000,250.930000,77.570000,170.470000,336.250000,456.750000,65.910000,19.300000,65.910000,,490.280000,575.630000,136.160000,54.560000,1.362000,,,5.670000,0.010100,3.810000,5.010000,0.355000,1410.520000,24.410000,,20.360000,101.530000,49.300000,,,106.590000,,,5.850000,113.280000,48.180000,311.930000,12.530000,37.530000,47.650000,16.140000,424.820000,0.039800,,600.130000,28.010000
2021-10-08,115.960000,0.884000,310.150000,251.540000,77.520000,171.300000,338.410000,459.540000,66.070000,19.380000,66.180000,,492.250000,578.700000,136.710000,54.700000,1.376000,,,5.690000,0.010100,3.820000,5.020000,0.357700,1413.970000,24.560000,,20.760000,101.830000,49.500000,,,108.310000,,,5.900000,113.560000,48.470000,313.550000,12.600000,37.690000,47.950000,16.170000,425.860000,0.040000,,600.250000,28.480000
2021-10-09,115.670000,0.892000,309.980000,250.920000,76.980000,172.400000,338.820000,457.470000,65.930000,19.330000,66.030000,,491.340000,578.680000,136.810000,54.570000,1.365000,,,5.670000,0.010100,3.800000,5.010000,0.355500,1410.160000,24.530000,,20.600000,101.730000,49.670000,,,106.740000,,,5.900000,113.280000,48.470000,313.120000,12.550000,37.530000,47.650000,16.130000,424.810000,0.039900,,599.380000,28.530000
2021-10-12,115.590000,0.894000,311.440000,250.760000,77.100000,172.270000,340.850000,457.520000,65.850000,19.300000,65.930000,,490.460000,578.040000,136.950000,54.550000,1.358000,,,5.630000,0.010100,3.760000,5.010000,0.354900,1409.090000,24.500000,,20.480000,101.850000,49.620000,,,106.480000,,,5.930000,113.200000,48.490000,313.540000,12.530000,37.600000,47.360000,16.100000,424.530000,0.039800,,598.960000,28.420000
2021-10-13,115.780000,0.895000,313.220000,251.160000,76.800000,172.120000,341.210000,458.660000,65.910000,19.350000,66.060000,,491.470000,578.260000,136.950000,54.650000,1.366000,,,5.630000,0.010100,3.750000,5.010000,0.355400,1410.630000,24.650000,,20.460000,102.120000,49.810000,,,107.220000,,,5.920000,113.380000,48.640000,313.650000,12.720000,37.570000,47.290000,16.140000,425.220000,0.039900,,599.930000,28.380000
2021-10-14,116.040000,0.897000,313.180000,251.710000,77.030000,172.300000,342.340000,459.310000,66.140000,19.400000,66.200000,,492.420000,580.890000,136.890000,54.780000,1.368000,,,5.650000,0.010100,3.750000,5.030000,0.357600,1413.710000,24.720000,,20.570000,102.460000,50.050000,,,107.700000,,,5.940000,113.620000,48.660000,315.010000,12.800000,37.710000,47.220000,16.180000,426.150000,0.040000,,600.440000,28.650000
2021-10-15,115.930000,0.895000,315.540000,251.490000,77.220000,172.620000,343.970000,462.740000,66.140000,19.480000,66.440000,,494.280000,584.200000,136.770000,54.730000,1.377000,,,5.660000,0.010100,3.760000,5.020000,0.359300,1413.160000,24.800000,,20.730000,102.530000,50.610000,,,108.100000,,,5.950000,113.520000,49.440000,315.950000,12.820000,37.680000,46.550000,16.150000,425.770000,0.039900,,600.070000,28.880000
2021-10-16,115.930000,0.893000,315.760000,251.490000,77.230000,173.610000,344.930000,461.200000,66.230000,19.460000,66.410000,,494.080000,584.470000,136.770000,54.730000,1.375000,,,5.680000,0.010100,3.720000,5.020000,0.359900,1412.960000,24.750000,,20.720000,102.450000,50.640000,,,108.140000,,,5.980000,113.520000,49.330000,315.810000,12.790000,37.710000,46.220000,16.150000,425.780000,0.039800,,601.370000,28.940000
2021-10-19,115.820000,0.894000,314.220000,251.250000,77.890000,174.300000,343.260000,459.210000,66.150000,19.380000,66.230000,,492.660000,584.030000,136.560000,54.680000,1.366000,,,5.650000,0.010100,3.720000,5.020000,0.358200,1411.130000,24.700000,,20.780000,102.020000,50.480000,,,107.840000,,,5.970000,113.410000,49.130000,315.090000,12.710000,37.610000,45.810000,16.170000,425.370000,0.039800,,600.570000,28.830000
2021-10-20,116.030000,0.897000,318.410000,251.710000,77.310000,174.570000,345.950000,463.900000,66.690000,19.500000,66.820000,,497.050000,588.710000,137.020000,54.790000,1.382000,,,5.680000,0.010100,3.740000,5.030000,0.361900,1414.850000,24.700000,,20.990000,102.200000,51.070000,,,108.750000,,,6.020000,113.620000,49.620000,317.300000,12.790000,37.680000,45.840000,16.220000,426.140000,0.039900,,601.330000,29.220000
2021-10-21,115.970000,0.898000,318.910000,251.590000,76.270000,174.860000,344.930000,461.080000,66.600000,19.410000,66.550000,,495.120000,586.620000,136.740000,54.780000,1.364000,,,5.690000,0.010100,3.720000,5.020000,0.362400,1413.940000,24.620000,,21.060000,102.390000,50.760000,,,108.120000,,,6.000000,113.570000,49.420000,316.760000,12.780000,37.740000,45.700000,16.260000,425.950000,0.039900,,603.100000,29.410000
2021-10-22,115.910000,0.897000,318.730000,251.450000,76.050000,175.280000,345.210000,463.330000,66.560000,19.370000,66.620000,,495.530000,587.440000,136.450000,54.750000,1.367000,,,5.690000,0.010100,3.730000,5.020000,0.361900,1413.520000,24.550000,,21.020000,102.430000,51.160000,,,107.960000,,,5.990000,113.500000,49.550000,316.580000,12.760000,37.770000,45.830000,16.240000,425.710000,0.039900,,601.910000,29.380000
2021-10-23,116.070000,0.898000,320.000000,251.810000,75.340000,176.010000,345.730000,465.060000,66.740000,19.350000,66.720000,,496.240000,588.410000,136.860000,54.830000,1.366000,,,5.690000,0.010200,3.750000,5.030000,0.363000,1416.060000,24.540000,,21.060000,102.780000,51.190000,,,107.870000,,,6.040000,113.660000,49.750000,316.800000,12.800000,37.860000,44.460000,16.220000,426.320000,0.039900,,603.150000,29.250000
2021-10-26,115.740000,0.899000,317.950000,251.080000,75.230000,176.160000,343.800000,462.540000,66.550000,19.230000,66.430000,,494.140000,584.470000,136.460000,54.680000,1.356000,,,5.660000,0.010100,3.740000,5.010000,0.363400,1411.540000,24.400000,,21.040000,102.480000,50.940000,,,107.300000,,,6.060000,113.330000,49.450000,315.430000,12.820000,37.750000,43.610000,16.140000,425.070000,0.039800,,601.480000,28.780000
2021-10-27,115.850000,0.897000,318.980000,251.320000,76.590000,176.530000,343.960000,462.330000,66.670000,19.240000,66.440000,,494.200000,586.740000,136.460000,54.720000,1.352000,,,5.680000,0.010100,3.730000,5.020000,0.365100,1412.430000,24.350000,,21.130000,102.650000,51.020000,,,107.400000,,,6.140000,113.440000,49.430000,315.990000,12.850000,37.820000,45.040000,16.110000,425.480000,0.039900,,601.820000,28.890000
2021-10-28,115.990000,0.899000,319.510000,251.630000,76.530000,176.100000,343.170000,463.810000,66.620000,19.210000,66.390000,,493.750000,585.000000,136.320000,54.770000,1.353000,,,5.680000,0.010100,3.750000,5.020000,0.363500,1413.910000,24.410000,,21.050000,102.580000,50.680000,,,106.960000,,,6.050000,113.580000,49.430000,315.590000,12.770000,37.940000,44.790000,16.150000,426.010000,0.040000,,602.720000,28.450000
2021-10-29,116.420000,0.902000,321.190000,252.550000,77.230000,176.390000,345.790000,465.560000,66.830000,19.270000,66.640000,,495.640000,588.120000,136.390000,54.970000,1.363000,,,5.710000,0.010200,3.760000,5.040000,0.365300,1419.080000,24.500000,,21.060000,103.080000,50.880000,,,107.130000,,,6.080000,113.990000,49.760000,317.310000,12.850000,38.110000,44.410000,16.230000,427.570000,0.040100,,603.940000,28.240000
2021-10-30,116.300000,0.900000,321.870000,252.280000,75.650000,176.880000,346.200000,468.680000,66.770000,19.390000,66.890000,,497.500000,588.640000,136.240000,54.930000,1.379000,,,5.700000,0.010200,3.760000,5.040000,0.364900,1418.080000,24.600000,,20.860000,103.190000,51.140000,,,107.800000,,,6.050000,113.870000,50.030000,317.440000,12.870000,38.000000,44.490000,16.270000,427.110000,0.040100,,603.720000,27.890000
2021-11-02,116.490000,0.901000,320.940000,252.690000,75.890000,175.620000,345.790000,467.860000,66.880000,19.340000,66.540000,,494.930000,584.390000,136.030000,54.970000,1.376000,,,5.710000,0.010200,3.750000,5.040000,0.363400,1419.460000,24.620000,,20.700000,103.090000,50.710000,,,107.190000,,,6.040000,114.060000,49.900000,317.110000,12.820000,38.160000,44.940000,16.280000,427.810000,0.040200,,605.510000,27.930000
2021-11-03,116.430000,0.900000,319.280000,252.560000,75.280000,174.310000,344.720000,469.000000,66.860000,19.400000,66.670000,,495.920000,583.230000,135.960000,54.950000,1.378000,,,5.730000,0.010200,3.770000,5.040000,0.363600,1419.010000,24.570000,,20.510000,103.130000,50.730000,,,107.500000,,,5.940000,113.990000,50.230000,317.420000,12.860000,38.140000,44.860000,16.260000,427.590000,0.040100,,603.250000,27.680000
2021-11-04,116.640000,0.902000,318.770000,253.040000,75.430000,174.540000,345.140000,470.240000,66.990000,19.420000,66.760000,,496.590000,583.680000,136.870000,55.050000,1.383000,,,5.750000,0.010200,3.760000,5.050000,0.362700,1421.990000,24.620000,,20.650000,103.180000,50.420000,,,107.980000,,,5.970000,114.200000,50.090000,317.560000,12.860000,38.050000,44.110000,16.330000,428.390000,0.040100,,605.010000,27.920000
2021-11-05,116.950000,0.905000,318.770000,253.690000,77.350000,174.770000,345.950000,470.680000,67.130000,19.460000,66.730000,,496.200000,585.280000,136.570000,55.190000,1.378000,,,5.770000,0.010200,3.770000,5.070000,0.363000,1425.250000,24.680000,,20.930000,103.440000,50.390000,,,107.940000,,,6.000000,114.500000,50.140000,317.870000,12.860000,38.210000,44.300000,16.410000,429.500000,0.040200,,606.300000,28.140000
2021-11-06,117.030000,0.906000,316.860000,253.880000,76.730000,174.800000,344.770000,469.850000,67.150000,19.570000,66.710000,,496.010000,577.250000,136.890000,55.220000,1.379000,,,5.780000,0.010200,3.780000,5.070000,0.362300,1425.560000,24.700000,,20.870000,103.370000,50.190000,,,107.700000,,,6.000000,114.590000,50.080000,317.630000,12.900000,38.210000,44.310000,16.470000,429.820000,0.040300,,605.840000,28.110000
2021-11-09,116.720000,0.905000,317.390000,253.200000,77.340000,175.400000,344.450000,468.590000,67.030000,19.660000,66.640000,,495.500000,578.190000,136.520000,55.040000,1.378000,,,5.790000,0.010200,3.780000,5.060000,0.362200,1422.400000,24.540000,,21.010000,103.220000,50.170000,,,107.890000,,,6.000000,114.300000,49.850000,317.700000,12.970000,38.100000,44.240000,16.440000,428.670000,0.040100,,603.340000,28.480000
2021-11-10,116.870000,0.906000,318.740000,253.530000,77.420000,176.130000,345.200000,470.330000,67.170000,19.760000,66.910000,,497.590000,583.740000,137.130000,55.100000,1.375000,,,5.800000,0.010200,3.800000,5.060000,0.365200,1424.940000,24.600000,,21.170000,103.490000,50.610000,,,108.380000,,,6.050000,114.450000,50.240000,319.000000,13.090000,38.150000,44.220000,16.450000,429.220000,0.040200,,605.300000,28.860000
2021-11-11,116.680000,0.904000,315.900000,253.110000,78.190000,176.210000,345.020000,469.750000,67.060000,19.700000,66.720000,,496.130000,579.860000,136.900000,55.010000,1.373000,,,5.760000,0.010200,3.790000,5.050000,0.364000,1422.390000,24.560000,,21.080000,103.210000,50.290000,,,107.870000,,,6.060000,114.250000,49.830000,318.030000,13.080000,37.990000,43.640000,16.450000,428.510000,0.040200,,604.860000,28.340000
2021-11-12,116.890000,0.908000,313.250000,253.570000,78.180000,176.510000,342.690000,466.160000,67.060000,19.500000,66.180000,,492.100000,574.910000,137.280000,55.100000,1.349000,,,5.760000,0.010200,3.760000,5.060000,0.363000,1422.760000,24.600000,,20.840000,103.050000,49.500000,,,106.330000,,,6.040000,114.470000,49.260000,316.750000,13.040000,38.090000,43.220000,16.460000,429.290000,0.040100,,605.070000,28.020000
2021-11-13,116.970000,0.909000,313.260000,253.740000,79.570000,175.810000,341.110000,465.880000,67.370000,19.490000,66.110000,,491.490000,575.440000,137.470000,55.130000,1.346000,,,5.770000,0.010200,3.770000,5.070000,0.364700,1423.380000,24.480000,,20.760000,103.170000,49.450000,,,105.930000,,,5.960000,114.550000,49.110000,317.320000,13.100000,38.120000,43.290000,16.470000,429.590000,0.040000,,603.470000,28.110000
2021-11-16,117.080000,0.910000,316.470000,253.980000,78.810000,175.060000,343.250000,467.380000,67.370000,19.500000,66.200000,,492.250000,576.750000,137.380000,55.190000,1.341000,,,5.770000,0.010200,3.780000,5.070000,0.364500,1425.220000,24.510000,,20.990000,103.360000,49.680000,,,106.240000,,,5.940000,114.650000,49.120000,318.300000,13.150000,38.150000,42.970000,16.320000,429.990000,0.040100,,603.880000,28.250000
2021-11-17,117.000000,0.909000,315.300000,253.800000,78.730000,174.280000,343.000000,463.520000,67.310000,19.350000,65.640000,,488.160000,578.520000,137.150000,55.170000,1.336000,,,5.780000,0.010200,3.760000,5.070000,0.363600,1422.690000,24.500000,,20.850000,103.180000,49.400000,,,104.690000,,,5.920000,114.560000,48.730000,317.440000,13.150000,38.130000,42.200000,16.280000,429.680000,0.040100,,603.670000,28.130000
2021-11-18,117.290000,0.911000,313.540000,254.420000,78.280000,174.660000,342.920000,462.320000,67.500000,19.330000,65.540000,,487.170000,578.480000,138.150000,55.300000,1.335000,,,5.800000,0.010300,3.750000,5.080000,0.364600,1424.590000,24.470000,,20.770000,103.120000,49.240000,,,104.630000,,,5.920000,114.840000,48.590000,317.230000,13.170000,38.190000,41.320000,16.240000,430.740000,0.040200,,603.550000,27.670000
2021-11-19,117.520000,0.912000,314.380000,254.930000,78.060000,175.010000,342.400000,465.540000,67.610000,19.390000,65.770000,,489.000000,582.360000,138.470000,55.420000,1.345000,,,5.810000,0.010300,3.780000,5.090000,0.364900,1428.860000,24.490000,,20.850000,103.250000,49.300000,,,105.030000,,,5.920000,115.070000,48.690000,317.840000,13.250000,38.300000,40.490000,16.320000,431.600000,0.040100,,603.950000,27.800000
2021-11-20,117.200000,0.908000,311.800000,254.240000,77.450000,174.540000,340.480000,465.080000,67.420000,19.180000,65.420000,,486.390000,578.280000,139.300000,55.250000,1.333000,,,5.800000,0.010200,3.780000,5.080000,0.362600,1423.800000,24.460000,,20.640000,102.920000,48.450000,,,103.880000,,,5.870000,114.750000,48.200000,316.190000,13.140000,38.120000,38.840000,16.190000,430.430000,0.040100,,602.930000,27.360000
2021-11-23,117.510000,0.911000,313.110000,254.920000,76.880000,172.770000,341.410000,465.010000,67.630000,19.120000,65.460000,,486.780000,579.440000,139.440000,55.390000,1.317000,,,5.800000,0.010300,3.780000,5.090000,0.363500,1428.270000,24.490000,,20.670000,103.150000,48.400000,,,103.190000,,,5.830000,115.050000,48.090000,316.990000,13.130000,38.260000,38.600000,16.210000,431.580000,0.040200,,603.570000,27.400000
2021-11-24,117.670000,0.912000,312.190000,255.260000,77.360000,172.230000,339.550000,463.680000,67.660000,19.140000,65.440000,,486.560000,578.090000,139.650000,55.450000,1.310000,,,5.810000,0.010300,3.770000,5.100000,0.363500,1428.780000,24.470000,,20.510000,102.970000,48.340000,,,103.160000,,,5.770000,115.200000,48.110000,316.380000,13.060000,38.280000,35.070000,16.080000,432.150000,0.040300,,603.990000,27.350000
2021-11-25,117.010000,0.904000,310.140000,253.830000,77.130000,171.270000,339.010000,459.210000,67.280000,18.890000,64.760000,,481.600000,573.780000,138.940000,55.120000,1.308000,,,5.780000,0.010200,3.740000,5.070000,0.361900,1420.310000,24.280000,,20.240000,102.120000,48.180000,,,102.940000,,,5.760000,114.560000,47.360000,314.360000,12.890000,38.130000,33.930000,15.980000,429.730000,0.040000,,599.370000,27.140000
2021-11-26,117.040000,0.900000,309.010000,253.890000,76.670000,171.310000,339.450000,460.510000,67.320000,18.940000,64.880000,,482.320000,573.060000,139.110000,55.130000,1.316000,,,5.770000,0.010200,3.730000,5.070000,0.361100,1420.440000,24.280000,,20.080000,101.670000,47.980000,,,103.370000,,,5.770000,114.590000,47.350000,314.420000,12.880000,38.140000,36.000000,15.920000,429.840000,0.040100,,599.150000,27.180000
2021-11-27,117.370000,0.895000,307.180000,254.620000,77.440000,168.050000,337.780000,465.320000,67.470000,18.950000,65.300000,,485.510000,573.970000,139.960000,55.290000,1.321000,,,5.760000,0.010300,3.780000,5.080000,0.360700,1424.270000,24.330000,,19.620000,101.740000,47.520000,,,103.300000,,,5.690000,114.910000,47.160000,314.370000,12.840000,38.250000,35.500000,15.920000,431.070000,0.040200,,600.870000,26.490000
2021-11-30,118.100000,0.901000,310.040000,256.200000,77.330000,169.930000,340.510000,469.110000,67.970000,19.070000,65.830000,,489.520000,578.570000,141.610000,55.610000,1.329000,,,5.780000,0.010300,3.830000,5.120000,0.364000,1433.420000,24.510000,,19.870000,102.370000,47.710000,,,104.210000,,,5.780000,115.620000,47.460000,317.060000,12.890000,38.420000,34.390000,15.980000,433.740000,0.040300,,604.590000,26.890000
2021-12-01,118.210000,0.895000,309.300000,256.440000,77.510000,170.760000,339.560000,472.990000,68.150000,19.300000,66.350000,,493.290000,579.990000,140.050000,55.680000,1.346000,,,5.780000,0.010300,3.850000,5.120000,0.364900,1436.470000,24.600000,,20.010000,103.370000,47.990000,,,105.350000,,,5.810000,115.730000,48.040000,317.620000,12.890000,38.490000,33.450000,15.990000,434.160000,0.040300,,606.970000,26.900000
2021-12-03,118.650000,0.898000,309.740000,257.390000,76.510000,171.420000,340.920000,473.450000,68.370000,19.420000,66.370000,,493.410000,580.300000,140.340000,55.930000,1.363000,,,5.810000,0.010400,3.850000,5.140000,0.371000,1442.440000,24.650000,,20.470000,103.070000,48.090000,,,107.330000,,,5.890000,116.160000,48.020000,318.890000,12.870000,38.630000,32.530000,15.980000,435.760000,0.040500,,609.850000,27.580000
2021-12-04,118.790000,0.894000,307.670000,257.700000,77.270000,171.790000,340.190000,474.020000,68.480000,19.420000,66.290000,,492.830000,579.650000,140.970000,55.990000,1.356000,,,5.800000,0.010400,3.850000,5.150000,0.369200,1443.280000,24.720000,,20.490000,103.170000,47.870000,,,107.380000,,,5.920000,116.300000,47.890000,318.340000,12.880000,38.680000,31.680000,15.980000,436.290000,0.040600,,611.030000,27.290000
2021-12-07,118.680000,0.890000,306.140000,257.440000,77.110000,171.590000,340.480000,472.620000,68.360000,19.380000,66.230000,,492.380000,577.890000,141.510000,55.880000,1.353000,,,5.780000,0.010400,3.850000,5.140000,0.369200,1440.590000,24.790000,,20.510000,103.040000,47.680000,,,107.300000,,,5.920000,116.190000,47.880000,318.320000,12.860000,38.610000,31.700000,15.920000,435.850000,0.040500,,609.570000,27.290000
2021-12-08,118.340000,0.887000,308.390000,256.700000,76.390000,170.350000,342.180000,470.750000,68.280000,19.250000,65.900000,,489.920000,576.150000,141.330000,55.730000,1.341000,,,5.760000,0.010300,3.820000,5.130000,0.369000,1437.310000,24.780000,,20.480000,102.740000,48.000000,,,106.600000,,,5.850000,115.850000,47.900000,318.160000,12.900000,38.530000,31.750000,15.910000,434.600000,0.040400,,607.570000,27.210000
2021-12-09,118.300000,0.887000,309.860000,256.620000,77.410000,171.360000,344.260000,470.090000,68.410000,19.260000,65.950000,,490.290000,575.310000,141.290000,55.710000,1.335000,,,5.760000,0.010300,3.830000,5.120000,0.369200,1436.560000,24.750000,,20.700000,102.880000,48.450000,,,106.800000,,,5.900000,115.820000,47.820000,318.430000,12.980000,38.520000,31.790000,15.960000,434.460000,0.040300,,606.610000,27.470000
2021-12-10,118.000000,0.880000,310.260000,255.990000,78.330000,171.210000,341.870000,470.310000,68.290000,19.280000,65.980000,,490.510000,572.290000,140.570000,55.580000,1.342000,,,5.740000,0.010300,3.820000,5.110000,0.368800,1432.980000,24.660000,,20.680000,102.820000,48.490000,,,106.170000,,,5.880000,115.530000,47.880000,317.730000,12.950000,38.460000,31.530000,16.000000,433.390000,0.040300,,605.520000,27.450000
2021-12-11,118.280000,0.879000,310.550000,256.590000,77.950000,171.640000,341.560000,470.230000,68.220000,19.310000,65.910000,,490.090000,573.410000,141.500000,55.690000,1.341000,,,5.740000,0.010300,3.820000,5.140000,0.368000,1435.890000,24.650000,,20.710000,103.180000,48.320000,,,106.280000,,,5.910000,115.800000,47.880000,318.030000,12.910000,38.510000,31.290000,16.090000,434.400000,0.040300,,607.200000,27.130000
2021-12-14,118.040000,0.883000,309.500000,256.070000,77.240000,171.290000,340.100000,468.830000,68.130000,19.270000,65.700000,,488.460000,574.170000,140.990000,55.590000,1.334000,,,5.720000,0.010300,3.810000,5.110000,0.366700,1433.110000,24.590000,,20.750000,102.610000,48.210000,,,105.740000,,,5.900000,115.570000,47.680000,317.020000,12.980000,38.430000,30.310000,16.150000,433.530000,0.040100,,605.190000,27.120000
2021-12-15,118.400000,0.882000,309.520000,256.850000,76.550000,171.810000,339.270000,472.400000,68.350000,19.370000,66.100000,,491.370000,574.900000,141.640000,55.730000,1.340000,,,5.730000,0.010400,3.830000,5.130000,0.367500,1437.200000,24.640000,,20.680000,102.800000,47.840000,,,105.890000,,,5.910000,115.910000,47.760000,317.820000,13.040000,38.550000,30.480000,16.120000,434.840000,0.040200,,607.430000,27.050000
2021-12-16,118.590000,0.887000,310.450000,257.260000,76.660000,172.150000,338.440000,471.260000,68.420000,19.430000,66.030000,,490.850000,577.400000,141.870000,55.820000,1.332000,,,5.710000,0.010400,3.830000,5.140000,0.366800,1438.760000,24.680000,,20.530000,103.010000,47.860000,,,106.260000,,,5.900000,116.100000,47.740000,318.400000,13.040000,38.610000,29.720000,16.000000,435.540000,0.040200,,609.180000,26.950000
2021-12-21,118.810000,0.888000,309.420000,257.740000,76.610000,172.400000,337.580000,472.340000,68.430000,19.470000,66.080000,,491.330000,575.200000,142.130000,55.950000,1.339000,,,5.750000,0.010400,3.840000,5.150000,0.365900,1440.620000,24.620000,,20.880000,103.280000,48.010000,,,105.980000,,,5.880000,116.250000,47.770000,319.020000,12.980000,38.680000,24.970000,15.990000,436.350000,0.040400,,610.240000,27.510000
2021-12-22,118.690000,0.887000,310.660000,257.190000,75.910000,172.970000,336.930000,473.590000,68.420000,19.530000,66.220000,,492.340000,577.380000,141.750000,55.880000,1.338000,,,5.770000,0.010400,3.840000,5.140000,0.365500,1441.010000,24.530000,,20.940000,103.610000,48.390000,,,106.500000,,,5.900000,116.110000,47.770000,319.520000,12.950000,38.680000,35.510000,16.010000,435.890000,0.040300,,608.410000,27.540000
2021-12-23,118.410000,0.885000,311.060000,256.860000,75.690000,172.560000,336.980000,470.490000,68.260000,19.460000,65.990000,,490.580000,577.640000,141.650000,55.750000,1.335000,,,5.760000,0.010400,3.810000,5.130000,0.364700,1437.440000,24.500000,,20.910000,103.250000,48.820000,,,106.090000,,,5.890000,115.840000,47.630000,318.420000,12.880000,38.590000,34.680000,15.960000,434.870000,0.040200,,607.440000,27.380000
2021-12-24,118.140000,0.883000,314.170000,256.280000,76.740000,172.850000,338.550000,471.460000,68.110000,19.570000,66.060000,,491.110000,581.530000,141.560000,55.640000,1.330000,,,5.770000,0.010300,3.800000,5.120000,0.365900,1435.880000,24.460000,,20.960000,103.350000,48.970000,,,105.980000,,,5.920000,115.560000,47.650000,319.240000,12.940000,38.460000,37.990000,15.900000,433.880000,0.040100,,606.410000,27.560000
2021-12-25,117.700000,0.880000,313.060000,255.330000,76.170000,172.040000,337.510000,471.360000,67.880000,19.600000,65.930000,,490.160000,579.640000,141.500000,55.430000,1.324000,,,5.760000,0.010300,3.780000,5.100000,0.364300,1430.680000,24.330000,,20.960000,103.100000,48.970000,,,106.010000,,,5.890000,115.120000,47.680000,318.790000,12.940000,38.320000,36.980000,15.890000,432.280000,0.040000,,605.010000,27.800000
2021-12-28,117.520000,0.878000,311.150000,254.940000,76.050000,171.750000,336.430000,469.350000,67.740000,19.460000,65.640000,,488.020000,578.440000,141.280000,55.330000,1.316000,,,5.760000,0.010300,3.760000,5.090000,0.363400,1427.750000,24.340000,,20.890000,103.230000,48.640000,,,105.690000,,,5.870000,114.940000,47.330000,317.850000,12.860000,38.260000,38.200000,15.840000,431.610000,0.040100,,604.080000,27.800000
2021-12-29,117.400000,0.877000,312.560000,254.680000,76.660000,171.210000,336.990000,470.520000,67.730000,19.540000,65.700000,,488.440000,579.640000,140.680000,55.290000,1.323000,,,5.780000,0.010300,3.760000,5.080000,0.363000,1427.040000,24.400000,,20.870000,103.190000,48.880000,,,106.240000,,,5.860000,114.810000,47.570000,318.450000,12.860000,38.230000,36.370000,15.860000,431.180000,0.040000,,603.480000,27.540000
2021-12-30,117.580000,0.879000,311.620000,255.070000,76.730000,171.400000,336.660000,469.800000,67.840000,19.550000,65.520000,,487.030000,579.180000,140.440000,55.390000,1.319000,,,5.780000,0.010300,3.760000,5.090000,0.363700,1428.180000,24.470000,,20.910000,103.310000,48.810000,,,105.930000,,,5.860000,115.020000,47.530000,318.870000,12.900000,38.280000,34.970000,15.880000,431.840000,0.040000,,604.400000,27.310000
2021-12-31,117.540000,0.907000,313.220000,254.970000,75.690000,169.710000,337.060000,470.380000,67.730000,19.520000,65.610000,,487.790000,580.900000,140.150000,55.350000,1.320000,,,5.800000,0.010300,3.750000,5.090000,0.363200,1428.140000,24.460000,,20.970000,103.390000,48.850000,,,106.270000,,,5.770000,115.000000,47.650000,318.930000,12.930000,38.270000,33.410000,15.820000,431.670000,0.039900,,604.160000,27.100000
2022-01-01,117.570000,0.901000,313.790000,255.050000,77.510000,169.630000,339.490000,473.150000,68.000000,19.680000,65.780000,,489.100000,583.320000,140.740000,55.380000,1.326000,,,5.810000,0.010300,3.750000,5.090000,0.363500,1429.380000,24.370000,,21.130000,103.700000,49.030000,,,106.480000,,,5.760000,115.030000,47.730000,320.160000,13.030000,38.220000,32.280000,15.830000,431.800000,0.039900,,604.340000,27.160000
2022-01-06,117.580000,0.900000,312.930000,255.060000,76.060000,167.070000,339.710000,471.560000,67.850000,19.870000,65.650000,,488.160000,584.330000,140.430000,55.410000,1.350000,,,5.810000,0.010300,3.730000,5.090000,0.360500,1428.560000,24.330000,,21.100000,103.010000,48.860000,,,106.940000,,,5.700000,114.970000,47.630000,318.540000,13.010000,38.220000,32.140000,15.730000,431.810000,0.040000,,603.050000,27.140000
2022-01-13,118.110000,0.908000,312.840000,256.220000,77.900000,169.210000,345.720000,469.870000,68.150000,20.210000,66.270000,,493.080000,591.030000,141.530000,55.650000,1.386000,,,5.870000,0.010300,3.760000,5.120000,0.364300,1436.310000,24.230000,,21.270000,103.680000,49.690000,,,108.820000,,,5.830000,115.580000,48.000000,321.130000,13.000000,38.420000,32.140000,15.660000,433.780000,0.040200,,607.460000,28.020000
2022-01-14,118.090000,0.905000,316.980000,256.170000,78.370000,170.010000,347.450000,475.380000,68.230000,20.440000,66.860000,,497.400000,595.670000,141.500000,55.680000,1.401000,,,5.870000,0.010300,3.790000,5.120000,0.366100,1438.300000,24.160000,,21.310000,103.880000,50.170000,,,109.930000,,,5.810000,115.560000,48.610000,322.490000,13.060000,38.480000,31.930000,15.650000,433.690000,0.040200,,607.970000,28.390000
2022-01-15,118.400000,0.907000,316.170000,256.850000,78.650000,169.230000,348.400000,477.430000,68.470000,20.370000,66.970000,,498.200000,597.170000,142.340000,55.860000,1.406000,,,5.860000,0.010400,3.820000,5.130000,0.366200,1442.060000,24.200000,,21.420000,104.100000,50.040000,,,109.840000,,,5.720000,115.880000,48.580000,323.330000,13.090000,38.520000,32.080000,15.550000,434.840000,0.040300,,611.990000,28.390000
2022-01-18,118.330000,0.907000,313.550000,256.690000,78.520000,168.440000,347.470000,475.780000,68.470000,20.310000,66.720000,,496.460000,594.420000,142.020000,55.790000,1.396000,,,5.850000,0.010300,3.800000,5.130000,0.364800,1440.580000,24.220000,,21.410000,103.920000,49.760000,,,109.820000,,,5.680000,115.820000,48.140000,322.390000,13.140000,38.490000,32.200000,15.440000,434.580000,0.040100,,611.850000,28.220000
2022-01-19,118.190000,0.908000,312.010000,256.390000,78.690000,168.040000,346.620000,474.650000,68.340000,20.260000,66.460000,,494.450000,591.380000,141.850000,55.700000,1.387000,,,5.820000,0.010300,3.790000,5.120000,0.364600,1437.940000,24.120000,,21.290000,103.790000,49.460000,,,109.290000,,,5.660000,115.700000,47.890000,321.890000,13.110000,38.450000,32.060000,15.280000,434.070000,0.040100,,611.130000,28.050000
2022-01-20,118.300000,0.910000,312.870000,256.630000,78.050000,168.270000,348.140000,474.530000,68.440000,20.280000,66.200000,,492.610000,591.460000,141.990000,55.760000,1.383000,,,5.840000,0.010300,3.790000,5.120000,0.365000,1438.680000,24.210000,,21.340000,103.670000,49.570000,,,108.860000,,,5.680000,115.820000,47.590000,322.150000,13.160000,38.480000,32.010000,15.290000,434.480000,0.040200,,609.840000,28.250000
2022-01-21,118.240000,0.909000,314.000000,256.490000,79.850000,169.320000,347.750000,474.530000,68.460000,20.320000,66.220000,,492.690000,591.610000,141.910000,55.760000,1.381000,,,5.830000,0.010300,3.800000,5.120000,0.365100,1438.070000,24.120000,,21.180000,103.710000,49.400000,,,109.050000,,,5.670000,115.760000,47.670000,322.570000,13.210000,38.460000,32.260000,15.340000,434.240000,0.040200,,608.900000,28.440000
2022-01-22,118.470000,0.907000,312.750000,257.000000,80.290000,169.390000,347.410000,477.030000,68.630000,20.290000,66.290000,,493.270000,590.260000,142.190000,55.870000,1.382000,,,5.850000,0.010400,3.820000,5.130000,0.365100,1440.870000,24.170000,,21.230000,103.970000,49.220000,,,108.920000,,,5.690000,116.000000,47.480000,323.490000,13.200000,38.540000,32.480000,15.380000,435.100000,0.040300,,610.180000,28.710000
2022-01-25,118.270000,0.909000,310.730000,256.550000,79.670000,167.790000,344.880000,476.560000,68.670000,20.160000,66.100000,,491.930000,587.440000,142.030000,55.790000,1.372000,,,5.830000,0.010300,3.820000,5.120000,0.363300,1438.780000,24.160000,,21.190000,103.740000,48.590000,,,108.500000,,,5.560000,115.800000,47.180000,323.240000,13.170000,38.470000,32.450000,15.320000,434.340000,0.040200,,608.950000,28.600000
2022-01-26,118.500000,0.912000,311.120000,257.060000,79.310000,167.470000,344.470000,473.510000,68.770000,20.090000,66.000000,,491.170000,586.690000,142.780000,55.890000,1.363000,,,5.820000,0.010400,3.820000,5.130000,0.363500,1440.770000,24.310000,,21.100000,103.920000,48.350000,,,107.280000,,,5.540000,116.050000,46.890000,323.930000,13.170000,38.550000,32.160000,15.180000,435.200000,0.040300,,609.680000,28.440000
2022-01-27,118.270000,0.906000,311.330000,256.550000,79.790000,166.440000,345.430000,472.160000,68.750000,20.040000,65.880000,,490.240000,586.750000,142.500000,55.780000,1.365000,,,5.800000,0.010300,3.810000,5.120000,0.363000,1438.210000,24.370000,,21.120000,103.660000,48.870000,,,106.770000,,,5.500000,115.800000,46.950000,323.100000,13.190000,38.470000,32.150000,15.080000,434.340000,0.040200,,607.590000,28.660000
2022-01-28,118.280000,0.906000,308.110000,256.570000,79.960000,166.450000,342.870000,468.440000,68.280000,19.840000,65.350000,,486.330000,583.200000,142.890000,55.750000,1.357000,,,5.790000,0.010300,3.780000,5.120000,0.361100,1436.580000,24.350000,,20.980000,103.550000,48.520000,,,106.410000,,,5.520000,115.780000,46.520000,321.620000,13.090000,38.470000,31.920000,14.990000,434.380000,0.040200,,608.010000,28.440000
2022-01-29,118.130000,0.904000,303.720000,256.250000,80.240000,166.240000,339.510000,465.980000,68.260000,19.720000,64.880000,,482.810000,580.380000,143.410000,55.680000,1.352000,,,5.780000,0.010300,3.750000,5.120000,0.358200,1433.300000,24.300000,,20.840000,103.590000,48.250000,,,105.680000,,,5.570000,115.630000,45.960000,319.750000,13.010000,38.430000,31.860000,15.080000,433.830000,0.040200,,603.910000,27.970000
2022-02-01,118.040000,0.903000,305.660000,256.050000,80.770000,167.210000,340.450000,465.280000,68.160000,19.820000,65.100000,,484.390000,582.710000,143.310000,55.580000,1.353000,,,5.810000,0.010300,3.760000,5.110000,0.358600,1432.440000,24.150000,,20.900000,103.610000,48.450000,,,105.380000,,,5.600000,115.540000,46.260000,320.160000,13.030000,38.400000,32.430000,15.240000,433.500000,0.040100,,602.880000,27.930000
2022-02-02,118.110000,0.904000,307.100000,256.210000,81.780000,167.600000,342.300000,470.050000,68.200000,20.090000,65.660000,,488.460000,585.490000,143.490000,55.640000,1.375000,,,5.800000,0.010300,3.780000,5.120000,0.360700,1435.200000,24.150000,,21.100000,103.670000,48.930000,,,106.660000,,,5.630000,115.620000,46.720000,321.570000,13.070000,38.420000,32.400000,15.310000,433.760000,0.040200,,603.700000,28.380000
2022-02-03,118.200000,0.904000,310.000000,256.410000,82.440000,167.700000,342.220000,472.010000,68.250000,20.190000,65.910000,,490.280000,587.830000,144.460000,55.700000,1.381000,,,5.800000,0.010300,3.800000,5.120000,0.361200,1436.970000,24.120000,,21.190000,103.750000,49.380000,,,107.820000,,,5.690000,115.710000,47.100000,322.160000,13.080000,38.480000,32.250000,15.290000,434.110000,0.040200,,606.870000,28.410000
2022-02-04,118.250000,0.904000,309.000000,256.520000,82.530000,167.510000,341.750000,470.930000,68.280000,20.270000,65.890000,,489.970000,588.770000,144.860000,55.710000,1.382000,,,5.800000,0.010300,3.790000,5.120000,0.360600,1437.430000,24.190000,,21.070000,103.850000,49.160000,,,107.870000,,,5.670000,115.760000,47.110000,321.930000,13.100000,38.500000,31.980000,15.360000,434.290000,0.040200,,608.310000,28.220000
2022-02-05,117.880000,0.903000,307.770000,255.720000,81.930000,168.090000,340.590000,470.120000,68.070000,20.350000,66.700000,,496.180000,587.400000,146.510000,55.590000,1.401000,,,5.800000,0.010300,3.770000,5.110000,0.361100,1433.920000,24.250000,,21.020000,103.620000,49.620000,,,109.170000,,,5.700000,115.400000,47.490000,322.170000,13.120000,38.380000,31.940000,15.400000,432.930000,0.040000,,605.750000,28.270000
2022-02-08,117.460000,0.899000,306.010000,254.530000,81.000000,168.540000,338.780000,466.500000,67.830000,20.330000,66.200000,,492.670000,583.000000,148.240000,55.350000,1.396000,,,5.780000,0.010300,3.750000,5.090000,0.359600,1427.380000,24.230000,,20.870000,103.110000,48.850000,,,108.200000,,,5.710000,114.980000,47.120000,320.770000,13.060000,38.210000,31.830000,15.410000,431.370000,0.039800,,606.770000,27.810000
2022-02-09,116.670000,0.899000,305.650000,253.100000,81.410000,166.550000,337.880000,464.100000,67.350000,20.210000,65.670000,,488.700000,580.570000,148.780000,54.970000,1.383000,,,5.730000,0.010200,3.710000,5.050000,0.357800,1418.260000,24.010000,,20.780000,102.440000,48.810000,,,107.980000,,,5.690000,114.220000,46.930000,318.710000,13.020000,37.950000,31.400000,15.310000,428.500000,0.039600,,601.880000,27.640000
2022-02-10,116.080000,0.895000,305.370000,251.810000,81.060000,166.610000,335.860000,461.670000,67.010000,20.060000,65.450000,,487.020000,578.330000,147.510000,54.700000,1.380000,,,5.700000,0.010200,3.700000,5.030000,0.356700,1410.880000,23.910000,,20.760000,101.910000,48.470000,,,107.920000,,,5.700000,113.630000,46.760000,317.500000,13.030000,37.760000,31.390000,15.240000,426.310000,0.039300,,598.390000,27.820000
2022-02-11,115.930000,0.891000,306.040000,251.480000,81.320000,166.830000,335.980000,461.130000,66.970000,20.000000,65.490000,,487.240000,577.800000,146.060000,54.630000,1.379000,,,5.680000,0.010100,3.680000,5.020000,0.356200,1408.640000,23.990000,,20.830000,101.810000,48.320000,,,108.600000,,,5.700000,113.490000,46.510000,317.350000,13.060000,37.710000,31.450000,15.280000,425.760000,0.039400,,597.770000,28.130000
2022-02-12,116.840000,0.899000,305.730000,253.460000,81.740000,167.890000,337.130000,462.640000,67.480000,20.040000,65.670000,,488.570000,581.560000,147.460000,55.000000,1.382000,,,5.690000,0.010200,3.700000,5.060000,0.358800,1419.170000,24.220000,,20.940000,102.460000,48.550000,,,108.270000,,,5.720000,114.380000,46.090000,319.200000,13.130000,38.010000,31.860000,15.300000,429.100000,0.039600,,602.420000,28.470000
2022-02-15,117.460000,0.905000,306.110000,254.800000,82.130000,167.290000,337.830000,466.860000,67.850000,19.860000,65.580000,,487.890000,582.710000,147.480000,55.280000,1.368000,,,5.710000,0.010300,3.750000,5.090000,0.360500,1428.030000,24.230000,,20.990000,102.980000,48.260000,,,106.670000,,,5.580000,114.980000,45.780000,320.180000,13.270000,38.280000,31.810000,15.120000,431.380000,0.039800,,604.910000,28.270000
2022-02-16,117.310000,0.902000,307.620000,254.480000,82.620000,167.900000,339.190000,465.720000,67.880000,20.010000,65.670000,,488.700000,583.750000,144.340000,55.220000,1.375000,,,5.720000,0.010300,3.730000,5.080000,0.359600,1425.770000,24.200000,,21.140000,102.960000,48.560000,,,108.410000,,,5.700000,114.820000,46.260000,320.260000,13.320000,38.230000,31.640000,15.290000,430.840000,0.039800,,602.860000,28.610000
2022-02-17,116.500000,0.896000,306.890000,252.710000,82.930000,167.160000,337.390000,462.930000,67.550000,19.980000,65.410000,,486.710000,580.150000,144.300000,54.840000,1.374000,,,5.700000,0.010200,3.700000,5.050000,0.357200,1415.840000,23.930000,,21.020000,102.270000,48.100000,,,108.420000,,,5.690000,114.020000,46.170000,318.330000,13.230000,37.900000,31.390000,15.240000,427.840000,0.039600,,599.340000,28.360000
2022-02-18,116.680000,0.898000,308.360000,253.110000,83.430000,166.740000,337.260000,465.230000,67.620000,19.990000,65.450000,,486.930000,582.870000,144.280000,54.930000,1.368000,,,5.710000,0.010200,3.720000,5.050000,0.357600,1418.520000,23.940000,,21.160000,102.390000,48.080000,,,108.050000,,,5.640000,114.200000,45.990000,318.820000,13.320000,38.020000,31.460000,15.130000,428.520000,0.039600,,601.110000,28.590000
2022-02-19,116.630000,0.902000,309.030000,252.730000,82.820000,167.100000,337.790000,465.310000,67.710000,20.040000,65.480000,,486.960000,583.460000,145.190000,54.920000,1.368000,,,5.740000,0.010200,3.720000,5.050000,0.358800,1418.280000,23.930000,,21.120000,102.370000,48.040000,,,107.640000,,,5.650000,114.150000,46.030000,318.930000,13.320000,37.970000,31.440000,15.120000,428.320000,0.039500,,600.990000,28.580000
2022-02-22,116.690000,0.898000,309.150000,253.120000,83.430000,166.040000,336.430000,466.970000,67.650000,20.050000,65.450000,,486.820000,584.310000,145.510000,54.940000,1.368000,,,5.750000,0.010200,3.730000,5.050000,0.359700,1419.100000,23.980000,,21.120000,102.570000,47.860000,,,107.790000,,,5.570000,114.210000,45.810000,318.550000,13.320000,38.020000,31.450000,15.050000,428.540000,0.039600,,601.350000,28.300000
2022-02-23,118.010000,0.911000,312.300000,255.990000,84.920000,167.040000,340.150000,471.900000,68.430000,20.050000,65.940000,,490.550000,588.330000,146.170000,55.550000,1.374000,,,5.790000,0.010300,3.780000,5.110000,0.363100,1434.450000,24.310000,,21.300000,103.580000,48.490000,,,108.030000,,,5.430000,115.520000,46.160000,321.840000,13.380000,38.460000,31.520000,14.990000,433.390000,0.040000,,608.150000,28.520000
2022-02-24,119.050000,0.918000,317.640000,258.250000,86.440000,165.660000,344.020000,475.190000,69.240000,20.290000,66.770000,,496.590000,594.790000,147.210000,56.030000,1.394000,,,5.860000,0.010400,3.800000,5.160000,0.367400,1447.360000,24.400000,,21.600000,104.500000,49.410000,,,109.520000,,,5.500000,116.540000,46.920000,325.340000,13.570000,38.800000,31.690000,14.950000,437.220000,0.040400,,613.010000,29.130000
2022-02-25,126.880000,0.977000,334.350000,275.250000,93.020000,168.810000,363.570000,505.800000,73.730000,21.020000,70.230000,,522.510000,625.920000,153.540000,59.680000,1.433000,,,6.160000,0.011100,4.060000,5.500000,0.387100,1540.720000,25.960000,,22.870000,110.980000,51.600000,,,112.870000,,,5.530000,124.210000,48.790000,344.620000,14.320000,41.350000,32.820000,15.640000,465.990000,0.043000,,653.510000,30.570000
2022-02-26,127.180000,0.973000,336.260000,275.890000,91.170000,170.040000,364.710000,504.360000,73.970000,21.070000,70.180000,,522.210000,624.640000,154.160000,59.830000,1.420000,,,6.210000,0.011100,4.050000,5.510000,0.388600,1543.230000,25.810000,,22.840000,111.250000,52.080000,,,112.110000,,,5.660000,124.500000,49.080000,344.920000,14.380000,41.340000,33.200000,15.730000,467.090000,0.043200,,651.210000,30.580000
2022-03-01,134.780000,1.032000,356.500000,292.380000,95.870000,180.150000,387.750000,536.700000,78.520000,22.230000,74.370000,,553.460000,662.060000,158.650000,63.350000,1.499000,,,6.570000,0.011800,4.280000,5.860000,0.411800,1634.960000,27.200000,,24.070000,117.970000,55.600000,,,117.910000,,,4.950000,131.940000,52.050000,364.430000,15.150000,43.880000,35.770000,16.670000,495.000000,0.045800,,690.150000,32.050000
2022-03-02,132.810000,1.007000,354.740000,288.100000,94.530000,159.920000,385.030000,532.420000,77.260000,21.660000,73.410000,,545.990000,654.220000,154.600000,62.410000,1.466000,,,6.470000,0.011600,4.250000,5.770000,0.406400,1612.290000,26.730000,,23.810000,116.380000,55.270000,,,115.610000,,,5.170000,130.010000,51.090000,360.180000,14.960000,43.280000,35.040000,16.420000,487.750000,0.045000,,680.340000,31.740000
2022-03-03,133.540000,1.006000,355.950000,289.680000,95.050000,165.070000,385.980000,534.880000,77.670000,21.300000,73.080000,,543.490000,652.620000,155.450000,62.740000,1.430000,,,6.480000,0.011700,4.260000,5.800000,0.406300,1619.970000,26.870000,,23.690000,116.940000,54.890000,,,113.200000,,,4.490000,130.720000,50.360000,361.270000,15.010000,43.520000,34.870000,16.510000,490.430000,0.045200,,684.020000,31.660000
2022-03-04,134.040000,0.994000,359.220000,290.770000,96.540000,159.840000,389.960000,535.200000,77.890000,21.180000,73.300000,,545.200000,658.520000,156.060000,63.000000,1.442000,,,6.490000,0.011700,4.250000,5.830000,0.407400,1625.220000,26.970000,,23.780000,117.640000,55.310000,,,113.770000,,,4.220000,131.210000,50.720000,362.450000,15.100000,43.680000,34.840000,16.580000,492.280000,0.045200,,684.540000,32.150000
2022-03-05,135.930000,0.997000,366.810000,294.860000,99.210000,161.760000,392.140000,543.490000,79.040000,21.480000,73.930000,,549.870000,663.940000,155.030000,63.860000,1.443000,,,6.550000,0.011900,4.330000,5.910000,0.410600,1647.740000,27.350000,,24.020000,119.540000,55.840000,,,113.800000,,,4.540000,133.060000,50.930000,367.250000,15.280000,44.290000,35.070000,16.810000,499.200000,0.045900,,693.800000,32.540000
2022-03-06,137.040000,1.002000,370.930000,297.280000,99.430000,162.890000,395.370000,549.150000,79.650000,21.450000,73.970000,,549.910000,665.610000,153.910000,64.410000,1.422000,,,6.590000,0.012000,4.380000,5.960000,0.413400,1660.400000,27.980000,,24.040000,120.520000,56.220000,,,112.670000,,,4.160000,134.150000,51.020000,370.020000,15.400000,44.660000,35.480000,16.950000,503.300000,0.046200,,697.150000,32.710000
2022-03-10,138.870000,1.004000,373.370000,301.240000,100.790000,155.740000,397.660000,549.750000,80.760000,22.080000,75.150000,,559.270000,670.550000,151.560000,65.210000,1.461000,,,6.660000,0.012100,4.400000,5.220000,0.414000,1680.510000,27.870000,,24.040000,121.860000,57.070000,,,115.480000,,,3.980000,135.940000,51.950000,374.780000,15.430000,45.250000,34.840000,17.170000,510.000000,0.046900,,704.020000,33.610000
2022-03-11,138.810000,1.002000,374.040000,301.120000,101.710000,155.470000,397.820000,550.120000,80.640000,22.370000,75.660000,,562.870000,671.300000,155.430000,65.190000,1.483000,,,6.680000,0.012100,4.400000,5.220000,0.415800,1681.730000,27.860000,,24.320000,121.790000,56.930000,,,117.210000,,,4.290000,135.900000,52.380000,375.050000,15.380000,39.280000,34.550000,17.430000,509.800000,0.046700,,705.220000,33.750000
2022-03-12,139.080000,0.992000,373.440000,301.710000,101.930000,156.440000,399.990000,548.290000,80.710000,22.260000,75.300000,,560.180000,667.910000,161.130000,65.260000,1.472000,,,6.670000,0.012200,4.370000,4.950000,0.413700,1682.720000,27.910000,,24.350000,121.850000,57.140000,,,116.980000,,,4.420000,136.160000,52.570000,375.250000,15.340000,39.140000,34.090000,17.460000,510.790000,0.046600,,707.930000,33.870000
2022-03-15,139.330000,1.003000,371.300000,302.250000,100.840000,156.580000,401.250000,548.520000,80.530000,22.560000,75.550000,,561.960000,667.420000,161.420000,65.360000,1.492000,,,6.680000,0.012200,4.340000,4.970000,0.413500,1684.590000,27.960000,,24.520000,121.780000,57.210000,,,118.460000,,,4.540000,136.420000,53.350000,375.130000,15.340000,39.210000,34.700000,17.490000,511.710000,0.046500,,707.830000,33.910000
2022-03-16,139.460000,1.004000,368.160000,302.530000,99.990000,154.970000,398.370000,545.810000,80.430000,22.730000,75.750000,,563.560000,667.840000,161.830000,65.450000,1.515000,,,6.690000,0.012200,4.340000,4.880000,0.411400,1686.830000,27.870000,,24.540000,121.810000,56.700000,,,119.180000,,,4.570000,136.530000,53.520000,374.980000,15.280000,39.400000,34.630000,17.510000,512.190000,0.047100,,705.800000,33.820000
2022-03-17,138.580000,1.015000,367.910000,300.610000,98.570000,154.930000,400.110000,541.430000,80.210000,22.630000,75.160000,,559.020000,664.620000,159.790000,65.060000,1.503000,,,6.670000,0.012100,4.300000,4.850000,0.412200,1675.960000,27.740000,,24.490000,121.310000,56.950000,,,118.780000,,,4.730000,135.650000,53.400000,373.920000,15.250000,39.150000,34.610000,17.400000,508.940000,0.046800,,702.000000,33.730000
2022-03-18,137.820000,1.042000,371.000000,298.960000,99.690000,155.330000,399.640000,538.560000,79.770000,22.610000,75.080000,,558.830000,667.090000,158.910000,64.730000,1.502000,,,6.680000,0.012100,4.270000,4.820000,0.417400,1668.060000,27.580000,,24.540000,120.700000,57.030000,,,119.170000,,,4.900000,134.910000,53.560000,373.310000,15.220000,38.930000,34.380000,17.130000,506.140000,0.044700,,699.170000,33.920000
2022-03-19,137.560000,1.040000,372.650000,298.420000,100.240000,155.930000,400.430000,540.860000,79.410000,22.510000,75.060000,,558.720000,663.760000,159.120000,64.610000,1.496000,,,6.640000,0.012000,4.250000,4.840000,0.416200,1664.810000,27.460000,,24.620000,120.550000,57.280000,,,118.320000,,,4.900000,134.670000,53.570000,372.720000,15.170000,38.980000,34.150000,17.100000,505.220000,0.044700,,698.850000,33.770000
2022-03-25,134.900000,1.021000,370.530000,292.630000,102.670000,152.350000,394.010000,530.950000,77.810000,22.070000,73.190000,,544.530000,652.780000,154.100000,63.320000,1.453000,,,6.490000,0.011800,4.070000,4.980000,0.404900,1631.210000,27.150000,,24.510000,117.290000,57.380000,,,114.490000,,,5.150000,132.080000,52.660000,364.980000,14.740000,38.230000,33.390000,16.940000,495.430000,0.043100,,682.980000,33.560000
2022-03-26,134.550000,1.018000,370.920000,291.880000,102.380000,151.960000,394.070000,533.300000,77.670000,22.070000,73.100000,,543.770000,650.560000,153.940000,63.130000,1.450000,,,6.480000,0.011800,4.060000,4.970000,0.405300,1627.190000,27.080000,,24.620000,117.430000,56.980000,,,114.640000,,,5.040000,131.740000,52.610000,364.370000,14.730000,38.130000,33.320000,16.750000,494.160000,0.043000,,681.030000,33.960000
2022-03-29,131.920000,0.999000,364.530000,286.170000,102.170000,148.980000,388.180000,518.000000,76.120000,21.590000,71.510000,,531.870000,636.180000,153.810000,61.880000,1.422000,,,6.360000,0.011500,3.900000,5.090000,0.396100,1593.140000,26.550000,,24.180000,114.960000,56.160000,,,112.340000,,,4.970000,129.160000,51.110000,356.240000,14.350000,37.410000,32.640000,16.420000,484.490000,0.042200,,668.310000,33.340000
2022-03-30,128.330000,0.970000,353.430000,278.380000,98.900000,144.930000,377.430000,503.530000,74.050000,21.220000,69.950000,,520.130000,616.600000,152.030000,60.210000,1.402000,,,6.200000,0.011200,3.810000,5.000000,0.387100,1549.870000,25.850000,,23.510000,111.890000,54.560000,,,111.160000,,,5.300000,125.640000,50.290000,346.540000,14.000000,36.530000,31.800000,16.110000,471.300000,0.041100,,648.400000,32.200000
2022-03-31,124.760000,0.941000,344.110000,270.640000,96.340000,140.900000,367.210000,494.920000,72.150000,20.870000,68.670000,,510.570000,602.350000,151.470000,58.540000,1.389000,,,6.040000,0.010900,3.760000,5.210000,0.378800,1509.220000,25.150000,,23.020000,109.020000,52.980000,,,109.830000,,,5.490000,122.130000,49.420000,338.450000,13.760000,35.380000,31.240000,15.670000,458.200000,0.040000,,631.400000,31.670000
2022-04-01,126.970000,0.969000,348.990000,275.430000,97.750000,143.390000,372.240000,504.830000,73.530000,21.200000,69.660000,,517.980000,611.750000,153.390000,59.560000,1.403000,,,6.160000,0.011100,3.820000,5.600000,0.384600,1536.240000,25.510000,,23.460000,110.950000,53.480000,,,111.420000,,,5.700000,124.300000,50.080000,344.370000,14.030000,36.010000,31.800000,15.810000,466.310000,0.040900,,645.040000,32.150000
2022-04-02,128.670000,0.986000,355.220000,279.130000,99.720000,145.310000,378.410000,511.540000,74.330000,21.400000,70.220000,,522.370000,620.240000,154.680000,60.320000,1.421000,,,6.220000,0.011300,3.860000,5.730000,0.388300,1555.700000,25.940000,,23.820000,112.300000,53.990000,,,112.460000,,,5.800000,125.970000,50.570000,348.700000,14.130000,36.490000,32.190000,16.160000,472.560000,0.041600,,653.270000,32.430000
2022-04-05,128.730000,0.987000,355.330000,279.240000,101.490000,145.380000,378.150000,509.990000,74.300000,21.400000,69.980000,,520.410000,619.980000,153.990000,60.330000,1.413000,,,6.260000,0.011300,3.860000,5.800000,0.389300,1554.880000,25.900000,,23.850000,112.160000,54.110000,,,112.280000,,,5.680000,126.030000,50.180000,348.490000,14.110000,37.970000,32.130000,16.160000,472.760000,0.041500,,652.590000,32.310000
2022-04-06,126.040000,0.967000,353.390000,273.430000,100.750000,142.350000,371.610000,500.340000,72.760000,20.880000,68.330000,,508.140000,608.310000,151.030000,59.100000,1.372000,,,6.150000,0.011000,3.770000,5.680000,0.381700,1521.530000,25.320000,,23.380000,109.990000,53.130000,,,109.790000,,,5.600000,123.400000,49.330000,341.710000,13.860000,37.180000,31.460000,15.830000,462.910000,0.040700,,637.410000,31.860000
2022-04-07,125.860000,0.973000,350.550000,273.020000,99.360000,142.220000,370.100000,495.360000,72.700000,20.660000,67.810000,,504.330000,605.320000,151.050000,58.980000,1.331000,,,6.100000,0.011000,3.730000,5.390000,0.379800,1517.420000,25.330000,,23.100000,109.710000,52.810000,,,108.520000,,,5.540000,123.230000,49.100000,340.220000,13.790000,37.040000,31.360000,15.800000,462.220000,0.040700,,636.070000,31.590000
2022-04-08,124.950000,0.966000,343.230000,271.040000,97.300000,141.190000,365.230000,491.770000,72.160000,20.390000,67.210000,,499.760000,600.340000,149.960000,58.560000,1.312000,,,6.040000,0.010900,3.710000,5.050000,0.376400,1507.010000,25.030000,,22.810000,108.830000,52.120000,,,107.480000,,,6.020000,122.360000,48.480000,337.280000,13.710000,37.010000,31.120000,15.690000,458.870000,0.040400,,629.920000,31.240000
2022-04-09,121.680000,0.941000,333.250000,263.960000,94.020000,137.500000,354.900000,477.860000,70.280000,19.830000,65.310000,,485.680000,582.830000,146.520000,57.020000,1.290000,,,5.890000,0.010600,3.600000,4.910000,0.364300,1466.660000,24.420000,,22.180000,105.900000,50.900000,,,104.790000,,,5.910000,119.170000,47.150000,327.870000,13.300000,36.330000,30.300000,15.280000,446.890000,0.039300,,613.180000,30.330000
2022-04-12,122.410000,0.954000,335.030000,265.520000,95.730000,138.270000,357.420000,481.550000,70.600000,20.100000,66.040000,,491.020000,586.680000,147.390000,57.350000,1.301000,,,5.920000,0.010700,3.590000,4.940000,0.364800,1475.170000,24.500000,,22.470000,106.300000,51.510000,,,105.710000,,,5.710000,119.870000,47.690000,329.710000,13.390000,36.020000,30.520000,15.370000,449.530000,0.039700,,616.400000,30.790000
2022-04-13,122.460000,0.956000,334.200000,265.650000,95.800000,138.330000,355.330000,482.240000,70.610000,20.010000,65.760000,,488.910000,584.930000,146.500000,57.390000,1.294000,,,5.910000,0.010700,3.580000,5.220000,0.365300,1475.570000,24.540000,,22.650000,106.300000,51.010000,,,105.140000,,,5.390000,119.930000,47.380000,329.840000,13.370000,36.040000,30.630000,15.250000,449.740000,0.039700,,616.550000,30.900000
2022-04-14,122.580000,0.957000,334.160000,265.900000,96.320000,138.470000,355.920000,482.650000,70.740000,19.950000,65.580000,,487.670000,585.670000,146.870000,57.430000,1.290000,,,5.910000,0.010700,3.570000,5.230000,0.366700,1476.600000,24.470000,,22.790000,106.450000,51.090000,,,105.170000,,,5.670000,120.050000,47.170000,330.130000,13.450000,36.070000,30.870000,15.390000,450.170000,0.039900,,616.220000,31.090000
2022-04-15,122.040000,0.951000,333.900000,264.730000,95.560000,137.860000,357.320000,479.710000,70.340000,20.030000,65.760000,,489.060000,588.520000,146.950000,57.160000,1.301000,,,5.890000,0.010700,3.570000,5.370000,0.365700,1471.120000,24.360000,,22.640000,105.960000,51.270000,,,105.410000,,,5.470000,119.520000,47.480000,331.040000,13.300000,36.140000,30.670000,15.320000,448.190000,0.039600,,612.680000,30.580000
2022-04-16,123.690000,0.966000,336.480000,268.320000,96.630000,139.730000,360.620000,482.340000,71.330000,20.100000,66.040000,,491.250000,593.640000,149.190000,57.920000,1.308000,,,5.950000,0.010800,3.590000,5.580000,0.369700,1488.920000,24.690000,,22.760000,107.320000,51.830000,,,106.060000,,,5.740000,121.140000,47.630000,334.860000,13.520000,36.400000,31.050000,15.530000,454.270000,0.040200,,623.060000,31.010000
2022-04-19,122.490000,0.957000,331.310000,265.710000,95.780000,138.370000,355.920000,476.890000,70.690000,19.880000,65.290000,,485.430000,585.300000,147.980000,57.350000,1.295000,,,5.900000,0.010700,3.550000,5.520000,0.364300,1474.390000,24.450000,,22.540000,105.770000,50.990000,,,105.110000,,,5.710000,119.960000,47.000000,330.550000,13.360000,36.280000,30.720000,15.250000,449.850000,0.039900,,614.680000,30.760000
2022-04-20,120.780000,0.944000,326.960000,262.000000,95.330000,136.440000,352.210000,468.690000,69.520000,19.610000,64.390000,,478.880000,577.840000,146.630000,56.550000,1.282000,,,5.800000,0.010600,3.460000,5.510000,0.358200,1452.470000,24.170000,,22.320000,104.300000,50.160000,,,103.240000,,,5.670000,118.290000,46.350000,324.840000,13.150000,35.770000,30.260000,15.040000,443.570000,0.039400,,605.810000,30.000000
2022-04-21,120.900000,0.950000,330.140000,262.270000,95.170000,136.580000,354.010000,468.530000,69.320000,19.730000,64.780000,,481.910000,578.570000,148.510000,56.620000,1.299000,,,5.830000,0.010600,3.470000,5.480000,0.359400,1454.600000,24.090000,,22.250000,103.770000,50.570000,,,104.130000,,,5.470000,118.400000,47.020000,325.510000,13.160000,35.550000,30.290000,15.180000,444.030000,0.039500,,605.420000,29.650000
2022-04-22,120.910000,0.949000,330.410000,262.280000,96.070000,136.580000,355.890000,468.250000,68.890000,19.870000,65.140000,,484.540000,580.010000,147.520000,56.610000,1.304000,,,5.830000,0.010600,3.470000,5.380000,0.359300,1455.920000,24.090000,,22.130000,103.530000,50.590000,,,104.350000,,,5.760000,118.400000,47.200000,326.280000,13.120000,35.810000,30.250000,15.180000,444.040000,0.039400,,606.430000,29.180000
2022-04-23,120.890000,0.951000,324.250000,262.250000,96.060000,134.540000,350.120000,464.860000,68.370000,19.710000,64.470000,,479.690000,571.240000,147.260000,56.580000,1.294000,,,5.810000,0.010600,3.460000,5.520000,0.357400,1453.750000,24.130000,,21.820000,102.700000,49.640000,,,103.470000,,,5.670000,118.390000,46.630000,324.890000,13.080000,35.580000,30.130000,15.180000,443.990000,0.039400,,606.700000,28.490000
2022-04-26,122.060000,0.966000,320.860000,264.490000,93.510000,135.830000,351.710000,467.670000,68.290000,19.710000,64.660000,,480.940000,570.320000,148.720000,57.130000,1.289000,,,5.850000,0.010700,3.500000,5.540000,0.358500,1467.110000,24.390000,,21.940000,102.930000,49.560000,,,103.570000,,,6.060000,119.510000,46.530000,326.270000,13.170000,36.150000,30.360000,15.200000,448.260000,0.039900,,609.670000,28.600000
2022-04-27,123.490000,0.986000,326.950000,267.890000,92.990000,137.350000,356.020000,473.360000,69.290000,19.830000,65.140000,,484.510000,576.390000,150.180000,57.800000,1.289000,,,5.920000,0.010800,3.550000,5.460000,0.361700,1484.400000,24.650000,,22.400000,104.180000,49.360000,,,104.310000,,,6.130000,120.910000,46.650000,330.080000,13.250000,36.580000,30.670000,15.370000,453.530000,0.040400,,613.790000,28.900000
2022-04-28,122.410000,0.979000,321.470000,265.530000,89.930000,136.180000,350.310000,466.530000,68.620000,19.470000,64.120000,,477.110000,565.940000,148.610000,57.290000,1.257000,,,5.880000,0.010700,3.510000,5.340000,0.355300,1469.600000,24.430000,,22.060000,103.160000,48.620000,,,101.310000,,,6.100000,119.860000,45.750000,326.120000,13.110000,36.250000,30.340000,15.240000,449.550000,0.040100,,608.390000,28.310000
2022-04-29,122.120000,0.979000,319.010000,264.910000,90.340000,135.860000,349.400000,461.650000,67.850000,19.250000,63.400000,,471.720000,561.060000,147.530000,57.160000,1.251000,,,5.860000,0.010700,3.430000,5.330000,0.352400,1463.500000,24.280000,,22.000000,102.860000,47.880000,,,100.680000,,,6.360000,119.580000,45.780000,323.750000,13.020000,36.170000,30.300000,15.200000,448.490000,0.040100,,604.870000,28.200000
2022-04-30,121.540000,0.990000,319.610000,263.660000,90.390000,135.100000,350.270000,460.760000,67.760000,19.240000,63.460000,,472.090000,560.610000,147.320000,56.880000,1.251000,,,5.840000,0.010600,3.430000,5.400000,0.354900,1457.000000,24.060000,,21.870000,102.570000,48.070000,,,101.050000,,,6.330000,119.010000,45.700000,323.600000,13.040000,36.000000,30.110000,15.130000,446.380000,0.040000,,598.120000,28.040000
2022-05-04,120.250000,0.981000,313.560000,260.860000,86.850000,133.750000,343.230000,451.850000,66.830000,18.820000,62.420000,,464.250000,553.020000,147.460000,56.270000,1.217000,,,5.760000,0.010500,3.390000,5.390000,0.348800,1441.480000,23.810000,,21.650000,101.480000,46.780000,,,98.890000,,,6.330000,117.750000,44.710000,318.830000,12.800000,35.620000,29.690000,15.100000,441.640000,0.039600,,592.550000,27.620000
2022-05-05,118.950000,0.970000,310.950000,258.030000,88.100000,132.330000,341.100000,445.450000,66.110000,18.650000,61.790000,,459.650000,546.410000,145.130000,55.660000,1.215000,,,5.720000,0.010400,3.360000,5.330000,0.345100,1425.520000,23.460000,,21.540000,100.380000,46.450000,,,98.280000,,,6.570000,116.470000,44.200000,316.010000,12.730000,35.090000,29.460000,14.940000,436.850000,0.039200,,585.280000,27.610000
2022-05-06,116.480000,0.943000,308.660000,252.690000,86.950000,129.160000,335.820000,437.740000,64.660000,18.420000,60.940000,,453.300000,537.700000,141.890000,54.510000,1.200000,,,5.610000,0.010200,3.300000,5.220000,0.339800,1396.940000,22.940000,,21.310000,98.410000,46.010000,,,97.190000,,,6.790000,114.060000,43.860000,310.520000,12.560000,34.500000,28.800000,14.630000,427.800000,0.038400,,573.920000,27.390000
2022-05-07,118.300000,0.943000,308.210000,256.630000,86.400000,131.180000,338.900000,441.310000,65.130000,18.710000,61.730000,,459.190000,536.090000,144.820000,55.350000,1.208000,,,5.650000,0.010300,3.330000,5.300000,0.342700,1416.460000,23.210000,,21.540000,99.470000,45.980000,,,97.740000,,,6.580000,115.840000,43.880000,313.830000,12.660000,35.040000,29.090000,14.730000,434.470000,0.039100,,584.400000,27.110000
2022-05-12,120.520000,0.938000,310.310000,261.440000,86.240000,133.630000,341.520000,447.990000,65.850000,18.480000,62.870000,,467.440000,547.730000,147.290000,56.390000,1.230000,,,5.730000,0.010500,3.410000,5.390000,0.347600,1444.690000,23.500000,,21.870000,101.170000,45.910000,,,100.110000,,,6.740000,118.000000,44.400000,319.550000,12.800000,35.550000,28.910000,15.000000,442.610000,0.039700,,592.630000,27.670000
2022-05-13,118.380000,0.947000,298.770000,256.800000,84.620000,131.300000,333.480000,436.640000,64.100000,18.040000,60.930000,,453.370000,529.760000,144.920000,55.380000,1.187000,,,5.620000,0.010400,3.380000,5.260000,0.336900,1418.280000,23.030000,,21.260000,98.990000,44.040000,,,96.980000,,,6.910000,115.910000,42.920000,311.610000,12.530000,34.920000,28.260000,14.720000,434.760000,0.038900,,582.140000,26.770000
2022-05-14,116.500000,0.947000,293.880000,252.710000,83.330000,129.210000,328.700000,427.330000,63.020000,17.930000,59.650000,,443.800000,520.940000,142.850000,54.500000,1.155000,,,5.520000,0.010200,3.320000,5.180000,0.333300,1395.250000,22.600000,,21.170000,97.320000,43.410000,,,94.930000,,,6.670000,114.060000,42.260000,306.300000,12.300000,34.310000,27.690000,14.500000,427.840000,0.038400,,570.290000,26.590000
2022-05-17,116.970000,0.956000,296.360000,253.460000,84.890000,129.740000,332.000000,427.520000,63.230000,18.100000,60.130000,,447.350000,525.320000,145.620000,54.720000,1.162000,,,5.520000,0.010200,3.320000,5.200000,0.334300,1400.760000,22.720000,,21.350000,97.720000,43.790000,,,95.840000,,,6.940000,114.520000,42.610000,308.050000,12.330000,34.450000,27.520000,14.540000,429.570000,0.038600,,571.660000,26.360000
2022-05-18,117.840000,0.958000,304.340000,255.640000,85.520000,130.710000,337.910000,434.480000,64.140000,18.380000,60.920000,,453.350000,538.910000,146.460000,55.140000,1.171000,,,5.580000,0.010300,3.350000,5.250000,0.340300,1412.270000,22.800000,,21.650000,98.630000,44.710000,,,97.550000,,,6.730000,115.380000,43.480000,312.150000,12.540000,34.730000,27.280000,14.650000,432.790000,0.038800,,576.920000,26.940000
2022-05-19,117.820000,0.957000,303.880000,255.580000,87.610000,130.640000,337.430000,434.470000,64.210000,18.450000,61.190000,,455.320000,536.970000,148.440000,55.130000,1.186000,,,5.580000,0.010300,3.350000,5.260000,0.342100,1412.400000,22.770000,,21.750000,98.480000,44.600000,,,97.940000,,,6.810000,115.380000,43.540000,312.210000,12.510000,34.750000,27.120000,14.650000,432.690000,0.038900,,579.390000,27.180000
2022-05-20,117.470000,0.944000,301.690000,254.820000,86.830000,130.250000,336.330000,441.750000,63.830000,18.330000,60.870000,,452.940000,534.820000,148.760000,54.980000,1.171000,,,5.550000,0.010300,3.380000,5.370000,0.337400,1409.610000,22.720000,,21.570000,97.990000,43.820000,,,97.400000,,,6.920000,115.010000,43.090000,311.170000,12.490000,34.600000,27.020000,14.600000,431.410000,0.038800,,577.540000,26.950000
2022-05-21,115.730000,0.928000,300.190000,251.050000,86.190000,128.320000,332.540000,437.220000,63.750000,18.250000,60.490000,,450.100000,530.300000,148.090000,54.160000,1.171000,,,5.480000,0.010100,3.320000,5.310000,0.335500,1389.540000,22.310000,,21.310000,96.880000,43.860000,,,97.010000,,,7.170000,113.310000,42.880000,308.680000,12.410000,34.080000,26.610000,14.390000,425.020000,0.038400,,569.710000,26.810000
2022-05-24,115.680000,0.938000,302.100000,250.940000,87.080000,128.230000,332.270000,439.660000,63.910000,18.470000,60.970000,,453.600000,534.150000,148.810000,54.130000,1.188000,,,5.480000,0.010100,3.330000,5.320000,0.336600,1388.730000,22.300000,,21.460000,96.840000,44.260000,,,98.390000,,,7.300000,113.260000,43.210000,309.360000,12.440000,34.070000,26.700000,14.380000,424.840000,0.038400,,571.170000,26.990000
2022-05-25,113.520000,0.917000,294.840000,246.260000,86.590000,125.840000,325.710000,432.170000,62.530000,18.110000,60.020000,,446.470000,520.680000,146.540000,53.110000,1.162000,,,5.380000,0.009900,3.270000,5.240000,0.329700,1363.700000,21.900000,,20.980000,94.860000,43.310000,,,96.880000,,,7.340000,111.150000,42.550000,303.360000,12.220000,33.410000,25.840000,14.250000,416.910000,0.037700,,562.700000,26.480000
2022-05-26,113.030000,0.916000,293.780000,245.200000,86.140000,125.300000,323.400000,430.890000,62.210000,18.020000,59.570000,,443.060000,518.780000,146.690000,52.880000,1.149000,,,5.360000,0.009900,3.270000,5.220000,0.328200,1357.090000,21.830000,,20.900000,94.500000,43.250000,,,96.420000,,,7.410000,110.670000,42.090000,301.930000,12.130000,33.290000,25.450000,14.070000,415.120000,0.037600,,560.370000,26.650000
2022-05-27,114.910000,0.932000,299.420000,249.270000,87.490000,127.380000,329.230000,439.910000,62.720000,18.340000,60.760000,,452.060000,532.110000,149.380000,53.760000,1.155000,,,5.440000,0.010000,3.330000,5.310000,0.333700,1380.520000,22.230000,,21.340000,96.000000,44.180000,,,98.130000,,,6.750000,112.510000,42.770000,307.230000,12.350000,37.080000,25.780000,14.430000,422.010000,0.038200,,568.850000,26.770000
2022-05-28,117.990000,0.956000,309.380000,255.940000,90.850000,130.860000,340.350000,451.920000,64.560000,18.810000,62.410000,,464.190000,546.040000,152.570000,55.200000,1.182000,,,5.590000,0.010300,3.410000,5.450000,0.346000,1417.030000,22.870000,,21.950000,98.990000,45.460000,,,100.960000,,,6.480000,115.520000,43.960000,316.460000,12.690000,38.350000,26.440000,14.670000,433.300000,0.039300,,585.000000,27.710000
2022-05-31,116.370000,0.956000,307.210000,252.450000,90.370000,128.920000,337.060000,446.450000,64.190000,18.620000,61.860000,,460.040000,540.430000,147.120000,54.460000,1.174000,,,5.510000,0.010200,3.360000,5.290000,0.345700,1398.070000,22.520000,,21.950000,97.940000,45.330000,,,100.550000,,,6.810000,113.950000,43.770000,312.880000,12.540000,37.720000,26.100000,14.470000,427.390000,0.038800,,576.610000,27.580000
2022-06-01,112.910000,0.915000,297.900000,244.930000,87.230000,125.090000,327.100000,432.040000,62.300000,17.990000,59.780000,,444.650000,522.530000,137.760000,52.840000,1.127000,,,5.340000,0.009900,3.240000,5.130000,0.334900,1356.280000,21.850000,,21.180000,94.740000,43.980000,,,97.110000,,,6.780000,110.560000,42.300000,302.660000,12.120000,36.530000,25.250000,14.040000,414.670000,0.037600,,559.450000,26.630000
2022-06-02,115.620000,0.958000,305.470000,250.810000,89.750000,128.090000,335.930000,441.710000,63.520000,18.410000,61.230000,,455.410000,534.510000,142.010000,54.120000,1.150000,,,5.480000,0.010100,3.280000,5.250000,0.341400,1387.510000,22.470000,,21.570000,96.920000,45.300000,,,99.160000,,,6.940000,113.220000,43.450000,309.600000,12.370000,37.410000,25.820000,14.390000,424.620000,0.038700,,573.110000,27.350000
2022-06-03,117.840000,0.977000,311.130000,255.630000,89.880000,130.590000,341.960000,450.620000,64.920000,18.710000,62.190000,,462.510000,542.710000,146.710000,55.150000,1.172000,,,5.580000,0.010300,3.340000,5.440000,0.346700,1413.900000,22.800000,,22.050000,98.610000,45.710000,,,100.870000,,,7.040000,115.390000,44.170000,314.680000,12.600000,38.130000,26.280000,14.670000,432.780000,0.039500,,583.880000,27.870000
2022-06-04,117.610000,0.974000,313.210000,255.140000,90.060000,130.340000,343.880000,450.320000,64.860000,18.790000,62.410000,,464.130000,543.000000,148.440000,55.070000,1.176000,,,5.560000,0.010300,3.320000,5.430000,0.346800,1412.760000,22.780000,,22.100000,98.460000,45.930000,,,101.100000,,,6.980000,115.170000,44.460000,314.630000,12.630000,38.910000,26.180000,14.770000,431.950000,0.039400,,582.280000,27.950000
2022-06-07,117.600000,0.983000,311.950000,255.100000,90.430000,130.320000,343.910000,449.590000,65.020000,18.790000,62.380000,,464.010000,542.570000,148.410000,55.060000,1.194000,,,5.560000,0.010300,3.300000,5.430000,0.345700,1411.420000,22.800000,,22.150000,98.450000,46.000000,,,101.200000,,,7.090000,115.140000,44.370000,314.620000,12.590000,38.560000,26.040000,14.640000,431.880000,0.039300,,583.280000,28.150000
2022-06-08,116.920000,0.979000,308.620000,253.640000,89.550000,129.610000,340.990000,439.880000,64.410000,18.540000,61.630000,,458.480000,536.890000,147.560000,54.730000,1.178000,,,5.530000,0.010200,3.240000,5.400000,0.341600,1402.430000,22.720000,,21.990000,97.740000,45.230000,,,100.090000,,,7.040000,114.480000,43.680000,312.090000,12.460000,38.690000,25.640000,14.540000,429.410000,0.039000,,579.550000,27.900000
2022-06-09,118.020000,0.987000,311.350000,256.020000,88.990000,130.870000,345.460000,443.520000,64.830000,18.750000,62.370000,,463.880000,542.980000,149.210000,55.240000,1.191000,,,5.580000,0.010300,3.240000,5.490000,0.344800,1414.750000,22.870000,,22.070000,98.690000,45.750000,,,101.540000,,,7.200000,115.550000,44.220000,315.100000,12.560000,39.010000,25.280000,14.690000,433.450000,0.039300,,582.890000,28.170000
2022-06-10,118.310000,1.011000,312.240000,256.650000,88.700000,131.150000,346.030000,444.600000,65.180000,18.880000,62.610000,,465.710000,544.270000,149.320000,55.360000,1.180000,,,5.590000,0.010300,3.260000,5.470000,0.346300,1419.410000,22.930000,,22.230000,98.930000,45.840000,,,101.560000,,,7.450000,115.830000,44.410000,316.150000,12.600000,39.680000,25.220000,14.710000,434.510000,0.039400,,584.660000,28.480000
2022-06-11,118.650000,1.023000,310.220000,257.390000,88.850000,131.530000,342.150000,444.150000,65.150000,18.700000,62.080000,,461.690000,542.610000,150.260000,55.520000,1.161000,,,5.600000,0.010400,3.260000,5.480000,0.343200,1422.010000,22.970000,,22.060000,99.040000,45.550000,,,100.340000,,,7.540000,116.160000,43.870000,315.560000,12.540000,39.980000,25.530000,14.750000,435.760000,0.039600,,586.700000,27.970000
2022-06-14,118.770000,1.039000,303.800000,257.640000,87.430000,131.650000,339.200000,439.080000,64.820000,18.460000,61.340000,,456.290000,532.100000,149.380000,55.570000,1.144000,,,5.590000,0.010400,3.240000,5.490000,0.338600,1421.430000,22.930000,,21.410000,98.750000,44.390000,,,98.540000,,,7.650000,116.270000,43.060000,313.800000,12.530000,40.200000,25.280000,14.770000,436.180000,0.039700,,584.410000,27.130000
2022-06-15,118.700000,1.039000,301.830000,257.480000,85.230000,131.610000,337.350000,438.950000,64.760000,18.390000,61.140000,,454.840000,527.590000,150.320000,55.530000,1.143000,,,5.590000,0.010400,3.250000,5.480000,0.338200,1419.430000,22.880000,,21.220000,98.620000,43.860000,,,97.900000,,,7.650000,116.190000,42.810000,313.480000,12.470000,40.360000,25.260000,14.760000,435.920000,0.039700,,580.340000,27.100000
2022-06-16,119.380000,1.044000,304.140000,258.970000,85.680000,132.370000,339.030000,439.930000,65.290000,18.610000,61.840000,,459.960000,530.020000,151.970000,55.850000,1.156000,,,5.620000,0.010400,3.260000,5.510000,0.339400,1427.650000,22.950000,,21.340000,99.370000,44.130000,,,98.530000,,,7.740000,116.860000,43.280000,315.390000,12.520000,41.360000,25.370000,14.840000,438.430000,0.040000,,582.770000,27.430000
2022-06-17,120.400000,1.055000,308.280000,261.180000,87.500000,133.500000,341.890000,451.010000,65.860000,18.610000,61.870000,,460.210000,536.350000,153.530000,56.330000,1.159000,,,5.660000,0.010500,3.330000,5.560000,0.341600,1439.730000,23.080000,,21.560000,100.490000,44.050000,,,97.980000,,,7.800000,117.840000,43.040000,318.340000,12.600000,41.910000,25.550000,14.970000,442.170000,0.040400,,588.890000,27.730000
2022-06-18,121.680000,1.064000,312.540000,263.950000,88.430000,134.880000,344.620000,462.550000,66.670000,19.030000,63.190000,,469.970000,549.690000,155.980000,56.930000,1.180000,,,5.730000,0.010600,3.320000,5.620000,0.345900,1456.600000,23.340000,,21.960000,101.560000,45.010000,,,100.160000,,,7.910000,119.100000,43.980000,322.490000,12.690000,40.560000,25.800000,15.130000,446.870000,0.040800,,594.050000,28.110000
2022-06-21,120.690000,1.062000,309.930000,261.820000,86.020000,133.790000,341.390000,459.960000,66.320000,18.880000,62.760000,,466.840000,542.770000,153.380000,56.470000,1.169000,,,5.680000,0.010600,3.290000,5.580000,0.343200,1445.960000,23.180000,,21.900000,100.740000,44.870000,,,100.210000,,,7.910000,118.140000,43.770000,319.720000,12.570000,40.660000,25.580000,15.010000,443.260000,0.040600,,591.860000,27.690000
2022-06-22,121.970000,1.072000,312.160000,264.580000,86.330000,135.200000,346.560000,463.600000,66.910000,19.180000,63.630000,,473.280000,550.770000,156.620000,57.060000,1.194000,,,5.740000,0.010700,3.310000,5.630000,0.346700,1461.290000,23.390000,,22.220000,101.890000,45.770000,,,102.030000,,,8.220000,119.370000,44.570000,323.600000,12.690000,41.090000,25.830000,15.160000,447.930000,0.041100,,598.090000,28.120000
2022-06-23,123.640000,1.089000,313.430000,268.230000,88.600000,137.070000,349.850000,470.390000,67.680000,19.350000,64.220000,,477.680000,556.380000,158.230000,57.850000,1.209000,,,5.790000,0.010800,3.340000,5.710000,0.348500,1480.250000,23.710000,,22.550000,103.140000,45.600000,,,102.570000,,,8.540000,121.030000,44.750000,326.930000,12.800000,44.090000,26.180000,15.370000,454.110000,0.041800,,606.620000,28.380000
2022-06-24,126.570000,1.129000,320.110000,274.550000,89.480000,140.290000,358.260000,481.220000,69.300000,19.760000,65.720000,,488.790000,566.880000,160.000000,59.220000,1.225000,,,5.940000,0.011100,3.430000,5.850000,0.356300,1516.660000,24.230000,,23.130000,105.540000,46.590000,,,103.840000,,,8.760000,123.880000,45.680000,334.470000,13.100000,47.430000,26.770000,15.730000,464.810000,0.042900,,619.810000,29.050000
2022-06-25,128.220000,1.128000,325.720000,278.150000,89.890000,142.090000,363.350000,491.900000,70.330000,20.080000,66.790000,,496.940000,579.070000,161.820000,59.990000,1.241000,,,6.010000,0.011200,3.490000,5.920000,0.363800,1538.640000,24.590000,,23.580000,107.020000,47.640000,,,105.540000,,,8.830000,125.490000,46.510000,339.390000,13.280000,48.050000,27.120000,15.960000,470.900000,0.043600,,627.900000,29.520000
2022-06-28,125.510000,1.103000,319.020000,272.270000,87.930000,139.090000,357.630000,481.360000,68.910000,19.700000,65.480000,,487.180000,566.000000,158.400000,58.750000,1.208000,,,5.880000,0.011000,3.410000,5.800000,0.359100,1504.210000,24.080000,,23.190000,104.690000,46.810000,,,103.420000,,,8.660000,122.830000,45.670000,332.820000,13.060000,43.670000,27.560000,15.600000,460.950000,0.042600,,615.820000,29.000000
2022-06-29,124.170000,1.124000,316.640000,269.370000,87.060000,137.610000,355.370000,477.890000,68.210000,19.520000,64.880000,,482.680000,559.210000,156.450000,58.120000,1.206000,,,5.790000,0.010900,3.350000,5.740000,0.354600,1487.830000,23.910000,,22.890000,103.770000,46.680000,,,102.760000,,,8.610000,121.510000,45.380000,329.210000,12.990000,43.170000,27.410000,15.440000,456.050000,0.042200,,609.980000,28.700000
2022-06-30,126.630000,1.148000,319.180000,274.710000,88.290000,140.330000,360.890000,487.510000,69.430000,19.760000,65.710000,,488.750000,565.260000,159.550000,59.260000,1.236000,,,5.890000,0.011100,3.410000,5.850000,0.358300,1518.130000,24.410000,,23.060000,105.750000,47.320000,,,104.400000,,,9.100000,123.960000,45.720000,334.710000,13.220000,44.030000,27.840000,15.770000,465.080000,0.043100,,621.500000,28.820000
2022-07-01,128.060000,1.163000,323.920000,277.810000,90.760000,141.920000,364.240000,490.910000,70.250000,19.830000,65.940000,,490.470000,570.760000,161.350000,59.950000,1.236000,,,5.960000,0.011200,3.450000,5.920000,0.362200,1533.050000,24.690000,,23.290000,106.750000,47.520000,,,104.650000,,,8.980000,125.360000,45.820000,338.030000,13.310000,48.490000,28.190000,15.940000,470.340000,0.043300,,626.910000,28.930000
2022-07-02,127.000000,1.159000,317.650000,275.510000,88.790000,140.740000,361.220000,486.280000,69.650000,19.710000,65.570000,,487.710000,562.810000,161.400000,59.440000,1.224000,,,5.900000,0.011100,3.440000,5.870000,0.359900,1520.540000,24.490000,,23.060000,105.860000,47.030000,,,103.490000,,,8.560000,124.300000,45.310000,334.530000,13.090000,48.090000,27.860000,15.790000,466.440000,0.043000,,619.330000,28.540000
2022-07-05,126.380000,1.153000,319.160000,274.160000,87.100000,140.010000,361.270000,483.850000,69.380000,19.590000,65.160000,,484.680000,562.560000,164.600000,59.160000,1.211000,,,5.880000,0.011100,3.430000,5.840000,0.358500,1514.680000,24.370000,,22.890000,105.230000,46.970000,,,103.060000,,,8.420000,123.680000,45.050000,332.520000,13.020000,47.360000,27.600000,15.710000,464.160000,0.042900,,617.280000,28.450000
2022-07-06,127.770000,1.153000,318.910000,277.180000,88.050000,141.550000,363.060000,486.330000,69.990000,19.520000,64.940000,,483.060000,564.520000,166.400000,59.800000,1.191000,,,5.920000,0.011200,3.460000,5.900000,0.357900,1529.580000,24.610000,,22.990000,106.220000,46.960000,,,101.920000,,,8.040000,125.040000,44.750000,334.420000,13.100000,44.910000,27.650000,15.890000,469.260000,0.043400,,624.060000,28.550000
2022-07-08,129.940000,1.178000,326.340000,281.890000,87.900000,190.280000,366.940000,490.890000,71.200000,19.650000,65.440000,,486.780000,572.590000,166.290000,60.810000,1.180000,,,6.030000,0.011400,3.510000,6.000000,0.367200,1554.170000,24.900000,,23.220000,107.830000,47.300000,,,101.690000,,,7.550000,127.130000,45.420000,340.760000,13.210000,45.240000,27.610000,16.160000,477.240000,0.043900,,629.370000,28.520000
2022-07-09,129.300000,1.175000,323.750000,280.520000,88.950000,189.350000,365.210000,486.100000,70.880000,19.440000,64.580000,,480.520000,567.480000,166.640000,60.510000,1.185000,,,5.990000,0.011300,3.500000,5.830000,0.364900,1545.710000,24.740000,,23.120000,107.330000,46.800000,,,100.230000,,,7.720000,126.510000,44.910000,338.480000,13.190000,45.230000,27.430000,16.080000,474.920000,0.043600,,626.360000,28.060000
2022-07-12,126.560000,1.139000,315.490000,274.570000,88.480000,185.340000,357.550000,473.710000,69.300000,19.100000,63.110000,,469.590000,554.980000,162.820000,59.220000,1.149000,,,5.850000,0.011100,3.390000,5.620000,0.355500,1511.710000,24.200000,,22.650000,105.050000,45.520000,,,97.910000,,,7.550000,123.830000,43.890000,331.330000,12.850000,44.480000,26.760000,15.740000,464.850000,0.042600,,612.210000,27.380000
2022-07-13,128.880000,1.155000,318.350000,279.610000,88.020000,188.740000,363.330000,480.440000,70.410000,19.250000,63.690000,,473.710000,560.100000,166.390000,60.300000,1.150000,,,5.950000,0.011300,3.460000,5.730000,0.361800,1537.650000,24.590000,,22.660000,106.740000,46.210000,,,98.240000,,,8.050000,126.130000,44.550000,336.470000,13.060000,45.960000,27.220000,16.030000,473.380000,0.043400,,622.440000,27.680000
2022-07-14,129.570000,1.168000,322.670000,281.100000,87.530000,189.000000,365.780000,486.370000,70.790000,19.600000,64.190000,,477.580000,565.900000,168.170000,60.630000,1.164000,,,5.980000,0.011300,3.470000,5.760000,0.365000,1546.270000,24.750000,,22.840000,107.310000,46.560000,,,98.780000,,,8.150000,126.800000,44.980000,338.700000,13.160000,46.200000,27.290000,16.110000,475.910000,0.043700,,623.310000,28.010000
2022-07-15,130.250000,1.166000,322.820000,282.570000,88.710000,189.980000,365.710000,486.810000,70.970000,19.700000,64.580000,,480.490000,567.800000,169.040000,60.940000,1.175000,,,5.990000,0.011400,3.450000,5.910000,0.364000,1553.770000,24.860000,,22.950000,107.700000,46.920000,,,99.520000,,,8.210000,127.440000,45.330000,341.560000,13.100000,46.670000,27.350000,16.220000,478.390000,0.043800,,627.640000,28.050000
2022-07-16,130.790000,1.170000,323.910000,283.740000,88.570000,190.770000,366.920000,490.470000,71.100000,19.690000,64.800000,,482.150000,568.330000,170.340000,61.190000,1.195000,,,6.020000,0.011400,3.460000,5.920000,0.362800,1560.450000,24.950000,,23.080000,108.020000,46.900000,,,100.420000,,,8.350000,127.940000,45.460000,342.310000,13.130000,47.100000,27.490000,16.260000,480.370000,0.044000,,628.090000,27.910000
2022-07-19,131.830000,1.176000,330.990000,285.990000,89.510000,192.280000,373.450000,496.850000,71.910000,20.060000,66.070000,,491.640000,579.850000,172.610000,61.680000,1.220000,,,6.060000,0.011500,3.500000,5.980000,0.368800,1574.570000,25.150000,,23.820000,108.780000,47.900000,,,102.900000,,,8.570000,128.940000,46.580000,346.810000,13.240000,47.940000,27.660000,16.410000,484.180000,0.044200,,633.940000,28.410000
2022-07-20,130.780000,1.165000,331.210000,283.730000,88.340000,190.760000,371.050000,495.630000,71.260000,20.050000,66.090000,,491.890000,577.250000,171.560000,61.190000,1.239000,,,6.010000,0.011400,3.490000,6.000000,0.366800,1563.420000,24.950000,,23.590000,107.990000,48.270000,,,103.340000,,,8.690000,127.940000,46.830000,345.040000,13.120000,48.040000,27.340000,16.260000,480.360000,0.044000,,631.810000,28.230000
2022-07-21,131.010000,1.158000,333.090000,284.230000,88.890000,191.100000,374.300000,496.950000,71.280000,20.160000,66.280000,,493.230000,578.500000,172.470000,61.300000,1.244000,,,6.020000,0.011500,3.480000,6.040000,0.367400,1565.180000,25.010000,,23.510000,108.130000,48.660000,,,103.560000,,,8.770000,128.100000,47.160000,345.940000,13.130000,47.880000,27.370000,16.300000,481.200000,0.044100,,635.220000,28.220000
2022-07-22,131.240000,1.173000,331.110000,284.730000,88.100000,191.430000,373.270000,496.130000,71.230000,20.010000,65.930000,,490.760000,575.650000,173.710000,61.410000,1.223000,,,6.030000,0.011500,3.470000,6.060000,0.367500,1567.810000,25.040000,,23.450000,108.200000,48.250000,,,102.990000,,,8.240000,128.290000,47.070000,345.750000,13.060000,48.200000,27.280000,13.180000,482.040000,0.044300,,634.570000,28.030000
2022-07-23,131.740000,1.181000,334.890000,285.810000,88.000000,192.160000,376.180000,500.550000,71.540000,20.020000,66.040000,,491.570000,578.290000,175.000000,61.640000,1.235000,,,6.060000,0.011500,3.520000,6.070000,0.368700,1574.310000,25.150000,,23.450000,108.740000,48.470000,,,103.110000,,,8.370000,128.780000,47.190000,348.040000,13.190000,48.880000,27.250000,13.350000,483.880000,0.044500,,636.440000,28.520000
2022-07-26,129.590000,1.171000,330.910000,281.110000,86.560000,189.000000,369.790000,494.620000,70.570000,19.890000,65.460000,,487.200000,573.250000,172.120000,60.630000,1.234000,,,5.970000,0.011300,3.490000,5.970000,0.363500,1550.830000,24.740000,,23.310000,106.920000,48.290000,,,103.330000,,,8.200000,126.660000,46.890000,343.850000,13.000000,47.590000,26.680000,13.130000,475.920000,0.043700,,626.030000,28.450000
2022-07-27,130.640000,1.185000,333.240000,283.420000,89.570000,190.550000,372.970000,496.870000,70.970000,19.850000,65.590000,,488.230000,576.280000,173.540000,61.130000,1.218000,,,6.010000,0.011400,3.510000,5.920000,0.366500,1562.660000,24.990000,,23.450000,107.730000,48.700000,,,103.240000,,,8.210000,127.730000,46.780000,345.670000,13.080000,47.980000,26.860000,13.080000,479.830000,0.043800,,633.300000,28.640000
2022-07-28,130.730000,1.190000,333.520000,283.610000,89.730000,190.680000,373.490000,499.440000,71.120000,19.820000,65.420000,,486.930000,579.510000,174.600000,61.170000,1.205000,,,6.010000,0.011400,3.510000,5.930000,0.365400,1563.480000,24.900000,,23.540000,107.760000,48.900000,,,101.780000,,,7.940000,127.840000,46.620000,346.040000,13.040000,47.310000,26.840000,13.010000,480.160000,0.043900,,631.750000,28.520000
2022-07-29,130.350000,1.189000,334.430000,282.800000,91.310000,190.140000,373.640000,498.990000,70.960000,19.760000,65.310000,,486.010000,580.660000,174.740000,60.990000,1.194000,,,6.010000,0.011400,3.540000,5.810000,0.367400,1560.100000,24.940000,,23.460000,107.570000,49.140000,,,101.490000,,,7.970000,127.480000,46.640000,346.310000,13.070000,47.400000,26.710000,12.980000,478.780000,0.043800,,630.450000,28.550000
2022-07-30,129.890000,1.184000,333.150000,281.800000,92.030000,189.460000,371.770000,500.570000,70.830000,19.790000,65.390000,,486.730000,579.520000,174.120000,60.780000,1.208000,,,6.020000,0.011400,3.580000,5.740000,0.366100,1556.320000,24.820000,,23.490000,107.260000,49.190000,,,102.790000,,,7.750000,127.030000,46.870000,345.820000,13.150000,47.000000,26.640000,12.940000,477.090000,0.043800,,628.290000,28.850000
2022-08-02,130.560000,1.188000,337.240000,283.230000,92.670000,190.430000,375.470000,505.600000,71.020000,19.980000,66.110000,,492.120000,587.210000,176.940000,61.080000,1.224000,,,6.070000,0.011400,3.630000,5.770000,0.368300,1565.640000,24.940000,,23.650000,107.730000,49.670000,,,103.680000,,,7.690000,127.680000,47.340000,348.430000,13.320000,47.010000,26.730000,12.980000,479.510000,0.044000,,634.680000,29.140000
2022-08-03,129.540000,1.179000,329.340000,281.030000,91.760000,188.950000,369.830000,500.410000,70.410000,19.770000,65.440000,,487.020000,581.230000,175.890000,60.610000,1.225000,,,6.040000,0.011300,3.640000,5.730000,0.363800,1553.800000,24.740000,,23.260000,106.850000,49.040000,,,103.440000,,,7.920000,126.650000,46.970000,344.900000,13.170000,46.740000,26.510000,12.880000,475.790000,0.043600,,630.300000,28.730000
2022-08-04,129.670000,1.182000,330.150000,281.320000,90.240000,189.140000,370.550000,496.480000,70.530000,19.680000,65.180000,,485.080000,579.620000,175.750000,60.670000,1.226000,,,6.020000,0.011300,3.580000,5.730000,0.363500,1554.000000,24.810000,,23.070000,106.910000,49.030000,,,103.280000,,,8.210000,126.710000,46.620000,344.920000,13.130000,46.780000,26.530000,13.020000,476.270000,0.043500,,630.630000,28.480000
2022-08-05,129.650000,1.182000,332.230000,281.260000,90.130000,189.100000,371.090000,496.230000,70.460000,19.680000,65.190000,,485.080000,579.940000,176.040000,60.660000,1.226000,,,5.990000,0.011300,3.550000,5.730000,0.363700,1553.150000,24.800000,,23.320000,106.860000,49.040000,,,102.830000,,,7.920000,126.740000,46.780000,345.330000,13.220000,46.680000,26.510000,13.020000,476.180000,0.043500,,629.040000,28.370000
2022-08-06,130.140000,1.185000,332.100000,282.330000,91.710000,189.820000,370.900000,500.660000,70.820000,19.890000,65.710000,,488.930000,579.980000,177.690000,60.890000,1.239000,,,6.030000,0.011400,3.590000,5.750000,0.368300,1560.450000,24.920000,,23.500000,107.310000,48.960000,,,103.810000,,,7.930000,127.230000,47.150000,347.420000,13.450000,46.860000,26.610000,12.940000,477.980000,0.043800,,631.060000,28.760000
2022-08-09,129.770000,1.183000,331.870000,281.520000,92.290000,189.280000,369.390000,497.360000,70.490000,19.810000,65.260000,,485.530000,576.040000,177.180000,60.720000,1.237000,,,5.990000,0.011300,3.530000,5.740000,0.365400,1553.980000,24.820000,,23.450000,106.940000,48.760000,,,103.350000,,,7.960000,126.850000,46.810000,345.630000,13.330000,46.910000,26.530000,12.910000,476.620000,0.043900,,630.430000,28.550000
2022-08-10,130.250000,1.186000,334.390000,282.570000,93.600000,189.980000,372.460000,502.410000,70.860000,20.000000,65.820000,,489.680000,580.050000,177.840000,60.940000,1.242000,,,6.020000,0.011400,3.550000,5.760000,0.366700,1560.710000,24.920000,,23.670000,107.430000,49.320000,,,104.170000,,,7.950000,127.270000,47.160000,347.340000,13.530000,46.900000,26.640000,12.950000,478.390000,0.044100,,631.130000,28.780000
2022-08-11,130.150000,1.186000,333.320000,282.340000,93.290000,189.830000,371.410000,503.270000,70.760000,20.030000,65.710000,,488.810000,577.820000,178.360000,60.910000,1.226000,,,6.010000,0.011400,3.540000,5.770000,0.364900,1558.000000,24.920000,,23.670000,107.300000,49.390000,,,103.950000,,,7.910000,127.160000,47.110000,347.060000,13.450000,46.860000,26.620000,12.940000,478.010000,0.044000,,631.300000,28.970000
2022-08-12,130.060000,1.184000,339.290000,282.140000,93.760000,189.690000,374.350000,507.840000,70.880000,20.280000,66.360000,,493.670000,583.810000,178.570000,60.880000,1.252000,,,6.000000,0.011400,3.600000,5.810000,0.367200,1560.040000,24.920000,,23.870000,107.510000,50.260000,,,105.550000,,,7.890000,127.150000,47.660000,348.940000,13.580000,46.920000,26.600000,12.930000,477.670000,0.043900,,631.090000,29.550000
2022-08-13,129.610000,1.184000,338.490000,281.160000,92.270000,189.110000,373.190000,505.260000,70.640000,20.140000,65.900000,,490.150000,578.110000,176.630000,60.740000,1.248000,,,5.980000,0.011300,3.570000,5.790000,0.365100,1553.610000,24.860000,,23.890000,107.150000,50.030000,,,104.770000,,,7.810000,126.800000,47.010000,347.300000,13.460000,46.670000,26.510000,13.020000,476.010000,0.043700,,632.030000,29.360000
2022-08-16,129.650000,1.188000,334.900000,281.260000,93.900000,189.180000,369.070000,503.840000,70.340000,19.870000,65.300000,,485.560000,574.460000,172.530000,60.770000,1.221000,,,5.990000,0.011300,3.570000,5.810000,0.363500,1553.300000,24.870000,,23.860000,106.840000,49.210000,,,103.810000,,,7.760000,126.830000,46.290000,345.890000,13.410000,46.780000,26.510000,12.890000,476.180000,0.043700,,630.720000,29.130000
2022-08-17,129.760000,1.190000,333.320000,281.500000,93.510000,189.340000,369.330000,501.720000,70.220000,19.690000,64.950000,,482.920000,572.900000,173.300000,60.770000,1.194000,,,6.010000,0.011300,3.550000,5.790000,0.363500,1552.880000,24.930000,,23.960000,106.760000,48.980000,,,102.950000,,,7.770000,126.950000,45.840000,345.300000,13.460000,46.820000,26.530000,12.910000,476.580000,0.043700,,629.270000,28.940000
2022-08-18,129.660000,1.188000,331.770000,281.280000,92.560000,189.190000,370.010000,501.050000,70.250000,19.760000,65.190000,,484.720000,576.580000,172.220000,60.730000,1.197000,,,5.990000,0.011300,3.530000,5.780000,0.362500,1552.760000,24.870000,,23.840000,106.630000,49.160000,,,103.350000,,,7.860000,126.850000,45.930000,344.770000,13.450000,46.730000,26.510000,12.890000,476.200000,0.043500,,626.580000,28.760000
2022-08-19,129.590000,1.188000,331.060000,281.120000,92.130000,189.080000,369.290000,499.360000,70.090000,19.700000,65.070000,,483.980000,574.410000,173.380000,60.670000,1.198000,,,5.970000,0.011300,3.520000,5.880000,0.359800,1551.810000,24.850000,,23.830000,106.430000,49.160000,,,102.520000,,,7.940000,126.760000,45.770000,344.610000,13.380000,46.750000,26.500000,12.910000,475.940000,0.043600,,627.240000,28.550000
2022-08-20,129.720000,1.192000,328.930000,281.410000,92.190000,189.280000,367.250000,498.510000,70.000000,19.490000,64.520000,,479.860000,565.470000,172.930000,60.720000,1.179000,,,5.970000,0.011300,3.490000,5.870000,0.358900,1551.430000,24.870000,,23.560000,106.490000,48.730000,,,100.970000,,,8.070000,126.870000,45.170000,343.130000,13.360000,46.710000,26.320000,12.920000,476.430000,0.043600,,627.430000,28.090000
2022-08-23,129.050000,1.187000,327.810000,279.970000,91.680000,188.310000,365.170000,494.510000,69.320000,19.260000,63.820000,,474.560000,559.830000,172.050000,60.410000,1.169000,,,5.930000,0.011300,3.470000,5.850000,0.353000,1541.580000,24.690000,,23.480000,105.730000,48.480000,,,99.930000,,,7.940000,126.220000,44.480000,340.050000,13.150000,46.930000,26.160000,12.840000,473.990000,0.043500,,620.500000,27.820000
2022-08-24,128.090000,1.163000,323.670000,277.880000,91.220000,186.830000,361.360000,487.060000,68.700000,18.960000,62.800000,,467.060000,553.950000,170.140000,59.950000,1.141000,,,5.890000,0.011200,3.420000,5.830000,0.351100,1529.520000,24.430000,,23.460000,104.850000,48.040000,,,97.820000,,,7.850000,125.280000,43.980000,337.100000,13.030000,46.120000,25.960000,12.750000,470.450000,0.043200,,614.500000,27.620000
2022-08-25,125.790000,1.159000,319.460000,272.880000,90.520000,183.460000,356.110000,480.530000,67.300000,18.660000,61.790000,,459.620000,545.230000,166.180000,58.880000,1.117000,,,5.790000,0.011000,3.390000,5.750000,0.344500,1501.500000,24.140000,,23.170000,103.030000,47.810000,,,96.200000,,,7.700000,122.950000,43.410000,331.570000,12.820000,45.610000,25.460000,12.510000,461.980000,0.042500,,601.620000,27.130000
2022-08-26,126.620000,1.160000,324.510000,274.690000,91.010000,184.680000,360.200000,483.420000,67.910000,18.860000,62.510000,,464.910000,550.290000,164.330000,59.270000,1.139000,,,5.820000,0.011100,3.410000,5.790000,0.348600,1512.360000,24.120000,,23.410000,104.040000,48.340000,,,97.770000,,,7.790000,123.750000,44.030000,334.910000,12.980000,45.950000,25.600000,12.590000,465.050000,0.042700,,605.590000,27.680000
2022-08-27,128.560000,1.178000,329.550000,278.910000,92.420000,187.520000,365.110000,489.990000,68.810000,19.160000,63.500000,,472.290000,558.750000,168.340000,60.180000,1.154000,,,5.910000,0.011200,3.450000,5.870000,0.354400,1535.260000,24.490000,,23.700000,105.760000,48.880000,,,99.460000,,,7.860000,125.750000,44.630000,339.960000,13.110000,46.750000,25.980000,12.790000,472.200000,0.043300,,616.490000,28.040000
2022-08-28,127.450000,1.159000,322.520000,276.490000,92.440000,185.890000,359.170000,484.430000,68.120000,18.970000,62.720000,,466.270000,549.880000,166.880000,59.660000,1.134000,,,5.850000,0.011100,3.400000,5.800000,0.348900,1522.770000,24.300000,,23.390000,104.840000,47.930000,,,98.560000,,,7.890000,124.610000,43.930000,335.940000,12.950000,45.710000,25.800000,12.800000,468.100000,0.042900,,611.560000,27.750000
2022-09-01,128.570000,1.178000,323.510000,278.920000,92.170000,187.530000,360.000000,482.340000,68.460000,19.210000,63.370000,,471.220000,548.800000,164.250000,60.170000,1.168000,,,5.940000,0.011200,3.400000,5.850000,0.351400,1533.200000,24.530000,,23.360000,105.550000,47.560000,,,99.740000,,,7.840000,125.720000,44.100000,337.730000,12.950000,46.660000,25.960000,12.790000,472.210000,0.043300,,615.860000,27.720000
2022-09-02,128.350000,1.175000,322.030000,278.460000,90.960000,187.220000,358.040000,482.430000,68.340000,19.330000,63.580000,,472.700000,546.810000,164.840000,60.070000,1.181000,,,5.930000,0.011200,3.390000,5.840000,0.348100,1530.770000,24.430000,,23.340000,105.250000,47.170000,,,100.380000,,,7.820000,125.460000,44.090000,337.050000,12.860000,46.680000,25.910000,12.770000,471.430000,0.043000,,613.490000,27.470000
2022-09-03,128.640000,1.178000,321.610000,279.070000,90.140000,187.630000,359.370000,481.960000,68.410000,19.330000,63.570000,,472.660000,546.550000,165.490000,60.190000,1.185000,,,5.920000,0.011200,3.370000,5.850000,0.347400,1532.950000,24.540000,,23.470000,105.420000,47.200000,,,100.510000,,,7.840000,125.720000,43.950000,337.050000,12.880000,46.780000,25.940000,12.800000,472.470000,0.043100,,615.110000,27.260000
2022-09-06,128.680000,1.181000,321.100000,279.170000,91.500000,187.690000,359.580000,481.830000,68.180000,19.070000,63.070000,,468.900000,544.040000,166.710000,60.220000,1.162000,,,5.920000,0.011300,3.370000,5.840000,0.345100,1533.070000,24.510000,,23.660000,105.240000,47.340000,,,99.090000,,,7.720000,125.770000,43.700000,336.610000,12.940000,46.800000,25.930000,12.800000,472.630000,0.043200,,614.500000,27.320000
2022-09-07,128.640000,1.180000,320.240000,279.070000,91.660000,187.630000,359.980000,482.110000,67.890000,19.150000,63.240000,,470.200000,548.020000,166.660000,60.190000,1.168000,,,5.920000,0.011200,3.340000,5.840000,0.343300,1531.110000,24.480000,,23.650000,105.040000,47.500000,,,99.790000,,,7.790000,125.730000,44.030000,336.490000,12.940000,46.780000,25.930000,12.790000,472.470000,0.043100,,614.300000,27.500000
2022-09-08,128.810000,1.177000,318.540000,279.440000,90.150000,187.880000,359.580000,481.040000,67.840000,19.040000,63.050000,,468.700000,543.400000,167.470000,60.270000,1.167000,,,5.920000,0.011300,3.280000,5.840000,0.341500,1531.170000,24.510000,,23.560000,105.130000,47.280000,,,99.430000,,,7.740000,125.910000,43.870000,336.300000,12.900000,46.470000,25.950000,12.810000,473.100000,0.043200,,612.820000,27.280000
2022-09-09,130.000000,1.185000,321.140000,282.020000,90.980000,189.610000,363.470000,490.100000,68.630000,19.440000,64.200000,,477.270000,548.790000,169.310000,60.830000,1.200000,,,5.990000,0.011400,3.320000,5.870000,0.345000,1546.530000,24.670000,,23.880000,106.130000,47.600000,,,100.930000,,,7.870000,127.050000,44.620000,339.660000,13.110000,47.180000,26.180000,12.930000,477.460000,0.043500,,616.340000,27.450000
2022-09-10,128.880000,1.172000,324.770000,279.590000,90.780000,187.980000,364.540000,495.240000,68.390000,19.470000,64.210000,,477.370000,549.940000,168.450000,60.310000,1.205000,,,5.950000,0.011300,3.330000,5.780000,0.344100,1536.200000,24.500000,,23.820000,105.280000,47.970000,,,101.410000,,,7.840000,125.980000,44.920000,338.910000,13.040000,46.230000,25.950000,12.820000,473.350000,0.043200,,614.060000,27.430000
2022-09-13,128.510000,1.167000,324.300000,278.790000,91.720000,187.440000,363.460000,493.710000,68.170000,19.500000,64.410000,,478.830000,551.140000,168.570000,60.140000,1.209000,,,5.940000,0.011200,3.310000,5.750000,0.342700,1531.290000,24.520000,,23.800000,104.830000,48.110000,,,101.810000,,,7.810000,125.620000,45.060000,338.030000,12.980000,46.960000,25.880000,12.780000,471.990000,0.043200,,614.700000,27.600000
2022-09-14,128.900000,1.170000,326.780000,279.650000,92.960000,188.020000,365.060000,498.320000,68.300000,19.620000,64.720000,,481.210000,554.270000,169.090000,60.330000,1.212000,,,5.980000,0.011300,3.330000,5.840000,0.344300,1537.380000,24.620000,,23.900000,105.070000,48.160000,,,102.180000,,,7.890000,125.980000,45.380000,339.630000,13.060000,46.970000,25.960000,12.820000,473.450000,0.043300,,617.740000,27.760000
2022-09-15,129.030000,1.179000,319.080000,279.920000,91.310000,188.200000,360.060000,493.090000,68.100000,19.340000,63.790000,,474.290000,547.930000,169.560000,60.390000,1.181000,,,5.970000,0.011300,3.310000,5.790000,0.340500,1535.430000,24.640000,,23.730000,104.730000,47.080000,,,100.550000,,,7.940000,126.090000,44.580000,337.690000,12.950000,46.920000,25.970000,12.830000,473.910000,0.043400,,619.300000,27.290000
2022-09-16,129.120000,1.180000,319.750000,280.090000,91.820000,188.310000,360.220000,495.440000,67.950000,19.330000,63.720000,,473.810000,545.890000,169.660000,60.420000,1.169000,,,5.950000,0.011300,3.310000,5.800000,0.339900,1535.240000,24.580000,,23.750000,104.610000,46.970000,,,100.470000,,,7.960000,126.150000,44.410000,337.240000,12.900000,47.180000,25.970000,12.970000,474.190000,0.043500,,615.220000,27.120000
2022-09-17,129.900000,1.160000,318.480000,281.820000,90.930000,189.480000,359.170000,495.500000,68.030000,19.400000,63.960000,,475.450000,542.720000,171.010000,60.790000,1.175000,,,5.990000,0.011400,3.330000,5.890000,0.343100,1545.330000,24.720000,,23.750000,105.250000,46.510000,,,100.720000,,,7.950000,126.990000,44.210000,338.480000,12.870000,47.240000,26.110000,12.920000,477.120000,0.043700,,617.830000,27.020000
2022-09-20,130.020000,1.155000,318.760000,282.070000,90.890000,189.640000,358.540000,494.140000,68.050000,19.460000,64.030000,,476.110000,542.290000,171.160000,60.840000,1.185000,,,5.990000,0.011400,3.330000,5.930000,0.342400,1545.540000,24.760000,,23.710000,105.000000,46.390000,,,101.060000,,,7.950000,127.080000,44.090000,338.660000,12.910000,47.610000,26.110000,12.930000,477.540000,0.043600,,618.020000,26.860000
2022-09-21,130.210000,1.157000,320.290000,282.490000,92.470000,189.930000,359.840000,495.250000,68.180000,19.510000,64.350000,,478.590000,546.130000,169.900000,60.930000,1.200000,,,6.000000,0.011400,3.330000,5.900000,0.343400,1548.220000,24.720000,,23.950000,104.970000,46.640000,,,101.530000,,,7.970000,127.230000,44.170000,339.410000,12.930000,47.540000,26.130000,12.950000,478.260000,0.043600,,618.930000,27.000000
2022-09-22,130.070000,1.161000,318.980000,282.180000,92.900000,189.720000,357.580000,495.670000,67.840000,19.270000,63.790000,,474.190000,542.030000,170.620000,60.860000,1.180000,,,5.970000,0.011400,3.320000,5.890000,0.343200,1545.200000,24.710000,,23.890000,105.000000,46.210000,,,99.980000,,,7.880000,127.070000,43.470000,338.240000,12.870000,47.630000,26.080000,12.940000,477.730000,0.043700,,618.670000,27.050000
2022-09-23,131.040000,1.160000,318.900000,284.280000,93.060000,191.130000,357.010000,492.770000,68.010000,19.230000,63.790000,,474.310000,543.280000,171.890000,61.320000,1.172000,,,5.950000,0.011500,3.360000,5.930000,0.342100,1555.310000,24.870000,,24.180000,105.430000,46.460000,,,99.510000,,,8.030000,127.950000,43.680000,339.410000,12.880000,48.030000,26.210000,13.030000,481.290000,0.043900,,620.890000,27.270000
2022-09-24,130.530000,1.165000,315.550000,283.180000,93.690000,190.390000,354.550000,488.850000,67.350000,18.980000,62.940000,,467.910000,533.690000,171.530000,61.070000,1.154000,,,5.920000,0.011400,3.360000,5.880000,0.338300,1548.260000,24.790000,,23.900000,104.750000,45.690000,,,98.460000,,,8.210000,127.540000,42.880000,336.580000,12.810000,48.180000,26.060000,12.980000,479.420000,0.043600,,617.550000,26.880000
2022-09-27,129.970000,1.163000,310.150000,281.970000,90.760000,189.580000,349.900000,482.920000,66.640000,18.700000,61.930000,,460.380000,510.550000,170.490000,60.810000,1.132000,,,5.850000,0.011400,3.310000,5.850000,0.333600,1536.930000,24.540000,,23.460000,103.750000,44.480000,,,96.640000,,,8.270000,126.960000,42.110000,332.500000,12.600000,48.560000,25.880000,13.050000,477.370000,0.043400,,611.010000,26.410000
2022-09-28,130.390000,1.168000,310.180000,282.870000,88.840000,190.180000,349.210000,483.930000,66.820000,18.670000,61.880000,,459.980000,516.590000,170.430000,61.010000,1.129000,,,5.870000,0.011400,3.320000,5.880000,0.336700,1541.410000,24.620000,,23.500000,103.910000,44.430000,,,96.510000,,,8.240000,127.370000,42.330000,333.470000,12.610000,48.620000,25.920000,12.970000,478.900000,0.043400,,609.160000,26.610000
2022-09-29,130.530000,1.173000,305.750000,283.160000,89.120000,190.380000,347.310000,483.010000,66.180000,18.540000,61.530000,,457.430000,511.800000,170.910000,61.070000,1.111000,,,5.850000,0.011400,3.310000,5.950000,0.332600,1543.130000,24.650000,,23.350000,103.580000,43.650000,,,94.960000,,,8.210000,127.400000,41.820000,331.000000,12.500000,48.920000,25.890000,13.110000,479.390000,0.043600,,609.730000,26.400000
2022-09-30,129.850000,1.160000,308.550000,281.680000,88.710000,189.380000,348.220000,486.320000,66.640000,18.730000,62.170000,,462.200000,518.090000,170.010000,60.750000,1.107000,,,5.830000,0.011400,3.300000,5.960000,0.333200,1536.870000,24.540000,,23.670000,102.930000,44.230000,,,95.350000,,,8.310000,126.900000,42.200000,331.450000,12.530000,48.510000,25.730000,13.040000,476.890000,0.043400,,604.150000,26.620000
2022-10-01,129.790000,1.189000,309.380000,281.580000,88.320000,189.310000,348.140000,487.680000,67.100000,19.010000,62.800000,,467.030000,531.720000,169.950000,60.730000,1.108000,,,5.860000,0.011400,3.300000,5.950000,0.332500,1538.820000,24.510000,,23.700000,102.850000,44.280000,,,95.640000,,,8.360000,126.950000,42.800000,332.640000,12.640000,48.400000,25.710000,12.910000,476.710000,0.043400,,608.220000,26.530000
2022-10-04,129.480000,1.187000,306.370000,280.870000,87.810000,187.940000,345.320000,480.020000,66.850000,18.920000,62.430000,,464.150000,531.810000,170.130000,60.580000,1.092000,,,5.810000,0.011300,3.280000,5.930000,0.329300,1534.300000,24.490000,,23.650000,102.350000,43.790000,,,96.200000,,,8.200000,126.570000,42.590000,331.160000,12.470000,48.520000,25.610000,13.000000,475.510000,0.043300,,608.600000,26.300000
2022-10-05,128.690000,1.176000,306.490000,279.200000,91.520000,186.820000,346.900000,478.230000,66.450000,19.030000,62.800000,,466.910000,537.060000,170.030000,60.210000,1.121000,,,5.800000,0.011300,3.270000,5.900000,0.331400,1526.150000,24.360000,,23.660000,101.830000,44.650000,,,97.360000,,,8.010000,125.760000,43.310000,330.640000,12.590000,48.480000,25.440000,12.930000,472.680000,0.043100,,605.350000,26.610000
2022-10-06,127.980000,1.168000,303.940000,277.650000,90.800000,185.790000,345.910000,477.610000,66.080000,19.020000,62.760000,,466.680000,535.210000,169.700000,59.880000,1.105000,,,5.770000,0.011200,3.250000,5.860000,0.331700,1519.160000,24.290000,,23.430000,101.550000,44.520000,,,96.880000,,,7.910000,125.080000,43.050000,330.140000,12.570000,47.670000,25.310000,12.730000,470.060000,0.042800,,605.480000,26.430000
2022-10-07,127.620000,1.166000,303.000000,276.880000,90.210000,185.270000,342.980000,476.860000,65.900000,18.920000,62.310000,,463.410000,528.520000,169.220000,59.720000,1.099000,,,5.730000,0.011200,3.240000,5.840000,0.333400,1514.000000,24.290000,,23.340000,101.130000,44.470000,,,95.760000,,,7.770000,124.730000,42.720000,328.970000,12.560000,47.440000,25.240000,12.690000,468.750000,0.042600,,604.690000,26.280000
2022-10-08,128.520000,1.177000,303.190000,278.820000,90.400000,186.570000,344.400000,476.620000,66.360000,18.870000,62.240000,,462.840000,529.490000,170.720000,60.130000,1.093000,,,5.740000,0.011200,3.260000,5.870000,0.334600,1523.840000,24.460000,,23.560000,101.560000,44.180000,,,95.360000,,,7.700000,125.610000,42.560000,330.440000,12.620000,46.830000,25.400000,12.780000,472.040000,0.042800,,607.630000,26.250000
2022-10-11,128.880000,1.184000,298.990000,279.610000,91.040000,187.170000,344.980000,474.710000,66.240000,18.750000,61.780000,,459.420000,524.170000,171.510000,60.300000,1.078000,,,5.750000,0.011300,3.260000,5.820000,0.331700,1526.200000,24.460000,,23.680000,101.850000,44.420000,,,94.390000,,,7.620000,125.970000,41.940000,329.540000,12.490000,46.640000,25.480000,12.820000,473.380000,0.042900,,607.120000,26.090000
2022-10-12,129.310000,1.187000,297.510000,280.540000,91.550000,187.790000,343.150000,475.430000,66.200000,18.780000,61.930000,,460.650000,524.580000,172.400000,60.500000,1.078000,,,5.770000,0.011300,3.260000,5.840000,0.331100,1531.060000,24.550000,,23.770000,101.680000,44.120000,,,94.570000,,,7.440000,126.430000,41.880000,330.170000,12.450000,46.790000,25.550000,12.860000,474.950000,0.043000,,609.130000,26.160000
2022-10-13,130.110000,1.194000,299.490000,282.270000,90.290000,188.960000,347.050000,479.950000,66.670000,18.880000,62.370000,,463.890000,528.930000,173.780000,60.880000,1.080000,,,5.810000,0.011400,3.260000,5.800000,0.335200,1539.790000,24.760000,,23.830000,102.110000,44.570000,,,95.500000,,,7.490000,127.200000,42.150000,332.720000,12.550000,47.320000,25.720000,12.940000,477.890000,0.043200,,610.030000,26.270000
2022-10-14,130.500000,1.197000,301.540000,283.120000,90.560000,189.520000,347.430000,480.090000,66.690000,18.980000,62.680000,,466.140000,534.200000,174.620000,61.070000,1.077000,,,5.820000,0.011400,3.270000,5.810000,0.335400,1544.750000,24.840000,,23.990000,102.200000,44.910000,,,96.080000,,,7.570000,127.530000,42.320000,334.510000,12.660000,47.220000,25.790000,12.980000,479.320000,0.043300,,611.560000,26.210000
2022-10-15,129.840000,1.189000,299.770000,281.680000,90.650000,188.560000,345.670000,475.510000,66.240000,18.870000,62.390000,,463.920000,536.070000,174.370000,60.750000,1.114000,,,5.790000,0.011400,3.230000,5.710000,0.331900,1536.870000,24.680000,,23.810000,101.470000,44.930000,,,96.310000,,,7.570000,126.950000,42.160000,334.800000,12.470000,47.220000,25.660000,12.910000,476.890000,0.043000,,608.680000,26.240000
2022-10-18,128.760000,1.181000,295.340000,279.340000,88.750000,186.990000,342.400000,471.740000,65.670000,18.760000,62.010000,,461.240000,533.830000,173.230000,60.250000,1.102000,,,5.740000,0.011300,3.180000,5.660000,0.329200,1524.070000,24.430000,,23.670000,100.300000,44.600000,,,95.680000,,,7.680000,125.880000,42.000000,331.570000,12.370000,46.820000,25.450000,12.930000,472.920000,0.042600,,603.680000,26.080000
2022-10-19,128.750000,1.178000,297.440000,279.310000,89.550000,186.980000,343.610000,475.500000,65.690000,18.930000,62.540000,,465.120000,532.980000,173.530000,60.240000,1.128000,,,5.740000,0.011300,3.170000,5.660000,0.331800,1524.780000,24.500000,,23.650000,100.310000,44.670000,,,96.750000,,,7.660000,125.900000,42.610000,332.800000,12.420000,46.820000,25.450000,12.930000,472.880000,0.042500,,603.670000,26.110000
2022-10-20,128.000000,1.172000,296.930000,277.690000,89.710000,185.810000,342.590000,470.410000,65.080000,18.800000,62.060000,,461.530000,530.450000,172.210000,59.890000,1.119000,,,5.660000,0.011200,3.150000,5.720000,0.329400,1515.770000,24.360000,,23.480000,99.650000,44.500000,,,96.290000,,,7.640000,125.150000,42.210000,330.610000,12.310000,46.640000,25.290000,12.730000,470.130000,0.042200,,601.180000,25.940000
2022-10-21,127.490000,1.168000,294.500000,276.590000,88.850000,185.080000,340.760000,466.080000,64.800000,18.670000,61.580000,,458.010000,524.600000,171.210000,59.660000,1.113000,,,5.660000,0.011100,3.130000,5.690000,0.327800,1507.530000,24.260000,,23.280000,99.060000,44.140000,,,95.840000,,,7.600000,124.620000,41.760000,328.660000,12.280000,46.360000,25.190000,12.680000,468.270000,0.042100,,597.610000,25.570000
2022-10-22,128.130000,1.175000,294.170000,277.970000,90.190000,186.000000,340.690000,465.300000,64.970000,18.700000,61.630000,,458.270000,523.070000,172.700000,59.950000,1.112000,,,5.690000,0.011200,3.120000,5.710000,0.326100,1513.330000,24.380000,,23.450000,99.370000,44.020000,,,95.870000,,,7.670000,125.240000,41.430000,329.230000,12.260000,46.830000,25.300000,12.740000,470.600000,0.042300,,600.900000,25.600000
2022-10-23,128.770000,1.175000,301.590000,279.010000,91.640000,186.920000,346.770000,474.070000,65.320000,19.060000,62.710000,,466.310000,534.510000,172.930000,60.250000,1.142000,,,5.730000,0.011300,3.200000,5.740000,0.331100,1525.380000,24.510000,,23.750000,99.860000,45.160000,,,97.750000,,,7.800000,125.850000,42.280000,334.320000,12.470000,46.370000,25.440000,12.960000,472.930000,0.042500,,601.910000,26.120000
2022-10-27,128.320000,1.177000,304.990000,278.390000,88.660000,186.290000,347.740000,476.320000,65.680000,19.250000,63.530000,,472.550000,545.270000,171.700000,60.050000,1.154000,,,5.750000,0.011200,3.200000,5.700000,0.331800,1522.500000,24.450000,,23.770000,100.030000,45.590000,,,99.190000,,,7.670000,125.380000,43.180000,334.720000,12.490000,46.900000,25.330000,12.760000,471.320000,0.042400,,602.320000,26.080000
2022-10-28,126.700000,1.162000,300.390000,274.870000,86.420000,184.220000,342.130000,470.440000,64.320000,19.040000,62.790000,,467.080000,538.000000,170.150000,59.290000,1.140000,,,5.640000,0.011100,3.180000,5.630000,0.327500,1503.930000,24.200000,,23.300000,98.740000,45.270000,,,98.310000,,,7.590000,123.860000,42.720000,330.140000,12.310000,46.080000,25.010000,12.650000,465.360000,0.041700,,600.590000,25.740000
2022-10-29,127.150000,1.169000,299.580000,275.840000,87.450000,184.870000,343.080000,469.580000,64.360000,18.990000,62.450000,,464.760000,538.360000,170.750000,59.500000,1.127000,,,5.660000,0.011100,3.160000,5.630000,0.327700,1509.320000,24.320000,,23.490000,98.940000,45.280000,,,98.290000,,,7.580000,124.300000,42.470000,330.690000,12.330000,46.560000,25.100000,12.660000,467.000000,0.041900,,602.610000,25.740000
2022-11-01,127.520000,1.172000,299.840000,276.640000,88.450000,185.850000,343.340000,468.770000,64.180000,19.010000,62.590000,,465.730000,541.460000,170.310000,59.660000,1.133000,,,5.660000,0.011200,3.150000,5.630000,0.328200,1512.610000,24.370000,,23.580000,99.100000,45.340000,,,98.870000,,,7.600000,124.660000,42.670000,331.150000,12.310000,46.600000,25.160000,12.690000,468.350000,0.042000,,602.030000,25.620000
2022-11-02,126.940000,1.192000,300.290000,275.380000,90.010000,185.070000,344.100000,469.510000,64.060000,18.910000,62.210000,,463.050000,537.690000,170.460000,59.400000,1.136000,,,5.640000,0.011100,3.160000,5.600000,0.329000,1506.800000,24.280000,,23.600000,98.460000,45.300000,,,98.390000,,,7.610000,124.080000,42.610000,330.650000,12.350000,46.160000,25.040000,12.620000,466.220000,0.041800,,598.300000,25.670000
2022-11-03,125.400000,1.154000,296.000000,272.040000,89.550000,182.830000,338.800000,462.220000,63.300000,18.640000,61.290000,,456.090000,529.410000,169.010000,58.680000,1.118000,,,5.560000,0.011000,3.130000,5.520000,0.325500,1487.020000,23.960000,,23.380000,97.250000,44.600000,,,97.030000,,,7.470000,122.570000,41.850000,326.340000,12.260000,45.600000,24.740000,12.470000,460.560000,0.041500,,592.150000,25.440000
2022-11-04,126.220000,1.176000,291.700000,273.350000,90.140000,184.030000,336.870000,457.970000,63.380000,18.430000,60.760000,,452.100000,521.740000,170.440000,59.060000,1.104000,,,5.590000,0.011000,3.130000,5.550000,0.325000,1495.000000,24.150000,,23.560000,97.750000,43.710000,,,96.020000,,,7.470000,123.380000,41.360000,326.160000,12.200000,46.040000,24.900000,12.550000,463.600000,0.041800,,594.960000,25.210000
2022-11-05,126.450000,1.188000,295.070000,273.850000,90.780000,184.370000,340.380000,460.120000,64.000000,18.560000,60.990000,,453.860000,520.930000,171.380000,59.170000,1.127000,,,5.630000,0.011100,3.140000,5.550000,0.327500,1498.080000,24.130000,,23.700000,97.860000,44.170000,,,96.870000,,,7.490000,123.600000,41.750000,328.050000,12.360000,46.080000,24.950000,12.580000,464.450000,0.041900,,591.340000,25.470000
2022-11-08,126.460000,1.188000,300.100000,273.820000,91.860000,184.350000,344.330000,468.240000,64.260000,19.030000,62.320000,,463.700000,531.230000,172.000000,59.160000,1.156000,,,5.670000,0.011100,3.170000,5.530000,0.333200,1501.650000,24.120000,,23.820000,98.020000,45.300000,,,98.990000,,,7.590000,123.590000,42.870000,330.630000,12.410000,45.980000,24.960000,12.580000,464.400000,0.041800,,593.670000,26.000000
2022-11-09,126.330000,1.182000,300.540000,273.590000,89.980000,184.200000,343.790000,469.170000,63.940000,19.100000,62.390000,,464.010000,533.050000,172.170000,59.110000,1.158000,,,5.690000,0.011000,3.170000,5.520000,0.336900,1500.820000,24.140000,,23.880000,98.020000,45.140000,,,99.010000,,,7.610000,123.470000,42.830000,330.770000,12.450000,46.170000,24.940000,12.560000,464.010000,0.041600,,597.440000,26.110000
2022-11-10,126.760000,1.191000,301.600000,274.520000,90.510000,184.890000,346.230000,472.190000,64.300000,19.210000,62.890000,,467.720000,533.090000,172.760000,59.310000,1.156000,,,5.720000,0.011100,3.190000,5.540000,0.340900,1506.780000,24.270000,,23.810000,99.310000,45.260000,,,99.430000,,,7.620000,123.860000,43.170000,332.820000,12.640000,46.510000,25.030000,12.620000,465.580000,0.041800,,599.690000,26.210000
2022-11-11,127.810000,1.198000,300.620000,276.780000,90.510000,186.340000,346.770000,475.310000,64.770000,19.200000,62.880000,,467.680000,533.540000,174.510000,59.800000,1.164000,,,5.740000,0.011200,3.210000,5.580000,0.340400,1517.880000,24.510000,,23.980000,99.920000,45.010000,,,99.240000,,,7.680000,124.850000,42.980000,334.700000,12.730000,46.710000,25.230000,12.710000,469.420000,0.042100,,605.660000,26.380000
2022-11-12,125.790000,1.179000,307.880000,272.410000,86.440000,183.400000,347.400000,481.560000,64.810000,19.540000,63.790000,,474.440000,542.950000,172.070000,58.940000,1.177000,,,5.720000,0.011000,3.300000,5.490000,0.349300,1503.790000,24.130000,,23.940000,99.890000,46.080000,,,101.440000,,,7.670000,122.920000,44.060000,335.180000,12.870000,45.880000,24.890000,12.510000,462.010000,0.041400,,593.690000,26.780000
2022-11-15,125.170000,1.174000,307.060000,271.070000,86.340000,182.500000,346.110000,486.140000,65.190000,19.530000,63.730000,,474.080000,542.400000,171.540000,58.660000,1.168000,,,5.660000,0.010900,3.280000,5.510000,0.347500,1493.630000,24.030000,,23.500000,100.110000,45.950000,,,101.390000,,,7.610000,122.320000,44.120000,334.380000,12.800000,45.970000,24.710000,12.570000,459.740000,0.041100,,601.850000,26.550000
2022-11-16,125.510000,1.179000,311.810000,271.810000,86.460000,183.000000,347.370000,490.880000,65.490000,19.740000,64.500000,,479.430000,545.120000,171.370000,58.940000,1.183000,,,5.680000,0.011000,3.310000,5.460000,0.351300,1498.080000,24.260000,,23.810000,101.760000,46.360000,,,102.100000,,,7.640000,122.670000,44.400000,337.150000,12.970000,46.190000,24.770000,12.490000,460.990000,0.041300,,603.290000,26.820000
2022-11-17,125.060000,1.175000,311.440000,270.840000,86.140000,182.350000,347.020000,488.410000,64.880000,19.680000,64.360000,,478.600000,546.490000,169.820000,58.720000,1.177000,,,5.650000,0.010900,3.300000,5.440000,0.347800,1493.380000,24.110000,,23.770000,101.180000,46.250000,,,102.070000,,,7.610000,122.230000,44.060000,335.810000,12.880000,45.710000,24.680000,12.440000,459.350000,0.041200,,604.490000,26.670000
2022-11-18,124.980000,1.174000,307.330000,270.670000,85.010000,182.230000,343.990000,484.640000,64.290000,19.530000,63.960000,,475.670000,545.580000,170.330000,58.660000,1.156000,,,5.630000,0.010900,3.290000,5.440000,0.341100,1492.890000,24.100000,,23.700000,100.890000,45.550000,,,101.130000,,,7.610000,122.150000,43.550000,334.000000,12.800000,46.180000,24.660000,12.440000,459.050000,0.041100,,603.800000,26.370000
2022-11-19,124.980000,1.174000,308.060000,270.660000,84.650000,182.220000,344.160000,482.840000,64.510000,19.570000,64.070000,,476.440000,547.450000,170.960000,58.680000,1.162000,,,5.620000,0.010900,3.280000,5.440000,0.343600,1491.750000,24.030000,,23.600000,100.890000,45.450000,,,101.270000,,,7.610000,122.150000,43.330000,334.500000,12.840000,45.770000,24.660000,12.430000,459.040000,0.041000,,601.650000,26.480000
2022-11-22,126.210000,1.186000,306.310000,273.320000,86.120000,184.010000,345.010000,483.370000,64.680000,19.470000,63.740000,,473.930000,547.220000,172.640000,59.400000,1.156000,,,5.660000,0.011000,3.270000,5.490000,0.341300,1504.690000,24.240000,,23.740000,101.320000,45.120000,,,100.880000,,,7.640000,123.360000,43.140000,335.320000,12.800000,46.630000,24.890000,12.680000,463.550000,0.041400,,608.400000,26.570000
2022-11-23,125.990000,1.184000,307.270000,272.850000,86.980000,183.700000,345.280000,484.400000,64.870000,19.520000,63.890000,,475.150000,548.730000,172.350000,59.230000,1.164000,,,5.670000,0.011000,3.280000,5.480000,0.342200,1502.830000,24.160000,,23.690000,101.150000,45.390000,,,100.920000,,,7.640000,123.140000,43.410000,335.590000,12.830000,46.040000,24.850000,12.530000,462.750000,0.041400,,603.450000,26.820000
2022-11-24,125.960000,1.183000,307.750000,272.790000,86.340000,183.660000,345.600000,486.440000,64.670000,19.620000,64.220000,,477.550000,551.430000,172.310000,59.190000,1.178000,,,5.650000,0.011000,3.270000,5.480000,0.342200,1503.230000,24.120000,,23.820000,101.190000,46.100000,,,101.760000,,,7.640000,123.100000,43.700000,334.550000,12.760000,46.130000,24.840000,12.530000,462.650000,0.041400,,604.800000,26.870000
2022-11-25,126.870000,1.192000,314.100000,274.730000,86.950000,184.970000,349.080000,494.010000,65.280000,19.940000,65.280000,,485.430000,563.430000,173.540000,59.670000,1.172000,,,5.710000,0.011100,3.360000,5.520000,0.350800,1517.360000,24.340000,,24.090000,103.780000,46.830000,,,103.410000,,,7.720000,124.000000,44.570000,339.190000,13.030000,46.360000,25.010000,12.740000,465.950000,0.041600,,609.860000,27.450000
2022-11-26,126.710000,1.190000,313.390000,274.400000,87.460000,184.740000,348.290000,492.520000,64.950000,19.860000,65.040000,,483.580000,562.130000,173.970000,59.570000,1.173000,,,5.700000,0.011100,3.340000,5.510000,0.349700,1513.280000,24.310000,,23.980000,104.000000,46.950000,,,103.180000,,,7.690000,123.860000,44.630000,338.510000,12.990000,46.540000,24.980000,12.600000,465.380000,0.041500,,609.120000,27.160000
2022-11-29,127.420000,1.197000,313.510000,275.940000,86.510000,185.780000,348.160000,496.590000,65.060000,20.090000,65.760000,,488.820000,565.610000,174.950000,59.910000,1.198000,,,5.730000,0.011100,3.400000,5.540000,0.350700,1522.660000,24.390000,,24.210000,104.580000,47.240000,,,104.370000,,,7.700000,124.550000,45.030000,340.750000,13.160000,46.430000,25.120000,12.670000,467.990000,0.041700,,612.530000,27.330000
2022-11-30,127.550000,1.198000,314.640000,276.200000,87.310000,185.950000,348.200000,492.200000,65.350000,19.950000,65.290000,,485.430000,561.320000,174.460000,59.970000,1.191000,,,5.730000,0.011200,3.390000,5.550000,0.352700,1523.150000,24.250000,,24.440000,103.980000,46.990000,,,103.720000,,,7.670000,124.650000,44.530000,341.070000,13.230000,46.700000,25.140000,12.810000,468.430000,0.041800,,616.970000,27.520000
2022-12-01,127.660000,1.199000,315.290000,276.640000,88.980000,186.140000,346.590000,493.420000,66.100000,19.940000,65.320000,,485.640000,563.380000,174.640000,60.110000,1.192000,,,5.760000,0.011200,3.380000,5.550000,0.356700,1523.740000,24.290000,,24.380000,105.540000,47.250000,,,104.070000,,,7.700000,124.740000,44.450000,342.940000,13.300000,46.660000,25.160000,12.700000,468.900000,0.041900,,616.250000,27.690000
2022-12-02,127.540000,1.198000,318.780000,276.370000,90.350000,185.960000,349.020000,496.500000,66.090000,20.090000,65.780000,,489.060000,568.980000,174.790000,60.190000,1.193000,,,5.770000,0.011200,3.440000,5.550000,0.358900,1526.090000,24.070000,,24.320000,106.470000,47.720000,,,104.310000,,,7.660000,124.640000,44.770000,344.960000,13.400000,46.850000,25.140000,12.810000,468.450000,0.041900,,615.940000,27.080000
2022-12-03,127.690000,1.199000,319.940000,276.680000,90.450000,186.170000,349.130000,501.580000,66.790000,20.260000,66.420000,,493.740000,575.630000,175.650000,60.260000,1.209000,,,5.770000,0.011200,3.500000,5.550000,0.361300,1531.210000,24.110000,,24.510000,107.000000,48.130000,,,105.390000,,,7.590000,124.780000,45.480000,347.470000,13.500000,46.760000,25.160000,12.830000,468.980000,0.041900,,619.460000,27.030000
2022-12-06,127.740000,1.200000,319.460000,276.230000,89.900000,186.250000,349.740000,501.630000,67.460000,20.320000,66.570000,,495.070000,576.380000,176.050000,60.420000,1.208000,,,5.740000,0.011200,3.470000,5.560000,0.361900,1530.380000,24.120000,,24.060000,107.460000,48.060000,,,105.660000,,,7.560000,124.830000,45.510000,347.950000,13.520000,46.680000,25.170000,12.700000,469.170000,0.041800,,623.230000,27.270000
2022-12-07,128.600000,1.208000,317.120000,278.660000,89.440000,187.500000,347.120000,500.770000,67.570000,20.370000,66.640000,,495.570000,575.160000,177.230000,60.700000,1.197000,,,5.720000,0.011200,3.450000,5.590000,0.357700,1538.840000,24.410000,,23.990000,107.570000,47.520000,,,105.480000,,,7.500000,125.650000,45.550000,347.990000,13.480000,47.000000,25.340000,12.790000,472.330000,0.042000,,628.270000,27.250000
2022-12-08,128.940000,1.209000,315.990000,279.370000,90.450000,188.050000,345.950000,503.020000,67.840000,20.400000,66.710000,,496.130000,574.400000,178.020000,60.770000,1.210000,,,5.740000,0.011300,3.440000,5.580000,0.358600,1542.430000,24.540000,,23.920000,107.750000,47.060000,,,105.630000,,,7.530000,125.950000,45.460000,348.340000,13.500000,47.120000,25.400000,12.820000,473.540000,0.042000,,627.960000,27.290000
2022-12-09,128.560000,1.205000,317.110000,278.570000,90.720000,187.510000,345.360000,501.030000,67.740000,20.370000,66.630000,,495.500000,574.680000,178.180000,60.650000,1.196000,,,5.730000,0.011200,3.450000,5.560000,0.357800,1538.060000,24.460000,,23.980000,107.430000,47.060000,,,105.510000,,,7.570000,125.570000,45.370000,347.900000,13.560000,46.980000,25.330000,12.790000,472.170000,0.042000,,625.020000,27.440000
2022-12-10,128.560000,1.205000,319.120000,278.550000,90.360000,187.500000,346.220000,505.450000,67.930000,20.510000,67.020000,,498.390000,578.180000,178.500000,60.620000,1.201000,,,5.740000,0.011200,3.470000,5.560000,0.362400,1540.680000,24.500000,,23.960000,107.280000,47.340000,,,106.560000,,,7.650000,125.570000,45.710000,349.240000,13.570000,46.980000,25.330000,12.910000,472.140000,0.042000,,625.730000,27.420000
2022-12-13,127.960000,1.200000,319.180000,277.240000,89.680000,186.620000,344.040000,503.840000,67.390000,20.400000,66.730000,,496.150000,576.750000,177.670000,60.490000,1.188000,,,5.690000,0.011200,3.440000,5.530000,0.360000,1532.310000,24.370000,,23.800000,106.460000,46.980000,,,105.790000,,,7.490000,124.970000,45.550000,347.500000,13.530000,46.390000,25.210000,12.730000,469.930000,0.041800,,624.520000,26.930000
2022-12-14,127.790000,1.197000,317.520000,276.900000,88.180000,186.390000,344.550000,501.230000,67.250000,20.380000,66.530000,,494.790000,576.030000,177.450000,60.350000,1.203000,,,5.670000,0.011200,3.410000,5.530000,0.358800,1529.720000,24.370000,,23.620000,106.040000,47.160000,,,105.330000,,,7.440000,124.870000,45.470000,346.230000,13.490000,46.420000,25.170000,12.830000,469.350000,0.041700,,623.400000,26.530000
2022-12-15,127.570000,1.198000,321.780000,276.410000,88.500000,186.060000,346.100000,505.580000,67.450000,20.580000,67.170000,,499.490000,580.640000,177.470000,60.270000,1.224000,,,5.680000,0.011200,3.470000,5.520000,0.362700,1528.610000,24.300000,,24.000000,106.770000,48.110000,,,106.620000,,,7.400000,124.620000,45.980000,348.060000,13.550000,46.530000,25.130000,12.690000,468.520000,0.041600,,621.490000,27.350000
2022-12-16,127.580000,1.198000,317.360000,276.440000,88.760000,186.080000,345.210000,504.480000,67.180000,20.500000,66.910000,,497.560000,578.060000,177.820000,60.250000,1.227000,,,5.670000,0.011200,3.430000,5.520000,0.357200,1528.790000,24.340000,,23.760000,106.130000,47.770000,,,106.300000,,,7.300000,124.650000,45.630000,345.850000,13.430000,46.440000,25.130000,12.810000,468.560000,0.041700,,625.010000,27.140000
2022-12-21,127.770000,1.200000,313.830000,276.800000,88.640000,186.320000,344.630000,506.840000,67.390000,20.620000,67.090000,,499.070000,569.960000,178.400000,60.270000,1.239000,,,5.670000,0.011200,3.550000,5.520000,0.365500,1532.920000,24.370000,,23.740000,105.910000,47.590000,,,106.700000,,,6.800000,124.780000,45.200000,347.570000,13.500000,46.180000,25.150000,12.830000,469.180000,0.041700,,623.720000,27.150000
2022-12-22,128.070000,1.203000,313.910000,277.450000,90.450000,186.760000,345.390000,507.810000,67.440000,20.620000,67.110000,,499.160000,570.780000,178.810000,60.350000,1.241000,,,5.680000,0.011200,3.570000,5.530000,0.365200,1535.960000,24.460000,,23.830000,106.060000,47.690000,,,107.060000,,,6.660000,125.040000,45.100000,347.920000,13.540000,46.150000,25.200000,12.860000,470.280000,0.041800,,627.100000,27.150000
2022-12-23,127.180000,1.196000,314.880000,275.500000,89.790000,185.450000,343.700000,505.880000,66.930000,20.560000,66.840000,,497.150000,564.950000,176.550000,59.920000,1.237000,,,5.640000,0.011100,3.540000,5.450000,0.365600,1525.480000,24.350000,,23.810000,105.600000,47.880000,,,106.840000,,,6.480000,124.200000,45.130000,346.530000,13.480000,45.830000,25.010000,12.640000,466.980000,0.041600,,622.020000,27.320000
2022-12-24,125.810000,1.185000,309.430000,272.550000,89.420000,183.460000,339.580000,496.160000,66.150000,20.250000,65.910000,,490.100000,557.410000,174.000000,59.220000,1.224000,,,5.580000,0.011000,3.480000,5.390000,0.360800,1507.930000,24.120000,,23.680000,104.470000,46.870000,,,105.740000,,,6.810000,122.880000,44.170000,342.230000,13.310000,45.290000,24.730000,12.510000,461.970000,0.041200,,615.080000,27.010000
2022-12-27,125.560000,1.182000,309.910000,272.040000,89.260000,183.110000,339.120000,494.740000,66.250000,20.250000,65.880000,,489.730000,555.990000,172.700000,59.070000,1.223000,,,5.580000,0.011000,3.460000,5.380000,0.361800,1504.940000,24.120000,,23.850000,104.270000,46.750000,,,105.580000,,,6.740000,122.630000,43.880000,341.760000,13.270000,45.430000,24.910000,12.490000,461.100000,0.041200,,613.650000,27.110000
2022-12-28,125.420000,1.180000,311.470000,271.750000,88.270000,182.920000,340.490000,496.200000,66.180000,20.280000,66.030000,,490.880000,555.460000,172.520000,59.040000,1.224000,,,5.560000,0.011000,3.460000,5.380000,0.363100,1504.160000,24.120000,,23.800000,104.210000,46.960000,,,105.470000,,,6.580000,122.510000,44.130000,342.390000,13.320000,45.380000,24.670000,12.470000,460.620000,0.041100,,613.010000,26.980000
2022-12-29,125.590000,1.182000,311.840000,272.110000,87.140000,183.170000,340.770000,495.950000,66.140000,20.250000,65.980000,,490.520000,554.770000,172.750000,59.200000,1.218000,,,5.570000,0.011000,3.440000,5.380000,0.363500,1507.390000,24.210000,,23.750000,104.350000,46.840000,,,104.530000,,,6.490000,122.720000,44.100000,342.030000,13.280000,45.170000,24.650000,12.490000,461.230000,0.041400,,613.820000,26.880000
2022-12-30,125.530000,1.181000,310.240000,271.960000,87.510000,183.070000,339.310000,499.170000,66.210000,20.310000,66.060000,,491.220000,555.620000,172.010000,59.130000,1.221000,,,5.570000,0.011000,3.450000,5.380000,0.364200,1505.490000,24.190000,,23.780000,104.290000,46.620000,,,104.620000,,,6.430000,122.650000,44.090000,342.020000,13.310000,45.420000,24.630000,12.610000,460.980000,0.041200,,613.490000,27.090000
2022-12-31,125.990000,1.185000,314.190000,272.950000,87.520000,183.730000,341.510000,501.190000,66.730000,20.420000,66.290000,,492.860000,556.570000,173.280000,59.320000,1.232000,,,5.590000,0.011000,3.500000,5.400000,0.367700,1511.780000,24.250000,,23.700000,105.150000,46.900000,,,105.150000,,,6.430000,123.050000,44.290000,344.850000,13.370000,45.490000,24.720000,12.650000,462.650000,0.041200,,615.710000,27.260000
2023-01-05,126.720000,1.190000,319.680000,274.570000,84.930000,184.820000,343.330000,502.200000,67.660000,20.540000,66.410000,,493.780000,561.260000,174.300000,59.530000,1.243000,,,5.620000,0.011100,3.570000,5.430000,0.366200,1519.790000,24.370000,,24.090000,105.820000,46.200000,,,105.790000,,,6.530000,123.810000,44.210000,347.570000,13.680000,45.720000,24.830000,12.730000,465.390000,0.041400,,618.860000,27.680000
2023-01-06,126.860000,1.194000,318.040000,274.890000,85.790000,185.030000,345.080000,503.110000,67.800000,20.630000,66.560000,,494.910000,560.650000,174.510000,59.650000,1.252000,,,5.650000,0.011100,3.520000,5.440000,0.367100,1521.650000,24.340000,,24.070000,106.260000,46.330000,,,106.010000,,,6.530000,123.950000,44.340000,347.990000,13.730000,45.770000,24.840000,12.740000,465.930000,0.041400,,621.890000,27.450000
2023-01-07,126.150000,1.182000,312.360000,273.340000,86.590000,183.990000,340.340000,493.040000,67.520000,20.260000,65.480000,,486.940000,549.390000,173.520000,59.320000,1.228000,,,5.600000,0.011000,3.450000,5.410000,0.364000,1509.400000,24.260000,,23.980000,105.270000,45.190000,,,103.750000,,,6.450000,123.290000,43.170000,344.010000,13.610000,45.380000,24.690000,12.670000,463.310000,0.041100,,617.790000,26.930000
2023-01-10,125.920000,1.181000,320.320000,272.860000,88.510000,183.670000,345.400000,500.370000,68.210000,20.570000,66.370000,,493.520000,562.300000,173.540000,59.250000,1.243000,,,5.620000,0.011000,3.490000,5.400000,0.371400,1510.810000,24.190000,,24.150000,105.760000,46.550000,,,105.040000,,,6.650000,123.100000,44.140000,347.060000,13.810000,45.520000,24.630000,12.650000,462.490000,0.041000,,613.400000,27.130000
2023-01-11,125.740000,1.180000,318.620000,272.470000,87.890000,183.410000,345.090000,502.160000,68.180000,20.690000,66.730000,,496.200000,562.610000,173.950000,59.140000,1.247000,,,5.650000,0.011000,3.500000,5.390000,0.371200,1510.470000,24.190000,,24.180000,105.670000,46.500000,,,105.590000,,,6.650000,123.000000,44.410000,347.200000,13.780000,45.590000,24.600000,12.630000,461.840000,0.040900,,618.420000,27.140000
2023-01-12,125.840000,1.181000,319.430000,272.680000,88.890000,183.550000,344.410000,500.760000,68.280000,20.670000,66.750000,,496.450000,560.690000,174.420000,59.160000,1.242000,,,5.670000,0.011000,3.490000,5.400000,0.370900,1511.150000,24.240000,,24.240000,105.790000,46.310000,,,105.940000,,,6.690000,123.080000,44.210000,347.210000,13.860000,45.230000,24.610000,12.640000,462.200000,0.041000,,620.000000,27.190000
2023-01-13,125.950000,1.177000,319.740000,272.910000,89.650000,183.700000,344.640000,496.860000,68.620000,20.720000,66.960000,,497.920000,563.190000,174.890000,59.240000,1.248000,,,5.670000,0.011000,3.530000,5.400000,0.371500,1513.530000,24.240000,,24.460000,106.170000,46.260000,,,106.190000,,,6.830000,123.170000,44.090000,348.040000,13.870000,45.220000,24.630000,12.650000,462.580000,0.040900,,620.530000,27.450000
2023-01-14,125.870000,1.175000,322.450000,272.740000,90.500000,183.590000,346.390000,497.940000,68.830000,20.880000,67.380000,,501.210000,565.240000,174.780000,59.190000,1.266000,,,5.680000,0.011000,3.600000,5.400000,0.373700,1515.010000,24.330000,,24.540000,106.670000,46.860000,,,106.900000,,,6.870000,123.090000,44.470000,349.900000,14.030000,45.410000,24.610000,12.640000,462.290000,0.040900,,621.410000,27.530000
2023-01-17,125.970000,1.177000,322.220000,272.970000,90.820000,183.750000,345.500000,500.310000,68.780000,20.860000,67.300000,,500.630000,564.390000,174.930000,59.240000,1.255000,,,5.670000,0.011000,3.600000,5.400000,0.374300,1515.380000,24.440000,,24.560000,107.280000,46.750000,,,106.580000,,,6.760000,123.200000,44.440000,350.550000,14.040000,45.360000,24.630000,12.660000,462.690000,0.041000,,623.900000,27.110000
2023-01-18,126.360000,1.181000,322.540000,273.800000,90.160000,184.300000,345.640000,502.640000,68.500000,20.930000,67.480000,,502.010000,566.560000,175.790000,59.350000,1.258000,,,5.670000,0.011000,3.600000,5.420000,0.374700,1519.960000,24.620000,,24.700000,107.300000,46.830000,,,106.930000,,,6.770000,123.560000,44.510000,350.710000,14.020000,45.590000,24.710000,12.690000,464.090000,0.041000,,625.780000,27.120000
2023-01-19,126.420000,1.182000,326.150000,273.950000,91.040000,184.400000,347.640000,508.700000,68.780000,21.050000,67.860000,,504.640000,573.780000,176.220000,59.340000,1.279000,,,5.720000,0.011100,3.590000,5.420000,0.376700,1520.980000,24.610000,,25.000000,107.710000,47.320000,,,107.230000,,,6.760000,123.640000,45.140000,353.140000,14.150000,45.480000,24.710000,12.700000,464.340000,0.041100,,626.270000,27.430000
2023-01-20,126.000000,1.179000,318.620000,273.020000,89.230000,183.780000,342.540000,505.210000,68.220000,20.930000,67.350000,,501.040000,570.970000,175.960000,59.090000,1.268000,,,5.690000,0.011000,3.610000,5.400000,0.374100,1515.990000,24.550000,,24.380000,107.470000,46.700000,,,106.480000,,,6.730000,123.200000,45.130000,349.290000,14.010000,45.330000,24.620000,12.650000,462.770000,0.041000,,624.640000,26.830000
2023-01-21,125.940000,1.176000,320.550000,272.890000,89.400000,183.690000,343.470000,502.610000,68.200000,20.930000,67.350000,,500.850000,570.790000,176.210000,59.060000,1.266000,,,5.700000,0.011000,3.570000,5.390000,0.374700,1515.370000,24.540000,,24.360000,108.000000,46.780000,,,106.310000,,,6.740000,123.150000,44.870000,349.890000,14.100000,45.260000,24.600000,12.650000,462.550000,0.041100,,624.050000,26.700000
2023-01-24,125.800000,1.179000,323.750000,272.590000,88.730000,183.490000,346.100000,503.530000,68.120000,21.100000,67.770000,,504.090000,573.020000,176.690000,59.020000,1.279000,,,5.680000,0.011000,3.560000,5.370000,0.376600,1513.990000,24.540000,,24.540000,107.880000,47.200000,,,106.860000,,,6.740000,123.060000,45.250000,351.010000,14.120000,45.210000,24.570000,12.640000,462.040000,0.040900,,622.930000,26.940000
2023-01-25,125.750000,1.178000,324.150000,272.500000,88.690000,183.420000,345.540000,501.120000,68.100000,21.020000,67.440000,,501.560000,569.500000,176.630000,58.990000,1.264000,,,5.660000,0.011000,3.550000,5.360000,0.374000,1513.120000,24.590000,,24.500000,107.840000,46.950000,,,106.570000,,,6.720000,123.030000,45.230000,349.910000,14.080000,45.150000,24.560000,12.520000,461.880000,0.041000,,623.610000,26.740000
2023-01-26,125.640000,1.175000,327.230000,272.220000,89.780000,183.240000,344.980000,499.900000,68.030000,21.060000,67.500000,,502.060000,567.900000,176.450000,58.910000,1.290000,,,5.660000,0.011000,3.550000,5.360000,0.374200,1511.680000,24.620000,,24.580000,108.340000,46.680000,,,106.670000,,,6.700000,122.920000,45.090000,350.720000,14.070000,45.020000,24.540000,12.620000,461.410000,0.041000,,622.570000,26.830000
2023-01-27,125.610000,1.177000,327.760000,272.190000,90.940000,183.220000,344.250000,501.820000,68.020000,21.140000,67.590000,,502.620000,571.270000,176.770000,58.930000,1.295000,,,5.660000,0.011000,3.550000,5.360000,0.374100,1512.140000,24.670000,,24.520000,108.740000,46.710000,,,106.460000,,,6.690000,122.930000,45.050000,351.600000,14.090000,45.060000,24.530000,12.620000,461.370000,0.040900,,622.710000,27.000000
2023-01-28,125.360000,1.174000,327.090000,271.640000,90.890000,182.850000,345.770000,500.030000,67.890000,21.050000,67.380000,,501.040000,569.550000,177.090000,58.810000,1.291000,,,5.650000,0.011000,3.550000,5.350000,0.373300,1508.570000,24.660000,,24.520000,108.570000,46.700000,,,106.510000,,,6.650000,122.640000,44.750000,350.590000,14.010000,45.140000,24.470000,12.590000,460.430000,0.040800,,622.760000,26.700000
2023-01-31,125.220000,1.173000,325.440000,271.340000,90.020000,182.650000,345.030000,500.400000,68.090000,21.050000,67.410000,,501.310000,569.890000,176.890000,58.690000,1.280000,,,5.640000,0.011000,3.540000,5.340000,0.374500,1507.740000,24.640000,,24.500000,108.420000,46.590000,,,106.360000,,,6.620000,122.520000,44.620000,350.520000,14.060000,44.870000,24.460000,12.580000,459.920000,0.040600,,621.410000,26.580000
2023-02-01,125.390000,1.175000,322.820000,271.690000,90.010000,182.880000,342.510000,497.040000,68.180000,20.930000,67.060000,,498.690000,567.530000,176.100000,58.760000,1.283000,,,5.620000,0.011000,3.530000,5.350000,0.372600,1508.040000,24.690000,,24.470000,108.020000,45.830000,,,105.950000,,,6.530000,122.710000,44.000000,349.770000,13.960000,44.880000,24.480000,12.600000,460.510000,0.040800,,622.470000,26.370000
2023-02-02,125.480000,1.174000,325.790000,271.900000,90.850000,183.020000,346.280000,503.130000,68.360000,21.090000,67.410000,,501.560000,567.650000,176.240000,58.770000,1.286000,,,5.630000,0.011000,3.550000,5.350000,0.374600,1509.960000,24.650000,,24.540000,108.110000,46.270000,,,106.540000,,,6.570000,122.820000,44.220000,351.090000,14.040000,44.790000,24.500000,12.600000,460.870000,0.041000,,621.470000,26.530000
2023-02-03,125.230000,1.168000,327.880000,271.340000,90.990000,182.650000,346.350000,506.630000,68.410000,21.280000,68.010000,,505.770000,567.590000,176.210000,58.630000,1.305000,,,5.600000,0.011000,3.570000,5.340000,0.376300,1508.870000,24.590000,,24.810000,108.400000,46.330000,,,107.450000,,,6.570000,122.560000,44.590000,352.210000,14.030000,44.700000,24.450000,12.580000,459.920000,0.040800,,621.600000,26.920000
2023-02-04,124.900000,1.167000,323.740000,270.610000,90.820000,182.160000,343.690000,502.400000,68.040000,21.120000,67.340000,,501.300000,561.530000,175.740000,58.470000,1.303000,,,5.600000,0.010900,3.570000,5.320000,0.372800,1504.250000,24.570000,,24.550000,107.770000,45.730000,,,106.840000,,,6.520000,122.240000,44.250000,349.980000,13.930000,44.530000,24.370000,12.420000,458.690000,0.040700,,622.610000,26.800000
2023-02-07,124.630000,1.164000,315.680000,270.030000,88.840000,181.760000,340.730000,494.860000,67.490000,20.680000,66.210000,,492.810000,550.890000,175.360000,58.330000,1.267000,,,5.530000,0.010900,3.470000,5.310000,0.364000,1497.710000,24.540000,,24.020000,107.540000,44.500000,,,104.460000,,,6.490000,121.980000,43.170000,345.490000,13.590000,44.390000,24.320000,12.520000,457.700000,0.040500,,619.520000,26.010000
2023-02-08,124.420000,1.162000,317.050000,269.600000,88.800000,181.480000,340.800000,493.610000,67.330000,20.550000,65.780000,,489.430000,548.560000,175.090000,58.230000,1.247000,,,5.530000,0.010900,3.470000,5.300000,0.362900,1494.770000,24.390000,,23.920000,106.250000,44.190000,,,103.130000,,,6.450000,121.810000,43.010000,344.600000,13.600000,44.370000,24.270000,12.500000,456.980000,0.040400,,613.130000,25.960000
2023-02-09,124.060000,1.162000,318.230000,268.820000,87.460000,180.950000,340.830000,496.460000,67.180000,20.630000,65.840000,,489.960000,551.470000,173.910000,58.050000,1.258000,,,5.520000,0.010800,3.490000,5.250000,0.362200,1491.390000,24.300000,,24.160000,106.040000,44.540000,,,103.450000,,,6.360000,121.450000,43.270000,344.510000,13.610000,44.320000,24.200000,12.460000,455.650000,0.040200,,610.000000,26.030000
2023-02-10,123.170000,1.156000,315.590000,266.900000,86.990000,179.660000,337.530000,492.640000,66.750000,20.520000,65.430000,,486.820000,549.160000,172.010000,57.630000,1.265000,,,5.480000,0.010800,3.460000,5.210000,0.359600,1480.530000,24.150000,,23.960000,104.910000,44.530000,,,102.830000,,,6.220000,120.560000,43.520000,342.280000,13.520000,43.710000,24.020000,12.370000,452.390000,0.039900,,607.070000,25.570000
2023-02-11,122.730000,1.151000,312.530000,265.950000,85.200000,179.020000,335.560000,488.500000,66.250000,20.330000,64.840000,,482.570000,545.460000,171.400000,57.430000,1.241000,,,5.470000,0.010700,3.440000,5.200000,0.356600,1474.620000,24.130000,,24.000000,104.130000,44.370000,,,101.110000,,,6.190000,120.130000,43.360000,339.650000,13.340000,43.430000,23.930000,12.330000,450.790000,0.039800,,605.620000,25.320000
2023-02-14,123.180000,1.158000,313.040000,266.950000,86.750000,179.670000,338.570000,490.070000,66.260000,20.350000,64.840000,,483.060000,544.540000,172.030000,57.640000,1.245000,,,5.470000,0.010800,3.410000,5.210000,0.354500,1477.810000,24.260000,,24.210000,103.770000,44.500000,,,100.890000,,,6.140000,120.570000,43.300000,339.590000,13.350000,43.460000,24.020000,12.370000,452.430000,0.039900,,606.220000,25.120000
2023-02-15,122.840000,1.152000,314.470000,266.180000,87.440000,179.170000,338.360000,492.330000,66.230000,20.440000,65.170000,,485.410000,549.800000,171.870000,57.480000,1.270000,,,5.450000,0.010700,3.420000,5.200000,0.356100,1475.230000,24.190000,,24.310000,103.790000,44.770000,,,101.520000,,,6.110000,120.250000,43.770000,340.270000,13.350000,43.380000,23.940000,12.340000,451.170000,0.039900,,603.210000,25.310000
2023-02-16,121.780000,1.144000,309.170000,263.890000,86.140000,177.630000,333.950000,485.020000,65.380000,20.240000,64.380000,,479.720000,541.000000,170.400000,56.990000,1.266000,,,5.400000,0.010600,3.350000,5.140000,0.348400,1461.300000,24.000000,,24.020000,101.890000,43.970000,,,100.860000,,,6.020000,119.240000,43.110000,335.580000,13.040000,42.800000,23.730000,12.230000,447.290000,0.039500,,600.110000,24.850000
2023-02-17,120.910000,1.136000,307.220000,262.000000,85.090000,176.360000,331.910000,481.450000,64.780000,20.090000,63.780000,,475.090000,535.350000,170.150000,56.580000,1.243000,,,5.370000,0.010600,3.320000,5.110000,0.345200,1450.330000,23.850000,,23.910000,100.880000,43.550000,,,99.550000,,,5.950000,118.420000,42.620000,332.850000,12.940000,42.380000,23.560000,12.030000,444.090000,0.039100,,593.920000,24.620000
2023-02-18,120.950000,1.138000,303.100000,262.080000,85.140000,176.410000,329.010000,476.490000,64.540000,19.930000,63.460000,,472.480000,530.460000,170.530000,56.630000,1.226000,,,5.360000,0.010600,3.300000,5.110000,0.341300,1448.610000,23.820000,,23.860000,100.280000,42.990000,,,98.940000,,,5.960000,118.450000,42.190000,331.540000,12.840000,41.910000,23.550000,12.150000,444.230000,0.039200,,593.730000,24.330000
2023-02-21,121.890000,1.146000,308.720000,264.120000,86.640000,177.780000,332.530000,484.760000,65.260000,20.170000,64.210000,,478.030000,538.110000,171.850000,57.140000,1.247000,,,5.410000,0.010700,3.340000,5.150000,0.345200,1462.770000,24.000000,,24.290000,101.100000,43.560000,,,100.580000,,,6.050000,119.380000,43.020000,335.090000,13.010000,42.310000,23.730000,12.250000,447.680000,0.039600,,595.850000,24.700000
2023-02-22,121.330000,1.141000,307.050000,262.920000,86.240000,176.980000,331.260000,482.200000,64.840000,20.030000,63.840000,,475.200000,538.790000,171.400000,56.820000,1.241000,,,5.380000,0.010600,3.310000,5.100000,0.343300,1454.090000,23.830000,,24.200000,100.590000,43.390000,,,100.130000,,,5.980000,118.820000,43.200000,333.220000,12.900000,41.690000,23.630000,12.190000,445.650000,0.039400,,593.150000,24.500000
2023-02-23,121.600000,1.143000,304.630000,263.480000,86.420000,177.360000,329.590000,481.510000,64.780000,20.040000,63.810000,,475.000000,539.310000,171.440000,56.920000,1.238000,,,5.390000,0.010600,3.310000,5.110000,0.342100,1456.860000,23.860000,,24.210000,100.610000,43.250000,,,99.970000,,,5.960000,119.060000,43.060000,333.410000,12.920000,41.240000,23.660000,12.210000,446.600000,0.039500,,595.740000,24.400000
2023-02-24,122.310000,1.152000,306.190000,265.030000,87.190000,178.400000,331.750000,481.480000,65.120000,20.080000,63.920000,,475.680000,540.320000,172.450000,57.260000,1.249000,,,5.430000,0.010700,3.330000,5.140000,0.346000,1464.070000,24.000000,,24.550000,101.380000,43.390000,,,100.140000,,,5.990000,119.750000,43.080000,334.510000,12.960000,41.210000,23.800000,12.280000,449.220000,0.039800,,598.480000,24.520000
2023-02-25,121.900000,1.149000,303.700000,264.150000,87.150000,177.800000,329.990000,479.060000,64.540000,20.040000,63.680000,,473.880000,538.310000,172.200000,57.060000,1.248000,,,5.410000,0.010700,3.310000,5.120000,0.342500,1459.020000,23.880000,,24.320000,101.000000,43.420000,,,100.340000,,,5.930000,119.330000,43.030000,333.030000,12.870000,41.150000,23.710000,12.240000,447.730000,0.039600,,595.780000,24.420000
2023-02-28,122.300000,1.153000,301.600000,264.980000,86.210000,178.360000,330.370000,477.300000,64.520000,20.070000,63.680000,,473.800000,537.620000,173.080000,57.240000,1.250000,,,5.420000,0.010700,3.290000,5.140000,0.340000,1461.810000,23.870000,,24.470000,100.340000,43.310000,,,100.510000,,,5.960000,119.670000,42.850000,332.920000,12.800000,41.210000,23.790000,12.280000,449.140000,0.039700,,596.360000,24.390000
2023-03-01,121.390000,1.149000,299.550000,263.020000,85.720000,177.050000,328.070000,475.490000,64.280000,20.040000,63.540000,,472.750000,538.240000,172.460000,56.800000,1.246000,,,5.390000,0.010600,3.260000,5.100000,0.337100,1452.470000,23.680000,,24.300000,99.400000,43.060000,,,100.260000,,,5.960000,118.810000,42.780000,330.560000,12.620000,40.900000,23.610000,12.070000,445.820000,0.039500,,591.290000,24.180000
2023-03-02,120.370000,1.141000,298.950000,260.830000,84.430000,175.570000,325.030000,471.630000,64.280000,20.080000,63.200000,,470.410000,533.450000,171.360000,56.320000,1.252000,,,5.360000,0.010500,3.250000,5.060000,0.338500,1440.940000,23.520000,,24.200000,98.910000,42.810000,,,100.290000,,,5.880000,117.810000,42.470000,329.660000,12.720000,40.670000,23.410000,12.090000,442.110000,0.039100,,587.470000,24.320000
2023-03-03,118.630000,1.126000,293.180000,257.040000,84.120000,173.020000,319.980000,462.810000,63.170000,19.720000,62.210000,,462.880000,521.520000,169.200000,55.510000,1.238000,,,5.280000,0.010400,3.190000,4.980000,0.332500,1419.090000,23.180000,,24.040000,97.400000,41.750000,,,98.960000,,,5.780000,116.100000,41.520000,323.430000,12.530000,39.930000,23.070000,11.800000,435.690000,0.038500,,581.150000,24.000000
2023-03-04,117.370000,1.111000,291.320000,254.320000,82.890000,171.190000,317.880000,459.770000,62.450000,19.480000,61.460000,,457.290000,516.650000,167.740000,54.920000,1.209000,,,5.260000,0.010300,3.170000,4.930000,0.331600,1404.810000,22.980000,,23.850000,96.370000,41.360000,,,97.280000,,,5.720000,114.870000,41.050000,320.290000,12.430000,39.620000,22.810000,11.670000,431.080000,0.038000,,573.220000,23.700000
2023-03-07,117.850000,1.124000,291.420000,255.360000,83.310000,171.890000,318.260000,463.370000,62.460000,19.540000,61.820000,,460.060000,520.520000,168.740000,55.140000,1.216000,,,5.290000,0.010300,3.180000,4.950000,0.332700,1410.380000,23.150000,,24.060000,96.700000,41.470000,,,97.770000,,,5.750000,115.330000,41.240000,321.660000,12.540000,39.670000,22.900000,11.720000,432.830000,0.038100,,575.640000,23.740000
2023-03-08,119.410000,1.138000,292.750000,258.740000,85.100000,174.170000,321.790000,470.370000,63.250000,19.870000,62.810000,,467.340000,526.770000,170.980000,55.870000,1.239000,,,5.360000,0.010400,3.230000,5.020000,0.336600,1429.450000,23.490000,,24.390000,98.110000,41.890000,,,99.750000,,,5.810000,116.850000,41.780000,325.810000,12.690000,40.240000,23.190000,11.880000,438.570000,0.038700,,583.320000,23.920000
2023-03-10,120.110000,1.147000,291.450000,260.250000,85.730000,175.180000,319.560000,470.480000,63.380000,19.720000,62.580000,,465.600000,523.570000,172.310000,56.190000,1.230000,,,5.380000,0.010500,3.240000,5.050000,0.333900,1435.190000,23.630000,,24.620000,97.610000,41.310000,,,99.490000,,,5.820000,117.510000,41.220000,326.270000,12.590000,40.470000,23.280000,11.950000,441.120000,0.038800,,583.770000,23.760000
2023-03-11,121.440000,1.159000,293.720000,263.120000,86.350000,177.110000,322.360000,479.450000,64.090000,19.960000,63.420000,,471.850000,534.460000,174.550000,56.810000,1.234000,,,5.440000,0.010600,3.260000,5.100000,0.337900,1451.570000,23.900000,,24.310000,98.710000,41.690000,,,100.790000,,,5.870000,118.800000,41.470000,328.920000,12.720000,40.990000,23.730000,12.200000,445.980000,0.039200,,591.300000,24.190000
2023-03-14,124.350000,1.184000,302.400000,269.420000,87.540000,181.350000,331.610000,499.680000,66.250000,20.580000,65.460000,,487.120000,551.230000,179.080000,58.210000,1.267000,,,5.560000,0.010900,3.430000,5.220000,0.350100,1489.380000,24.530000,,24.500000,101.660000,42.960000,,,104.070000,,,6.040000,121.670000,42.530000,338.940000,13.200000,41.900000,24.070000,12.490000,456.660000,0.040100,,606.060000,25.090000
2023-03-15,124.770000,1.187000,304.530000,270.340000,87.330000,181.970000,333.660000,502.710000,66.600000,20.610000,65.920000,,490.750000,556.830000,179.690000,58.410000,1.244000,,,5.560000,0.010900,3.410000,5.240000,0.350000,1493.600000,24.700000,,24.100000,102.240000,43.160000,,,104.690000,,,6.090000,122.040000,43.250000,340.030000,13.280000,42.190000,24.160000,12.530000,458.220000,0.040200,,612.070000,25.030000
2023-03-16,126.560000,1.199000,309.130000,274.210000,88.470000,184.580000,338.920000,506.140000,67.340000,20.820000,66.660000,,496.210000,563.000000,182.270000,59.210000,1.266000,,,5.630000,0.011100,3.460000,5.320000,0.354300,1515.500000,25.100000,,24.770000,103.750000,43.800000,,,105.610000,,,6.140000,123.760000,44.210000,345.390000,13.430000,42.640000,24.490000,12.710000,464.790000,0.040700,,621.570000,25.420000
2023-03-17,126.940000,1.211000,309.710000,275.010000,88.150000,185.120000,339.090000,502.860000,67.570000,20.650000,66.470000,,494.820000,562.830000,182.800000,59.390000,1.252000,,,5.640000,0.011100,3.510000,5.330000,0.355600,1518.750000,25.170000,,24.500000,103.590000,43.380000,,,105.380000,,,6.100000,124.120000,44.160000,346.070000,13.550000,42.840000,24.750000,12.750000,466.150000,0.040800,,620.560000,25.360000
2023-03-18,125.470000,1.196000,308.870000,271.850000,88.090000,182.990000,336.420000,497.610000,66.910000,20.490000,65.880000,,490.510000,558.890000,181.060000,58.700000,1.244000,,,5.580000,0.011000,3.460000,5.270000,0.352700,1501.580000,24.840000,,24.690000,102.790000,43.190000,,,104.270000,,,6.020000,122.680000,43.990000,343.180000,13.470000,42.240000,24.250000,12.480000,460.790000,0.040400,,614.240000,25.150000
2023-03-21,125.890000,1.199000,308.630000,272.780000,87.650000,183.610000,337.100000,497.640000,67.140000,20.570000,66.310000,,493.480000,563.660000,181.670000,58.950000,1.238000,,,5.600000,0.011000,3.520000,5.290000,0.352800,1508.270000,24.930000,,24.310000,103.140000,43.160000,,,104.800000,,,5.990000,123.090000,44.070000,344.660000,13.560000,42.340000,24.530000,12.520000,462.360000,0.040700,,617.070000,24.980000
2023-03-25,124.530000,1.184000,303.690000,269.790000,86.320000,181.600000,332.000000,498.080000,66.500000,20.680000,65.840000,,490.350000,558.400000,179.680000,58.260000,1.264000,,,5.550000,0.010900,3.520000,5.230000,0.351100,1495.140000,24.810000,,24.420000,103.320000,43.380000,,,104.550000,,,5.970000,121.740000,43.840000,342.850000,13.400000,41.840000,23.980000,12.380000,457.290000,0.040200,,616.290000,25.050000
2023-03-28,124.970000,1.187000,304.740000,270.720000,87.470000,182.230000,334.210000,500.620000,66.680000,20.810000,66.290000,,493.840000,562.120000,180.300000,58.460000,1.286000,,,5.570000,0.010900,3.490000,5.250000,0.353000,1497.280000,24.970000,,24.980000,103.840000,43.510000,,,105.500000,,,6.000000,122.150000,44.070000,344.210000,13.320000,42.060000,24.030000,12.430000,458.870000,0.040200,,615.620000,25.060000
2023-03-29,123.910000,1.175000,303.530000,268.440000,87.580000,180.690000,332.580000,495.970000,66.110000,20.740000,66.060000,,492.130000,559.290000,179.130000,57.960000,1.279000,,,5.540000,0.010800,3.480000,5.200000,0.350000,1485.620000,24.730000,,24.820000,103.460000,43.650000,,,105.140000,,,5.940000,121.150000,43.920000,342.470000,13.290000,41.700000,23.810000,12.320000,455.000000,0.040000,,610.490000,24.910000
2023-03-30,122.100000,1.157000,299.480000,264.540000,86.800000,178.070000,330.010000,489.030000,65.130000,20.610000,65.360000,,486.910000,553.940000,177.230000,57.120000,1.284000,,,5.450000,0.010700,3.410000,5.130000,0.344400,1464.990000,24.440000,,24.700000,101.540000,43.200000,,,103.930000,,,5.830000,119.410000,43.170000,337.470000,13.140000,41.100000,23.430000,12.140000,448.390000,0.039400,,602.930000,24.760000
2023-03-31,122.020000,1.156000,300.060000,264.340000,87.250000,177.930000,330.760000,489.240000,65.090000,20.690000,65.330000,,486.580000,553.070000,177.240000,57.080000,1.279000,,,5.450000,0.010700,3.380000,5.130000,0.344600,1461.640000,24.470000,,24.780000,101.410000,42.920000,,,103.980000,,,5.820000,119.370000,43.080000,337.180000,13.090000,41.110000,23.380000,12.250000,448.050000,0.039300,,602.810000,24.790000
2023-04-01,123.000000,1.165000,302.370000,266.500000,88.670000,179.390000,333.560000,492.490000,65.700000,20.900000,66.020000,,491.640000,558.630000,179.250000,57.540000,1.292000,,,5.500000,0.010800,3.390000,5.170000,0.346100,1472.330000,24.720000,,25.010000,102.430000,43.310000,,,105.100000,,,5.860000,120.350000,43.630000,339.710000,13.210000,41.400000,23.550000,12.350000,451.710000,0.039600,,607.870000,25.390000
2023-04-04,122.760000,1.163000,302.600000,265.980000,89.040000,179.040000,334.420000,492.170000,65.460000,20.900000,65.750000,,489.780000,556.780000,178.900000,57.430000,1.294000,,,5.480000,0.010700,3.380000,5.160000,0.342800,1469.080000,24.730000,,25.070000,102.070000,43.340000,,,104.780000,,,5.780000,120.200000,43.440000,338.690000,13.120000,41.440000,23.480000,12.330000,450.830000,0.039600,,606.470000,25.230000
2023-04-05,122.380000,1.160000,303.560000,265.130000,88.760000,178.460000,334.920000,493.020000,65.340000,20.980000,65.950000,,491.230000,562.280000,178.680000,57.250000,1.305000,,,5.470000,0.010700,3.380000,5.140000,0.342000,1466.200000,24.690000,,24.940000,102.040000,43.760000,,,105.180000,,,5.660000,119.820000,43.550000,338.930000,13.140000,41.190000,23.370000,12.290000,449.390000,0.039500,,604.380000,25.260000
2023-04-06,121.660000,1.150000,298.860000,263.590000,88.100000,177.430000,331.570000,493.640000,64.960000,20.880000,65.690000,,489.320000,557.640000,178.000000,56.920000,1.303000,,,5.450000,0.010600,3.390000,5.110000,0.340200,1456.480000,24.680000,,24.600000,101.610000,42.910000,,,104.600000,,,5.630000,119.110000,43.200000,337.070000,13.200000,40.880000,23.210000,12.100000,446.790000,0.039300,,602.380000,24.940000
2023-04-07,121.820000,1.153000,299.560000,263.900000,88.860000,177.640000,331.980000,494.100000,65.050000,20.820000,65.500000,,487.840000,557.260000,178.570000,56.980000,1.297000,,,5.460000,0.010700,3.410000,5.120000,0.339100,1458.410000,24.710000,,24.390000,101.730000,42.900000,,,104.060000,,,5.540000,119.250000,42.940000,336.600000,13.140000,41.150000,23.220000,12.150000,447.310000,0.039400,,603.840000,24.590000
2023-04-08,121.180000,1.147000,297.360000,262.540000,87.960000,176.720000,329.660000,492.100000,64.790000,20.740000,65.180000,,485.590000,553.590000,178.000000,56.690000,1.293000,,,5.440000,0.010600,3.380000,5.090000,0.338100,1451.290000,24.630000,,24.450000,101.120000,42.510000,,,103.720000,,,5.360000,118.620000,42.660000,334.750000,13.060000,40.830000,23.320000,12.120000,445.010000,0.039200,,600.090000,24.420000
2023-04-11,120.980000,1.145000,296.560000,262.150000,87.890000,176.440000,329.270000,490.440000,64.630000,20.710000,65.040000,,484.500000,552.470000,178.070000,56.600000,1.291000,,,5.420000,0.010600,3.360000,5.080000,0.336700,1448.710000,24.680000,,24.570000,100.790000,42.430000,,,103.570000,,,5.440000,118.440000,42.470000,334.350000,12.940000,40.720000,23.060000,12.040000,444.290000,0.039100,,598.970000,24.190000
2023-04-12,122.230000,1.157000,298.910000,264.790000,88.590000,178.240000,332.480000,496.260000,65.180000,20.930000,65.740000,,489.750000,558.290000,179.890000,57.180000,1.306000,,,5.470000,0.010700,3.370000,5.130000,0.339400,1465.200000,24.960000,,24.790000,101.640000,42.530000,,,104.710000,,,5.460000,119.640000,42.920000,337.030000,13.130000,41.290000,23.270000,12.160000,448.820000,0.039400,,604.930000,24.490000
2023-04-13,123.360000,1.167000,302.000000,267.240000,90.510000,179.890000,336.660000,502.020000,65.820000,21.110000,66.440000,,494.920000,562.320000,181.550000,57.710000,1.314000,,,5.520000,0.010800,3.390000,5.180000,0.341500,1478.360000,25.160000,,25.020000,102.710000,43.050000,,,106.070000,,,5.520000,120.760000,43.580000,340.320000,13.240000,41.560000,23.450000,12.270000,452.970000,0.039700,,610.540000,24.550000
2023-04-14,122.510000,1.156000,302.760000,265.400000,91.470000,178.650000,335.870000,505.460000,65.420000,21.260000,66.560000,,495.880000,562.820000,180.670000,57.310000,1.326000,,,5.500000,0.010700,3.380000,5.150000,0.343300,1469.600000,25.130000,,24.860000,102.290000,43.240000,,,106.670000,,,5.510000,119.920000,43.560000,339.410000,13.190000,41.230000,23.270000,12.180000,449.860000,0.039400,,606.020000,24.690000
2023-04-15,122.620000,1.156000,305.090000,265.630000,91.370000,178.810000,338.150000,507.150000,65.720000,21.350000,66.840000,,497.930000,563.170000,181.190000,57.360000,1.331000,,,5.510000,0.010700,3.400000,5.140000,0.345700,1471.890000,25.290000,,24.890000,102.330000,43.670000,,,107.200000,,,5.520000,120.040000,43.940000,339.610000,13.220000,41.310000,23.240000,12.190000,450.250000,0.039400,,608.580000,24.870000
2023-04-18,122.120000,1.158000,300.520000,264.550000,91.330000,178.070000,335.640000,501.470000,65.280000,21.080000,66.090000,,492.310000,556.030000,179.900000,57.120000,1.326000,,,5.470000,0.010700,3.350000,5.120000,0.341800,1464.480000,25.140000,,24.920000,101.470000,43.170000,,,106.400000,,,5.520000,119.550000,43.350000,336.870000,13.050000,41.140000,23.140000,12.260000,448.410000,0.039300,,607.410000,24.680000
2023-04-19,122.830000,1.166000,303.880000,266.080000,91.270000,179.100000,337.400000,503.180000,65.580000,21.180000,66.430000,,494.880000,560.680000,181.490000,57.450000,1.334000,,,5.500000,0.010700,3.360000,5.150000,0.342500,1472.890000,25.310000,,25.060000,101.760000,43.170000,,,107.010000,,,5.530000,120.250000,43.790000,338.610000,13.150000,41.340000,23.450000,12.330000,451.000000,0.039500,,608.550000,24.830000
2023-04-20,123.930000,1.177000,304.670000,268.480000,91.280000,180.720000,338.850000,506.140000,65.990000,21.210000,66.750000,,497.350000,564.920000,183.130000,57.970000,1.319000,,,5.540000,0.010800,3.380000,5.200000,0.340800,1484.590000,25.410000,,25.080000,102.490000,43.090000,,,107.430000,,,5.580000,121.320000,43.950000,340.390000,13.210000,41.750000,23.640000,12.320000,455.070000,0.039800,,613.980000,24.890000
2023-04-21,124.080000,1.187000,306.090000,268.810000,89.770000,180.940000,338.380000,508.970000,66.220000,21.250000,67.020000,,499.370000,566.350000,183.720000,58.050000,1.318000,,,5.550000,0.010800,3.380000,5.210000,0.343800,1487.090000,25.410000,,25.190000,102.740000,42.960000,,,108.360000,,,5.580000,121.470000,44.090000,341.730000,13.250000,41.800000,23.690000,12.340000,455.630000,0.040000,,613.360000,25.070000
2023-04-22,124.650000,1.195000,306.000000,270.020000,90.650000,181.760000,338.420000,511.950000,66.440000,21.300000,67.280000,,501.340000,566.750000,184.920000,58.320000,1.326000,,,5.580000,0.010900,3.420000,5.230000,0.344500,1493.880000,25.500000,,25.420000,103.200000,42.990000,,,108.750000,,,5.680000,122.030000,44.290000,342.730000,13.310000,41.990000,23.590000,12.390000,457.680000,0.040100,,617.200000,25.220000
2023-04-25,124.290000,1.181000,304.880000,269.230000,90.390000,181.220000,337.110000,512.680000,66.190000,21.430000,67.350000,,501.930000,567.230000,184.750000,58.140000,1.337000,,,5.570000,0.010900,3.400000,5.210000,0.342000,1490.820000,25.450000,,25.320000,102.900000,43.130000,,,109.000000,,,5.620000,121.660000,44.300000,341.930000,13.270000,41.980000,23.720000,12.360000,456.340000,0.040000,,615.180000,25.170000
2023-04-26,123.920000,1.177000,303.280000,268.460000,90.390000,180.710000,335.300000,513.470000,65.770000,21.370000,67.340000,,501.860000,567.340000,184.230000,57.970000,1.334000,,,5.560000,0.010800,3.400000,5.200000,0.340500,1487.060000,25.360000,,25.340000,102.420000,43.060000,,,109.260000,,,5.590000,121.310000,44.350000,340.730000,13.240000,41.710000,23.430000,12.450000,455.040000,0.039800,,614.240000,24.980000
2023-04-27,123.620000,1.178000,299.500000,267.810000,89.840000,180.270000,332.920000,510.320000,65.550000,21.360000,67.250000,,501.180000,565.910000,183.410000,57.830000,1.336000,,,5.550000,0.010800,3.400000,5.190000,0.339600,1483.720000,25.330000,,25.130000,101.890000,42.710000,,,109.170000,,,5.560000,121.020000,43.890000,340.070000,13.270000,41.650000,23.370000,12.290000,453.930000,0.039900,,612.620000,24.700000
2023-04-28,124.260000,1.178000,301.460000,269.150000,90.450000,181.170000,334.660000,510.760000,65.910000,21.430000,67.560000,,503.470000,567.660000,185.080000,58.120000,1.347000,,,5.580000,0.010900,3.410000,5.210000,0.340200,1491.270000,25.490000,,25.140000,102.290000,42.960000,,,109.600000,,,5.600000,121.630000,44.260000,341.450000,13.370000,41.780000,23.680000,12.350000,456.210000,0.040200,,616.470000,24.950000
2023-04-29,123.490000,1.172000,298.330000,267.490000,91.100000,180.050000,331.960000,506.020000,65.500000,21.210000,66.840000,,498.180000,564.650000,184.300000,57.760000,1.333000,,,5.540000,0.010800,3.330000,5.180000,0.338500,1480.550000,25.360000,,25.110000,101.700000,42.220000,,,108.550000,,,5.630000,120.880000,43.840000,339.110000,13.280000,41.560000,23.310000,12.280000,453.390000,0.039900,,612.580000,24.650000
2023-05-03,122.300000,1.165000,300.350000,264.990000,90.030000,178.370000,330.820000,499.500000,64.990000,20.880000,66.010000,,491.860000,559.640000,182.800000,57.220000,1.323000,,,5.490000,0.010700,3.270000,5.130000,0.334700,1465.420000,25.120000,,25.020000,100.660000,41.730000,,,107.210000,,,5.640000,119.770000,43.570000,336.240000,13.130000,41.210000,23.070000,12.280000,449.150000,0.039400,,605.310000,24.400000
2023-05-04,120.520000,1.143000,294.670000,261.070000,87.820000,175.740000,324.880000,498.500000,64.030000,20.760000,65.590000,,488.540000,553.810000,180.250000,56.370000,1.304000,,,5.410000,0.010500,3.260000,5.060000,0.331900,1445.100000,24.830000,,24.680000,99.440000,41.180000,,,106.810000,,,5.580000,118.000000,43.120000,332.250000,13.010000,40.560000,22.720000,11.980000,442.520000,0.038800,,595.030000,24.200000
2023-05-05,121.270000,1.154000,297.100000,262.710000,89.170000,176.840000,327.270000,501.850000,64.390000,20.960000,66.060000,,492.220000,559.730000,181.750000,56.740000,1.319000,,,5.440000,0.010600,3.310000,5.090000,0.336600,1454.060000,25.020000,,24.840000,100.070000,41.640000,,,107.400000,,,5.690000,118.730000,43.420000,335.280000,13.160000,40.850000,22.850000,12.060000,445.290000,0.038900,,601.020000,24.420000
2023-05-06,121.270000,1.153000,299.580000,262.700000,89.340000,176.830000,329.670000,499.190000,64.450000,20.970000,65.910000,,490.970000,561.320000,181.380000,56.740000,1.316000,,,5.450000,0.010600,3.320000,5.100000,0.337900,1455.120000,25.100000,,24.840000,100.400000,41.970000,,,107.110000,,,5.800000,118.730000,43.640000,336.090000,13.210000,40.850000,22.840000,12.060000,445.280000,0.039000,,602.120000,24.240000
2023-05-11,120.980000,1.149000,300.030000,262.040000,89.070000,176.390000,331.740000,498.940000,64.140000,20.810000,65.360000,,486.670000,560.570000,178.020000,56.700000,1.312000,,,5.420000,0.010600,3.290000,5.090000,0.335500,1449.280000,25.090000,,25.050000,99.680000,42.130000,,,107.070000,,,5.820000,118.430000,43.460000,334.530000,13.200000,40.710000,22.940000,12.150000,444.160000,0.038900,,599.280000,23.690000
2023-05-12,120.970000,1.150000,299.230000,262.080000,89.850000,176.410000,331.380000,496.610000,64.040000,20.650000,65.150000,,485.090000,558.870000,178.760000,56.680000,1.307000,,,5.410000,0.010600,3.300000,5.090000,0.334400,1449.190000,25.100000,,25.250000,99.600000,42.180000,,,107.250000,,,5.880000,118.450000,43.230000,334.480000,13.170000,40.750000,22.700000,12.030000,444.220000,0.038800,,598.700000,23.400000
2023-05-13,121.470000,1.155000,298.190000,263.120000,90.460000,177.110000,330.580000,499.650000,64.160000,20.600000,65.330000,,486.530000,558.740000,179.110000,56.880000,1.312000,,,5.430000,0.010600,3.310000,5.110000,0.333900,1454.680000,25.170000,,25.340000,99.620000,41.860000,,,107.290000,,,5.780000,118.930000,43.300000,334.380000,13.130000,40.800000,22.730000,12.080000,445.990000,0.039000,,600.560000,23.090000
2023-05-16,122.690000,1.168000,300.920000,265.770000,91.580000,178.900000,333.340000,502.380000,64.780000,20.740000,65.750000,,489.630000,562.740000,180.190000,57.470000,1.327000,,,5.480000,0.010700,3.310000,5.160000,0.336700,1467.940000,25.440000,,25.590000,100.220000,42.190000,,,108.570000,,,5.690000,120.120000,43.390000,336.680000,13.340000,41.330000,22.920000,12.320000,450.480000,0.039500,,605.880000,23.620000
2023-05-17,122.330000,1.164000,300.420000,264.970000,91.860000,178.360000,333.730000,503.170000,64.470000,20.670000,65.710000,,489.240000,562.890000,177.170000,57.300000,1.326000,,,5.460000,0.010700,3.310000,5.140000,0.335300,1464.160000,25.420000,,25.740000,99.850000,42.320000,,,108.990000,,,5.610000,119.770000,43.410000,336.230000,13.230000,41.200000,22.990000,12.160000,449.130000,0.039400,,603.030000,23.570000
2023-05-18,122.480000,1.171000,299.040000,265.300000,91.020000,178.580000,333.380000,500.100000,64.300000,20.580000,65.420000,,486.970000,559.410000,179.880000,57.420000,1.319000,,,5.460000,0.010700,3.280000,5.140000,0.336300,1464.740000,25.510000,,25.650000,99.440000,41.700000,,,108.370000,,,5.570000,119.910000,43.030000,334.860000,13.130000,41.220000,22.760000,12.180000,449.690000,0.039500,,604.120000,23.420000
2023-05-19,122.330000,1.170000,298.040000,265.010000,90.950000,178.380000,333.450000,499.040000,63.890000,20.510000,65.260000,,485.890000,558.840000,180.040000,57.380000,1.305000,,,5.440000,0.010700,3.260000,5.130000,0.336400,1462.640000,25.490000,,25.390000,99.070000,41.420000,,,107.060000,,,5.610000,119.780000,42.820000,333.970000,13.080000,41.100000,22.700000,12.170000,449.190000,0.039300,,601.270000,23.200000
2023-05-20,122.120000,1.168000,298.480000,264.490000,90.280000,178.040000,332.700000,496.910000,64.030000,20.390000,65.010000,,484.220000,557.200000,179.320000,57.370000,1.289000,,,5.430000,0.010700,3.250000,5.120000,0.338200,1459.530000,25.470000,,25.390000,98.830000,41.460000,,,107.040000,,,5.620000,119.540000,42.660000,333.390000,13.040000,41.050000,22.630000,12.140000,448.310000,0.039100,,599.200000,23.220000
2023-05-23,121.220000,1.159000,295.690000,262.610000,89.070000,176.770000,329.690000,497.400000,63.320000,20.310000,64.660000,,481.490000,553.910000,177.690000,56.890000,1.284000,,,5.380000,0.010600,3.230000,5.090000,0.338400,1449.620000,25.250000,,24.890000,97.910000,40.930000,,,106.340000,,,5.580000,118.700000,42.340000,330.900000,12.920000,40.720000,22.450000,12.050000,445.120000,0.038900,,594.640000,23.120000
2023-05-24,120.300000,1.151000,292.340000,260.610000,88.940000,175.430000,326.180000,490.110000,62.610000,20.110000,63.950000,,476.150000,547.050000,174.950000,56.390000,1.266000,,,5.340000,0.010500,3.190000,5.050000,0.334800,1438.240000,25.030000,,24.710000,96.720000,40.220000,,,105.710000,,,5.510000,117.800000,41.570000,328.040000,12.740000,40.490000,22.260000,11.960000,441.740000,0.038700,,590.570000,22.950000
2023-05-25,121.030000,1.158000,292.040000,262.210000,89.380000,176.500000,328.100000,492.510000,63.080000,20.220000,64.290000,,478.800000,550.440000,172.930000,56.780000,1.280000,,,5.380000,0.010600,3.210000,5.080000,0.337200,1446.420000,25.140000,,24.800000,96.850000,40.540000,,,106.790000,,,5.560000,118.510000,41.660000,330.020000,12.870000,40.770000,22.360000,12.040000,444.440000,0.039000,,592.810000,23.080000
2023-05-26,121.640000,1.166000,291.530000,263.510000,90.050000,177.380000,328.660000,493.150000,63.190000,20.270000,64.340000,,479.300000,552.820000,174.810000,57.030000,1.283000,,,5.400000,0.010600,3.200000,5.100000,0.336400,1452.900000,25.210000,,25.140000,96.610000,40.710000,,,106.460000,,,5.600000,119.100000,41.540000,330.340000,12.910000,40.980000,22.420000,12.090000,446.650000,0.039200,,595.400000,23.110000
2023-05-27,121.390000,1.163000,290.900000,262.940000,88.500000,176.990000,327.100000,493.610000,63.130000,20.250000,64.230000,,478.350000,550.820000,174.430000,56.890000,1.286000,,,5.400000,0.010600,3.190000,5.090000,0.335600,1450.030000,25.120000,,25.080000,96.950000,40.500000,,,105.590000,,,5.570000,118.840000,41.410000,329.860000,12.850000,40.810000,22.270000,12.070000,445.680000,0.039100,,592.940000,22.690000
2023-05-30,121.040000,1.160000,290.670000,262.210000,89.000000,176.500000,326.870000,491.870000,62.810000,20.110000,63.950000,,476.270000,548.810000,173.950000,56.770000,1.283000,,,5.380000,0.010600,3.170000,5.070000,0.335800,1445.130000,25.110000,,25.260000,96.580000,39.990000,,,105.220000,,,5.560000,118.510000,41.030000,328.520000,12.790000,40.660000,22.150000,12.150000,444.450000,0.039000,,591.840000,22.590000
2023-05-31,121.740000,1.167000,292.520000,263.760000,89.080000,177.550000,329.370000,495.320000,63.150000,20.250000,64.350000,,479.180000,554.960000,174.300000,57.090000,1.294000,,,5.410000,0.010600,3.190000,5.100000,0.338400,1454.110000,25.230000,,25.460000,97.230000,40.290000,,,105.820000,,,5.530000,119.220000,41.270000,330.730000,12.850000,40.980000,21.920000,12.110000,447.080000,0.039200,,595.340000,22.610000
2023-06-01,122.040000,1.171000,290.480000,264.380000,88.990000,177.960000,328.540000,492.340000,63.050000,20.180000,64.240000,,478.330000,553.800000,174.170000,57.210000,1.290000,,,5.420000,0.010700,3.200000,5.120000,0.337800,1457.950000,25.290000,,25.400000,97.150000,39.820000,,,105.330000,,,5.580000,119.490000,40.990000,330.850000,12.880000,41.110000,21.830000,12.130000,448.130000,0.039400,,596.410000,22.620000
2023-06-02,122.170000,1.172000,292.250000,264.730000,88.760000,178.200000,330.820000,494.020000,63.120000,20.270000,64.530000,,480.440000,558.570000,171.920000,57.290000,1.299000,,,5.450000,0.010700,3.210000,5.120000,0.339600,1458.830000,25.350000,,25.390000,97.320000,40.310000,,,105.750000,,,5.560000,119.640000,41.360000,331.890000,12.920000,41.130000,21.580000,12.150000,448.720000,0.039400,,595.660000,22.720000
2023-06-03,121.950000,1.168000,296.960000,264.250000,89.330000,177.870000,333.860000,494.640000,63.460000,20.360000,64.750000,,482.160000,561.310000,171.610000,57.150000,1.299000,,,5.440000,0.010700,3.230000,5.110000,0.344400,1456.920000,25.310000,,25.570000,97.900000,40.820000,,,106.980000,,,5.540000,119.430000,41.780000,333.230000,12.970000,41.170000,21.450000,12.130000,447.900000,0.039300,,595.700000,22.990000
2023-06-06,122.180000,1.172000,295.570000,264.730000,90.510000,178.190000,333.840000,492.870000,63.040000,20.360000,64.410000,,479.670000,556.180000,173.580000,57.250000,1.301000,,,5.430000,0.010700,3.200000,5.120000,0.343700,1458.030000,25.290000,,25.550000,98.080000,40.500000,,,106.990000,,,5.520000,119.650000,41.210000,331.840000,12.860000,41.170000,21.180000,12.150000,448.710000,0.039300,,598.650000,23.140000
2023-06-07,121.900000,1.170000,297.770000,264.140000,90.870000,177.800000,333.690000,493.560000,62.890000,20.350000,64.260000,,478.690000,555.290000,173.530000,57.090000,1.297000,,,5.420000,0.010700,3.210000,5.120000,0.344300,1455.450000,25.210000,,25.670000,97.220000,40.420000,,,106.590000,,,5.510000,119.390000,41.270000,331.980000,12.870000,41.070000,21.020000,12.120000,447.710000,0.039200,,594.630000,23.250000
2023-06-08,121.610000,1.167000,298.630000,263.510000,90.910000,177.380000,333.590000,492.770000,62.760000,20.240000,64.130000,,477.650000,555.860000,172.650000,56.960000,1.296000,,,5.410000,0.010600,3.210000,5.110000,0.342700,1451.860000,25.140000,,25.750000,97.200000,40.450000,,,106.890000,,,5.490000,119.100000,41.050000,331.470000,12.870000,40.940000,19.290000,12.090000,446.650000,0.039000,,593.640000,23.400000
2023-06-09,121.140000,1.161000,297.200000,262.450000,90.350000,176.660000,333.400000,489.220000,62.390000,20.220000,64.070000,,477.190000,554.190000,172.220000,56.770000,1.293000,,,5.390000,0.010600,3.180000,5.090000,0.341500,1446.760000,25.100000,,25.660000,96.350000,40.550000,,,106.390000,,,5.420000,118.620000,40.860000,330.300000,12.790000,40.700000,19.030000,12.050000,444.850000,0.038900,,591.750000,23.480000
2023-06-10,121.330000,1.162000,298.920000,262.900000,90.510000,176.970000,334.100000,494.150000,62.490000,20.270000,64.350000,,479.400000,558.720000,173.730000,56.850000,1.299000,,,5.400000,0.010600,3.190000,5.090000,0.344600,1450.490000,25.110000,,25.650000,96.620000,41.260000,,,107.300000,,,5.400000,118.830000,41.130000,331.440000,12.880000,40.850000,18.980000,12.070000,445.620000,0.039000,,592.710000,23.730000
2023-06-13,121.810000,1.165000,302.750000,263.910000,91.680000,177.640000,335.830000,495.100000,62.640000,20.320000,64.720000,,482.210000,562.820000,173.720000,57.100000,1.312000,,,5.430000,0.010700,3.220000,5.110000,0.348100,1456.400000,25.190000,,25.890000,96.890000,41.520000,,,108.730000,,,5.430000,119.280000,41.560000,333.270000,12.940000,41.040000,18.910000,12.110000,447.320000,0.039200,,595.880000,24.080000
2023-06-14,122.160000,1.164000,303.810000,264.670000,92.280000,178.160000,335.870000,495.000000,62.720000,20.360000,65.050000,,484.690000,563.600000,174.220000,57.270000,1.307000,,,5.450000,0.010700,3.220000,5.120000,0.351800,1459.920000,25.320000,,25.930000,97.230000,41.540000,,,108.320000,,,5.350000,119.620000,41.630000,334.720000,12.990000,41.160000,19.090000,12.150000,448.620000,0.039200,,597.930000,24.110000
2023-06-15,122.580000,1.166000,305.610000,265.580000,92.580000,178.770000,338.750000,498.680000,62.890000,20.410000,65.270000,,486.310000,569.270000,174.820000,57.490000,1.312000,,,5.480000,0.010700,3.220000,5.140000,0.352500,1465.890000,25.350000,,26.210000,97.460000,42.400000,,,109.090000,,,5.350000,120.030000,42.050000,335.610000,12.990000,41.260000,19.050000,12.190000,450.160000,0.039300,,600.200000,24.390000
2023-06-16,123.020000,1.172000,308.100000,266.560000,93.820000,179.430000,339.180000,501.580000,63.150000,20.620000,65.770000,,490.040000,572.050000,174.720000,57.740000,1.313000,,,5.500000,0.010800,3.200000,5.160000,0.353300,1471.200000,25.380000,,26.380000,97.710000,42.680000,,,109.720000,,,5.390000,120.470000,42.180000,336.700000,12.980000,41.530000,19.090000,12.240000,451.820000,0.039400,,602.640000,24.600000
2023-06-17,122.790000,1.170000,309.920000,266.070000,93.760000,179.100000,341.090000,505.820000,63.430000,20.750000,66.270000,,493.700000,576.860000,174.800000,57.640000,1.320000,,,5.500000,0.010700,3.200000,5.150000,0.354100,1470.270000,25.270000,,26.290000,97.810000,42.930000,,,110.710000,,,5.400000,120.240000,42.540000,337.440000,13.010000,41.340000,19.050000,12.210000,450.990000,0.039400,,601.900000,24.870000
2023-06-20,121.750000,1.160000,306.160000,263.810000,92.770000,177.570000,338.700000,498.660000,62.450000,20.540000,65.480000,,487.710000,572.530000,173.310000,57.210000,1.303000,,,5.460000,0.010600,3.150000,5.110000,0.348900,1455.950000,25.080000,,26.170000,96.680000,42.010000,,,109.650000,,,5.330000,119.220000,41.780000,333.350000,12.850000,40.990000,18.900000,12.110000,447.150000,0.039100,,599.560000,24.570000
2023-06-21,122.060000,1.164000,304.130000,264.480000,93.840000,178.030000,338.900000,499.830000,62.480000,20.610000,65.750000,,489.680000,572.210000,173.090000,57.290000,1.311000,,,5.460000,0.010700,3.170000,5.120000,0.348200,1459.930000,25.090000,,26.170000,96.660000,41.950000,,,110.150000,,,5.330000,119.510000,41.700000,334.030000,12.910000,41.090000,19.120000,12.140000,448.300000,0.039100,,601.100000,24.670000
2023-06-22,121.810000,1.159000,302.710000,263.950000,93.400000,177.670000,338.380000,498.220000,62.240000,20.550000,65.570000,,488.380000,568.150000,172.410000,57.160000,1.319000,,,5.450000,0.010700,3.150000,5.120000,0.345900,1456.380000,24.920000,,26.060000,96.360000,41.730000,,,110.050000,,,5.320000,119.270000,41.550000,332.960000,12.840000,41.010000,18.970000,12.120000,447.400000,0.039000,,598.670000,24.350000
2023-06-23,121.870000,1.160000,304.110000,264.080000,93.980000,177.760000,340.550000,501.140000,62.360000,20.790000,66.120000,,492.380000,572.420000,172.490000,57.170000,1.332000,,,5.460000,0.010700,3.150000,5.130000,0.345800,1457.670000,24.910000,,26.150000,96.300000,42.580000,,,111.160000,,,5.360000,119.330000,42.020000,333.900000,12.770000,41.030000,18.990000,12.120000,447.620000,0.039000,,598.360000,24.410000
2023-06-24,121.720000,1.163000,299.260000,263.750000,93.660000,177.530000,338.700000,497.000000,62.280000,20.520000,65.190000,,485.500000,568.560000,171.940000,57.100000,1.313000,,,5.450000,0.010600,3.120000,5.120000,0.341500,1454.530000,24.960000,,25.920000,95.650000,41.200000,,,109.400000,,,5.320000,119.180000,41.550000,330.510000,12.700000,40.980000,17.630000,12.110000,447.050000,0.039000,,599.420000,23.970000
2023-06-27,122.540000,1.169000,300.240000,265.520000,94.030000,178.730000,341.860000,503.250000,62.200000,20.740000,65.870000,,490.300000,572.930000,173.100000,57.490000,1.329000,,,5.490000,0.010700,3.140000,5.160000,0.344100,1464.230000,24.880000,,26.290000,96.370000,41.760000,,,110.570000,,,5.320000,119.990000,42.010000,332.690000,12.790000,41.290000,17.490000,12.190000,450.060000,0.039300,,600.110000,24.230000
2023-06-28,122.620000,1.169000,301.290000,265.700000,94.460000,178.850000,342.740000,503.310000,62.390000,20.880000,66.170000,,492.740000,572.720000,173.220000,57.500000,1.337000,,,5.490000,0.010700,3.130000,5.160000,0.345900,1466.250000,24.810000,,26.330000,96.600000,41.920000,,,111.310000,,,5.300000,120.080000,42.010000,333.670000,12.770000,41.320000,17.310000,12.200000,450.360000,0.039300,,600.950000,24.390000
2023-06-30,123.660000,1.179000,300.410000,267.920000,93.620000,180.350000,342.350000,506.620000,62.690000,20.940000,66.560000,,495.680000,574.200000,175.340000,57.950000,1.337000,,,5.540000,0.010800,3.150000,5.200000,0.345000,1477.230000,25.010000,,26.590000,97.260000,42.160000,,,111.260000,,,5.220000,121.090000,42.050000,335.550000,12.750000,41.610000,17.430000,12.300000,454.130000,0.039400,,606.300000,24.310000
2023-07-01,123.200000,1.177000,299.700000,266.970000,93.170000,179.700000,341.440000,501.900000,62.310000,20.670000,65.900000,,490.700000,571.660000,175.050000,57.750000,1.323000,,,5.520000,0.010800,3.130000,5.190000,0.342300,1471.390000,24.800000,,26.500000,97.000000,42.100000,,,110.350000,,,5.140000,120.660000,41.600000,333.610000,12.760000,41.510000,17.360000,12.250000,452.510000,0.039300,,603.590000,23.870000
2023-07-02,122.350000,1.167000,299.520000,265.090000,93.890000,178.440000,339.480000,501.880000,61.970000,20.660000,65.870000,,490.220000,570.830000,173.820000,57.340000,1.316000,,,5.470000,0.010700,3.110000,5.150000,0.341700,1461.570000,24.620000,,26.260000,96.320000,41.930000,,,110.680000,,,5.170000,119.810000,41.690000,332.340000,12.740000,41.220000,17.250000,12.290000,449.330000,0.039000,,597.640000,23.870000
2023-07-04,122.010000,1.165000,297.870000,264.380000,93.640000,177.960000,337.980000,498.200000,61.850000,20.580000,65.530000,,487.970000,567.690000,173.690000,57.200000,1.306000,,,5.470000,0.010700,3.100000,5.140000,0.343000,1457.620000,24.540000,,26.190000,96.060000,41.740000,,,110.100000,,,5.010000,119.480000,41.340000,331.380000,12.720000,41.150000,17.190000,12.130000,448.130000,0.039000,,596.040000,23.910000
2023-07-05,121.650000,1.161000,298.720000,263.590000,92.940000,180.160000,337.610000,499.100000,61.880000,20.530000,65.390000,,486.910000,567.240000,173.380000,57.050000,1.298000,,,5.450000,0.010600,3.090000,5.140000,0.343800,1455.250000,24.370000,,26.250000,96.100000,41.950000,,,110.050000,,,4.990000,119.140000,41.300000,331.300000,12.810000,40.910000,17.270000,12.100000,446.790000,0.038800,,594.260000,23.920000
2023-07-06,120.850000,1.150000,296.040000,261.850000,91.690000,176.260000,334.420000,494.140000,61.280000,20.340000,64.930000,,483.470000,564.170000,172.370000,56.720000,1.279000,,,5.400000,0.010600,3.080000,5.080000,0.341300,1445.500000,24.250000,,26.030000,95.450000,41.570000,,,108.620000,,,4.900000,118.340000,40.930000,328.330000,12.720000,40.640000,17.130000,12.020000,443.840000,0.038500,,590.340000,23.650000
2023-07-11,121.130000,1.154000,295.270000,262.470000,91.320000,176.680000,334.730000,500.380000,61.490000,20.450000,65.450000,,487.640000,569.640000,173.110000,56.830000,1.272000,,,5.390000,0.010600,3.120000,5.070000,0.341000,1448.070000,24.440000,,26.020000,95.330000,42.170000,,,109.430000,,,4.850000,118.600000,41.070000,329.890000,12.660000,40.740000,17.050000,12.050000,444.890000,0.038500,,593.550000,23.650000
2023-07-12,120.100000,1.143000,294.400000,260.240000,90.040000,175.180000,332.560000,499.840000,61.260000,20.350000,65.150000,,485.400000,569.560000,172.310000,56.350000,1.279000,,,5.360000,0.010500,3.140000,5.030000,0.341100,1436.610000,24.320000,,25.850000,94.760000,42.340000,,,109.330000,,,4.880000,117.610000,41.230000,328.870000,12.670000,40.360000,17.020000,11.940000,441.110000,0.038200,,589.920000,23.620000
2023-07-13,119.950000,1.141000,294.900000,259.910000,90.780000,174.950000,333.570000,501.710000,61.290000,20.370000,65.170000,,485.620000,569.590000,172.430000,56.280000,1.288000,,,5.360000,0.010500,3.150000,5.020000,0.341900,1435.340000,24.370000,,25.890000,94.780000,42.790000,,,109.300000,,,4.870000,117.450000,41.430000,329.330000,12.620000,40.340000,16.850000,11.930000,440.550000,0.038100,,591.350000,23.860000
2023-07-14,120.720000,1.144000,303.550000,261.590000,92.020000,176.090000,336.750000,513.250000,61.910000,20.830000,66.400000,,494.830000,578.860000,173.880000,56.680000,1.318000,,,5.400000,0.010600,3.200000,5.050000,0.349500,1448.120000,24.630000,,26.260000,96.660000,43.960000,,,111.510000,,,4.920000,118.200000,42.860000,334.570000,12.830000,40.570000,16.950000,12.010000,443.400000,0.038300,,595.820000,24.550000
2023-07-15,121.580000,1.150000,306.730000,263.410000,93.090000,177.310000,340.380000,520.190000,62.550000,21.090000,67.270000,,501.170000,585.420000,175.090000,57.120000,1.337000,,,5.430000,0.010600,3.220000,5.080000,0.352300,1458.510000,24.920000,,26.420000,98.710000,44.810000,,,112.370000,,,4.950000,119.010000,43.590000,338.090000,12.900000,40.850000,17.040000,12.210000,446.480000,0.038600,,603.570000,24.720000
2023-07-18,121.530000,1.150000,303.910000,263.360000,93.200000,177.250000,337.650000,520.270000,62.240000,21.130000,67.350000,,501.730000,584.350000,175.520000,57.130000,1.343000,,,5.440000,0.010600,3.230000,5.080000,0.352500,1457.100000,25.150000,,26.610000,98.380000,44.450000,,,112.900000,,,4.950000,118.970000,43.630000,337.880000,12.900000,40.870000,17.090000,12.210000,446.340000,0.038600,,604.570000,24.750000
2023-07-19,120.940000,1.144000,302.690000,262.040000,92.400000,176.380000,336.680000,517.480000,61.930000,21.040000,67.060000,,499.540000,581.880000,174.660000,56.860000,1.336000,,,5.410000,0.010600,3.210000,5.050000,0.352500,1451.380000,24.680000,,26.550000,97.830000,44.290000,,,112.450000,,,4.910000,118.390000,43.610000,336.220000,12.980000,40.670000,16.560000,12.030000,444.150000,0.038300,,601.530000,24.810000
2023-07-20,120.530000,1.140000,299.610000,261.170000,92.020000,175.800000,335.970000,515.880000,61.340000,20.770000,66.720000,,497.090000,573.090000,174.210000,56.710000,1.327000,,,5.390000,0.010500,3.170000,5.040000,0.349900,1445.060000,25.440000,,26.470000,97.510000,43.910000,,,111.690000,,,4.860000,118.010000,43.170000,333.950000,13.010000,40.500000,16.440000,12.110000,442.680000,0.038200,,600.000000,24.680000
2023-07-21,120.890000,1.144000,303.330000,261.940000,92.670000,176.320000,338.300000,517.410000,61.880000,20.790000,66.810000,,497.800000,573.370000,174.800000,56.830000,1.316000,,,5.420000,0.010600,3.180000,5.050000,0.349300,1449.050000,25.590000,,26.500000,97.800000,44.600000,,,111.810000,,,4.890000,118.370000,43.410000,335.770000,13.070000,40.550000,16.490000,12.020000,443.990000,0.038400,,599.470000,24.990000
2023-07-22,121.110000,1.149000,300.340000,262.420000,92.710000,176.650000,337.820000,513.460000,61.960000,20.600000,66.430000,,494.940000,572.290000,174.440000,56.900000,1.301000,,,5.430000,0.010600,3.140000,5.060000,0.346500,1448.940000,25.790000,,26.170000,97.610000,44.310000,,,111.430000,,,4.920000,118.600000,42.800000,334.720000,12.920000,40.620000,16.630000,12.160000,444.810000,0.038400,,600.960000,24.660000
2023-07-25,121.220000,1.155000,300.050000,262.680000,93.160000,176.820000,337.530000,514.310000,61.880000,20.470000,66.220000,,493.370000,571.240000,173.920000,56.990000,1.303000,,,5.440000,0.010600,3.150000,5.070000,0.347500,1450.770000,25.810000,,26.320000,97.430000,44.160000,,,110.800000,,,4.930000,118.710000,42.740000,334.570000,12.920000,40.810000,16.520000,12.060000,445.240000,0.038400,,599.240000,24.770000
2023-07-26,121.180000,1.153000,301.040000,262.570000,94.150000,176.740000,337.700000,511.920000,62.330000,20.420000,65.960000,,491.390000,571.190000,173.850000,56.980000,1.299000,,,5.440000,0.010600,3.150000,5.070000,0.348700,1450.270000,25.580000,,26.440000,97.600000,44.180000,,,110.770000,,,4.940000,118.660000,42.800000,334.930000,12.910000,40.760000,16.620000,12.050000,445.060000,0.038500,,598.460000,25.160000
2023-07-27,120.980000,1.149000,300.340000,262.120000,93.530000,176.440000,336.400000,515.780000,62.110000,20.450000,66.040000,,492.010000,573.620000,173.550000,56.930000,1.286000,,,5.420000,0.010600,3.170000,5.060000,0.348600,1448.090000,25.320000,,26.250000,97.710000,44.030000,,,111.130000,,,4.940000,118.450000,42.720000,334.910000,12.970000,40.760000,16.590000,12.030000,444.290000,0.038300,,597.030000,25.120000
2023-08-22,123.170000,1.175000,289.950000,266.870000,91.060000,179.640000,334.600000,514.320000,62.000000,20.540000,66.180000,,493.050000,576.240000,174.920000,57.720000,1.290000,,,5.440000,0.010800,3.100000,5.120000,0.336900,1468.920000,25.530000,,26.510000,97.340000,42.750000,,,110.220000,,,4.800000,120.610000,41.380000,333.410000,12.870000,41.230000,16.760000,12.250000,452.340000,0.037500,,601.560000,23.840000
2023-08-29,126.360000,1.206000,297.220000,273.780000,95.270000,184.290000,341.290000,525.000000,63.630000,20.780000,67.300000,,501.450000,583.590000,178.620000,59.150000,1.311000,,,5.620000,0.011000,3.170000,5.260000,0.349800,1504.700000,26.100000,,27.750000,99.750000,43.330000,,,112.110000,,,4.870000,123.700000,42.060000,341.890000,13.160000,42.300000,17.590000,12.570000,464.050000,0.038500,,615.720000,24.790000
2023-08-30,125.630000,1.199000,297.670000,272.240000,94.690000,183.250000,339.270000,522.170000,63.300000,20.650000,66.960000,,498.960000,582.060000,177.610000,58.810000,1.307000,,,5.580000,0.011000,3.150000,5.230000,0.348700,1496.630000,25.970000,,27.520000,99.380000,43.200000,,,111.600000,,,4.830000,123.020000,42.040000,340.870000,13.140000,42.060000,17.330000,12.490000,461.440000,0.038300,,612.010000,24.960000
2023-09-01,125.170000,1.194000,297.330000,271.200000,94.030000,182.550000,339.300000,521.070000,63.060000,20.740000,67.080000,,499.820000,583.070000,176.460000,58.600000,1.315000,,,5.550000,0.010900,3.150000,5.210000,0.347100,1491.480000,25.920000,,27.460000,99.140000,43.110000,,,111.880000,,,4.770000,122.560000,42.110000,340.230000,13.130000,41.940000,17.230000,12.450000,459.690000,0.038100,,611.450000,24.510000
2023-09-02,124.260000,1.186000,295.330000,269.260000,92.110000,181.240000,338.040000,517.160000,62.850000,20.530000,66.450000,,495.090000,578.610000,175.200000,58.180000,1.288000,,,5.520000,0.010900,3.140000,5.170000,0.346300,1481.450000,25.740000,,26.610000,98.250000,43.020000,,,110.670000,,,4.740000,121.690000,41.640000,337.990000,13.040000,41.600000,17.200000,12.360000,456.390000,0.037700,,606.970000,24.350000
2023-09-05,125.110000,1.194000,297.080000,271.100000,92.900000,182.490000,337.960000,519.820000,63.210000,20.570000,66.560000,,496.010000,580.330000,176.410000,58.660000,1.297000,,,5.550000,0.010900,3.140000,5.210000,0.348300,1490.350000,25.890000,,26.880000,98.780000,43.150000,,,111.100000,,,4.760000,122.520000,41.720000,339.330000,13.050000,41.970000,17.160000,12.440000,459.520000,0.038000,,611.170000,24.310000
2023-09-06,125.230000,1.195000,293.280000,271.370000,93.160000,182.670000,336.930000,518.160000,62.980000,20.480000,66.330000,,494.280000,577.310000,176.590000,58.670000,1.285000,,,5.540000,0.011000,3.130000,5.210000,0.344800,1491.620000,25.910000,,26.700000,98.710000,42.930000,,,110.330000,,,4.710000,122.630000,41.520000,337.920000,12.980000,41.930000,17.170000,12.450000,459.970000,0.038000,,611.770000,24.000000
2023-09-07,125.640000,1.204000,294.890000,272.220000,92.890000,183.240000,337.910000,518.500000,63.160000,20.450000,66.410000,,495.140000,579.160000,177.330000,58.830000,1.275000,,,5.550000,0.011000,3.130000,5.230000,0.346100,1496.040000,25.920000,,26.300000,98.760000,43.060000,,,110.020000,,,4.720000,123.010000,41.540000,338.900000,12.990000,42.060000,17.210000,12.490000,461.410000,0.038100,,610.370000,23.990000
2023-09-08,126.460000,1.213000,296.480000,274.030000,93.300000,184.460000,340.350000,520.950000,63.390000,20.440000,66.730000,,497.640000,579.110000,178.540000,59.250000,1.275000,,,5.580000,0.011100,3.150000,5.260000,0.347800,1506.440000,26.020000,,26.550000,99.310000,43.320000,,,108.420000,,,4.720000,123.840000,41.810000,340.500000,13.050000,42.340000,17.310000,12.580000,464.480000,0.038300,,614.430000,24.190000
2023-09-09,126.970000,1.212000,298.150000,275.100000,93.690000,185.180000,341.230000,523.040000,63.570000,20.490000,66.910000,,499.070000,581.980000,179.240000,59.480000,1.294000,,,5.620000,0.011100,3.170000,5.280000,0.349600,1512.460000,26.120000,,26.680000,99.760000,43.700000,,,108.200000,,,4.770000,124.320000,41.860000,341.930000,13.130000,42.580000,17.370000,12.630000,466.290000,0.038500,,615.550000,24.420000
2023-09-12,126.020000,1.208000,297.720000,273.090000,92.880000,183.820000,340.550000,519.210000,63.450000,20.340000,66.620000,,496.720000,580.080000,178.310000,59.090000,1.292000,,,5.580000,0.011000,3.160000,5.240000,0.348000,1500.710000,25.920000,,26.410000,99.050000,43.490000,,,107.210000,,,4.810000,123.410000,41.840000,340.150000,13.040000,42.470000,17.230000,12.530000,462.880000,0.038100,,610.930000,24.460000
2023-09-13,125.380000,1.202000,295.870000,271.680000,93.400000,182.880000,339.250000,516.430000,63.170000,20.070000,66.190000,,493.700000,574.200000,177.460000,58.810000,1.280000,,,5.560000,0.011000,3.140000,5.210000,0.346800,1492.320000,25.730000,,26.630000,98.500000,43.180000,,,105.570000,,,4.870000,122.770000,41.560000,338.300000,12.940000,42.050000,17.150000,12.590000,460.500000,0.037900,,608.920000,24.360000
2023-09-14,126.330000,1.211000,297.320000,273.730000,93.790000,184.260000,342.240000,519.630000,63.740000,20.350000,66.730000,,497.760000,578.170000,178.660000,59.290000,1.295000,,,5.590000,0.011000,3.150000,5.250000,0.349000,1503.060000,25.920000,,26.900000,99.200000,43.410000,,,107.620000,,,4.840000,123.700000,41.710000,340.810000,12.990000,42.300000,17.290000,12.560000,463.980000,0.038100,,613.130000,24.540000
2023-09-15,126.930000,1.217000,299.710000,275.030000,94.830000,185.130000,344.550000,521.980000,64.070000,20.460000,67.050000,,500.070000,580.860000,178.610000,59.560000,1.301000,,,5.620000,0.011100,3.160000,5.270000,0.351500,1510.040000,26.120000,,27.200000,99.630000,43.450000,,,107.940000,,,4.850000,124.290000,41.900000,342.580000,13.030000,42.530000,17.300000,12.620000,466.180000,0.038400,,616.590000,24.680000
2023-09-16,127.230000,1.221000,301.540000,275.690000,95.950000,185.570000,345.990000,521.940000,64.210000,20.370000,66.830000,,498.220000,580.840000,179.040000,59.710000,1.299000,,,5.620000,0.011100,3.160000,5.270000,0.351800,1512.750000,26.180000,,27.320000,99.810000,43.640000,,,107.560000,,,4.840000,124.580000,41.830000,342.970000,13.050000,42.600000,17.460000,12.650000,467.290000,0.038500,,617.960000,24.550000
2023-09-19,127.780000,1.227000,302.050000,276.880000,96.410000,186.370000,347.480000,524.080000,64.330000,20.480000,67.190000,,500.800000,581.940000,180.020000,60.010000,1.304000,,,5.640000,0.011200,3.180000,5.290000,0.354200,1519.440000,26.250000,,27.510000,100.130000,43.320000,,,107.980000,,,4.870000,125.120000,41.850000,343.990000,13.130000,42.780000,17.370000,12.710000,469.310000,0.038600,,618.890000,24.680000
2023-09-20,128.380000,1.232000,304.320000,278.140000,97.120000,187.220000,350.680000,525.940000,64.660000,20.620000,67.610000,,503.930000,583.990000,180.490000,60.310000,1.315000,,,5.670000,0.011200,3.190000,5.310000,0.355700,1527.160000,26.310000,,27.610000,100.440000,43.820000,,,108.380000,,,4.900000,125.690000,42.430000,345.920000,13.120000,43.050000,17.440000,12.760000,471.450000,0.038800,,621.820000,24.880000
2023-09-21,128.840000,1.236000,306.130000,279.190000,97.240000,187.930000,352.360000,527.680000,64.860000,20.760000,67.930000,,506.110000,585.470000,178.910000,60.490000,1.320000,,,5.700000,0.011300,3.200000,5.330000,0.356600,1532.890000,26.350000,,27.750000,101.050000,44.070000,,,108.820000,,,4.900000,126.160000,42.630000,347.110000,13.130000,43.140000,17.500000,12.810000,473.220000,0.039000,,624.670000,25.000000
2023-09-22,129.600000,1.235000,304.850000,280.800000,97.560000,189.020000,352.590000,524.990000,65.150000,20.760000,68.030000,,506.950000,584.950000,178.930000,60.860000,1.311000,,,5.730000,0.011300,3.210000,5.370000,0.355000,1540.570000,26.370000,,27.880000,101.510000,44.130000,,,109.740000,,,4.960000,126.900000,42.630000,347.970000,13.170000,43.390000,17.730000,12.890000,475.960000,0.039200,,628.100000,25.210000
2023-09-23,129.400000,1.243000,306.010000,280.380000,96.270000,188.730000,353.080000,524.440000,65.080000,20.740000,67.820000,,505.520000,581.660000,178.670000,60.770000,1.307000,,,5.730000,0.011300,3.200000,5.360000,0.355900,1537.930000,26.290000,,27.680000,101.440000,44.220000,,,109.840000,,,4.950000,126.700000,42.480000,348.070000,13.200000,43.320000,17.510000,12.870000,475.250000,0.039100,,625.720000,25.240000
2023-09-26,129.050000,1.238000,304.480000,279.630000,96.050000,188.230000,351.960000,521.030000,64.830000,20.660000,67.600000,,504.030000,579.580000,180.220000,60.640000,1.293000,,,5.700000,0.011300,3.190000,5.340000,0.354200,1534.260000,26.190000,,27.480000,101.210000,44.100000,,,109.950000,,,4.930000,126.360000,42.890000,347.030000,13.120000,43.210000,17.420000,12.960000,473.980000,0.038900,,623.720000,25.270000
2023-09-27,129.850000,1.234000,305.690000,281.350000,95.950000,189.380000,353.540000,522.790000,65.240000,20.730000,67.770000,,505.270000,581.040000,180.640000,60.970000,1.300000,,,5.730000,0.011400,3.200000,5.380000,0.353300,1543.430000,26.420000,,27.340000,101.730000,44.180000,,,109.520000,,,4.950000,127.130000,43.260000,348.810000,13.120000,43.470000,17.500000,12.910000,476.890000,0.039100,,627.420000,25.210000
2023-09-28,131.450000,1.248000,307.720000,284.820000,96.810000,191.720000,356.710000,526.810000,66.020000,20.850000,68.370000,,509.710000,586.520000,182.180000,61.730000,1.309000,,,5.800000,0.011500,3.240000,5.440000,0.357200,1561.300000,26.700000,,27.550000,102.590000,44.820000,,,110.480000,,,5.000000,128.710000,43.880000,352.390000,13.220000,44.010000,17.760000,13.200000,482.770000,0.039700,,634.050000,25.200000
2023-09-29,130.030000,1.234000,304.980000,281.750000,94.690000,189.650000,354.120000,520.850000,65.390000,20.640000,67.510000,,503.220000,582.350000,180.220000,61.020000,1.278000,,,5.740000,0.011400,3.200000,5.380000,0.352400,1545.580000,26.390000,,27.060000,101.480000,44.600000,,,108.630000,,,4.920000,127.330000,43.420000,348.690000,13.000000,43.570000,17.420000,12.930000,477.570000,0.039300,,626.210000,24.900000
2023-09-30,129.190000,1.209000,308.070000,279.920000,94.270000,188.420000,353.500000,520.820000,64.990000,20.670000,67.540000,,503.510000,581.750000,179.050000,60.600000,1.287000,,,5.710000,0.011300,3.180000,5.350000,0.353000,1536.050000,26.140000,,27.240000,101.090000,44.770000,,,108.630000,,,4.880000,126.520000,43.840000,348.470000,13.030000,43.250000,17.310000,12.850000,474.470000,0.039000,,622.180000,25.270000
2023-10-03,130.240000,1.236000,305.950000,282.210000,95.060000,145.610000,351.520000,524.100000,65.520000,20.640000,67.600000,,504.040000,581.720000,180.510000,61.070000,1.302000,,,5.750000,0.011400,3.200000,5.390000,0.352900,1547.610000,26.370000,,27.400000,101.450000,44.660000,,,109.440000,,,4.860000,127.550000,43.560000,348.800000,12.950000,43.610000,17.500000,12.950000,478.350000,0.039200,,629.020000,25.140000
2023-10-04,129.940000,1.182000,301.190000,281.560000,94.260000,145.230000,347.930000,518.020000,65.370000,20.450000,67.090000,,500.250000,576.470000,179.890000,60.950000,1.295000,,,5.740000,0.011400,3.180000,5.380000,0.351000,1543.250000,26.370000,,27.050000,101.070000,43.920000,,,108.350000,,,4.810000,127.250000,43.140000,347.470000,12.890000,43.510000,17.360000,13.040000,477.250000,0.039200,,625.560000,24.740000
2023-10-05,129.760000,1.140000,301.250000,281.170000,92.230000,145.030000,347.980000,518.880000,65.280000,20.480000,67.080000,,500.230000,577.910000,179.640000,60.860000,1.288000,,,5.730000,0.011300,3.200000,5.370000,0.351700,1541.320000,26.300000,,26.430000,100.780000,43.610000,,,107.930000,,,4.790000,127.070000,43.100000,347.420000,12.860000,43.560000,17.290000,13.030000,476.590000,0.039100,,622.950000,24.730000
2023-10-06,130.000000,1.115000,302.410000,281.680000,92.620000,145.250000,346.550000,520.650000,65.390000,20.570000,67.280000,,501.600000,578.750000,180.170000,60.980000,1.294000,,,5.740000,0.011400,3.210000,5.380000,0.353000,1543.560000,26.350000,,26.430000,101.050000,43.340000,,,109.220000,,,4.790000,127.300000,43.250000,348.010000,12.930000,43.600000,17.400000,13.040000,477.440000,0.039200,,625.110000,24.460000
2023-10-07,130.260000,1.146000,304.230000,282.260000,92.610000,145.550000,348.910000,524.250000,65.530000,20.650000,67.700000,,504.840000,583.780000,180.880000,61.090000,1.306000,,,5.750000,0.011400,3.210000,5.390000,0.355200,1548.620000,26.390000,,26.270000,101.580000,43.650000,,,109.750000,,,4.770000,127.560000,43.530000,350.010000,12.920000,43.610000,17.440000,13.070000,478.430000,0.039300,,626.800000,24.680000
2023-10-10,129.890000,1.166000,303.430000,281.430000,92.700000,145.120000,349.230000,523.970000,65.480000,20.560000,67.390000,,502.450000,581.390000,180.690000,60.920000,1.296000,,,5.730000,0.011400,3.200000,5.360000,0.353300,1543.450000,26.280000,,26.090000,100.870000,43.850000,,,109.680000,,,4.730000,127.180000,43.320000,348.390000,12.850000,43.480000,17.220000,13.060000,477.020000,0.039200,,625.910000,24.620000
2023-10-11,129.940000,1.184000,306.080000,281.540000,92.920000,145.130000,351.170000,527.830000,65.410000,20.640000,67.850000,,505.890000,585.390000,180.080000,61.030000,1.306000,,,5.730000,0.011400,3.210000,5.370000,0.354300,1544.420000,26.390000,,26.220000,100.950000,44.110000,,,110.940000,,,4.810000,127.230000,43.810000,349.730000,12.990000,43.580000,17.210000,13.080000,477.210000,0.039300,,626.160000,24.940000
2023-10-12,129.810000,1.202000,306.050000,281.290000,94.380000,145.000000,350.500000,528.290000,65.290000,20.590000,67.810000,,505.530000,585.680000,179.240000,60.980000,1.307000,,,5.730000,0.011400,3.210000,5.360000,0.355900,1542.780000,26.370000,,26.650000,101.100000,44.090000,,,111.950000,,,4.780000,127.120000,43.760000,349.850000,13.100000,43.460000,17.190000,13.070000,476.780000,0.039100,,626.540000,25.210000
2023-10-13,129.540000,1.207000,304.980000,280.700000,94.220000,144.700000,350.150000,528.760000,65.190000,20.570000,67.760000,,505.180000,585.110000,178.860000,60.830000,1.309000,,,5.720000,0.011300,3.190000,5.350000,0.355800,1539.290000,26.400000,,26.700000,101.100000,43.860000,,,111.420000,,,4.910000,126.850000,43.730000,349.220000,13.140000,43.370000,17.150000,13.060000,475.780000,0.039000,,625.590000,25.300000
2023-10-14,129.860000,1.202000,301.070000,281.400000,94.530000,145.060000,348.900000,525.600000,65.280000,20.380000,67.350000,,502.210000,581.440000,179.180000,60.960000,1.296000,,,5.730000,0.011400,3.190000,5.350000,0.352600,1541.730000,26.540000,,26.570000,100.950000,43.610000,,,110.540000,,,4.910000,127.160000,43.480000,348.440000,13.110000,43.480000,17.160000,13.120000,476.980000,0.039100,,627.400000,25.120000
2023-10-17,129.770000,1.188000,301.380000,281.200000,93.800000,144.960000,349.420000,528.020000,65.180000,20.340000,67.300000,,501.850000,578.930000,179.190000,60.970000,1.298000,,,5.730000,0.011300,3.190000,5.350000,0.351700,1540.730000,26.480000,,26.520000,100.680000,43.570000,,,111.580000,,,4.900000,127.080000,43.480000,348.060000,13.150000,43.450000,17.100000,13.110000,476.640000,0.039100,,624.360000,25.250000
2023-10-18,129.900000,1.192000,303.070000,281.490000,94.690000,145.110000,350.050000,529.250000,65.240000,20.440000,67.480000,,503.500000,580.370000,178.700000,60.990000,1.307000,,,5.730000,0.011400,3.190000,5.350000,0.352500,1543.780000,26.420000,,26.580000,100.790000,43.560000,,,113.660000,,,4.900000,127.200000,43.660000,348.420000,13.130000,43.490000,17.090000,13.120000,477.120000,0.039200,,625.180000,25.350000
2023-10-19,130.150000,1.193000,304.810000,282.000000,94.870000,145.370000,350.840000,532.340000,65.360000,20.500000,67.720000,,505.140000,582.910000,179.220000,61.070000,1.316000,,,5.740000,0.011400,3.190000,5.350000,0.353700,1545.740000,26.380000,,26.570000,100.800000,43.690000,,,113.570000,,,4.910000,127.440000,43.700000,349.150000,13.180000,43.650000,17.070000,13.060000,477.990000,0.039200,,626.690000,25.430000
2023-10-20,130.530000,1.197000,302.260000,282.830000,94.760000,145.800000,349.110000,533.670000,65.520000,20.460000,67.750000,,505.480000,580.270000,179.550000,61.280000,1.315000,,,5.760000,0.011400,3.200000,5.370000,0.352800,1549.650000,26.470000,,26.160000,100.630000,43.230000,,,113.470000,,,4.930000,127.820000,43.430000,348.980000,13.150000,43.780000,17.120000,13.100000,479.400000,0.039400,,628.570000,25.120000
2023-10-21,130.430000,1.195000,302.430000,282.630000,94.590000,145.700000,349.860000,537.300000,65.480000,20.560000,67.990000,,507.230000,580.810000,179.420000,61.240000,1.323000,,,5.770000,0.011400,3.190000,5.360000,0.354500,1549.100000,26.420000,,26.100000,100.540000,43.420000,,,113.590000,,,5.010000,127.720000,43.640000,349.250000,13.140000,43.750000,17.100000,13.120000,479.060000,0.039200,,627.690000,25.120000
2023-10-24,130.350000,1.196000,301.190000,282.460000,95.140000,145.610000,348.930000,536.320000,65.430000,20.570000,67.950000,,507.020000,581.560000,179.450000,61.180000,1.330000,,,5.760000,0.011400,3.190000,5.360000,0.353900,1548.870000,26.380000,,26.070000,99.950000,43.010000,,,113.710000,,,5.070000,127.630000,43.360000,348.680000,13.110000,43.680000,17.070000,13.100000,478.770000,0.039300,,627.890000,25.030000
2023-10-25,129.560000,1.186000,302.740000,280.740000,94.910000,144.720000,347.650000,532.820000,65.090000,20.540000,67.820000,,505.980000,582.500000,178.090000,60.840000,1.327000,,,5.730000,0.011300,3.180000,5.330000,0.354100,1541.450000,26.320000,,26.260000,99.490000,42.880000,,,113.570000,,,5.080000,126.860000,43.220000,348.330000,13.160000,43.420000,17.010000,13.020000,475.860000,0.039000,,624.590000,24.940000
2023-10-27,129.680000,1.203000,300.630000,280.990000,95.360000,144.850000,345.310000,530.200000,65.070000,20.320000,67.300000,,502.140000,575.770000,177.780000,60.890000,1.310000,,,5.730000,0.011300,3.170000,5.330000,0.350800,1539.710000,26.460000,,25.980000,99.550000,42.500000,,,112.330000,,,5.090000,126.960000,42.620000,347.420000,13.140000,43.700000,16.920000,13.060000,476.280000,0.039100,,624.520000,24.960000
2023-10-28,128.060000,1.171000,298.830000,277.460000,94.320000,143.030000,340.870000,522.790000,64.260000,20.160000,66.580000,,496.780000,570.710000,175.550000,60.140000,1.298000,,,5.650000,0.011200,3.140000,5.270000,0.347100,1521.070000,26.100000,,26.030000,98.470000,42.090000,,,111.410000,,,5.040000,125.360000,42.160000,343.490000,12.980000,42.990000,16.690000,12.920000,470.300000,0.038600,,615.700000,24.940000
2023-10-31,128.470000,1.175000,300.530000,278.390000,94.120000,143.510000,340.870000,522.560000,64.490000,20.280000,66.910000,,499.290000,572.240000,176.270000,60.330000,1.306000,,,5.670000,0.011200,3.150000,5.280000,0.350100,1526.000000,26.190000,,26.190000,99.130000,42.330000,,,112.280000,,,5.070000,125.790000,42.310000,345.490000,13.130000,43.290000,16.710000,12.970000,471.870000,0.038700,,618.290000,25.150000
2023-11-01,127.870000,1.171000,299.040000,277.090000,93.040000,142.840000,340.000000,520.810000,64.210000,20.420000,67.140000,,501.090000,572.620000,175.250000,60.030000,1.311000,,,5.640000,0.011200,3.120000,5.260000,0.348500,1519.330000,26.010000,,26.090000,98.630000,42.230000,,,112.690000,,,5.110000,125.190000,42.370000,344.210000,13.070000,42.930000,16.680000,12.950000,469.670000,0.038500,,616.070000,25.040000
2023-11-02,127.990000,1.169000,297.760000,277.340000,93.360000,142.970000,338.510000,516.980000,64.230000,20.150000,66.440000,,495.850000,570.550000,174.750000,60.100000,1.297000,,,5.650000,0.011200,3.110000,5.260000,0.346000,1519.750000,26.060000,,26.110000,98.570000,41.930000,,,111.200000,,,5.050000,125.310000,41.980000,342.930000,12.980000,43.010000,16.600000,12.970000,470.090000,0.038500,,617.760000,25.120000
2023-11-03,127.460000,1.166000,301.480000,276.180000,94.500000,142.370000,339.050000,518.470000,63.970000,20.180000,66.640000,,497.340000,570.420000,173.900000,59.820000,1.301000,,,5.630000,0.011100,3.110000,5.240000,0.350200,1515.230000,26.010000,,26.480000,98.550000,42.020000,,,111.600000,,,5.030000,124.790000,42.120000,343.080000,13.040000,42.750000,16.520000,12.910000,468.130000,0.038300,,612.830000,25.470000
2023-11-04,126.640000,1.159000,299.600000,274.420000,93.870000,141.460000,338.510000,514.420000,63.580000,20.260000,66.370000,,495.140000,568.120000,173.240000,59.430000,1.300000,,,5.590000,0.011100,3.090000,5.210000,0.352700,1506.430000,25.800000,,26.560000,98.420000,41.720000,,,111.240000,,,5.010000,124.020000,42.080000,341.740000,13.030000,42.670000,16.480000,12.870000,465.140000,0.038000,,611.130000,25.230000
2023-11-07,125.910000,1.153000,300.600000,272.840000,94.360000,140.650000,338.820000,515.160000,63.620000,20.330000,66.610000,,496.730000,573.130000,172.880000,59.120000,1.308000,,,5.560000,0.011000,3.090000,5.180000,0.356300,1498.330000,25.940000,,26.450000,99.820000,42.010000,,,111.200000,,,5.010000,123.280000,42.630000,342.610000,13.010000,42.430000,16.260000,12.840000,462.460000,0.037800,,607.980000,25.320000
2023-11-08,126.460000,1.157000,298.250000,274.040000,95.160000,141.260000,337.880000,516.040000,63.770000,20.180000,66.540000,,496.170000,571.370000,173.970000,59.400000,1.311000,,,5.580000,0.011100,3.090000,5.200000,0.354500,1504.270000,26.140000,,26.450000,99.510000,41.610000,,,111.490000,,,5.030000,123.820000,42.390000,342.870000,13.060000,42.500000,16.310000,12.890000,464.490000,0.037900,,613.770000,25.280000
2023-11-09,127.090000,1.162000,299.820000,275.390000,95.800000,141.960000,338.600000,517.560000,64.120000,20.220000,66.760000,,497.780000,571.720000,174.500000,59.710000,1.317000,,,5.610000,0.011100,3.100000,5.230000,0.355500,1511.720000,26.250000,,26.610000,99.740000,41.630000,,,111.690000,,,5.070000,124.440000,42.580000,344.090000,13.120000,42.630000,16.440000,12.950000,466.790000,0.038000,,614.660000,25.200000
2023-11-10,127.440000,1.166000,299.830000,276.140000,95.320000,142.350000,339.460000,519.770000,64.250000,20.350000,67.140000,,500.670000,575.650000,174.840000,59.940000,1.322000,,,5.620000,0.011100,3.100000,5.240000,0.356500,1516.100000,26.290000,,26.660000,99.800000,41.890000,,,112.750000,,,5.090000,124.790000,43.040000,345.020000,13.150000,42.860000,16.500000,12.990000,468.050000,0.038100,,616.220000,25.190000
2023-11-11,127.400000,1.165000,297.440000,276.050000,94.830000,142.300000,338.940000,518.620000,64.170000,20.410000,66.980000,,499.480000,571.590000,175.570000,59.900000,1.326000,,,5.610000,0.011100,3.090000,5.240000,0.354800,1515.370000,26.290000,,26.290000,99.430000,42.000000,,,113.030000,,,5.080000,124.750000,42.890000,344.150000,13.040000,42.730000,16.390000,12.980000,467.900000,0.038100,,615.990000,25.000000
2023-11-14,126.850000,1.160000,296.960000,274.860000,95.060000,141.690000,337.360000,516.450000,63.920000,20.240000,66.770000,,497.990000,570.300000,174.490000,59.650000,1.322000,,,5.590000,0.011100,3.070000,5.220000,0.352400,1508.470000,26.100000,,26.340000,99.000000,41.880000,,,112.320000,,,5.060000,124.230000,42.800000,342.590000,12.940000,42.700000,16.300000,12.890000,465.890000,0.038000,,612.810000,24.910000
2023-11-15,126.250000,1.153000,295.620000,273.540000,94.480000,141.010000,335.540000,514.310000,63.620000,20.240000,66.610000,,496.750000,570.340000,173.650000,59.390000,1.319000,,,5.580000,0.011000,3.060000,5.190000,0.349300,1501.360000,25.960000,,26.430000,98.310000,41.760000,,,112.530000,,,5.070000,123.620000,42.750000,340.940000,12.870000,42.420000,16.200000,12.760000,463.650000,0.037800,,610.160000,24.800000
2023-11-16,125.680000,1.163000,300.180000,272.290000,94.860000,140.360000,336.960000,519.100000,63.680000,20.440000,67.150000,,500.760000,575.160000,172.530000,59.110000,1.330000,,,5.550000,0.011000,3.070000,5.170000,0.354400,1497.500000,25.990000,,26.660000,98.830000,42.530000,,,114.100000,,,5.170000,123.070000,43.670000,342.200000,13.030000,42.300000,16.100000,12.720000,461.530000,0.037600,,608.050000,25.360000
2023-11-17,125.670000,1.148000,299.820000,272.300000,94.930000,140.370000,336.970000,519.120000,63.680000,20.480000,67.150000,,500.780000,572.370000,172.540000,59.140000,1.331000,,,5.550000,0.011000,3.050000,5.170000,0.357800,1496.300000,26.050000,,26.730000,98.520000,42.690000,,,114.230000,,,5.190000,123.080000,43.710000,342.270000,13.020000,42.310000,16.090000,12.720000,461.550000,0.037600,,612.180000,25.340000
2023-11-18,126.000000,1.152000,300.170000,273.030000,95.160000,140.750000,336.800000,521.450000,63.960000,20.550000,67.350000,,502.170000,574.230000,173.200000,59.350000,1.332000,,,5.560000,0.011000,3.090000,5.180000,0.358000,1500.960000,26.150000,,26.900000,98.930000,42.390000,,,114.780000,,,5.200000,123.400000,43.800000,343.950000,13.190000,42.420000,16.120000,12.820000,462.790000,0.037700,,613.000000,25.200000
2023-11-21,125.940000,1.152000,303.530000,272.900000,94.290000,140.680000,337.680000,524.090000,64.570000,20.650000,67.850000,,505.810000,578.520000,173.240000,59.340000,1.335000,,,5.550000,0.011000,3.120000,5.190000,0.358800,1501.530000,26.250000,,26.970000,99.160000,43.090000,,,115.830000,,,5.240000,123.340000,44.190000,345.430000,13.180000,42.480000,16.160000,12.830000,462.560000,0.037700,,613.790000,25.200000
2023-11-22,125.000000,1.144000,300.990000,270.820000,94.560000,139.610000,334.360000,519.220000,64.330000,20.500000,67.380000,,502.330000,575.180000,171.600000,58.880000,1.321000,,,5.510000,0.010900,3.110000,5.150000,0.355000,1490.730000,26.010000,,26.820000,98.720000,43.030000,,,115.130000,,,5.220000,122.400000,44.060000,343.360000,13.030000,42.110000,15.940000,12.730000,459.040000,0.037500,,611.110000,24.970000
2023-11-23,124.390000,1.138000,299.360000,269.520000,93.220000,138.930000,333.210000,516.600000,63.890000,20.330000,66.810000,,497.990000,572.360000,170.140000,58.590000,1.307000,,,5.480000,0.010900,3.060000,5.130000,0.350500,1482.540000,25.880000,,26.530000,97.720000,42.660000,,,113.680000,,,5.180000,121.810000,43.640000,340.660000,12.970000,41.950000,15.850000,12.680000,456.830000,0.037200,,609.120000,24.420000
2023-11-24,125.570000,1.149000,302.530000,272.080000,93.990000,140.250000,337.060000,522.390000,64.590000,20.660000,67.570000,,503.640000,579.000000,171.760000,59.150000,1.327000,,,5.530000,0.011000,3.090000,5.190000,0.355100,1497.010000,26.080000,,26.840000,98.650000,42.960000,,,115.370000,,,5.230000,122.960000,44.000000,344.410000,13.080000,42.350000,16.000000,12.800000,461.170000,0.037500,,613.780000,24.650000
2023-11-25,126.100000,1.154000,303.830000,273.210000,94.430000,140.840000,338.220000,523.800000,64.730000,20.700000,67.710000,,504.860000,581.090000,172.470000,59.420000,1.329000,,,5.550000,0.011000,3.090000,5.210000,0.354300,1502.610000,26.070000,,26.990000,98.890000,43.020000,,,115.500000,,,5.210000,123.470000,44.120000,345.250000,13.060000,42.520000,16.040000,12.850000,463.090000,0.037700,,616.340000,24.460000
2023-11-28,125.080000,1.145000,303.000000,271.010000,93.710000,139.710000,336.510000,521.180000,64.200000,20.640000,67.460000,,502.920000,579.170000,171.280000,58.960000,1.324000,,,5.510000,0.010900,3.080000,5.180000,0.352400,1490.440000,25.920000,,26.880000,98.180000,42.930000,,,115.520000,,,5.180000,122.490000,44.140000,343.400000,13.090000,42.180000,15.890000,12.670000,459.370000,0.037400,,611.380000,24.520000
2023-11-29,125.000000,1.144000,303.840000,270.820000,93.750000,139.610000,337.980000,521.100000,64.180000,20.670000,67.460000,,502.920000,579.630000,170.960000,58.880000,1.325000,,,5.510000,0.010900,3.090000,5.170000,0.354200,1488.020000,25.930000,,26.750000,98.300000,43.080000,,,115.630000,,,5.180000,122.390000,44.050000,343.720000,13.140000,42.150000,15.870000,12.620000,459.040000,0.037300,,612.180000,24.540000
2023-11-30,125.020000,1.144000,304.130000,270.830000,94.250000,139.610000,338.170000,523.740000,64.420000,20.760000,67.570000,,503.770000,582.040000,170.970000,58.840000,1.333000,,,5.510000,0.010900,3.110000,5.160000,0.355900,1488.910000,26.010000,,26.760000,98.730000,43.050000,,,116.290000,,,5.160000,122.380000,44.350000,344.720000,13.190000,42.080000,15.950000,12.620000,459.060000,0.037300,,612.150000,24.780000
2023-12-01,124.730000,1.141000,302.900000,270.230000,93.370000,139.300000,336.700000,523.650000,64.220000,20.570000,67.130000,,500.410000,579.370000,170.910000,58.650000,1.319000,,,5.500000,0.010900,3.110000,5.140000,0.352900,1484.730000,26.030000,,26.250000,98.360000,42.810000,,,115.110000,,,5.170000,122.100000,43.860000,342.920000,13.020000,42.060000,15.970000,12.600000,458.040000,0.037300,,612.180000,24.300000
2023-12-02,125.310000,1.146000,305.080000,271.470000,93.410000,139.940000,340.420000,526.670000,64.480000,20.610000,67.260000,,501.380000,582.830000,172.340000,58.910000,1.319000,,,5.530000,0.011000,3.110000,5.160000,0.353400,1490.990000,26.140000,,26.650000,98.510000,42.840000,,,115.310000,,,5.110000,122.690000,44.100000,344.660000,13.140000,42.370000,15.900000,12.630000,460.150000,0.037500,,613.510000,24.590000
2023-12-05,125.630000,1.148000,306.780000,272.170000,94.530000,140.300000,340.820000,528.810000,64.640000,20.600000,67.290000,,501.650000,584.550000,173.110000,59.040000,1.322000,,,5.530000,0.011000,3.150000,5.170000,0.353800,1494.230000,26.290000,,26.760000,99.100000,42.980000,,,115.790000,,,5.100000,122.990000,44.360000,345.770000,13.200000,42.320000,16.070000,12.630000,461.330000,0.037500,,614.610000,24.670000
2023-12-06,125.570000,1.147000,303.190000,272.010000,93.250000,140.220000,340.230000,527.880000,64.560000,20.470000,66.980000,,499.320000,582.310000,172.870000,58.990000,1.317000,,,5.530000,0.011000,3.140000,5.160000,0.350600,1492.700000,26.300000,,26.380000,98.920000,42.480000,,,115.590000,,,5.030000,122.920000,44.170000,344.560000,13.070000,42.260000,15.950000,12.570000,461.050000,0.037600,,614.420000,24.530000
2023-12-07,125.120000,1.152000,302.000000,271.070000,93.230000,139.730000,338.260000,525.700000,64.190000,20.390000,66.500000,,495.710000,578.830000,172.920000,58.840000,1.304000,,,5.520000,0.010900,3.120000,5.140000,0.349500,1489.190000,26.210000,,26.510000,98.470000,41.910000,,,114.270000,,,4.930000,122.500000,43.790000,342.780000,13.080000,42.150000,15.880000,12.520000,459.460000,0.037400,,610.980000,24.200000
2023-12-08,125.260000,1.144000,301.880000,271.330000,93.820000,139.870000,338.420000,526.330000,64.330000,20.340000,66.460000,,495.280000,578.290000,173.880000,58.870000,1.302000,,,5.520000,0.011000,3.170000,5.150000,0.348700,1492.000000,26.130000,,26.500000,98.440000,42.120000,,,114.350000,,,4.970000,122.620000,43.960000,343.320000,13.070000,42.190000,15.900000,12.540000,459.910000,0.037500,,610.520000,24.380000
2023-12-09,124.620000,1.137000,302.300000,269.980000,93.170000,139.170000,337.020000,522.980000,63.900000,20.260000,66.150000,,493.070000,574.530000,173.340000,58.600000,1.290000,,,5.490000,0.010900,3.170000,5.120000,0.349500,1484.930000,25.940000,,26.230000,98.160000,42.080000,,,113.930000,,,4.990000,122.010000,43.930000,341.810000,12.960000,41.980000,15.790000,12.440000,457.610000,0.037200,,608.020000,24.230000
2023-12-12,124.860000,1.140000,300.590000,270.500000,93.070000,139.440000,337.350000,521.780000,63.860000,20.290000,66.210000,,493.610000,575.220000,173.670000,58.730000,1.296000,,,5.500000,0.010900,3.140000,5.130000,0.347500,1486.240000,25.870000,,26.360000,97.970000,41.970000,,,113.860000,,,5.040000,122.250000,43.820000,341.240000,12.860000,42.060000,15.880000,12.440000,458.490000,0.037300,,609.500000,24.020000
2023-12-13,124.320000,1.134000,300.890000,269.330000,92.440000,138.840000,336.520000,520.250000,63.620000,20.180000,66.090000,,492.680000,573.530000,172.600000,58.470000,1.289000,,,5.480000,0.010900,3.140000,5.110000,0.348000,1481.340000,25.910000,,26.320000,97.510000,41.850000,,,113.590000,,,5.060000,121.720000,43.650000,340.250000,12.810000,42.000000,15.720000,12.340000,456.520000,0.037100,,605.980000,24.090000
2023-12-14,124.090000,1.132000,298.660000,268.840000,91.770000,138.590000,335.240000,520.190000,63.450000,20.060000,65.920000,,491.460000,570.660000,172.090000,58.320000,1.289000,,,5.470000,0.010800,3.120000,5.100000,0.345500,1478.170000,25.600000,,26.320000,96.870000,41.450000,,,113.530000,,,5.070000,121.490000,43.590000,339.210000,12.740000,41.770000,15.680000,12.310000,455.690000,0.037000,,605.660000,23.960000
2023-12-15,124.070000,1.130000,305.590000,268.810000,92.610000,138.570000,338.730000,523.170000,63.870000,20.320000,66.640000,,496.730000,577.060000,171.610000,58.360000,1.309000,,,5.470000,0.010800,3.220000,5.110000,0.351500,1482.590000,25.670000,,26.400000,97.570000,43.160000,,,115.450000,,,5.080000,121.480000,44.340000,342.660000,13.010000,41.840000,15.690000,12.320000,455.630000,0.036900,,604.970000,24.580000
2023-12-16,124.570000,1.141000,307.400000,269.880000,93.060000,139.120000,342.040000,527.860000,64.380000,20.540000,67.250000,,501.260000,584.290000,172.420000,58.600000,1.318000,,,5.510000,0.010900,3.230000,5.140000,0.353000,1488.870000,25.840000,,26.590000,97.990000,43.700000,,,116.320000,,,5.110000,121.930000,44.670000,344.330000,13.130000,41.970000,15.740000,12.370000,457.440000,0.037100,,612.310000,25.210000
2023-12-20,124.710000,1.131000,308.230000,270.210000,93.530000,139.290000,342.170000,528.870000,64.130000,20.440000,67.220000,,501.100000,581.570000,172.370000,58.710000,1.308000,,,5.510000,0.010900,3.170000,5.140000,0.350400,1488.120000,26.250000,,26.760000,97.880000,44.230000,,,115.680000,,,5.080000,122.100000,44.890000,343.790000,13.090000,42.060000,15.750000,12.270000,458.000000,0.037000,,612.170000,24.760000
2023-12-21,124.220000,1.138000,308.650000,269.130000,93.790000,138.740000,342.270000,529.640000,63.920000,20.400000,67.090000,,500.110000,578.300000,171.500000,58.450000,1.300000,,,5.490000,0.010900,3.180000,5.120000,0.350700,1483.080000,26.220000,,26.700000,97.980000,44.410000,,,115.540000,,,5.050000,121.590000,44.920000,343.280000,13.070000,41.850000,15.660000,12.150000,456.180000,0.036900,,609.690000,24.950000
2023-12-22,124.450000,1.130000,308.330000,269.610000,93.000000,138.980000,342.390000,530.150000,63.950000,20.420000,67.070000,,500.040000,577.180000,171.610000,58.510000,1.306000,,,5.490000,0.010900,3.190000,5.140000,0.350200,1487.110000,26.140000,,26.750000,98.210000,44.240000,,,115.240000,,,4.970000,121.830000,44.920000,343.580000,13.120000,41.960000,15.680000,12.170000,456.990000,0.037000,,610.970000,24.990000
2023-12-23,125.180000,1.146000,312.220000,271.200000,94.110000,139.800000,346.200000,537.270000,64.520000,20.590000,67.850000,,505.750000,583.120000,172.820000,58.840000,1.324000,,,5.530000,0.010900,3.230000,5.170000,0.353300,1497.310000,26.420000,,27.010000,99.310000,44.940000,,,116.880000,,,5.010000,122.550000,45.650000,347.070000,13.270000,42.210000,15.740000,12.240000,459.690000,0.037200,,615.460000,24.980000
2023-12-26,124.630000,1.141000,311.600000,269.990000,94.150000,139.180000,345.300000,534.430000,64.140000,20.540000,67.630000,,503.990000,580.960000,172.040000,58.600000,1.324000,,,5.500000,0.010900,3.210000,5.130000,0.353000,1490.020000,26.160000,,26.900000,98.860000,44.960000,,,116.080000,,,4.980000,122.010000,45.690000,345.750000,13.210000,42.020000,15.700000,12.200000,457.630000,0.037000,,614.180000,24.750000
2023-12-27,124.230000,1.138000,310.140000,269.160000,93.860000,138.750000,344.210000,532.100000,63.840000,20.470000,67.400000,,502.390000,578.940000,171.190000,58.420000,1.314000,,,5.490000,0.010900,3.200000,5.110000,0.352200,1483.980000,26.300000,,26.910000,98.450000,44.550000,,,115.820000,,,4.990000,121.630000,45.370000,344.710000,13.200000,41.860000,15.550000,12.220000,456.220000,0.036900,,612.280000,24.410000
2023-12-28,124.020000,1.136000,311.200000,268.730000,94.620000,138.240000,345.000000,534.750000,63.730000,20.430000,67.540000,,503.460000,579.300000,170.860000,58.320000,1.319000,,,5.470000,0.010800,3.190000,5.120000,0.352200,1482.890000,26.330000,,26.900000,98.440000,44.840000,,,116.280000,,,4.970000,121.470000,45.700000,344.630000,13.250000,41.830000,15.500000,12.110000,455.500000,0.036900,,611.130000,24.600000
2023-12-29,123.530000,1.122000,309.790000,267.630000,93.990000,137.670000,343.350000,543.090000,63.830000,20.450000,67.730000,,504.770000,580.300000,170.090000,58.050000,1.323000,,,5.450000,0.010800,3.220000,5.100000,0.352600,1477.610000,26.300000,,26.870000,98.510000,44.930000,,,116.380000,,,5.010000,120.970000,45.680000,344.550000,13.300000,41.660000,15.400000,11.950000,453.640000,0.036700,,608.640000,24.430000
2023-12-30,123.780000,1.134000,309.240000,268.180000,93.680000,137.950000,343.090000,541.080000,63.940000,20.320000,67.390000,,502.240000,577.470000,170.690000,58.190000,1.314000,,,5.460000,0.010800,3.200000,5.100000,0.349900,1479.060000,26.350000,,26.820000,99.030000,44.690000,,,115.530000,,,5.060000,121.220000,45.280000,344.230000,13.230000,41.700000,15.380000,11.990000,454.560000,0.036900,,609.870000,24.540000
2024-01-04,124.460000,1.140000,308.420000,269.650000,92.830000,138.670000,343.040000,536.960000,63.970000,20.270000,67.030000,,499.840000,577.130000,171.830000,58.550000,1.313000,,,5.490000,0.010900,3.200000,5.130000,0.349400,1487.200000,26.270000,,26.810000,98.760000,44.030000,,,114.560000,,,5.000000,121.880000,44.660000,344.430000,13.320000,41.860000,15.420000,12.000000,457.060000,0.037100,,612.100000,24.420000
2024-01-05,124.200000,1.128000,307.540000,269.080000,92.710000,138.370000,342.310000,537.020000,63.820000,20.300000,67.070000,,500.150000,580.060000,171.460000,58.420000,1.319000,,,5.480000,0.010900,3.170000,5.120000,0.349000,1483.940000,26.030000,,26.860000,98.440000,44.350000,,,114.920000,,,5.000000,121.620000,44.650000,343.700000,13.250000,41.730000,15.320000,12.000000,456.090000,0.037000,,609.390000,24.490000
2024-01-06,123.480000,1.131000,302.940000,267.510000,92.600000,137.570000,339.090000,531.700000,63.380000,20.070000,66.340000,,494.740000,574.000000,170.460000,58.050000,1.309000,,,5.450000,0.010800,3.120000,5.090000,0.344000,1474.230000,25.810000,,26.640000,97.470000,43.920000,,,113.780000,,,4.980000,120.910000,44.160000,340.590000,13.060000,41.480000,15.200000,11.920000,453.430000,0.036800,,606.130000,24.160000
2024-01-09,123.470000,1.131000,303.370000,267.490000,93.020000,137.560000,338.910000,532.720000,63.320000,20.240000,66.500000,,495.930000,576.000000,170.450000,58.080000,1.315000,,,5.460000,0.010800,3.140000,5.090000,0.343900,1474.900000,26.000000,,26.870000,97.530000,43.680000,,,114.000000,,,4.990000,120.900000,44.050000,340.720000,12.940000,41.560000,15.170000,11.860000,453.400000,0.036700,,605.070000,24.260000
2024-01-10,123.400000,1.130000,303.820000,267.370000,93.060000,138.760000,339.420000,533.540000,63.300000,20.180000,66.510000,,495.970000,577.140000,170.370000,57.990000,1.311000,,,5.450000,0.010800,3.150000,5.090000,0.344000,1474.700000,26.000000,,26.930000,97.630000,43.720000,,,114.420000,,,5.020000,120.850000,44.280000,341.080000,12.970000,41.460000,15.140000,11.840000,453.190000,0.036600,,605.480000,24.310000
2024-01-11,123.440000,1.120000,304.100000,267.460000,92.390000,138.800000,339.100000,532.090000,63.220000,20.190000,66.550000,,496.180000,576.780000,170.430000,57.960000,1.313000,,,5.460000,0.010800,3.130000,5.080000,0.344000,1474.800000,25.760000,,26.730000,97.720000,43.880000,,,114.350000,,,5.070000,120.880000,44.290000,340.580000,12.960000,41.480000,15.130000,11.860000,453.340000,0.036800,,605.700000,24.340000
2024-01-12,123.390000,1.120000,304.040000,267.330000,92.620000,138.730000,338.930000,532.580000,63.270000,20.150000,66.620000,,496.800000,577.180000,170.670000,57.960000,1.309000,,,5.460000,0.010800,3.110000,5.070000,0.344300,1474.520000,25.720000,,26.650000,97.570000,43.850000,,,114.240000,,,5.100000,120.830000,44.360000,340.670000,12.930000,41.530000,15.100000,11.940000,453.120000,0.036500,,605.400000,24.310000
2024-01-13,122.900000,1.126000,302.350000,266.270000,92.680000,138.190000,337.950000,528.740000,62.990000,20.080000,66.360000,,494.750000,575.450000,170.310000,57.710000,1.305000,,,5.440000,0.010700,3.110000,5.050000,0.344000,1469.080000,25.640000,,26.730000,97.160000,43.930000,,,113.530000,,,5.120000,120.350000,43.990000,339.190000,12.880000,41.370000,15.000000,11.940000,451.330000,0.036600,,603.730000,24.240000
2024-01-16,122.900000,1.126000,300.430000,266.300000,92.950000,138.200000,336.520000,528.600000,62.910000,20.020000,66.250000,,494.020000,574.320000,171.300000,57.710000,1.301000,,,5.450000,0.010700,3.100000,5.050000,0.341700,1469.970000,25.720000,,26.760000,96.720000,43.700000,,,113.010000,,,5.150000,120.370000,43.900000,338.360000,12.920000,41.410000,15.000000,11.930000,451.370000,0.036600,,603.050000,24.180000
2024-01-17,122.870000,1.116000,297.960000,266.220000,92.800000,138.160000,334.360000,524.530000,62.730000,19.900000,65.870000,,491.140000,570.330000,171.580000,57.690000,1.293000,,,5.430000,0.010700,3.080000,5.050000,0.337900,1467.770000,25.820000,,26.500000,96.220000,43.220000,,,111.770000,,,5.150000,120.320000,43.340000,336.780000,12.760000,41.320000,14.990000,11.900000,451.250000,0.036600,,602.890000,23.900000
2024-01-18,123.340000,1.130000,296.820000,267.230000,91.950000,138.680000,335.070000,525.590000,62.980000,19.880000,66.060000,,492.670000,574.300000,172.090000,57.900000,1.294000,,,5.450000,0.010800,3.070000,5.070000,0.336900,1471.480000,25.780000,,26.170000,96.070000,43.200000,,,112.080000,,,5.130000,120.770000,43.340000,337.140000,12.760000,41.630000,15.040000,11.940000,452.950000,0.036800,,603.180000,23.760000
2024-01-19,123.020000,1.127000,296.470000,266.550000,91.550000,138.330000,334.820000,522.740000,62.820000,19.870000,65.940000,,491.650000,572.570000,171.790000,57.760000,1.289000,,,5.440000,0.010800,3.060000,5.060000,0.337700,1468.270000,25.670000,,26.320000,95.800000,43.000000,,,111.740000,,,5.100000,120.460000,43.250000,336.260000,12.700000,41.490000,14.990000,11.980000,451.800000,0.036700,,601.250000,23.870000
2024-01-20,122.550000,1.122000,296.980000,265.510000,91.300000,137.790000,334.200000,518.300000,62.590000,19.750000,65.680000,,489.730000,570.740000,170.990000,57.560000,1.279000,,,5.420000,0.010700,3.040000,5.040000,0.337600,1462.500000,25.570000,,26.240000,95.450000,43.020000,,,111.730000,,,5.090000,120.000000,43.020000,335.700000,12.690000,41.360000,14.910000,12.000000,450.040000,0.036500,,599.070000,23.740000
2024-01-23,122.140000,1.119000,295.410000,264.670000,90.980000,137.350000,334.140000,517.130000,62.350000,19.730000,65.550000,,488.760000,569.910000,170.440000,57.380000,1.279000,,,5.400000,0.010700,3.030000,5.020000,0.334900,1458.140000,25.520000,,26.250000,94.960000,42.720000,,,112.220000,,,5.110000,119.610000,42.980000,334.560000,12.580000,41.230000,14.840000,11.980000,448.610000,0.036400,,597.190000,23.410000
2024-01-24,121.450000,1.112000,293.800000,263.140000,89.400000,136.560000,331.030000,513.860000,62.220000,19.600000,65.110000,,485.550000,567.660000,169.140000,57.020000,1.265000,,,5.360000,0.010600,3.020000,4.990000,0.333800,1449.840000,25.410000,,25.860000,94.420000,42.480000,,,111.160000,,,5.070000,118.930000,42.720000,332.980000,12.500000,41.000000,14.730000,11.910000,446.030000,0.036200,,593.890000,23.350000
2024-01-25,121.290000,1.109000,293.980000,262.790000,89.920000,136.380000,331.400000,514.890000,62.210000,19.570000,65.120000,,485.560000,568.500000,168.400000,56.970000,1.262000,,,5.360000,0.010600,3.020000,4.990000,0.334100,1448.840000,25.240000,,25.880000,94.190000,42.610000,,,111.040000,,,5.040000,118.790000,42.760000,332.930000,12.490000,40.870000,14.710000,11.870000,445.430000,0.036200,,592.950000,23.640000
2024-01-26,121.460000,1.112000,293.710000,263.140000,90.410000,136.560000,330.270000,516.720000,62.200000,19.600000,65.180000,,485.910000,567.570000,168.310000,57.060000,1.261000,,,5.370000,0.010600,3.020000,4.990000,0.334100,1450.360000,25.270000,,25.870000,94.320000,42.830000,,,111.010000,,,5.030000,118.940000,42.870000,333.060000,12.490000,41.000000,14.730000,11.880000,446.030000,0.036200,,594.620000,23.650000
2024-01-27,122.460000,1.121000,296.380000,265.330000,91.480000,137.700000,334.280000,519.990000,62.690000,19.700000,65.420000,,487.700000,571.750000,170.360000,57.550000,1.263000,,,5.410000,0.010700,3.040000,5.040000,0.337000,1461.860000,25.550000,,26.210000,95.180000,43.050000,,,111.360000,,,5.030000,119.930000,43.090000,335.550000,12.630000,41.340000,14.840000,11.910000,449.740000,0.036500,,599.410000,23.920000
2024-01-30,122.530000,1.125000,296.990000,265.470000,91.520000,141.950000,334.930000,522.200000,62.660000,19.690000,65.350000,,487.010000,571.610000,169.800000,57.590000,1.252000,,,5.410000,0.010700,3.050000,5.040000,0.336700,1462.780000,25.570000,,26.210000,95.090000,43.140000,,,111.610000,,,5.020000,119.990000,42.940000,335.560000,12.650000,41.320000,14.830000,11.880000,449.980000,0.036500,,599.240000,23.950000
2024-01-31,122.040000,1.114000,296.020000,264.410000,90.510000,137.220000,334.360000,519.320000,62.430000,19.540000,65.100000,,485.140000,568.190000,168.490000,57.340000,1.247000,,,5.390000,0.010700,3.040000,5.020000,0.337100,1456.800000,25.360000,,26.060000,94.850000,43.000000,,,111.260000,,,5.030000,119.520000,43.050000,334.560000,12.670000,41.190000,14.820000,11.840000,448.170000,0.036400,,595.700000,23.750000
2024-02-01,121.910000,1.117000,294.700000,264.150000,90.460000,137.090000,333.590000,519.060000,62.390000,19.560000,65.000000,,484.500000,567.200000,168.670000,57.260000,1.259000,,,5.390000,0.010700,3.030000,5.010000,0.335700,1455.590000,25.370000,,26.130000,94.720000,42.730000,,,111.580000,,,4.990000,119.390000,43.010000,334.230000,12.620000,41.150000,14.750000,11.920000,447.740000,0.036300,,595.550000,23.920000
2024-02-02,122.430000,1.117000,293.480000,265.270000,90.790000,137.670000,334.430000,521.200000,62.600000,19.520000,65.140000,,485.610000,569.020000,169.680000,57.500000,1.262000,,,5.420000,0.010700,3.060000,5.030000,0.337100,1462.290000,25.400000,,26.080000,95.120000,42.780000,,,112.320000,,,4.980000,119.900000,43.100000,335.450000,12.680000,41.250000,14.860000,11.950000,449.640000,0.036500,,597.970000,24.050000
2024-02-03,122.870000,1.121000,297.860000,266.220000,91.780000,138.160000,337.530000,527.090000,62.870000,19.750000,65.930000,,491.360000,575.560000,170.730000,57.710000,1.282000,,,5.440000,0.010700,3.080000,5.050000,0.340800,1468.880000,25.540000,,26.460000,95.700000,43.220000,,,113.870000,,,4.980000,120.330000,43.560000,338.030000,12.800000,41.400000,14.820000,12.020000,451.240000,0.036600,,599.650000,24.210000
2024-02-06,123.380000,1.124000,294.510000,267.350000,91.180000,138.750000,336.070000,520.750000,62.950000,19.550000,65.370000,,487.240000,570.980000,171.980000,57.940000,1.267000,,,5.460000,0.010800,3.050000,5.070000,0.339700,1473.830000,25.600000,,26.370000,95.440000,42.600000,,,112.640000,,,4.970000,120.850000,42.930000,336.770000,12.660000,41.570000,14.840000,12.070000,453.160000,0.036800,,603.980000,23.880000
2024-02-07,123.790000,1.128000,295.170000,268.190000,91.180000,139.180000,335.940000,521.020000,63.240000,19.540000,65.380000,,487.730000,570.150000,172.520000,58.110000,1.262000,,,5.470000,0.010800,3.060000,5.080000,0.342200,1476.130000,25.680000,,26.590000,95.440000,42.510000,,,112.290000,,,5.010000,121.220000,42.860000,337.780000,12.740000,41.710000,14.870000,12.070000,454.590000,0.036900,,602.200000,23.980000
2024-02-08,123.110000,1.122000,295.160000,266.750000,91.090000,138.430000,335.690000,518.930000,62.850000,19.520000,65.270000,,486.910000,571.100000,171.790000,57.820000,1.257000,,,5.450000,0.010800,3.060000,5.060000,0.341000,1468.990000,25.520000,,26.560000,95.010000,42.680000,,,112.000000,,,4.960000,120.560000,43.140000,336.710000,12.710000,41.370000,14.780000,12.020000,452.140000,0.036700,,598.720000,23.990000
2024-02-09,122.630000,1.117000,293.040000,265.690000,90.590000,137.880000,334.550000,515.910000,62.580000,19.470000,65.110000,,485.470000,568.780000,171.100000,57.580000,1.254000,,,5.430000,0.010700,3.030000,5.040000,0.338700,1462.950000,25.390000,,26.420000,94.490000,42.490000,,,111.760000,,,4.930000,120.090000,43.110000,334.880000,12.580000,41.280000,14.720000,11.990000,450.340000,0.036600,,597.270000,23.800000
2024-02-10,121.730000,1.109000,290.880000,263.780000,89.560000,136.890000,332.320000,510.620000,62.160000,19.110000,64.570000,,481.300000,563.790000,170.320000,57.170000,1.239000,,,5.380000,0.010600,2.990000,5.000000,0.336200,1452.760000,25.230000,,26.090000,93.930000,42.230000,,,111.530000,,,4.920000,119.230000,42.690000,332.100000,12.460000,40.980000,14.570000,11.880000,447.100000,0.036300,,592.350000,23.500000
2024-02-13,121.630000,1.109000,291.080000,263.550000,90.180000,136.770000,331.790000,510.300000,62.110000,19.080000,64.530000,,481.030000,563.760000,170.180000,57.120000,1.241000,,,5.380000,0.010600,3.000000,5.000000,0.336000,1451.240000,25.280000,,26.180000,93.850000,42.450000,,,111.180000,,,4.900000,119.130000,42.770000,332.110000,12.450000,41.060000,14.550000,11.800000,446.720000,0.036300,,591.970000,23.460000
2024-02-14,121.990000,1.114000,291.960000,264.300000,90.440000,137.160000,333.100000,509.370000,62.280000,19.120000,64.700000,,482.260000,566.930000,170.990000,57.310000,1.248000,,,5.400000,0.010700,3.000000,5.010000,0.336700,1455.550000,25.310000,,26.220000,94.040000,42.640000,,,111.660000,,,4.910000,119.460000,42.940000,332.950000,12.550000,40.990000,14.580000,11.750000,447.990000,0.036400,,593.740000,23.800000
2024-02-15,121.760000,1.111000,289.500000,263.820000,90.270000,136.910000,330.210000,504.020000,62.170000,18.890000,64.190000,,478.470000,560.620000,170.480000,57.190000,1.234000,,,5.390000,0.010600,2.970000,5.000000,0.335200,1450.960000,25.240000,,26.060000,93.490000,42.030000,,,110.160000,,,4.890000,119.240000,42.300000,331.380000,12.380000,40.990000,14.610000,11.720000,447.170000,0.036300,,592.900000,23.350000
2024-02-16,122.000000,1.113000,291.020000,264.340000,90.090000,137.190000,331.040000,507.490000,62.290000,18.920000,64.510000,,480.810000,562.490000,171.150000,57.290000,1.236000,,,5.400000,0.010700,2.990000,5.010000,0.336400,1454.740000,25.310000,,26.270000,93.780000,42.370000,,,110.680000,,,4.880000,119.480000,42.670000,332.660000,12.390000,40.920000,14.570000,11.810000,448.060000,0.036400,,592.080000,23.600000
2024-02-17,122.180000,1.115000,292.670000,264.710000,90.220000,137.370000,332.900000,509.280000,62.380000,19.000000,64.800000,,483.000000,564.620000,171.580000,57.360000,1.241000,,,5.410000,0.010700,2.990000,5.020000,0.336500,1457.040000,25.240000,,26.340000,93.910000,42.630000,,,111.280000,,,4.850000,119.640000,42.940000,333.340000,12.460000,41.050000,14.560000,11.830000,448.680000,0.036400,,593.520000,23.740000
2024-02-20,122.570000,1.118000,294.350000,265.570000,90.610000,137.820000,334.130000,511.000000,62.530000,19.050000,65.060000,,484.980000,567.760000,172.010000,57.550000,1.246000,,,5.420000,0.010700,3.000000,5.030000,0.337100,1462.160000,25.330000,,26.420000,94.090000,42.860000,,,111.790000,,,4.870000,120.030000,43.160000,334.500000,12.500000,41.260000,14.580000,11.760000,450.140000,0.036500,,596.330000,23.720000
2024-02-21,123.320000,1.124000,296.810000,267.220000,91.380000,138.680000,335.710000,513.770000,62.930000,19.210000,65.610000,,489.040000,570.750000,172.880000,57.910000,1.258000,,,5.460000,0.010800,3.010000,5.060000,0.339200,1472.880000,25.450000,,26.580000,94.460000,43.220000,,,113.310000,,,4.900000,120.770000,43.620000,336.860000,12.560000,41.520000,14.660000,11.780000,452.940000,0.036300,,600.040000,23.800000
2024-02-22,122.750000,1.119000,295.410000,265.960000,91.490000,138.020000,333.310000,511.980000,62.710000,19.170000,65.320000,,486.770000,568.460000,171.730000,57.640000,1.256000,,,5.430000,0.010700,3.000000,5.040000,0.337600,1465.250000,25.250000,,26.420000,94.070000,42.870000,,,112.800000,,,4.880000,120.200000,43.400000,335.470000,12.580000,41.240000,14.560000,11.670000,450.800000,0.036600,,597.630000,23.840000
2024-02-23,122.660000,1.117000,296.500000,265.760000,91.230000,137.920000,334.900000,513.650000,62.650000,19.300000,65.590000,,488.810000,570.930000,171.940000,57.590000,1.263000,,,5.440000,0.010700,3.000000,5.040000,0.339800,1464.420000,25.310000,,26.430000,94.380000,43.170000,,,113.170000,,,4.840000,120.110000,43.820000,336.020000,12.570000,41.140000,14.520000,11.710000,450.470000,0.036200,,597.400000,23.800000
2024-02-24,122.500000,1.116000,294.760000,265.420000,90.630000,137.740000,333.370000,510.300000,62.500000,19.170000,65.300000,,486.640000,569.370000,171.250000,57.500000,1.253000,,,5.430000,0.010700,2.980000,5.030000,0.337400,1463.120000,25.300000,,26.270000,94.220000,42.630000,,,112.330000,,,4.830000,119.960000,43.490000,334.430000,12.460000,41.120000,14.470000,11.730000,449.880000,0.036100,,597.790000,23.270000
2024-02-27,122.510000,1.117000,294.540000,265.460000,90.100000,137.770000,332.790000,511.550000,62.520000,19.250000,65.430000,,487.670000,570.500000,171.410000,57.520000,1.253000,,,5.430000,0.010700,2.990000,5.030000,0.338100,1463.000000,25.350000,,26.310000,94.230000,42.680000,,,113.140000,,,4.860000,119.980000,43.680000,334.870000,12.560000,41.240000,14.460000,11.720000,449.960000,0.036200,,597.170000,23.260000
2024-02-28,122.230000,1.115000,294.110000,264.830000,90.140000,137.440000,332.730000,510.390000,62.360000,19.250000,65.350000,,487.090000,569.600000,170.680000,57.370000,1.253000,,,5.420000,0.010700,2.990000,5.020000,0.337300,1459.240000,25.360000,,26.320000,94.300000,42.690000,,,113.170000,,,4.890000,119.700000,43.630000,334.170000,12.540000,41.070000,14.420000,11.680000,448.890000,0.036000,,596.250000,23.410000
2024-02-29,122.890000,1.121000,292.810000,266.260000,91.480000,138.180000,332.160000,512.100000,62.690000,19.240000,65.390000,,487.320000,569.690000,171.600000,57.660000,1.246000,,,5.440000,0.010700,2.990000,5.050000,0.337500,1467.050000,25.530000,,26.390000,94.670000,42.540000,,,113.050000,,,4.900000,120.350000,43.500000,335.070000,12.520000,41.330000,14.470000,11.820000,451.310000,0.036100,,599.570000,23.420000
2024-03-01,122.690000,1.120000,292.990000,265.850000,90.710000,137.970000,331.770000,513.280000,62.630000,19.310000,65.600000,,488.910000,570.610000,171.200000,57.570000,1.242000,,,5.440000,0.010700,3.010000,5.040000,0.337600,1465.880000,25.530000,,26.390000,95.030000,42.530000,,,113.200000,,,4.970000,120.150000,43.640000,335.300000,12.570000,41.230000,14.430000,11.850000,450.610000,0.036100,,597.690000,23.450000
2024-03-02,122.820000,1.121000,293.350000,266.090000,90.750000,138.090000,332.200000,509.520000,62.660000,19.240000,65.410000,,487.470000,569.560000,171.360000,57.610000,1.239000,,,5.440000,0.010700,3.000000,5.040000,0.337800,1466.190000,25.630000,,26.450000,95.090000,42.630000,,,112.920000,,,4.940000,120.280000,43.590000,335.010000,12.560000,41.150000,14.390000,11.820000,451.030000,0.036300,,598.770000,23.480000
2024-03-05,123.440000,1.127000,295.670000,267.460000,91.510000,138.800000,334.400000,513.420000,62.970000,19.420000,66.020000,,492.020000,574.530000,172.380000,57.940000,1.246000,,,5.470000,0.010800,3.010000,5.070000,0.340500,1474.070000,25.760000,,26.660000,96.050000,43.040000,,,113.970000,,,4.960000,120.890000,43.870000,337.640000,12.660000,41.360000,14.390000,11.840000,453.350000,0.036200,,601.440000,23.790000
2024-03-06,122.680000,1.120000,292.530000,265.800000,91.090000,137.940000,331.760000,508.500000,62.580000,19.260000,65.580000,,488.730000,571.450000,171.300000,57.590000,1.236000,,,5.440000,0.010700,3.000000,5.040000,0.337900,1465.090000,25.480000,,26.560000,95.190000,42.650000,,,113.030000,,,4.950000,120.130000,43.340000,335.320000,12.580000,41.300000,14.250000,11.740000,450.530000,0.036200,,598.480000,23.730000
2024-03-07,121.850000,1.115000,291.780000,264.020000,90.260000,137.020000,329.400000,505.620000,62.160000,19.220000,65.310000,,486.680000,569.290000,170.160000,57.200000,1.239000,,,5.400000,0.010700,2.990000,5.000000,0.335300,1454.730000,25.430000,,26.480000,94.610000,42.430000,,,113.080000,,,4.960000,119.330000,43.170000,333.700000,12.530000,41.020000,14.110000,11.720000,447.520000,0.035700,,594.320000,23.690000
2024-03-08,121.800000,1.115000,295.480000,263.890000,90.460000,136.950000,331.350000,508.170000,62.140000,19.210000,65.390000,,487.320000,570.650000,170.070000,57.180000,1.235000,,,5.410000,0.010600,3.030000,5.000000,0.336500,1455.970000,25.410000,,26.530000,95.110000,42.750000,,,113.220000,,,4.930000,119.260000,43.510000,335.000000,12.580000,40.920000,14.050000,11.750000,447.290000,0.035800,,594.810000,23.790000
2024-03-12,122.240000,1.118000,296.910000,264.840000,90.110000,137.450000,333.170000,511.990000,62.480000,19.440000,65.890000,,491.150000,576.580000,170.690000,57.410000,1.244000,,,5.430000,0.010700,3.060000,5.020000,0.342900,1462.910000,25.580000,,26.720000,95.900000,43.020000,,,114.620000,,,4.960000,119.690000,43.890000,337.630000,12.680000,41.030000,14.030000,11.690000,448.910000,0.036100,,599.180000,24.000000
2024-03-13,122.340000,1.121000,297.210000,265.070000,90.310000,137.560000,333.610000,512.840000,62.610000,19.450000,65.880000,,491.260000,574.970000,170.840000,57.430000,1.240000,,,5.430000,0.010700,3.050000,5.020000,0.343200,1463.900000,25.670000,,26.770000,96.110000,43.000000,,,114.730000,,,4.930000,119.800000,44.020000,337.640000,12.640000,41.140000,14.020000,11.670000,449.300000,0.036100,,600.130000,24.200000
2024-03-14,122.510000,1.125000,297.200000,265.420000,90.530000,137.750000,333.520000,512.340000,62.550000,19.460000,65.950000,,491.680000,575.450000,171.060000,57.510000,1.239000,,,5.430000,0.010700,3.040000,5.030000,0.342000,1465.540000,25.740000,,26.840000,96.010000,42.800000,,,114.860000,,,4.910000,119.970000,43.910000,337.450000,12.610000,41.200000,14.020000,11.600000,449.890000,0.036100,,600.450000,24.110000
2024-03-15,122.300000,1.124000,297.430000,264.990000,90.350000,137.520000,333.530000,510.760000,62.470000,19.480000,65.900000,,491.290000,575.330000,169.490000,57.420000,1.245000,,,5.420000,0.010700,3.040000,5.020000,0.341100,1462.540000,25.670000,,26.960000,95.890000,42.880000,,,114.620000,,,4.910000,119.770000,43.850000,337.260000,12.620000,40.980000,13.980000,11.610000,449.160000,0.036000,,599.340000,24.130000
2024-03-16,122.150000,1.124000,294.450000,264.650000,89.920000,137.340000,331.520000,507.790000,62.340000,19.400000,65.520000,,488.550000,571.890000,168.320000,57.350000,1.242000,,,5.420000,0.010700,3.020000,5.010000,0.337300,1459.410000,25.520000,,26.860000,95.400000,42.420000,,,113.800000,,,4.880000,119.620000,43.400000,335.560000,12.530000,41.040000,13.930000,11.560000,448.580000,0.035900,,598.670000,24.010000
2024-03-19,122.360000,1.126000,295.100000,265.070000,89.940000,137.560000,331.780000,508.780000,62.420000,19.450000,65.680000,,489.690000,572.230000,167.460000,57.460000,1.241000,,,5.420000,0.010700,3.010000,5.020000,0.337100,1462.140000,25.600000,,26.910000,95.270000,42.470000,,,113.660000,,,4.890000,119.810000,43.280000,335.850000,12.500000,41.070000,13.910000,11.520000,449.300000,0.035900,,598.290000,23.860000
2024-03-20,122.840000,1.132000,293.650000,266.120000,89.670000,138.110000,332.430000,507.340000,62.660000,19.390000,65.600000,,489.060000,571.970000,167.880000,57.670000,1.236000,,,5.430000,0.010700,3.000000,5.040000,0.336900,1467.880000,25.630000,,26.680000,95.370000,42.160000,,,113.180000,,,4.880000,120.290000,43.050000,336.130000,12.510000,41.160000,13.950000,11.530000,451.080000,0.036100,,600.670000,23.750000
2024-03-21,122.890000,1.127000,294.000000,266.240000,89.710000,138.170000,331.790000,506.360000,62.690000,19.350000,65.600000,,489.130000,572.800000,168.070000,57.680000,1.237000,,,5.430000,0.010700,2.980000,5.040000,0.336700,1467.310000,25.570000,,26.800000,95.290000,42.200000,,,113.130000,,,4.870000,120.330000,42.990000,335.770000,12.470000,41.250000,13.930000,11.520000,451.270000,0.036100,,599.410000,23.870000
2024-03-27,122.570000,1.148000,295.070000,265.530000,90.480000,137.800000,331.840000,499.860000,62.350000,19.350000,65.520000,,488.510000,569.560000,168.120000,57.530000,1.233000,,,5.400000,0.010700,2.980000,5.030000,0.336000,1463.310000,25.650000,,26.990000,95.410000,42.010000,,,113.310000,,,4.860000,120.000000,42.670000,334.970000,12.420000,41.180000,13.980000,11.440000,450.070000,0.035900,,596.620000,23.780000
2024-03-28,122.440000,1.138000,293.440000,265.240000,90.340000,137.650000,330.770000,496.500000,62.220000,19.260000,65.300000,,486.940000,567.860000,167.750000,57.470000,1.235000,,,5.390000,0.010700,2.970000,5.020000,0.333200,1461.910000,25.650000,,27.040000,95.050000,41.770000,,,112.910000,,,4.860000,119.870000,42.430000,333.760000,12.360000,41.170000,14.010000,11.470000,449.580000,0.035900,,596.540000,23.810000
2024-03-29,122.060000,1.146000,290.890000,264.400000,89.770000,137.210000,329.590000,494.970000,61.990000,19.100000,64.840000,,483.460000,565.300000,167.850000,57.270000,1.224000,,,5.380000,0.010700,2.960000,5.010000,0.331900,1457.450000,25.560000,,27.060000,94.750000,41.370000,,,112.030000,,,4.860000,119.490000,41.950000,331.910000,12.290000,40.930000,13.860000,11.410000,448.150000,0.035700,,593.810000,23.570000
2024-03-30,121.670000,1.136000,290.990000,263.590000,89.080000,136.790000,329.730000,495.930000,61.880000,19.070000,64.610000,,481.810000,563.480000,167.460000,57.090000,1.225000,,,5.360000,0.010600,2.950000,4.990000,0.331700,1453.320000,25.490000,,26.960000,94.610000,41.100000,,,112.150000,,,4.840000,119.130000,41.770000,331.190000,12.290000,40.910000,13.810000,11.460000,446.780000,0.035400,,591.280000,23.660000
2024-04-02,121.610000,1.138000,290.980000,263.460000,89.070000,136.730000,329.830000,495.190000,61.760000,19.040000,64.550000,,481.350000,563.160000,168.010000,57.070000,1.222000,,,5.360000,0.010600,2.950000,4.990000,0.330900,1452.980000,25.370000,,26.990000,94.470000,41.100000,,,112.220000,,,4.840000,119.070000,41.740000,331.030000,12.250000,40.890000,13.770000,11.430000,446.560000,0.035500,,591.270000,23.680000
2024-04-03,121.870000,1.145000,291.030000,264.030000,88.540000,137.020000,330.010000,492.870000,61.850000,18.970000,64.480000,,480.830000,562.320000,168.690000,57.170000,1.217000,,,5.370000,0.010700,2.950000,5.010000,0.331200,1454.580000,25.340000,,26.980000,94.180000,41.080000,,,111.960000,,,4.840000,119.320000,41.580000,330.870000,12.210000,40.980000,13.950000,11.380000,447.530000,0.035600,,592.390000,23.790000
2024-04-04,121.710000,1.161000,290.980000,263.660000,88.220000,136.830000,329.260000,492.030000,61.760000,19.020000,64.570000,,481.550000,562.030000,168.330000,57.080000,1.226000,,,5.360000,0.010600,2.950000,5.000000,0.331100,1453.370000,25.360000,,26.970000,94.030000,41.250000,,,112.180000,,,4.850000,119.160000,41.590000,330.680000,12.170000,40.850000,14.060000,11.420000,446.910000,0.035600,,590.520000,23.760000
2024-04-05,121.600000,1.160000,295.170000,263.420000,88.640000,136.700000,330.760000,492.870000,61.730000,19.180000,65.010000,,484.840000,565.300000,168.170000,57.030000,1.239000,,,5.350000,0.010600,2.940000,5.000000,0.331400,1452.330000,25.370000,,27.010000,94.260000,41.800000,,,112.950000,,,4.850000,119.050000,42.220000,331.540000,12.170000,40.960000,14.000000,11.450000,446.490000,0.035400,,590.590000,24.000000
2024-04-06,121.680000,1.153000,294.160000,263.590000,88.320000,136.790000,329.610000,494.880000,61.770000,19.130000,64.900000,,484.000000,564.330000,168.600000,57.070000,1.240000,,,5.360000,0.010600,2.950000,5.000000,0.330900,1453.370000,25.390000,,27.020000,94.160000,41.710000,,,112.930000,,,4.840000,119.120000,42.020000,331.510000,12.200000,40.800000,14.000000,11.510000,446.780000,0.035200,,592.790000,24.030000
2024-04-09,121.440000,1.158000,293.880000,263.100000,88.030000,136.540000,328.190000,492.440000,61.660000,19.070000,64.770000,,482.960000,563.370000,168.280000,56.940000,1.238000,,,5.350000,0.010600,2.940000,4.990000,0.329000,1450.530000,25.380000,,27.130000,93.900000,41.710000,,,112.950000,,,4.820000,118.890000,42.140000,330.700000,12.160000,40.840000,13.900000,11.440000,445.950000,0.035300,,591.290000,24.040000
2024-04-10,121.510000,1.150000,295.430000,263.210000,88.750000,136.600000,328.890000,494.340000,61.680000,19.120000,65.020000,,484.870000,565.970000,168.230000,56.970000,1.247000,,,5.360000,0.010600,2.940000,5.000000,0.329600,1451.810000,25.450000,,27.390000,94.020000,41.820000,,,113.980000,,,4.810000,118.950000,42.300000,331.650000,12.270000,40.820000,13.860000,11.480000,446.140000,0.035400,,591.390000,24.140000
2024-04-11,121.780000,1.151000,296.150000,263.810000,89.270000,136.910000,329.850000,494.800000,61.830000,19.170000,65.130000,,485.740000,567.790000,169.050000,57.090000,1.248000,,,5.380000,0.010600,2.950000,5.020000,0.331100,1455.050000,25.550000,,27.400000,94.240000,41.950000,,,114.140000,,,4.800000,119.210000,42.410000,332.630000,12.300000,40.950000,13.860000,11.470000,447.150000,0.035300,,593.530000,24.160000
2024-04-12,122.130000,1.152000,292.590000,264.550000,88.520000,137.290000,327.670000,491.680000,61.960000,18.960000,64.500000,,481.050000,562.220000,169.530000,57.230000,1.232000,,,5.380000,0.010700,2.930000,5.030000,0.327500,1456.400000,25.550000,,27.230000,94.500000,41.430000,,,112.940000,,,4.790000,119.550000,41.770000,331.420000,12.260000,41.060000,13.900000,11.440000,448.410000,0.035400,,595.200000,23.840000
2024-04-13,121.980000,1.140000,290.680000,264.240000,88.010000,137.130000,325.760000,490.300000,61.890000,18.810000,63.920000,,476.780000,558.430000,169.460000,57.160000,1.217000,,,5.370000,0.010700,2.920000,5.030000,0.324200,1453.670000,25.450000,,27.040000,93.960000,41.140000,,,111.980000,,,4.790000,119.410000,41.250000,329.500000,12.270000,41.050000,13.860000,11.360000,447.890000,0.035400,,591.230000,23.830000
2024-04-16,122.150000,1.140000,290.800000,264.640000,87.700000,137.340000,326.530000,491.250000,61.970000,18.880000,64.080000,,478.030000,560.300000,169.840000,57.300000,1.216000,,,5.380000,0.010700,2.910000,5.030000,0.324300,1457.170000,25.520000,,27.040000,93.900000,41.130000,,,111.480000,,,4.790000,119.580000,41.360000,329.780000,12.230000,41.190000,13.850000,11.340000,448.560000,0.035400,,590.320000,23.680000
2024-04-17,122.210000,1.139000,287.820000,264.780000,86.570000,137.410000,325.340000,491.520000,62.000000,18.900000,63.930000,,476.820000,558.590000,169.680000,57.310000,1.208000,,,5.370000,0.010700,2.900000,5.040000,0.322300,1456.370000,25.290000,,26.710000,93.700000,40.830000,,,110.010000,,,4.770000,119.650000,40.960000,328.940000,12.240000,41.100000,13.870000,11.340000,448.810000,0.035400,,590.800000,23.550000
2024-04-18,122.250000,1.147000,288.410000,264.830000,84.970000,137.440000,325.280000,492.960000,62.020000,18.960000,64.070000,,477.930000,559.320000,170.030000,57.320000,1.219000,,,5.370000,0.010700,2.900000,5.040000,0.324700,1456.730000,25.190000,,26.470000,93.710000,40.900000,,,110.000000,,,4.760000,119.670000,41.050000,329.650000,12.190000,41.180000,13.800000,11.360000,448.890000,0.035400,,589.940000,23.630000
2024-04-19,121.820000,1.144000,288.220000,263.950000,85.500000,136.980000,325.220000,492.350000,61.810000,18.890000,64.020000,,477.550000,558.130000,169.150000,57.130000,1.211000,,,5.360000,0.010700,2.900000,5.030000,0.325700,1451.940000,25.060000,,26.370000,93.580000,40.670000,,,110.360000,,,4.760000,119.270000,41.100000,328.950000,12.170000,41.010000,13.760000,11.290000,447.400000,0.035300,,588.380000,23.490000
2024-04-20,121.590000,1.136000,286.160000,263.420000,85.180000,136.700000,324.300000,491.510000,61.660000,18.820000,63.710000,,475.380000,555.170000,168.810000,57.000000,1.204000,,,5.350000,0.010600,2.890000,5.020000,0.323600,1448.750000,25.000000,,25.710000,93.390000,40.420000,,,109.830000,,,4.790000,119.030000,40.710000,327.840000,12.110000,40.920000,13.700000,11.220000,446.490000,0.035200,,587.980000,23.240000
2024-04-23,121.360000,1.138000,286.870000,262.930000,85.590000,136.450000,324.870000,488.930000,61.530000,18.790000,63.620000,,474.580000,549.230000,168.360000,56.870000,1.205000,,,5.350000,0.010600,2.880000,5.010000,0.323500,1447.040000,25.040000,,26.150000,93.330000,40.520000,,,109.990000,,,4.780000,118.820000,40.920000,327.140000,12.050000,40.770000,13.700000,11.210000,445.660000,0.035100,,586.200000,23.350000
2024-04-24,120.990000,1.138000,286.590000,262.140000,86.000000,136.040000,324.230000,487.250000,61.310000,18.740000,63.460000,,473.330000,548.780000,167.350000,56.700000,1.202000,,,5.330000,0.010600,2.870000,5.000000,0.322500,1442.690000,24.990000,,25.960000,92.990000,40.340000,,,109.630000,,,4.760000,118.460000,40.810000,326.060000,12.000000,40.690000,13.630000,11.230000,444.320000,0.035000,,584.050000,23.100000
2024-04-25,120.860000,1.141000,288.370000,261.860000,86.490000,135.900000,324.330000,485.610000,61.250000,18.800000,63.610000,,474.300000,552.020000,166.860000,56.670000,1.207000,,,5.330000,0.010600,2.870000,5.000000,0.322900,1442.010000,25.010000,,26.170000,92.950000,40.470000,,,109.790000,,,4.800000,118.340000,40.800000,326.140000,11.990000,40.650000,13.650000,11.230000,443.850000,0.034900,,583.450000,23.160000
2024-04-26,120.950000,1.142000,289.900000,262.080000,86.300000,136.010000,324.750000,486.550000,61.310000,18.920000,63.880000,,476.380000,555.590000,166.940000,56.740000,1.214000,,,5.330000,0.010600,2.860000,5.000000,0.323300,1443.490000,25.010000,,26.050000,93.050000,40.570000,,,110.430000,,,4.820000,118.440000,40.890000,326.800000,12.000000,40.830000,13.740000,11.210000,444.220000,0.035000,,584.740000,23.370000
2024-04-27,120.710000,1.144000,289.600000,261.560000,85.940000,135.740000,324.660000,485.970000,61.180000,18.910000,63.780000,,475.540000,554.680000,167.300000,56.630000,1.212000,,,5.320000,0.010600,2.830000,4.990000,0.322300,1441.410000,25.020000,,25.720000,93.040000,40.300000,,,110.070000,,,4.820000,118.210000,40.680000,325.820000,12.010000,40.640000,13.720000,11.200000,443.350000,0.035100,,584.320000,23.510000
2024-04-30,120.210000,1.140000,289.720000,260.470000,86.280000,135.160000,323.330000,484.350000,60.960000,18.800000,63.440000,,473.090000,553.120000,165.640000,56.400000,1.207000,,,5.290000,0.010500,2.830000,4.970000,0.320700,1434.500000,25.010000,,25.780000,92.640000,40.150000,,,109.420000,,,4.750000,117.700000,40.440000,324.710000,11.930000,40.500000,13.700000,11.130000,441.440000,0.035200,,581.610000,23.550000
2024-05-01,120.370000,1.143000,288.660000,260.800000,86.380000,135.340000,323.020000,485.080000,61.070000,18.870000,63.590000,,474.140000,554.330000,166.500000,56.520000,1.215000,,,5.300000,0.010500,2.820000,4.990000,0.320400,1436.950000,25.120000,,26.050000,92.670000,40.140000,,,109.760000,,,4.740000,117.870000,40.360000,324.890000,11.930000,40.560000,13.650000,11.190000,442.050000,0.035000,,582.620000,23.670000
2024-05-03,120.720000,1.146000,289.210000,261.580000,85.370000,135.750000,323.110000,486.360000,61.240000,18.890000,63.630000,,474.490000,554.740000,167.120000,56.710000,1.221000,,,5.310000,0.010600,2.860000,5.000000,0.322500,1441.480000,25.260000,,26.150000,93.300000,40.000000,,,109.590000,,,4.830000,118.220000,40.610000,326.200000,12.000000,40.680000,13.760000,11.220000,443.370000,0.035300,,582.920000,23.770000
2024-05-04,120.940000,1.148000,292.380000,262.030000,86.900000,135.980000,325.140000,489.570000,61.340000,19.080000,63.980000,,477.050000,557.660000,167.540000,56.840000,1.225000,,,5.330000,0.010600,2.900000,5.010000,0.326900,1445.110000,25.240000,,26.230000,93.740000,40.660000,,,110.300000,,,4.850000,118.420000,40.970000,328.510000,12.070000,40.750000,13.740000,11.290000,444.140000,0.035200,,585.430000,23.990000
2024-05-05,120.270000,1.143000,291.850000,260.600000,87.070000,135.230000,322.760000,487.810000,61.000000,18.990000,63.740000,,475.140000,554.020000,166.600000,56.550000,1.222000,,,5.300000,0.010500,2.890000,4.980000,0.326000,1438.630000,25.090000,,26.070000,93.220000,40.590000,,,110.020000,,,4.860000,117.760000,40.820000,327.300000,12.030000,40.520000,13.660000,11.240000,441.660000,0.034900,,583.810000,23.880000
2024-05-07,119.650000,1.138000,291.080000,259.250000,86.640000,134.540000,321.360000,485.400000,60.980000,18.930000,63.470000,,473.310000,552.580000,165.760000,56.230000,1.216000,,,5.260000,0.010500,2.860000,4.960000,0.324400,1430.250000,24.970000,,25.960000,92.770000,40.550000,,,109.500000,,,4.820000,117.170000,40.670000,325.530000,11.950000,40.310000,13.610000,11.200000,439.430000,0.034800,,580.860000,23.860000
2024-05-11,119.650000,1.135000,290.400000,259.230000,85.430000,134.530000,321.200000,484.720000,60.820000,19.000000,63.480000,,473.540000,550.660000,166.120000,56.230000,1.221000,,,5.260000,0.010500,2.820000,4.970000,0.321800,1429.270000,24.920000,,26.230000,92.760000,40.620000,,,110.190000,,,4.760000,117.160000,40.550000,324.760000,11.970000,40.310000,13.620000,11.110000,439.400000,0.034800,,579.350000,23.900000
2024-05-14,120.050000,1.139000,291.360000,260.130000,85.520000,135.000000,322.360000,486.290000,60.950000,19.170000,63.720000,,475.360000,552.520000,166.380000,56.440000,1.229000,,,5.280000,0.010500,2.830000,4.990000,0.322400,1434.680000,25.010000,,26.350000,93.280000,40.670000,,,110.990000,,,4.820000,117.570000,40.600000,325.760000,11.990000,40.530000,13.690000,11.130000,440.920000,0.034700,,582.370000,24.000000
2024-05-15,120.050000,1.140000,291.390000,260.120000,85.500000,134.990000,322.600000,485.890000,60.950000,19.240000,63.810000,,475.950000,553.460000,166.380000,56.440000,1.232000,,,5.280000,0.010500,2.820000,4.990000,0.322500,1434.010000,25.010000,,26.280000,93.470000,40.820000,,,111.440000,,,4.820000,117.560000,40.620000,325.940000,12.030000,40.490000,13.670000,11.120000,440.900000,0.034700,,582.260000,23.970000
2024-05-16,120.180000,1.142000,293.010000,260.420000,86.080000,135.150000,323.800000,487.480000,61.120000,19.310000,64.040000,,477.780000,556.440000,166.570000,56.530000,1.238000,,,5.290000,0.010500,2.830000,5.000000,0.324800,1437.020000,25.040000,,26.200000,93.820000,41.020000,,,111.980000,,,4.840000,117.710000,40.910000,327.120000,12.080000,40.650000,13.680000,11.150000,441.410000,0.034700,,583.130000,23.980000
2024-05-17,120.230000,1.143000,294.750000,260.520000,85.980000,135.200000,324.000000,489.390000,61.190000,19.460000,64.350000,,480.000000,559.350000,161.750000,56.580000,1.245000,,,5.290000,0.010500,2.860000,5.000000,0.328400,1438.650000,24.980000,,26.410000,94.330000,41.300000,,,112.610000,,,4.860000,117.750000,41.340000,328.510000,12.230000,40.770000,13.710000,11.220000,441.580000,0.034900,,584.350000,24.240000
2024-05-18,120.750000,1.146000,294.930000,261.620000,86.460000,135.770000,325.060000,487.670000,61.360000,19.460000,64.420000,,480.510000,560.910000,166.080000,56.840000,1.241000,,,5.320000,0.010600,2.850000,5.020000,0.326700,1443.870000,25.240000,,26.570000,94.650000,41.310000,,,112.670000,,,4.880000,118.240000,41.200000,329.110000,12.230000,41.060000,13.740000,11.240000,443.440000,0.035000,,588.120000,24.260000
2024-05-21,120.810000,1.148000,296.670000,261.780000,86.940000,135.860000,325.880000,488.250000,61.350000,19.540000,64.650000,,482.280000,563.610000,163.430000,56.890000,1.251000,,,5.330000,0.010600,2.850000,5.030000,0.326500,1446.430000,25.280000,,26.740000,94.750000,41.590000,,,113.360000,,,4.900000,118.320000,41.560000,329.830000,12.320000,40.970000,13.840000,11.200000,443.720000,0.035100,,587.390000,24.360000
2024-05-22,120.290000,1.142000,294.590000,260.650000,86.560000,135.270000,324.190000,485.870000,61.060000,19.460000,64.350000,,480.020000,561.790000,164.240000,56.620000,1.248000,,,5.300000,0.010500,2.830000,5.010000,0.324400,1440.540000,25.200000,,26.710000,94.200000,41.430000,,,112.880000,,,4.880000,117.800000,41.460000,328.090000,12.170000,40.980000,13.720000,11.100000,441.800000,0.035000,,585.560000,24.380000
2024-05-23,120.290000,1.151000,294.320000,260.640000,86.250000,135.270000,323.560000,483.360000,61.020000,19.370000,64.170000,,478.770000,562.090000,163.930000,56.600000,1.237000,,,5.310000,0.010500,2.820000,5.010000,0.323400,1440.040000,25.170000,,26.600000,94.200000,41.350000,,,112.250000,,,4.900000,117.800000,41.190000,327.710000,12.160000,41.060000,13.730000,11.110000,441.790000,0.034900,,585.390000,24.300000
2024-05-24,120.620000,1.144000,294.170000,261.370000,85.940000,135.650000,324.140000,485.030000,61.190000,19.430000,64.390000,,480.380000,563.670000,164.390000,56.740000,1.241000,,,5.320000,0.010500,2.830000,5.030000,0.325100,1444.270000,25.200000,,26.620000,94.220000,41.650000,,,112.680000,,,4.910000,118.140000,41.460000,328.370000,12.130000,41.210000,13.820000,11.100000,443.030000,0.035000,,586.480000,24.130000
2024-05-25,120.670000,1.146000,293.110000,261.450000,86.150000,135.680000,323.140000,484.490000,61.180000,19.430000,64.390000,,480.390000,563.740000,163.530000,56.720000,1.248000,,,5.330000,0.010600,2.820000,5.040000,0.324500,1444.410000,25.180000,,26.540000,94.090000,41.740000,,,112.810000,,,4.940000,118.170000,41.390000,328.290000,12.090000,41.220000,13.750000,11.040000,443.160000,0.035000,,586.670000,24.110000
2024-05-28,120.590000,1.145000,294.400000,261.260000,85.640000,135.590000,324.400000,484.720000,61.140000,19.450000,64.470000,,480.970000,564.840000,161.620000,56.710000,1.252000,,,5.330000,0.010500,2.820000,5.030000,0.325300,1443.320000,25.130000,,26.550000,94.320000,42.140000,,,113.050000,,,5.000000,118.080000,41.680000,328.390000,12.100000,41.190000,13.760000,10.990000,442.840000,0.035000,,586.040000,24.100000
2024-05-29,120.240000,1.142000,294.140000,260.530000,85.360000,135.200000,324.030000,484.940000,60.950000,19.490000,64.380000,,480.270000,564.220000,160.580000,56.540000,1.253000,,,5.310000,0.010500,2.820000,5.020000,0.325000,1440.230000,25.120000,,26.480000,94.120000,42.130000,,,112.980000,,,4.990000,117.740000,41.920000,327.730000,12.060000,41.270000,13.730000,10.930000,441.590000,0.035000,,584.380000,24.030000
2024-05-30,120.580000,1.144000,293.880000,261.270000,85.820000,135.590000,324.150000,484.940000,61.090000,19.450000,64.390000,,480.320000,564.320000,161.040000,56.690000,1.243000,,,5.310000,0.010500,2.820000,5.040000,0.324100,1443.590000,25.230000,,26.450000,94.180000,42.100000,,,112.890000,,,4.940000,118.080000,41.740000,328.090000,12.050000,41.390000,13.740000,10.940000,442.850000,0.035200,,586.880000,24.230000
2024-05-31,121.110000,1.151000,294.360000,262.410000,85.510000,136.180000,324.380000,490.670000,61.480000,19.420000,64.510000,,481.040000,565.370000,160.860000,56.890000,1.236000,,,5.340000,0.010600,2.830000,5.070000,0.323400,1449.580000,25.320000,,26.100000,94.600000,42.170000,,,112.150000,,,4.950000,118.590000,41.850000,329.250000,12.100000,41.570000,13.770000,10.980000,444.790000,0.035400,,588.640000,23.870000
2024-06-01,121.790000,1.155000,297.560000,263.860000,85.950000,136.940000,328.140000,493.650000,61.770000,19.630000,65.060000,,485.180000,568.900000,162.050000,57.200000,1.249000,,,5.360000,0.010600,2.840000,5.100000,0.323400,1457.320000,25.460000,,26.280000,95.080000,42.610000,,,113.860000,,,4.960000,119.250000,42.460000,330.980000,12.160000,41.800000,13.890000,11.040000,447.250000,0.035500,,591.530000,23.850000
2024-06-04,121.740000,1.157000,297.040000,263.760000,85.230000,136.890000,327.360000,496.370000,61.700000,19.600000,64.960000,,484.410000,568.240000,161.690000,57.170000,1.238000,,,5.380000,0.010600,2.850000,5.100000,0.324700,1459.000000,25.430000,,25.420000,95.040000,42.530000,,,113.130000,,,5.010000,119.200000,42.500000,331.070000,12.150000,41.740000,13.950000,11.070000,447.080000,0.035700,,591.730000,23.900000
2024-06-05,121.990000,1.159000,297.300000,264.310000,85.390000,137.170000,327.210000,501.750000,61.890000,19.660000,65.270000,,486.810000,571.390000,161.910000,57.330000,1.240000,,,5.360000,0.010700,2.890000,5.110000,0.325300,1462.560000,25.540000,,24.810000,95.320000,42.380000,,,113.150000,,,5.050000,119.450000,42.780000,332.430000,12.250000,41.950000,13.840000,11.120000,448.010000,0.035500,,592.860000,23.980000
2024-06-06,122.160000,1.161000,297.900000,264.680000,84.800000,137.360000,328.000000,502.850000,61.910000,19.770000,65.370000,,487.540000,572.910000,161.670000,57.440000,1.243000,,,5.380000,0.010700,2.880000,5.120000,0.326900,1464.230000,25.580000,,25.440000,95.540000,42.460000,,,113.170000,,,5.060000,119.620000,42.990000,332.970000,12.220000,42.050000,13.800000,11.190000,448.640000,0.035600,,594.870000,23.780000
2024-06-07,121.690000,1.154000,297.050000,263.650000,84.310000,136.830000,326.530000,501.560000,61.690000,19.740000,65.160000,,485.950000,571.130000,160.180000,57.220000,1.243000,,,5.350000,0.010600,2.860000,5.120000,0.326900,1458.900000,25.540000,,25.500000,95.250000,42.260000,,,112.980000,,,5.040000,119.160000,43.030000,331.890000,12.260000,41.880000,13.870000,11.140000,446.890000,0.035400,,592.310000,23.570000
2024-06-08,121.800000,1.157000,297.950000,263.940000,85.080000,136.970000,326.980000,502.950000,61.780000,19.810000,65.310000,,487.230000,572.450000,160.060000,57.290000,1.253000,,,5.360000,0.010700,2.880000,5.120000,0.327200,1461.180000,25.550000,,25.070000,95.430000,42.410000,,,113.550000,,,5.040000,119.290000,43.060000,332.690000,12.250000,41.810000,13.860000,11.140000,447.370000,0.035500,,593.080000,23.670000
2024-06-11,122.020000,1.159000,295.180000,264.380000,83.710000,137.200000,325.360000,500.020000,61.830000,19.520000,64.510000,,481.100000,568.840000,158.910000,57.350000,1.221000,,,5.370000,0.010700,2.860000,5.130000,0.325700,1461.010000,25.460000,,24.290000,94.960000,41.780000,,,111.140000,,,5.050000,119.500000,42.440000,331.180000,12.180000,42.120000,13.800000,11.070000,448.120000,0.035600,,594.470000,23.900000
2024-06-12,122.450000,1.164000,296.530000,265.350000,84.000000,137.710000,326.530000,501.400000,62.000000,19.520000,64.770000,,483.000000,572.990000,158.650000,57.590000,1.224000,,,5.380000,0.010700,2.860000,5.170000,0.326300,1466.590000,25.500000,,24.450000,95.350000,42.020000,,,111.170000,,,5.050000,119.930000,42.840000,332.470000,12.240000,42.110000,13.890000,11.120000,449.760000,0.035800,,593.350000,24.090000
2024-06-13,123.010000,1.169000,298.800000,266.530000,84.200000,138.320000,328.680000,504.430000,62.280000,19.710000,65.170000,,485.970000,576.460000,159.350000,57.840000,1.231000,,,5.410000,0.010800,2.870000,5.190000,0.328300,1474.010000,25.680000,,24.120000,95.820000,42.400000,,,112.040000,,,5.070000,120.450000,43.290000,334.220000,12.320000,42.500000,13.960000,11.160000,451.770000,0.036000,,596.070000,24.260000
2024-06-14,122.890000,1.176000,300.030000,266.300000,83.560000,138.200000,328.370000,503.660000,62.240000,19.720000,65.320000,,487.220000,576.590000,158.820000,57.790000,1.227000,,,5.400000,0.010700,2.870000,5.190000,0.328500,1473.170000,25.550000,,24.080000,95.940000,42.540000,,,112.110000,,,5.140000,120.330000,43.400000,334.600000,12.320000,41.990000,13.980000,11.080000,451.380000,0.035900,,595.910000,24.570000
2024-06-15,122.740000,1.171000,298.150000,265.950000,84.060000,138.020000,327.660000,504.750000,62.140000,19.490000,64.640000,,482.210000,572.680000,158.450000,57.710000,1.212000,,,5.400000,0.010700,2.870000,5.170000,0.325500,1470.340000,25.500000,,24.190000,95.570000,42.250000,,,110.300000,,,5.050000,120.160000,42.780000,333.150000,12.280000,42.290000,13.790000,11.080000,450.790000,0.035900,,595.840000,24.560000
2024-06-18,123.330000,1.176000,299.240000,267.210000,84.220000,138.670000,329.660000,507.760000,62.420000,19.650000,65.030000,,484.990000,573.760000,159.200000,57.990000,1.225000,,,5.420000,0.010800,2.870000,5.160000,0.328100,1476.850000,25.560000,,24.490000,96.020000,42.260000,,,111.330000,,,5.120000,120.720000,42.960000,334.830000,12.310000,42.130000,13.790000,11.150000,452.920000,0.035900,,596.780000,24.870000
2024-06-19,124.710000,1.181000,303.090000,270.190000,84.450000,140.220000,333.170000,515.860000,63.120000,19.830000,65.800000,,490.860000,581.040000,162.290000,58.660000,1.240000,,,5.490000,0.010900,2.900000,5.210000,0.330800,1493.350000,25.850000,,24.850000,97.190000,42.890000,,,112.890000,,,5.260000,122.070000,43.660000,338.320000,12.440000,43.000000,14.030000,11.290000,457.980000,0.036300,,603.380000,25.270000
2024-06-20,125.180000,1.186000,306.750000,271.240000,84.580000,140.760000,335.390000,519.730000,63.350000,19.870000,66.260000,,494.140000,585.450000,165.680000,58.890000,1.248000,,,5.510000,0.010900,2.910000,5.250000,0.333200,1500.050000,25.950000,,24.980000,97.720000,43.630000,,,114.200000,,,5.540000,122.550000,44.140000,340.580000,12.550000,43.580000,14.120000,11.350000,459.750000,0.036600,,605.730000,25.560000
2024-06-21,125.130000,1.186000,306.600000,271.150000,84.750000,140.720000,335.230000,516.580000,63.300000,19.790000,66.120000,,493.060000,583.780000,165.920000,58.890000,1.241000,,,5.500000,0.010900,2.900000,5.260000,0.331400,1499.410000,25.940000,,24.950000,97.620000,43.660000,,,114.110000,,,5.380000,122.510000,44.070000,339.890000,12.510000,43.360000,14.120000,11.350000,459.600000,0.036500,,605.530000,25.390000
2024-06-22,126.540000,1.200000,309.180000,274.170000,85.210000,142.290000,339.390000,520.870000,64.000000,19.890000,66.570000,,496.320000,586.990000,167.590000,59.560000,1.249000,,,5.560000,0.011100,2.920000,5.350000,0.334200,1515.080000,26.180000,,25.440000,98.670000,44.060000,,,114.610000,,,5.400000,123.880000,44.150000,343.140000,12.680000,43.840000,14.180000,11.500000,464.720000,0.037000,,612.300000,25.970000
2024-06-25,126.690000,1.209000,309.320000,274.500000,85.690000,142.460000,340.290000,521.090000,64.100000,20.060000,66.930000,,499.200000,589.140000,166.950000,59.600000,1.265000,,,5.580000,0.011100,2.920000,5.360000,0.335400,1517.300000,26.170000,,25.730000,98.810000,44.060000,,,116.060000,,,5.330000,124.030000,44.380000,343.960000,12.700000,43.650000,14.150000,11.470000,465.280000,0.037000,,611.820000,25.670000
2024-06-26,127.240000,1.214000,311.170000,275.690000,86.680000,143.070000,342.090000,523.110000,64.340000,20.150000,67.180000,,501.030000,592.850000,166.890000,59.850000,1.265000,,,5.600000,0.011100,2.930000,5.390000,0.336200,1524.600000,26.330000,,25.900000,99.360000,44.240000,,,116.600000,,,5.350000,124.540000,44.660000,345.400000,12.750000,44.000000,14.170000,11.510000,467.290000,0.037300,,615.370000,25.760000
2024-06-27,126.280000,1.205000,308.780000,273.610000,85.080000,142.000000,338.890000,516.560000,63.820000,19.900000,66.430000,,495.490000,586.900000,165.630000,59.400000,1.251000,,,5.550000,0.011000,2.890000,5.360000,0.333500,1511.980000,26.110000,,25.490000,98.470000,43.610000,,,115.090000,,,5.310000,123.620000,43.940000,341.740000,12.590000,43.750000,14.090000,11.450000,463.770000,0.037000,,610.700000,25.530000
2024-06-28,126.760000,1.202000,309.990000,274.640000,84.330000,142.530000,340.220000,519.030000,64.050000,19.980000,66.810000,,498.200000,588.840000,166.260000,59.620000,1.256000,,,5.580000,0.011100,2.900000,5.380000,0.335900,1517.930000,26.150000,,25.440000,98.670000,43.730000,,,115.690000,,,5.450000,124.090000,43.980000,343.230000,12.640000,43.920000,14.210000,11.510000,465.520000,0.037200,,611.870000,25.380000
2024-06-29,128.360000,1.218000,313.950000,278.150000,85.710000,144.350000,344.460000,524.660000,64.920000,20.200000,67.710000,,504.790000,596.490000,170.200000,60.370000,1.279000,,,5.660000,0.011200,2.940000,5.450000,0.342400,1536.950000,26.490000,,25.750000,99.990000,44.320000,,,117.260000,,,5.530000,125.670000,44.420000,347.970000,12.850000,44.270000,14.340000,11.660000,471.460000,0.037700,,619.970000,25.930000
2024-07-02,129.370000,1.227000,317.140000,280.340000,84.980000,145.490000,347.180000,527.220000,65.380000,20.400000,68.480000,,510.720000,602.100000,171.240000,60.830000,1.297000,,,5.700000,0.011300,2.950000,5.500000,0.343900,1550.650000,26.730000,,25.920000,100.890000,44.690000,,,118.820000,,,5.470000,126.660000,44.950000,350.630000,12.940000,44.700000,14.590000,11.690000,475.180000,0.038000,,625.020000,26.330000
2024-07-03,128.460000,1.226000,313.810000,278.370000,83.360000,144.460000,343.620000,522.170000,64.890000,20.080000,67.800000,,505.660000,596.390000,170.770000,60.380000,1.276000,,,5.650000,0.011200,2.920000,5.460000,0.339800,1539.160000,26.580000,,25.650000,100.030000,44.190000,,,116.780000,,,5.400000,125.770000,44.320000,347.370000,12.810000,44.510000,14.510000,11.570000,471.830000,0.037500,,621.170000,25.530000
2024-07-04,128.660000,1.228000,315.160000,278.800000,83.250000,144.690000,345.500000,523.330000,64.970000,20.190000,68.170000,,508.340000,600.160000,170.600000,60.490000,1.287000,,,5.660000,0.011300,2.920000,5.490000,0.340200,1541.730000,26.620000,,25.930000,100.160000,44.380000,,,118.280000,,,5.400000,125.980000,44.750000,348.500000,12.860000,44.330000,14.590000,11.620000,472.570000,0.037800,,621.250000,25.570000
2024-07-05,129.430000,1.235000,319.840000,280.470000,85.510000,145.550000,349.010000,528.150000,65.390000,20.410000,68.850000,,513.370000,606.410000,172.560000,60.880000,1.305000,,,5.700000,0.011300,2.950000,5.520000,0.344500,1552.800000,26.830000,,26.240000,101.000000,45.040000,,,119.610000,,,5.400000,126.730000,45.290000,351.850000,12.980000,44.850000,14.600000,11.740000,475.390000,0.037800,,625.880000,25.880000
2024-07-06,129.670000,1.230000,320.770000,280.990000,86.770000,145.820000,350.020000,530.070000,65.550000,20.490000,69.120000,,515.470000,608.960000,175.100000,60.980000,1.312000,,,5.710000,0.011300,2.960000,5.530000,0.345000,1556.590000,26.980000,,26.370000,101.180000,45.060000,,,120.460000,,,5.410000,126.970000,45.360000,352.980000,13.030000,44.800000,14.560000,11.750000,476.270000,0.037900,,627.040000,26.150000
2024-07-10,130.900000,1.243000,323.990000,283.640000,87.900000,147.200000,352.440000,535.500000,66.120000,20.630000,69.750000,,520.190000,615.910000,176.110000,61.540000,1.318000,,,5.760000,0.011400,2.990000,5.610000,0.347700,1571.550000,27.240000,,26.680000,102.160000,45.260000,,,122.200000,,,5.510000,128.180000,45.540000,356.100000,13.210000,45.360000,14.670000,11.800000,480.770000,0.038300,,635.080000,26.530000
2024-07-11,130.290000,1.243000,322.450000,282.290000,88.270000,146.500000,351.050000,532.890000,65.760000,20.400000,69.410000,,517.760000,612.790000,176.300000,61.260000,1.318000,,,5.730000,0.011400,2.960000,5.590000,0.345500,1563.760000,27.080000,,26.830000,101.850000,44.740000,,,121.640000,,,5.470000,127.570000,45.390000,354.560000,13.160000,45.140000,14.530000,11.740000,478.480000,0.038100,,631.880000,26.480000
2024-07-12,129.140000,1.232000,320.270000,279.800000,87.570000,145.210000,347.880000,528.130000,65.280000,20.290000,68.970000,,514.480000,610.660000,176.300000,60.730000,1.305000,,,5.680000,0.011300,2.940000,5.550000,0.344000,1550.120000,26.920000,,26.550000,101.230000,43.910000,,,120.870000,,,5.430000,126.450000,45.030000,352.030000,13.080000,44.740000,14.420000,11.600000,474.260000,0.037700,,626.150000,26.240000
2024-07-13,129.330000,1.226000,321.690000,280.250000,87.320000,145.440000,348.900000,530.350000,65.510000,20.410000,69.340000,,517.210000,615.690000,176.000000,60.850000,1.319000,,,5.690000,0.011300,2.990000,5.570000,0.345400,1555.030000,26.960000,,26.820000,101.780000,44.290000,,,121.590000,,,5.440000,126.650000,45.050000,353.920000,13.140000,44.810000,14.390000,11.580000,475.030000,0.037700,,628.040000,26.400000
2024-07-16,128.640000,1.227000,320.350000,278.760000,87.040000,144.660000,346.270000,528.630000,65.070000,20.310000,69.090000,,515.440000,613.200000,176.630000,60.540000,1.318000,,,5.650000,0.011200,2.990000,5.540000,0.341800,1546.110000,26.920000,,26.570000,101.180000,43.930000,,,121.290000,,,5.410000,125.980000,44.730000,352.180000,13.060000,44.530000,14.300000,11.520000,472.490000,0.037600,,626.400000,25.990000
2024-07-17,129.220000,1.233000,319.990000,280.010000,87.110000,145.320000,346.970000,529.890000,65.320000,20.410000,69.340000,,517.190000,615.300000,177.760000,60.820000,1.320000,,,5.680000,0.011300,3.000000,5.560000,0.343300,1552.770000,27.030000,,26.760000,101.540000,43.870000,,,121.150000,,,5.390000,126.550000,44.720000,353.250000,13.160000,44.780000,14.350000,11.500000,474.620000,0.037800,,629.940000,26.220000
2024-07-18,129.280000,1.227000,320.130000,280.140000,87.460000,145.380000,347.430000,534.660000,65.420000,20.520000,69.580000,,518.990000,618.850000,177.840000,60.820000,1.327000,,,5.690000,0.011300,3.030000,5.570000,0.344500,1554.320000,27.030000,,26.770000,101.890000,44.170000,,,120.890000,,,5.400000,126.600000,45.130000,354.300000,13.220000,44.800000,14.350000,11.450000,474.830000,0.037700,,629.720000,26.110000
2024-07-19,129.880000,1.232000,321.380000,281.430000,86.890000,146.050000,348.810000,539.930000,65.710000,20.650000,69.910000,,521.440000,619.610000,178.660000,61.090000,1.338000,,,5.710000,0.011400,3.050000,5.610000,0.345100,1561.780000,27.210000,,26.960000,102.260000,44.430000,,,121.470000,,,5.430000,127.180000,45.240000,355.860000,13.270000,44.960000,14.480000,11.510000,477.030000,0.038100,,634.030000,26.160000
2024-07-20,130.300000,1.237000,320.170000,282.350000,86.320000,146.530000,348.950000,538.090000,65.840000,20.630000,69.820000,,520.840000,618.230000,179.240000,61.290000,1.333000,,,5.720000,0.011400,3.040000,5.640000,0.344500,1565.320000,27.220000,,26.680000,102.150000,44.080000,,,121.380000,,,5.440000,127.590000,44.890000,355.930000,13.190000,45.150000,14.470000,11.540000,478.580000,0.038200,,636.070000,26.090000
2024-07-23,128.830000,1.229000,315.120000,279.140000,84.320000,144.870000,344.180000,533.130000,65.050000,20.430000,69.040000,,515.120000,612.070000,176.350000,60.600000,1.325000,,,5.660000,0.011300,3.020000,5.590000,0.341100,1548.010000,26.930000,,26.320000,101.140000,43.310000,,,120.450000,,,5.400000,126.150000,44.340000,351.860000,13.050000,44.640000,14.350000,11.450000,473.150000,0.037500,,627.320000,25.930000
2024-07-24,128.680000,1.222000,313.160000,278.830000,84.840000,144.700000,343.470000,530.440000,64.970000,20.250000,68.810000,,513.220000,609.680000,174.720000,60.540000,1.316000,,,5.650000,0.011300,3.030000,5.590000,0.340900,1546.130000,26.790000,,26.300000,101.230000,42.960000,,,120.050000,,,5.430000,126.000000,44.010000,351.290000,13.060000,44.590000,14.350000,11.460000,472.620000,0.037700,,626.850000,25.760000
2024-07-25,129.080000,1.231000,312.660000,279.700000,84.880000,145.150000,343.870000,534.550000,65.150000,20.250000,68.890000,,514.010000,611.810000,175.850000,60.710000,1.309000,,,5.660000,0.011300,3.070000,5.620000,0.342600,1550.630000,26.860000,,26.020000,101.500000,42.950000,,,119.980000,,,5.480000,126.380000,43.950000,352.690000,13.110000,44.730000,14.420000,11.500000,474.090000,0.037900,,628.410000,25.910000
2024-07-26,129.250000,1.233000,309.610000,280.070000,83.910000,145.350000,343.150000,540.500000,65.810000,20.280000,69.040000,,515.170000,611.060000,176.410000,60.820000,1.310000,,,5.670000,0.011300,3.120000,5.640000,0.344200,1553.660000,26.850000,,25.600000,101.870000,42.760000,,,119.920000,,,5.580000,126.540000,43.830000,353.870000,13.140000,44.870000,14.350000,11.520000,474.720000,0.037800,,629.320000,25.700000
2024-07-27,129.280000,1.227000,311.490000,280.140000,84.120000,145.380000,343.780000,537.500000,65.480000,20.320000,69.080000,,515.380000,611.250000,176.850000,60.830000,1.319000,,,5.670000,0.011300,3.070000,5.640000,0.342700,1552.700000,26.900000,,25.930000,102.000000,43.210000,,,120.640000,,,5.500000,126.570000,43.980000,353.480000,13.190000,45.010000,14.430000,11.570000,474.830000,0.037800,,630.910000,26.020000
2024-07-30,128.860000,1.229000,309.960000,279.230000,83.530000,144.910000,342.120000,535.150000,65.210000,20.220000,68.730000,,512.810000,607.850000,175.620000,60.600000,1.310000,,,5.650000,0.011300,3.080000,5.630000,0.342500,1548.270000,26.850000,,25.680000,102.070000,43.070000,,,119.680000,,,5.470000,126.160000,43.810000,352.280000,13.170000,44.730000,14.330000,11.540000,473.290000,0.037800,,627.800000,25.780000
2024-07-31,129.430000,1.235000,310.940000,280.450000,84.650000,145.550000,343.300000,536.720000,65.560000,20.270000,69.020000,,514.970000,611.090000,176.390000,60.860000,1.306000,,,5.680000,0.011300,3.070000,5.660000,0.343400,1554.970000,26.990000,,25.540000,102.890000,43.380000,,,120.270000,,,5.510000,126.720000,44.070000,353.860000,13.220000,45.140000,14.390000,11.590000,475.370000,0.038000,,630.260000,25.960000
2024-08-01,129.040000,1.224000,308.070000,279.620000,84.450000,145.110000,342.520000,538.210000,65.640000,20.180000,68.810000,,513.380000,608.550000,176.190000,60.670000,1.298000,,,5.660000,0.011300,3.150000,5.640000,0.345400,1551.140000,26.960000,,25.250000,103.210000,43.440000,,,119.710000,,,5.500000,126.330000,44.230000,354.120000,13.300000,44.840000,14.360000,11.560000,473.950000,0.038000,,628.150000,26.030000
2024-08-02,129.250000,1.233000,309.840000,280.060000,83.910000,145.340000,343.350000,541.170000,65.510000,20.100000,68.600000,,511.740000,605.780000,176.800000,60.740000,1.294000,,,5.670000,0.011300,3.160000,5.650000,0.347500,1553.420000,27.050000,,25.490000,103.940000,43.590000,,,119.090000,,,5.540000,126.530000,44.420000,354.760000,13.350000,45.000000,14.340000,11.530000,474.710000,0.038000,,630.610000,26.060000
2024-08-03,129.210000,1.227000,309.090000,279.980000,82.510000,145.300000,342.080000,545.290000,65.870000,20.340000,68.840000,,513.630000,604.410000,176.750000,60.760000,1.295000,,,5.670000,0.011300,3.190000,5.650000,0.347500,1554.080000,26.930000,,25.040000,105.580000,43.130000,,,119.820000,,,5.530000,126.460000,44.230000,356.470000,13.430000,44.980000,14.310000,11.500000,474.570000,0.037900,,629.130000,26.100000
2024-08-06,129.910000,1.239000,308.000000,281.500000,83.300000,146.090000,344.490000,561.880000,66.940000,20.700000,70.020000,,522.430000,608.700000,178.310000,61.320000,1.311000,,,5.680000,0.011400,3.350000,5.680000,0.349500,1563.250000,27.160000,,24.200000,107.950000,43.280000,,,121.300000,,,5.630000,127.120000,45.170000,361.230000,13.540000,45.440000,14.310000,11.590000,477.150000,0.038100,,633.990000,25.630000
2024-08-07,130.530000,1.240000,310.800000,282.830000,83.750000,146.780000,346.440000,561.030000,67.050000,20.670000,70.080000,,522.930000,608.310000,178.880000,61.520000,1.316000,,,5.710000,0.011400,3.310000,5.670000,0.347900,1568.670000,27.320000,,24.730000,107.250000,43.530000,,,121.280000,,,5.610000,127.690000,45.320000,361.160000,13.490000,45.530000,14.290000,11.690000,479.400000,0.038100,,642.190000,25.880000
2024-08-08,129.500000,1.228000,312.480000,280.600000,84.080000,145.620000,346.080000,551.380000,66.220000,20.550000,69.580000,,519.230000,604.660000,177.800000,61.000000,1.304000,,,5.670000,0.011300,3.230000,5.620000,0.346000,1554.970000,27.180000,,24.650000,105.880000,44.160000,,,120.250000,,,5.520000,126.690000,45.590000,358.360000,13.350000,45.080000,14.190000,11.610000,475.620000,0.037700,,634.980000,25.950000
2024-08-09,129.910000,1.239000,312.620000,281.500000,84.650000,146.090000,347.040000,556.170000,66.530000,20.670000,69.860000,,521.280000,605.490000,178.370000,61.230000,1.316000,,,5.680000,0.011400,3.270000,5.630000,0.346800,1559.790000,27.230000,,24.760000,106.740000,43.890000,,,120.700000,,,5.490000,127.160000,45.380000,360.300000,13.510000,45.530000,14.250000,11.620000,477.140000,0.037900,,636.230000,25.910000
2024-08-10,129.890000,1.231000,313.560000,281.440000,85.980000,146.060000,347.190000,551.560000,66.530000,20.640000,69.790000,,520.780000,607.890000,179.340000,61.180000,1.318000,,,5.680000,0.011400,3.240000,5.600000,0.349200,1558.290000,27.290000,,25.370000,108.050000,43.970000,,,120.340000,,,5.370000,127.110000,45.280000,360.250000,13.550000,45.430000,14.210000,11.600000,477.040000,0.037900,,636.620000,26.060000
2024-08-13,130.430000,1.237000,316.110000,282.610000,87.000000,146.670000,349.150000,551.690000,66.730000,20.800000,70.140000,,523.390000,611.190000,179.410000,61.460000,1.331000,,,5.710000,0.011400,3.250000,5.610000,0.349600,1564.180000,27.440000,,25.450000,107.650000,44.510000,,,121.590000,,,5.310000,127.620000,45.480000,361.780000,13.590000,45.410000,14.280000,11.600000,479.030000,0.038100,,639.040000,26.290000
2024-08-14,130.540000,1.245000,316.140000,282.860000,87.280000,146.790000,348.990000,553.050000,66.910000,20.790000,70.190000,,523.690000,612.920000,179.430000,61.560000,1.330000,,,5.710000,0.011400,3.250000,5.610000,0.349600,1566.080000,27.510000,,25.250000,107.840000,44.400000,,,122.240000,,,5.220000,127.710000,45.470000,362.470000,13.640000,45.440000,14.350000,11.600000,479.440000,0.038000,,639.630000,26.360000
2024-08-15,130.650000,1.238000,318.270000,283.090000,87.940000,146.910000,350.160000,556.260000,67.220000,21.010000,70.880000,,528.820000,616.250000,179.710000,61.610000,1.342000,,,5.720000,0.011400,3.270000,5.600000,0.354500,1568.790000,27.510000,,25.310000,108.680000,44.970000,,,123.180000,,,5.390000,127.840000,46.130000,364.970000,13.750000,45.350000,14.310000,11.630000,479.830000,0.038200,,640.290000,26.590000
2024-08-16,130.300000,1.243000,317.050000,282.340000,87.500000,146.530000,349.090000,552.430000,66.860000,20.920000,70.610000,,526.910000,615.110000,179.240000,61.420000,1.336000,,,5.700000,0.011400,3.250000,5.580000,0.352500,1565.280000,27.500000,,25.430000,108.030000,44.820000,,,123.180000,,,5.400000,127.530000,45.760000,363.300000,13.710000,45.360000,14.230000,11.640000,478.570000,0.038100,,641.100000,26.590000
2024-08-17,130.400000,1.237000,317.710000,282.540000,87.350000,146.630000,348.930000,551.740000,66.850000,20.860000,70.570000,,526.420000,618.180000,179.700000,61.430000,1.331000,,,5.710000,0.011400,3.230000,5.590000,0.353300,1566.190000,27.520000,,25.660000,108.150000,44.610000,,,123.230000,,,5.380000,127.620000,45.610000,363.250000,13.700000,45.180000,14.220000,11.620000,478.910000,0.038000,,641.050000,26.750000
2024-08-20,130.350000,1.244000,320.230000,282.440000,87.500000,146.580000,349.880000,553.330000,67.030000,20.990000,70.810000,,528.240000,620.020000,179.840000,61.440000,1.343000,,,5.710000,0.011400,3.270000,5.590000,0.358000,1566.350000,27.550000,,25.650000,109.350000,44.930000,,,123.720000,,,5.350000,127.580000,45.940000,365.340000,13.880000,45.160000,14.260000,11.570000,478.740000,0.038000,,640.310000,26.860000
2024-08-21,129.830000,1.239000,320.990000,281.300000,88.200000,145.990000,350.340000,554.750000,66.740000,21.000000,70.810000,,528.400000,620.000000,178.250000,61.210000,1.342000,,,5.690000,0.011400,3.260000,5.560000,0.357700,1560.090000,27.370000,,25.430000,108.990000,45.250000,,,123.860000,,,5.210000,127.080000,46.470000,364.560000,13.950000,44.980000,14.160000,11.530000,476.810000,0.037900,,639.530000,26.800000
2024-08-22,129.530000,1.236000,320.720000,280.650000,86.820000,145.650000,349.780000,556.110000,66.690000,21.100000,70.930000,,529.120000,620.220000,177.300000,61.030000,1.350000,,,5.670000,0.011300,3.250000,5.550000,0.355700,1556.660000,27.470000,,25.100000,108.730000,45.280000,,,123.560000,,,5.180000,126.790000,46.490000,364.020000,13.890000,44.880000,14.020000,11.510000,475.700000,0.037900,,639.010000,26.710000
2024-08-23,130.450000,1.244000,322.610000,282.640000,87.370000,146.680000,352.650000,562.430000,67.120000,21.280000,71.520000,,533.500000,628.220000,178.760000,61.450000,1.356000,,,5.710000,0.011400,3.290000,5.600000,0.358500,1568.030000,27.690000,,24.770000,109.480000,45.460000,,,124.750000,,,5.260000,127.690000,46.900000,366.330000,13.950000,45.070000,14.120000,11.600000,479.080000,0.038100,,644.630000,26.680000
2024-08-24,131.460000,1.254000,324.860000,284.830000,86.390000,147.820000,355.400000,566.780000,67.660000,21.410000,71.930000,,536.660000,633.500000,180.480000,61.900000,1.363000,,,5.760000,0.011500,3.310000,5.650000,0.361100,1580.550000,27.910000,,24.830000,110.430000,45.520000,,,125.580000,,,5.280000,128.670000,46.960000,369.100000,14.100000,45.630000,14.200000,11.700000,482.780000,0.038100,,650.380000,26.920000
2024-08-27,131.700000,1.256000,327.720000,285.340000,88.170000,148.080000,358.290000,571.490000,67.950000,21.590000,72.420000,,540.290000,638.370000,180.800000,62.040000,1.367000,,,5.770000,0.011500,3.360000,5.670000,0.365100,1583.870000,28.010000,,25.240000,111.310000,45.910000,,,126.300000,,,5.270000,128.900000,47.360000,371.320000,14.230000,45.630000,14.220000,11.710000,483.650000,0.038300,,651.010000,27.280000
2024-08-28,130.860000,1.248000,325.790000,283.530000,87.430000,147.140000,356.940000,567.870000,67.440000,21.430000,71.930000,,536.580000,635.000000,179.860000,61.610000,1.363000,,,5.730000,0.011400,3.320000,5.640000,0.360800,1574.570000,27.720000,,24.710000,110.610000,45.730000,,,125.460000,,,5.260000,128.080000,47.140000,368.660000,14.110000,45.300000,14.120000,11.620000,480.590000,0.038100,,648.720000,27.070000
2024-08-29,131.030000,1.244000,326.600000,283.910000,87.360000,147.340000,357.470000,570.640000,67.520000,21.380000,71.770000,,535.360000,636.080000,180.230000,61.700000,1.361000,,,5.730000,0.011500,3.330000,5.650000,0.360500,1576.430000,27.450000,,24.550000,110.880000,45.680000,,,124.570000,,,5.270000,128.250000,47.210000,369.180000,14.150000,45.310000,14.140000,11.680000,481.220000,0.038200,,649.400000,27.090000
2024-08-30,131.140000,1.245000,328.520000,284.150000,86.580000,147.460000,358.010000,571.190000,67.920000,21.340000,71.660000,,534.460000,635.410000,180.720000,61.790000,1.361000,,,5.740000,0.011500,3.330000,5.660000,0.362900,1577.980000,27.970000,,24.550000,111.800000,45.960000,,,124.620000,,,5.280000,128.360000,47.190000,370.310000,14.200000,45.350000,14.130000,11.690000,481.630000,0.038200,,649.330000,27.240000
2024-09-03,131.380000,1.257000,326.820000,284.680000,85.980000,147.740000,357.480000,567.220000,67.840000,21.320000,71.580000,,533.770000,633.510000,181.200000,61.890000,1.360000,,,5.750000,0.011500,3.290000,5.680000,0.360500,1579.170000,27.860000,,24.560000,110.930000,45.550000,,,124.820000,,,5.410000,128.590000,47.030000,369.050000,14.100000,45.440000,14.190000,11.720000,482.530000,0.038200,,649.780000,26.950000
2024-09-04,131.440000,1.257000,324.840000,284.800000,85.950000,147.800000,356.480000,566.800000,67.790000,21.250000,71.410000,,532.700000,633.110000,181.140000,61.900000,1.354000,,,5.750000,0.011500,3.310000,5.690000,0.359800,1580.320000,27.900000,,24.330000,110.590000,45.200000,,,124.580000,,,5.440000,128.630000,46.830000,368.670000,14.090000,45.540000,14.220000,11.680000,482.740000,0.038200,,650.060000,26.860000
2024-09-05,131.670000,1.252000,324.670000,285.290000,85.710000,148.060000,356.900000,569.040000,67.950000,21.300000,71.650000,,534.490000,634.060000,181.110000,62.010000,1.360000,,,5.760000,0.011500,3.330000,5.720000,0.360700,1582.620000,27.860000,,24.350000,111.170000,45.300000,,,124.820000,,,5.410000,128.850000,46.900000,370.040000,14.140000,45.530000,14.210000,11.740000,483.570000,0.038400,,649.480000,27.010000
2024-09-06,131.490000,1.258000,324.780000,284.920000,85.620000,147.860000,357.470000,570.720000,68.060000,21.400000,71.840000,,535.970000,635.740000,180.880000,61.960000,1.366000,,,5.750000,0.011500,3.370000,5.720000,0.361800,1582.110000,27.920000,,24.130000,111.390000,45.490000,,,125.510000,,,5.350000,128.660000,46.990000,371.040000,14.360000,45.560000,14.260000,11.770000,482.940000,0.038400,,649.270000,27.130000
2024-09-07,130.850000,1.244000,323.700000,283.510000,86.270000,147.130000,356.150000,570.660000,67.850000,21.320000,71.530000,,533.750000,632.790000,180.180000,61.670000,1.352000,,,5.730000,0.011400,3.360000,5.710000,0.361700,1574.390000,27.860000,,24.130000,111.030000,45.240000,,,124.770000,,,5.360000,128.020000,46.960000,370.170000,14.350000,45.330000,14.140000,11.730000,480.550000,0.037800,,647.830000,27.110000
2024-09-10,130.390000,1.240000,318.460000,282.530000,85.530000,146.620000,353.110000,564.200000,67.290000,21.110000,70.870000,,528.740000,626.240000,179.360000,61.420000,1.336000,,,5.710000,0.011400,3.330000,5.690000,0.355600,1567.870000,27.750000,,24.090000,109.640000,44.250000,,,123.510000,,,5.290000,127.600000,46.140000,366.460000,14.110000,45.050000,14.060000,11.640000,478.890000,0.037900,,646.120000,26.730000
2024-09-11,130.000000,1.236000,318.550000,281.680000,85.490000,146.180000,351.920000,563.360000,67.070000,21.020000,70.650000,,527.100000,625.410000,178.820000,61.240000,1.328000,,,5.690000,0.011400,3.340000,5.670000,0.356100,1563.260000,27.630000,,24.010000,110.010000,44.290000,,,123.090000,,,5.240000,127.260000,46.120000,366.030000,14.150000,44.960000,14.020000,11.600000,477.450000,0.037800,,641.960000,26.720000
2024-09-12,130.040000,1.237000,318.570000,281.780000,84.340000,146.240000,351.730000,564.360000,67.160000,21.040000,70.720000,,527.670000,625.010000,178.550000,61.250000,1.332000,,,5.690000,0.011400,3.370000,5.670000,0.356700,1564.380000,27.610000,,23.960000,110.380000,44.190000,,,123.050000,,,5.250000,127.290000,46.150000,366.950000,14.190000,44.930000,14.040000,11.570000,477.620000,0.037800,,642.430000,26.750000
2024-09-13,129.910000,1.235000,318.820000,281.490000,84.170000,146.090000,351.530000,558.700000,67.000000,20.930000,70.470000,,525.850000,622.610000,178.570000,61.150000,1.327000,,,5.680000,0.011400,3.350000,5.670000,0.355700,1562.570000,27.500000,,24.170000,110.120000,44.090000,,,122.310000,,,5.240000,127.150000,46.060000,365.560000,14.140000,44.890000,14.050000,11.550000,477.130000,0.037500,,642.470000,26.500000
2024-09-14,130.530000,1.248000,321.230000,282.820000,85.190000,146.770000,352.980000,565.170000,67.580000,21.140000,71.240000,,531.630000,629.190000,179.540000,61.470000,1.344000,,,5.710000,0.011400,3.410000,5.690000,0.361000,1571.380000,27.680000,,24.680000,111.540000,44.860000,,,123.820000,,,5.270000,127.740000,46.740000,369.120000,14.390000,45.220000,14.120000,11.590000,479.380000,0.037800,,644.400000,26.950000
2024-09-17,130.860000,1.252000,323.980000,283.550000,86.320000,147.150000,354.010000,568.900000,67.760000,21.270000,71.640000,,534.530000,634.070000,180.000000,61.660000,1.358000,,,5.730000,0.011400,3.430000,5.700000,0.364800,1577.010000,27.890000,,25.050000,111.820000,45.380000,,,125.110000,,,5.280000,128.060000,47.220000,371.180000,14.460000,45.340000,14.210000,11.590000,480.610000,0.037900,,648.490000,27.230000
2024-09-18,130.870000,1.252000,324.670000,283.560000,87.330000,147.160000,353.560000,569.130000,67.760000,21.300000,71.720000,,535.130000,634.910000,179.670000,61.680000,1.357000,,,5.740000,0.011400,3.420000,5.680000,0.365000,1576.710000,27.750000,,24.860000,112.980000,45.380000,,,125.430000,,,5.270000,128.050000,47.290000,371.660000,14.430000,45.340000,14.120000,11.590000,480.630000,0.037800,,649.610000,27.260000
2024-09-19,130.410000,1.247000,325.020000,282.570000,87.350000,146.650000,352.510000,568.160000,67.620000,21.260000,71.450000,,533.030000,632.710000,178.380000,61.460000,1.353000,,,5.720000,0.011400,3.380000,5.660000,0.362200,1571.750000,27.800000,,25.120000,112.910000,45.250000,,,124.870000,,,5.220000,127.620000,47.080000,370.310000,14.410000,45.180000,14.050000,11.550000,478.960000,0.037800,,647.420000,27.280000
2024-09-20,130.400000,1.241000,327.250000,282.550000,87.710000,146.640000,353.710000,566.510000,67.800000,21.340000,71.720000,,534.960000,635.200000,177.710000,61.450000,1.356000,,,5.730000,0.011400,3.350000,5.660000,0.360700,1570.520000,27.680000,,25.000000,113.900000,45.840000,,,125.410000,,,5.160000,127.630000,47.280000,370.980000,14.480000,45.270000,14.080000,11.560000,478.930000,0.037800,,647.080000,27.500000
2024-09-21,130.450000,1.239000,326.230000,282.630000,88.270000,146.670000,353.070000,564.120000,67.920000,21.320000,71.670000,,534.570000,636.320000,177.430000,61.470000,1.357000,,,5.740000,0.011400,3.320000,5.680000,0.358800,1570.040000,27.660000,,24.790000,114.060000,45.520000,,,125.000000,,,5.170000,127.670000,46.960000,370.720000,14.510000,45.280000,14.050000,11.600000,479.050000,0.037800,,648.170000,27.280000
2024-09-24,130.830000,1.244000,328.040000,283.480000,87.210000,147.120000,354.660000,566.230000,68.120000,21.300000,71.640000,,534.220000,639.550000,178.230000,61.710000,1.354000,,,5.750000,0.011400,3.350000,5.700000,0.359400,1575.460000,27.770000,,24.660000,114.400000,45.710000,,,124.960000,,,5.180000,128.070000,47.010000,372.160000,14.570000,45.330000,14.070000,11.610000,480.500000,0.037900,,649.520000,27.650000
2024-09-25,130.610000,1.249000,328.360000,283.010000,86.640000,146.880000,355.080000,565.760000,68.220000,21.230000,71.590000,,533.770000,641.230000,177.670000,61.610000,1.354000,,,5.740000,0.011400,3.330000,5.690000,0.359400,1572.000000,27.700000,,24.760000,115.590000,45.990000,,,125.190000,,,5.160000,127.870000,47.300000,372.390000,14.620000,45.260000,14.050000,11.610000,479.710000,0.037600,,647.950000,27.680000
2024-09-26,130.190000,1.238000,328.830000,282.100000,87.660000,146.400000,355.960000,563.000000,68.070000,21.300000,71.740000,,534.920000,639.160000,177.100000,61.410000,1.355000,,,5.720000,0.011400,3.310000,5.680000,0.358900,1566.920000,27.690000,,24.660000,115.860000,45.880000,,,125.410000,,,5.180000,127.450000,47.290000,372.110000,14.620000,45.110000,14.000000,11.600000,478.160000,0.037700,,646.460000,27.790000
2024-09-27,130.290000,1.246000,329.520000,282.320000,87.410000,146.520000,355.450000,564.520000,68.250000,21.220000,71.580000,,533.760000,640.240000,176.910000,61.510000,1.349000,,,5.720000,0.011400,3.310000,5.680000,0.360900,1568.680000,27.660000,,24.410000,115.590000,45.340000,,,125.000000,,,5.170000,127.560000,47.240000,372.430000,14.720000,45.150000,14.010000,11.630000,478.540000,0.037700,,648.000000,27.850000
2024-09-28,130.480000,1.248000,329.810000,282.730000,88.080000,146.730000,355.560000,567.880000,68.350000,21.260000,71.750000,,534.960000,641.590000,177.160000,61.650000,1.350000,,,5.730000,0.011400,3.350000,5.690000,0.364800,1571.140000,27.700000,,24.520000,116.260000,45.410000,,,125.090000,,,5.160000,127.760000,47.370000,373.670000,14.790000,45.210000,14.090000,11.650000,479.230000,0.037800,,648.690000,27.920000
2024-10-01,131.010000,1.253000,332.790000,283.890000,88.550000,147.330000,355.780000,570.060000,68.630000,21.360000,72.220000,,538.450000,645.080000,177.890000,61.960000,1.354000,,,5.740000,0.011500,3.370000,5.710000,0.366700,1577.570000,27.810000,,24.480000,116.770000,45.700000,,,125.850000,,,5.180000,128.270000,47.590000,375.580000,14.930000,45.270000,14.080000,11.670000,481.190000,0.038000,,652.010000,27.990000
2024-10-02,130.720000,1.250000,331.320000,283.250000,88.100000,147.000000,354.930000,567.100000,68.420000,21.060000,71.390000,,532.250000,639.700000,177.490000,61.760000,1.340000,,,5.730000,0.011400,3.340000,5.700000,0.363800,1572.020000,27.720000,,24.390000,115.380000,45.320000,,,124.110000,,,5.140000,127.980000,47.040000,372.960000,14.720000,45.170000,14.040000,11.630000,480.110000,0.037700,,651.210000,27.740000
2024-10-03,131.570000,1.258000,333.430000,285.090000,89.070000,147.950000,358.480000,569.650000,68.860000,21.140000,71.700000,,534.740000,641.630000,178.450000,62.240000,1.340000,,,5.760000,0.011500,3.340000,5.740000,0.365700,1580.730000,27.850000,,24.720000,115.940000,45.880000,,,124.520000,,,5.120000,128.760000,47.150000,374.970000,14.750000,45.590000,14.120000,11.710000,483.230000,0.037900,,652.600000,27.800000
2024-10-04,131.470000,1.257000,330.570000,284.870000,88.740000,147.840000,356.830000,567.870000,68.810000,21.030000,71.490000,,533.170000,633.420000,178.310000,62.170000,1.328000,,,5.750000,0.011500,3.290000,5.730000,0.361900,1578.850000,27.830000,,24.820000,114.480000,45.470000,,,123.900000,,,5.080000,128.660000,46.920000,372.380000,14.580000,45.550000,14.190000,11.730000,482.860000,0.038000,,651.100000,27.630000
2024-10-05,131.200000,1.255000,329.630000,284.270000,87.970000,147.530000,355.520000,565.810000,68.660000,20.960000,71.250000,,531.330000,634.340000,177.600000,62.070000,1.323000,,,5.740000,0.011500,3.290000,5.710000,0.359700,1575.100000,27.660000,,24.930000,114.320000,45.460000,,,123.090000,,,5.070000,128.290000,46.880000,371.270000,14.560000,45.460000,14.070000,11.710000,481.840000,0.038000,,647.920000,27.590000
2024-10-08,131.880000,1.261000,328.550000,285.760000,88.790000,148.300000,356.520000,564.930000,69.020000,20.940000,71.230000,,531.060000,632.780000,178.080000,62.370000,1.321000,,,5.770000,0.011500,3.260000,5.730000,0.359600,1581.050000,27.740000,,25.160000,113.220000,45.550000,,,122.830000,,,5.050000,128.970000,46.700000,371.480000,14.480000,45.700000,14.140000,11.760000,484.370000,0.037900,,651.100000,27.840000
2024-10-09,132.450000,1.267000,327.420000,286.990000,88.490000,148.940000,356.650000,568.200000,68.980000,21.120000,71.650000,,534.310000,637.240000,180.500000,62.570000,1.335000,,,5.800000,0.011600,3.290000,5.740000,0.361100,1587.750000,27.800000,,25.240000,113.520000,45.720000,,,124.000000,,,5.060000,129.560000,47.080000,373.320000,14.540000,45.890000,14.240000,11.810000,486.440000,0.038000,,651.680000,27.870000
2024-10-10,133.160000,1.274000,329.330000,288.530000,88.360000,149.740000,357.710000,570.600000,69.210000,21.160000,71.910000,,536.210000,640.080000,181.130000,62.920000,1.345000,,,5.830000,0.011600,3.290000,5.770000,0.364000,1596.040000,27.950000,,25.270000,114.270000,45.450000,,,124.940000,,,5.050000,130.260000,47.180000,374.960000,14.630000,45.920000,14.350000,11.880000,489.060000,0.038400,,656.090000,27.770000
2024-10-11,133.650000,1.278000,329.940000,289.580000,87.740000,150.280000,357.310000,571.810000,69.370000,21.210000,71.990000,,536.880000,642.510000,182.130000,63.160000,1.341000,,,5.850000,0.011700,3.300000,5.770000,0.363600,1602.060000,27.980000,,25.170000,114.470000,45.520000,,,124.690000,,,5.040000,130.740000,47.210000,375.460000,14.620000,46.310000,14.350000,11.910000,490.840000,0.038600,,657.650000,27.950000
2024-10-12,132.700000,1.269000,328.240000,287.530000,87.300000,149.220000,354.040000,568.030000,68.960000,21.060000,71.430000,,532.940000,636.550000,180.840000,62.710000,1.330000,,,5.800000,0.011600,3.270000,5.720000,0.360800,1590.430000,27.820000,,25.090000,113.770000,45.420000,,,124.200000,,,5.090000,129.790000,46.920000,373.260000,14.630000,45.890000,14.210000,11.840000,487.370000,0.038200,,652.280000,27.900000
2024-10-15,131.810000,1.261000,325.230000,285.610000,86.270000,148.220000,350.960000,562.460000,68.360000,20.920000,70.870000,,528.790000,632.050000,179.630000,62.340000,1.322000,,,5.760000,0.011500,3.240000,5.680000,0.356300,1579.070000,27.620000,,25.140000,112.820000,44.910000,,,123.280000,,,5.030000,128.940000,46.460000,370.400000,14.570000,45.670000,14.170000,11.750000,484.110000,0.038100,,647.830000,27.620000
2024-10-16,132.710000,1.269000,327.010000,287.560000,87.110000,149.240000,352.900000,565.580000,68.510000,21.070000,71.230000,,531.390000,637.590000,180.530000,62.750000,1.327000,,,5.800000,0.011600,3.270000,5.700000,0.358200,1589.600000,27.770000,,24.990000,113.170000,45.110000,,,123.740000,,,5.040000,129.840000,47.000000,372.420000,14.620000,46.070000,14.220000,11.830000,487.420000,0.038100,,652.260000,27.650000
2024-10-17,133.120000,1.266000,326.610000,288.450000,86.520000,149.700000,354.580000,567.070000,68.740000,21.060000,71.370000,,532.400000,636.340000,181.760000,62.920000,1.328000,,,5.820000,0.011600,3.270000,5.720000,0.359300,1595.050000,27.830000,,24.760000,113.970000,45.090000,,,123.930000,,,5.040000,130.210000,46.910000,373.290000,14.740000,46.130000,14.290000,11.860000,488.930000,0.038200,,653.170000,27.830000
2024-10-18,132.670000,1.261000,326.260000,287.460000,85.950000,149.180000,353.580000,564.200000,68.420000,20.970000,70.950000,,529.340000,633.800000,181.130000,62.680000,1.318000,,,5.800000,0.011600,3.260000,5.700000,0.355400,1590.990000,27.680000,,24.410000,113.130000,44.590000,,,122.740000,,,5.020000,129.760000,46.380000,371.150000,14.690000,45.920000,14.270000,11.820000,487.240000,0.038200,,650.350000,27.510000
2024-10-19,132.060000,1.255000,325.610000,286.160000,85.790000,148.510000,351.710000,560.030000,68.290000,20.860000,70.540000,,525.980000,632.780000,180.310000,62.430000,1.315000,,,5.770000,0.011500,3.240000,5.670000,0.353600,1583.290000,27.430000,,24.550000,112.750000,44.610000,,,122.050000,,,5.040000,129.150000,46.080000,369.580000,14.640000,45.540000,14.220000,11.770000,485.040000,0.037900,,646.770000,27.640000
2024-10-22,131.150000,1.254000,321.860000,284.180000,84.660000,147.480000,348.460000,557.370000,67.720000,20.680000,70.060000,,522.480000,627.100000,178.530000,61.980000,1.300000,,,5.730000,0.011500,3.210000,5.630000,0.349500,1572.780000,27.120000,,24.170000,112.020000,44.190000,,,121.000000,,,5.000000,128.270000,45.710000,366.940000,14.400000,45.360000,14.070000,11.660000,481.680000,0.037600,,642.170000,27.350000
2024-10-23,131.830000,1.261000,323.630000,285.660000,85.110000,148.250000,350.050000,559.500000,68.000000,20.750000,70.310000,,524.280000,628.330000,179.000000,62.290000,1.309000,,,5.760000,0.011500,3.210000,5.660000,0.351200,1581.960000,27.170000,,24.300000,111.950000,44.350000,,,121.290000,,,5.030000,128.940000,45.950000,368.090000,14.470000,45.810000,14.140000,11.720000,484.190000,0.038000,,645.390000,27.550000
2024-10-24,132.500000,1.267000,323.520000,287.110000,85.530000,149.000000,351.850000,561.500000,68.270000,20.830000,70.330000,,524.460000,631.380000,180.580000,62.630000,1.308000,,,5.790000,0.011600,3.180000,5.690000,0.352000,1587.870000,27.310000,,24.330000,111.950000,44.310000,,,121.050000,,,5.050000,129.600000,45.930000,368.510000,14.440000,45.910000,14.200000,11.800000,486.650000,0.038200,,647.770000,27.650000
2024-10-25,132.090000,1.263000,322.890000,286.200000,85.280000,148.530000,351.170000,560.760000,68.180000,20.780000,70.240000,,523.820000,629.090000,180.000000,62.430000,1.303000,,,5.770000,0.011600,3.200000,5.670000,0.351800,1583.830000,27.130000,,24.460000,111.650000,44.390000,,,120.710000,,,5.020000,129.170000,45.900000,367.840000,14.430000,45.680000,14.170000,11.760000,485.110000,0.038000,,644.190000,27.430000
2024-10-29,132.810000,1.270000,322.200000,287.790000,85.470000,149.360000,351.170000,563.030000,68.440000,20.820000,70.730000,,527.620000,633.270000,180.340000,62.770000,1.306000,,,5.800000,0.011600,3.200000,5.690000,0.352500,1591.450000,27.410000,,24.340000,111.930000,44.300000,,,121.370000,,,5.020000,129.910000,45.990000,368.990000,14.440000,46.020000,14.220000,11.800000,487.810000,0.038300,,648.970000,27.660000
2024-10-30,133.870000,1.281000,323.190000,290.090000,86.140000,150.550000,354.200000,567.390000,68.900000,20.940000,71.230000,,531.280000,638.520000,181.440000,63.280000,1.313000,,,5.850000,0.011700,3.210000,5.730000,0.354600,1603.460000,27.650000,,24.580000,112.490000,44.880000,,,122.180000,,,5.070000,130.930000,46.140000,371.320000,14.580000,46.390000,14.350000,11.890000,491.700000,0.038600,,653.810000,27.740000
2024-10-31,132.990000,1.272000,321.250000,288.170000,84.790000,149.550000,350.870000,563.310000,68.590000,20.860000,70.930000,,529.190000,633.670000,179.910000,62.860000,1.298000,,,5.810000,0.011600,3.190000,5.690000,0.354800,1593.790000,27.440000,,24.360000,111.650000,44.640000,,,121.990000,,,5.040000,130.070000,45.850000,369.230000,14.510000,46.080000,14.250000,11.830000,488.450000,0.038400,,648.630000,27.820000
2024-11-01,132.940000,1.272000,320.490000,288.060000,84.730000,149.490000,350.690000,563.810000,68.590000,20.940000,71.120000,,530.540000,633.960000,180.170000,62.810000,1.299000,,,5.810000,0.011600,3.200000,5.690000,0.354500,1593.170000,27.490000,,24.300000,111.600000,44.450000,,,121.870000,,,5.030000,130.010000,45.660000,369.450000,14.470000,46.060000,14.260000,11.840000,488.260000,0.038400,,649.200000,27.610000
2024-11-02,132.900000,1.271000,320.400000,287.970000,84.270000,149.450000,350.380000,562.530000,68.520000,20.910000,71.100000,,530.090000,630.300000,180.780000,62.760000,1.297000,,,5.810000,0.011600,3.200000,5.690000,0.354500,1592.060000,27.450000,,24.390000,111.570000,44.260000,,,121.500000,,,5.010000,129.970000,45.610000,368.610000,14.400000,46.050000,14.220000,11.810000,488.110000,0.038400,,649.980000,27.670000
2024-11-05,133.240000,1.274000,322.730000,288.710000,83.400000,149.830000,351.800000,566.650000,68.970000,21.090000,71.530000,,533.450000,634.310000,180.580000,62.950000,1.308000,,,5.820000,0.011700,3.220000,5.700000,0.356100,1597.910000,27.620000,,24.350000,111.980000,44.620000,,,122.900000,,,4.990000,130.290000,45.860000,371.520000,14.520000,46.170000,14.310000,11.810000,489.360000,0.038300,,651.480000,27.910000
2024-11-06,133.110000,1.273000,323.610000,288.440000,84.420000,149.690000,352.110000,567.380000,68.830000,21.030000,71.410000,,532.620000,634.700000,181.080000,62.910000,1.300000,,,5.820000,0.011600,3.210000,5.700000,0.354500,1596.130000,27.590000,,24.320000,112.650000,44.600000,,,121.990000,,,5.000000,130.160000,45.700000,371.200000,14.560000,46.120000,14.240000,11.800000,488.910000,0.038200,,652.570000,28.020000
2024-11-07,133.990000,1.282000,323.780000,290.350000,85.580000,150.680000,354.240000,562.120000,68.690000,20.870000,70.930000,,528.850000,634.320000,182.540000,63.300000,1.287000,,,5.840000,0.011700,3.200000,5.740000,0.351900,1603.690000,27.770000,,23.850000,111.850000,44.510000,,,121.190000,,,5.010000,131.010000,45.460000,369.560000,14.400000,46.430000,14.440000,11.870000,492.140000,0.038500,,656.410000,27.820000
2024-11-08,134.010000,1.282000,326.290000,290.400000,86.720000,150.710000,354.550000,561.510000,68.740000,20.940000,71.000000,,529.380000,635.160000,181.900000,63.320000,1.303000,,,5.840000,0.011700,3.200000,5.710000,0.353000,1604.420000,27.650000,,24.560000,111.870000,44.970000,,,122.080000,,,5.030000,131.040000,45.590000,370.980000,14.360000,46.520000,14.380000,11.900000,492.220000,0.038700,,650.880000,28.180000
2024-11-09,133.880000,1.281000,326.300000,290.090000,86.380000,150.550000,353.980000,564.990000,68.690000,21.010000,71.080000,,529.970000,637.310000,182.390000,63.250000,1.305000,,,5.830000,0.011700,3.230000,5.710000,0.354600,1604.380000,27.590000,,24.780000,112.260000,45.050000,,,122.520000,,,5.050000,130.910000,45.840000,372.170000,14.440000,46.340000,14.310000,11.900000,491.710000,0.038500,,651.630000,28.110000
2024-11-12,134.130000,1.283000,324.260000,290.650000,85.860000,150.840000,353.640000,560.280000,68.470000,20.770000,70.500000,,525.710000,634.630000,182.730000,63.370000,1.286000,,,5.840000,0.011700,3.210000,5.720000,0.352700,1604.360000,27.680000,,24.200000,111.790000,44.590000,,,121.130000,,,5.030000,131.170000,45.330000,370.020000,14.350000,46.480000,14.350000,11.920000,492.650000,0.038400,,653.960000,27.730000
2024-11-13,134.760000,1.289000,323.700000,292.010000,86.010000,151.540000,354.520000,560.850000,68.400000,20.720000,70.460000,,525.490000,634.430000,182.570000,63.630000,1.283000,,,5.870000,0.011800,3.210000,5.740000,0.351700,1610.540000,27.730000,,24.220000,111.630000,44.720000,,,120.770000,,,5.050000,131.750000,45.430000,369.720000,14.200000,46.690000,14.400000,11.950000,494.950000,0.038700,,653.650000,27.400000
2024-11-14,134.000000,1.282000,321.090000,290.370000,85.620000,150.690000,352.630000,557.130000,68.270000,20.630000,70.030000,,522.390000,627.020000,182.080000,63.280000,1.278000,,,5.830000,0.011700,3.180000,5.710000,0.351400,1600.400000,27.460000,,24.040000,110.700000,44.450000,,,120.180000,,,5.000000,131.000000,45.130000,367.840000,14.180000,46.340000,14.320000,11.910000,492.170000,0.038700,,648.620000,27.330000
2024-11-15,134.460000,1.286000,318.930000,291.360000,85.060000,151.200000,352.420000,554.830000,68.160000,20.520000,69.590000,,519.040000,624.280000,182.370000,63.440000,1.272000,,,5.850000,0.011800,3.160000,5.730000,0.350900,1605.340000,27.470000,,23.980000,110.280000,44.190000,,,119.530000,,,4.970000,131.480000,44.720000,366.440000,14.070000,46.500000,14.370000,11.980000,493.850000,0.038600,,650.950000,26.920000
2024-11-16,135.050000,1.285000,320.880000,292.600000,85.670000,151.850000,353.240000,558.750000,68.620000,20.750000,70.300000,,524.370000,628.570000,183.690000,63.720000,1.291000,,,5.880000,0.011800,3.190000,5.750000,0.355600,1613.420000,27.520000,,24.340000,111.000000,44.670000,,,121.420000,,,4.980000,132.140000,45.210000,369.950000,14.250000,46.700000,14.410000,12.010000,495.950000,0.038800,,650.600000,27.280000
2024-11-19,135.560000,1.286000,321.490000,293.740000,85.920000,152.440000,353.410000,561.320000,68.730000,20.770000,70.410000,,525.120000,628.640000,184.200000,63.960000,1.284000,,,5.900000,0.011900,3.210000,5.760000,0.356300,1618.940000,27.540000,,24.410000,111.190000,44.880000,,,121.230000,,,5.000000,132.650000,45.260000,370.400000,14.300000,46.970000,14.420000,12.020000,497.890000,0.038900,,654.520000,27.510000
2024-11-20,135.390000,1.282000,323.020000,293.370000,86.520000,152.250000,354.730000,563.340000,68.690000,20.750000,70.410000,,525.210000,628.240000,183.290000,63.890000,1.291000,,,5.890000,0.011800,3.230000,5.750000,0.356700,1617.890000,27.550000,,24.580000,111.220000,45.060000,,,121.320000,,,4.970000,132.460000,45.330000,371.200000,14.400000,46.820000,14.380000,12.040000,497.260000,0.038800,,652.700000,27.510000
2024-11-21,134.830000,1.283000,321.980000,292.150000,85.780000,151.620000,353.990000,559.040000,68.340000,20.670000,70.040000,,522.340000,626.870000,182.330000,63.630000,1.275000,,,5.870000,0.011800,3.180000,5.720000,0.354500,1610.460000,27.330000,,24.510000,110.810000,44.810000,,,120.430000,,,4.940000,131.910000,45.040000,368.700000,14.280000,46.670000,14.370000,12.010000,495.200000,0.038700,,650.830000,27.360000
2024-11-22,134.740000,1.282000,322.160000,291.960000,85.730000,151.520000,354.310000,560.120000,68.340000,20.560000,69.810000,,520.650000,625.020000,182.410000,63.590000,1.267000,,,5.860000,0.011800,3.210000,5.720000,0.353300,1609.390000,27.280000,,24.330000,110.960000,44.780000,,,119.760000,,,4.910000,131.830000,44.870000,368.230000,14.270000,46.640000,14.330000,11.980000,494.870000,0.038700,,649.810000,27.310000
2024-11-23,135.680000,1.283000,323.920000,294.010000,85.720000,152.580000,356.310000,561.380000,68.790000,20.490000,69.700000,,519.720000,624.570000,183.690000,64.020000,1.265000,,,5.910000,0.011900,3.230000,5.760000,0.354900,1620.250000,27.460000,,24.410000,111.610000,44.960000,,,119.760000,,,4.850000,132.730000,45.000000,370.050000,14.470000,46.970000,14.420000,12.060000,498.340000,0.039000,,653.980000,27.590000
2024-11-26,135.730000,1.282000,324.580000,294.110000,85.940000,152.630000,357.180000,560.690000,68.810000,20.670000,70.110000,,522.840000,627.130000,183.550000,64.070000,1.271000,,,5.910000,0.011900,3.230000,5.760000,0.355900,1620.060000,27.420000,,24.470000,112.080000,45.130000,,,120.820000,,,4.810000,132.790000,45.420000,370.390000,14.420000,46.810000,14.410000,12.020000,498.510000,0.039100,,651.680000,27.600000
2024-11-27,135.740000,1.292000,323.710000,294.130000,85.980000,152.640000,353.880000,563.020000,68.760000,20.740000,70.300000,,524.280000,627.520000,183.430000,64.060000,1.275000,,,5.920000,0.011900,3.240000,5.760000,0.357000,1620.880000,27.470000,,24.290000,111.910000,44.890000,,,121.480000,,,4.750000,132.740000,45.510000,370.280000,14.400000,46.860000,14.390000,12.000000,498.550000,0.038900,,653.200000,27.560000
2024-11-28,136.000000,1.284000,323.930000,294.700000,85.950000,152.940000,355.600000,566.590000,68.900000,20.790000,70.510000,,525.830000,630.030000,183.910000,64.190000,1.278000,,,5.920000,0.011900,3.300000,5.760000,0.358700,1625.060000,27.400000,,24.150000,112.500000,45.030000,,,122.100000,,,4.620000,132.960000,45.700000,372.050000,14.470000,46.900000,14.420000,12.000000,499.510000,0.039000,,655.230000,27.590000
2024-11-29,139.670000,1.309000,333.350000,302.650000,86.400000,157.070000,366.350000,580.510000,70.750000,21.420000,72.570000,,541.160000,649.660000,188.880000,65.920000,1.309000,,,6.070000,0.012200,3.380000,5.910000,0.367700,1668.780000,28.160000,,25.320000,115.440000,46.430000,,,125.490000,,,4.690000,136.570000,46.990000,381.840000,14.900000,47.280000,14.820000,12.340000,513.000000,0.039900,,674.040000,28.260000
2024-11-30,139.190000,1.304000,332.450000,301.600000,85.000000,156.520000,365.030000,580.730000,70.610000,21.380000,72.420000,,540.050000,648.940000,185.560000,65.680000,1.311000,,,6.050000,0.012200,3.410000,5.890000,0.366300,1664.510000,28.090000,,25.020000,115.140000,46.150000,,,125.670000,,,4.730000,136.100000,46.880000,381.420000,14.900000,47.120000,14.740000,12.290000,511.220000,0.039900,,671.700000,28.320000
2024-12-03,142.830000,1.323000,340.500000,309.490000,87.830000,160.610000,373.710000,592.340000,72.130000,21.870000,74.010000,,551.910000,666.370000,186.020000,67.420000,1.333000,,,6.190000,0.012500,3.490000,6.040000,0.373800,1707.900000,28.890000,,25.680000,117.700000,47.330000,,,128.670000,,,4.930000,139.640000,47.860000,389.960000,15.220000,48.350000,15.110000,12.580000,524.580000,0.040800,,689.250000,28.870000
2024-12-04,142.440000,1.313000,339.330000,308.650000,86.330000,160.480000,372.730000,591.020000,71.810000,21.810000,73.760000,,550.060000,662.590000,186.850000,67.210000,1.330000,,,6.180000,0.012500,3.490000,6.030000,0.372900,1702.090000,28.710000,,25.680000,117.120000,47.280000,,,128.160000,,,4.930000,139.250000,47.560000,388.830000,15.180000,48.220000,15.060000,12.530000,523.170000,0.040800,,687.820000,28.870000
2024-12-05,142.560000,1.307000,335.670000,308.900000,86.670000,160.310000,372.230000,590.610000,71.990000,21.860000,73.710000,,549.710000,663.060000,186.990000,67.260000,1.328000,,,6.180000,0.012500,3.470000,6.030000,0.370200,1702.200000,28.740000,,25.740000,117.660000,47.290000,,,128.220000,,,5.010000,139.330000,47.530000,388.640000,15.270000,48.260000,15.070000,12.570000,523.580000,0.040800,,688.200000,28.860000
2024-12-06,142.850000,1.308000,337.610000,309.530000,86.850000,160.640000,373.230000,593.630000,72.230000,21.980000,74.040000,,552.190000,667.140000,190.090000,67.410000,1.339000,,,6.200000,0.012500,3.500000,6.140000,0.370000,1706.960000,28.800000,,25.880000,118.570000,47.480000,,,129.270000,,,5.140000,139.650000,47.970000,391.180000,15.370000,48.490000,15.110000,12.620000,524.650000,0.040900,,689.180000,29.080000
2024-12-07,140.140000,1.295000,330.410000,303.630000,85.610000,157.570000,366.590000,586.500000,70.840000,21.700000,73.030000,,544.600000,656.690000,188.520000,66.160000,1.315000,,,6.080000,0.012300,3.420000,6.020000,0.362000,1675.130000,28.230000,,25.450000,116.520000,46.470000,,,127.550000,,,5.170000,137.000000,47.330000,384.120000,15.120000,47.430000,14.790000,12.420000,514.650000,0.040100,,677.130000,28.540000
2024-12-10,138.890000,1.288000,328.700000,300.930000,83.770000,156.170000,360.890000,580.490000,70.210000,21.540000,72.370000,,539.610000,651.420000,185.480000,65.620000,1.313000,,,6.020000,0.012100,3.390000,5.880000,0.356300,1660.580000,28.000000,,25.330000,115.350000,45.900000,,,126.730000,,,5.150000,135.790000,46.810000,381.000000,15.110000,47.010000,14.650000,12.270000,510.080000,0.039700,,672.150000,28.590000
2024-12-11,138.330000,1.303000,324.900000,299.730000,83.520000,155.550000,358.640000,577.330000,70.040000,21.330000,71.730000,,534.820000,647.970000,184.750000,65.340000,1.302000,,,5.990000,0.012100,3.350000,5.850000,0.355200,1652.680000,27.910000,,25.130000,114.790000,45.700000,,,125.420000,,,5.060000,135.250000,46.410000,378.970000,15.070000,46.820000,14.580000,12.190000,508.050000,0.039700,,669.060000,28.480000
2024-12-12,140.740000,1.332000,328.040000,304.970000,85.490000,158.270000,364.340000,584.700000,71.120000,21.610000,72.750000,,542.520000,657.640000,185.280000,66.510000,1.322000,,,6.100000,0.012300,3.390000,5.960000,0.361100,1680.420000,28.430000,,25.530000,116.690000,46.330000,,,127.280000,,,4.980000,137.560000,47.050000,384.560000,15.260000,47.510000,14.830000,12.380000,516.930000,0.040200,,679.790000,28.970000
2024-12-13,142.370000,1.344000,334.920000,308.500000,87.820000,160.100000,369.700000,589.730000,71.970000,21.900000,73.610000,,548.850000,666.140000,186.750000,67.250000,1.342000,,,6.160000,0.012500,3.430000,6.020000,0.365400,1700.740000,28.790000,,25.990000,117.910000,47.080000,,,128.330000,,,5.050000,139.200000,47.670000,389.040000,15.480000,48.240000,14.990000,12.550000,522.910000,0.040800,,686.810000,29.660000
2024-12-14,142.260000,1.343000,332.830000,308.250000,87.120000,159.970000,367.410000,584.440000,71.820000,21.890000,73.470000,,547.880000,660.480000,187.610000,67.200000,1.340000,,,6.160000,0.012400,3.410000,6.020000,0.364300,1697.500000,28.740000,,25.840000,117.490000,47.020000,,,128.370000,,,5.060000,139.060000,47.580000,387.600000,15.300000,47.930000,14.950000,12.550000,522.490000,0.040800,,686.120000,29.150000
2024-12-18,142.850000,1.345000,332.580000,309.530000,85.340000,160.640000,367.360000,585.230000,72.020000,21.960000,73.780000,,550.210000,665.900000,189.410000,67.540000,1.344000,,,6.180000,0.012500,3.410000,6.030000,0.364800,1705.930000,28.800000,,26.060000,117.510000,46.820000,,,129.120000,,,5.090000,139.660000,48.010000,388.440000,15.330000,48.130000,15.000000,12.530000,524.660000,0.041000,,687.690000,29.080000
2024-12-19,142.300000,1.340000,329.940000,308.340000,85.610000,160.020000,364.970000,584.990000,71.740000,21.850000,73.550000,,548.660000,664.580000,189.360000,67.260000,1.336000,,,6.160000,0.012400,3.400000,6.010000,0.363900,1699.940000,28.640000,,25.950000,117.000000,46.600000,,,128.820000,,,5.070000,139.110000,47.760000,386.930000,15.290000,48.170000,14.930000,12.460000,522.630000,0.040600,,685.290000,28.950000
2024-12-20,142.680000,1.344000,327.200000,309.160000,83.320000,160.440000,364.160000,584.910000,71.820000,21.710000,73.090000,,545.190000,662.150000,189.520000,67.440000,1.314000,,,6.160000,0.012500,3.340000,6.020000,0.361700,1701.640000,28.640000,,25.750000,116.370000,46.260000,,,127.940000,,,5.090000,139.490000,47.540000,385.710000,15.210000,48.080000,14.940000,12.490000,524.020000,0.040900,,687.390000,28.730000
2024-12-21,142.640000,1.330000,326.360000,309.060000,85.150000,160.390000,364.320000,585.710000,71.770000,21.670000,73.000000,,544.340000,655.190000,189.460000,67.410000,1.317000,,,6.170000,0.012500,3.340000,6.020000,0.361700,1700.730000,28.600000,,25.820000,116.260000,45.880000,,,127.820000,,,5.110000,139.430000,47.460000,385.700000,15.220000,48.150000,14.890000,12.500000,523.860000,0.040700,,683.660000,28.510000
2024-12-24,142.610000,1.336000,327.170000,308.980000,86.150000,160.350000,363.770000,584.570000,71.750000,21.650000,72.960000,,544.090000,657.010000,189.210000,67.410000,1.312000,,,6.150000,0.012500,3.340000,6.020000,0.360500,1700.330000,28.590000,,26.030000,116.720000,46.150000,,,127.440000,,,5.200000,139.450000,47.380000,386.020000,15.310000,48.050000,14.870000,12.460000,523.720000,0.040600,,682.940000,28.470000
2024-12-25,140.470000,1.304000,321.500000,304.360000,83.290000,157.950000,358.410000,573.270000,70.700000,21.340000,71.900000,,536.320000,646.620000,186.580000,66.420000,1.301000,,,6.060000,0.012300,3.280000,5.930000,0.353500,1674.420000,28.140000,,25.620000,115.050000,45.300000,,,125.470000,,,5.170000,137.400000,46.640000,379.610000,15.120000,47.330000,14.640000,12.300000,515.890000,0.040000,,672.790000,27.800000
2024-12-26,140.210000,1.302000,321.210000,303.790000,83.180000,157.660000,358.510000,572.400000,70.550000,21.280000,71.790000,,536.040000,646.080000,186.430000,66.300000,1.304000,,,6.040000,0.012300,3.270000,5.920000,0.353600,1671.580000,28.090000,,25.560000,114.840000,45.540000,,,125.950000,,,5.180000,137.170000,46.570000,379.570000,15.070000,47.460000,14.660000,12.300000,514.930000,0.040100,,671.540000,27.600000
2024-12-27,140.300000,1.304000,321.000000,303.980000,83.230000,157.760000,358.290000,572.880000,70.600000,21.350000,71.850000,,535.910000,645.610000,186.680000,66.330000,1.308000,,,6.040000,0.012300,3.270000,5.920000,0.351900,1672.460000,28.110000,,25.550000,115.350000,45.300000,,,125.670000,,,5.180000,137.200000,46.590000,379.420000,15.070000,47.490000,14.700000,12.310000,515.250000,0.040100,,671.950000,27.670000
2024-12-28,142.080000,1.319000,324.040000,307.850000,84.420000,159.770000,362.320000,579.470000,71.490000,21.600000,72.900000,,543.670000,653.980000,189.060000,67.230000,1.323000,,,6.100000,0.012400,3.310000,6.000000,0.354200,1693.530000,28.510000,,25.720000,116.790000,45.950000,,,127.170000,,,5.050000,138.980000,47.430000,383.850000,15.370000,47.960000,14.900000,12.440000,521.810000,0.040600,,680.510000,27.840000
2024-12-31,142.560000,1.325000,326.270000,308.870000,84.490000,160.300000,363.950000,580.490000,71.720000,21.690000,73.270000,,546.470000,659.080000,189.000000,67.480000,1.329000,,,6.120000,0.012500,3.320000,6.020000,0.355600,1699.920000,28.690000,,25.710000,117.390000,46.080000,,,128.080000,,,4.990000,139.460000,47.580000,385.950000,15.340000,48.250000,14.820000,12.440000,523.540000,0.040600,,682.760000,27.920000
2025-01-01,142.990000,1.328000,326.200000,309.800000,85.000000,160.780000,365.320000,580.680000,71.940000,21.750000,73.320000,,546.740000,658.910000,188.890000,67.610000,1.331000,,,6.130000,0.012500,3.350000,6.040000,0.356600,1704.960000,28.690000,,25.330000,117.530000,46.390000,,,127.920000,,,4.880000,139.820000,47.740000,385.710000,15.320000,48.400000,14.920000,12.490000,525.110000,0.040700,,684.810000,27.920000
2025-01-06,143.240000,1.331000,326.820000,310.390000,85.130000,161.080000,364.170000,579.290000,71.870000,21.590000,72.730000,,542.310000,653.430000,189.790000,67.640000,1.306000,,,6.130000,0.012500,3.350000,6.050000,0.358300,1705.330000,28.590000,,25.520000,116.990000,46.330000,,,127.140000,,,4.760000,140.110000,47.380000,384.130000,15.280000,48.490000,14.890000,12.480000,526.110000,0.040800,,683.160000,28.080000
2025-01-07,143.570000,1.334000,328.930000,311.090000,85.310000,161.450000,366.870000,581.750000,71.950000,21.690000,73.070000,,544.860000,657.020000,189.680000,67.820000,1.317000,,,6.150000,0.012600,3.340000,6.060000,0.359800,1709.460000,28.630000,,25.610000,116.970000,46.470000,,,127.870000,,,4.950000,140.430000,47.540000,385.570000,15.210000,48.470000,14.920000,12.480000,527.300000,0.040800,,684.700000,28.240000
2025-01-09,143.550000,1.333000,327.520000,311.050000,86.420000,161.420000,366.900000,578.420000,71.910000,21.680000,72.920000,,544.050000,656.140000,187.690000,67.780000,1.313000,,,6.140000,0.012600,3.330000,6.060000,0.361300,1710.450000,28.650000,,25.920000,117.160000,46.420000,,,127.450000,,,5.050000,140.460000,47.260000,385.660000,15.220000,48.370000,14.940000,12.490000,527.230000,0.040900,,687.470000,28.030000
2025-01-10,142.880000,1.327000,325.140000,309.590000,85.950000,160.670000,364.820000,575.260000,71.570000,21.530000,72.470000,,540.600000,644.500000,187.540000,67.450000,1.307000,,,6.110000,0.012500,3.320000,6.030000,0.359300,1702.350000,28.440000,,25.690000,116.610000,46.030000,,,126.450000,,,5.120000,139.800000,47.050000,383.510000,15.170000,48.140000,14.850000,12.390000,524.750000,0.040700,,680.840000,27.830000
2025-01-11,143.440000,1.328000,325.830000,310.800000,87.270000,161.300000,365.690000,576.440000,71.850000,21.650000,72.750000,,542.720000,647.610000,188.280000,67.660000,1.313000,,,6.130000,0.012500,3.330000,6.060000,0.359100,1708.370000,28.480000,,25.690000,117.250000,46.170000,,,127.230000,,,5.160000,140.340000,47.260000,385.120000,15.230000,48.460000,14.870000,12.460000,526.810000,0.040900,,683.510000,27.760000
2025-01-14,143.910000,1.331000,324.720000,311.810000,86.570000,161.820000,366.090000,576.670000,72.080000,21.410000,72.270000,,539.140000,641.150000,188.890000,67.880000,1.303000,,,6.100000,0.012600,3.360000,6.070000,0.359400,1711.470000,28.420000,,25.420000,117.240000,46.010000,,,126.240000,,,5.170000,140.800000,46.870000,384.710000,15.210000,48.490000,14.890000,12.480000,528.520000,0.040800,,685.660000,27.580000
2025-01-15,144.370000,1.335000,328.010000,312.830000,87.000000,162.350000,368.790000,578.990000,72.330000,21.530000,72.920000,,543.970000,646.100000,188.160000,68.110000,1.320000,,,6.130000,0.012600,3.360000,6.080000,0.363200,1717.990000,28.430000,,25.710000,117.830000,46.500000,,,127.370000,,,5.160000,141.270000,47.320000,387.380000,15.250000,48.650000,14.940000,12.540000,530.240000,0.040900,,685.120000,27.970000
2025-01-16,144.220000,1.331000,328.520000,312.510000,87.470000,162.180000,369.280000,581.070000,72.250000,21.660000,73.180000,,545.960000,647.560000,188.770000,68.030000,1.329000,,,6.130000,0.012600,3.380000,6.060000,0.363400,1717.130000,28.450000,,25.830000,117.790000,46.640000,,,128.130000,,,5.170000,141.140000,47.480000,387.690000,15.280000,48.600000,14.930000,12.530000,529.700000,0.041000,,685.960000,28.080000
2025-01-17,144.220000,1.331000,328.970000,312.480000,88.090000,162.170000,368.530000,581.140000,72.240000,21.590000,73.010000,,544.640000,646.170000,188.420000,68.010000,1.323000,,,6.120000,0.012600,3.400000,6.060000,0.363400,1716.860000,28.410000,,25.710000,117.700000,46.550000,,,127.690000,,,5.160000,141.160000,47.460000,387.400000,15.310000,48.820000,14.940000,12.560000,529.650000,0.040900,,687.340000,28.100000
2025-01-18,144.340000,1.332000,328.780000,312.760000,87.560000,162.310000,367.910000,581.650000,72.330000,21.630000,73.210000,,546.080000,646.480000,188.790000,68.080000,1.323000,,,6.120000,0.012600,3.400000,6.060000,0.363800,1718.550000,28.170000,,25.440000,117.700000,46.590000,,,128.150000,,,5.170000,141.290000,47.520000,387.830000,15.410000,48.860000,14.910000,12.580000,530.120000,0.040900,,687.830000,28.330000
2025-01-21,144.310000,1.333000,328.540000,312.680000,87.310000,162.270000,366.320000,580.240000,72.460000,21.690000,73.280000,,546.630000,645.950000,188.610000,68.090000,1.324000,,,6.130000,0.012600,3.390000,6.060000,0.365400,1717.790000,28.490000,,25.480000,118.040000,46.390000,,,128.490000,,,5.210000,141.260000,47.510000,388.470000,15.470000,48.760000,14.890000,12.560000,529.990000,0.040900,,687.850000,28.240000
2025-01-22,143.650000,1.325000,328.260000,311.260000,87.470000,161.530000,365.490000,579.310000,72.440000,21.720000,73.210000,,546.150000,646.070000,187.220000,67.770000,1.327000,,,6.100000,0.012600,3.380000,6.030000,0.366000,1711.030000,28.400000,,25.440000,117.950000,46.260000,,,128.410000,,,5.290000,140.610000,47.620000,388.070000,15.470000,48.620000,14.810000,12.520000,527.580000,0.040700,,684.730000,28.300000
2025-01-23,141.830000,1.307000,327.390000,307.320000,86.460000,159.490000,363.810000,576.480000,71.680000,21.640000,72.950000,,544.250000,644.160000,184.000000,66.890000,1.324000,,,6.030000,0.012400,3.340000,5.960000,0.363600,1690.550000,28.160000,,25.330000,117.510000,46.320000,,,128.360000,,,5.290000,138.860000,47.460000,385.430000,15.410000,47.660000,14.670000,12.400000,520.910000,0.040100,,677.790000,28.210000
2025-01-24,142.240000,1.310000,327.300000,308.210000,87.920000,159.950000,363.020000,576.240000,71.690000,21.640000,72.910000,,543.890000,643.570000,184.730000,67.070000,1.326000,,,6.050000,0.012400,3.340000,5.970000,0.363600,1695.340000,28.210000,,25.550000,117.610000,46.310000,,,129.050000,,,5.280000,139.270000,47.410000,385.210000,15.370000,47.800000,14.660000,12.450000,522.420000,0.040200,,682.450000,28.150000
2025-01-25,141.000000,1.299000,327.170000,305.510000,87.410000,158.550000,361.470000,571.820000,71.490000,21.640000,72.800000,,543.110000,643.620000,181.700000,66.480000,1.328000,,,6.010000,0.012300,3.320000,5.920000,0.361700,1681.680000,28.070000,,25.590000,118.360000,46.210000,,,128.940000,,,5.280000,138.060000,47.430000,384.440000,15.390000,47.510000,14.510000,12.350000,517.840000,0.039900,,674.870000,28.240000
2025-01-28,140.710000,1.297000,325.360000,304.880000,87.430000,158.220000,359.990000,575.470000,71.220000,21.640000,72.750000,,542.870000,645.550000,182.030000,66.350000,1.329000,,,5.990000,0.012300,3.360000,5.910000,0.361200,1677.930000,28.090000,,25.230000,118.120000,46.000000,,,128.710000,,,5.330000,137.770000,47.160000,384.760000,15.370000,47.280000,14.460000,12.310000,516.770000,0.039800,,676.020000,27.810000
2025-01-29,140.540000,1.300000,322.320000,304.500000,87.550000,158.030000,358.170000,569.550000,71.180000,21.450000,72.110000,,538.010000,641.810000,181.670000,66.250000,1.317000,,,5.960000,0.012300,3.320000,5.900000,0.357100,1674.170000,28.040000,,24.990000,117.620000,45.750000,,,127.930000,,,5.290000,137.610000,46.900000,381.700000,15.220000,47.350000,14.430000,12.270000,516.130000,0.039800,,676.730000,27.610000
2025-01-30,140.730000,1.299000,321.840000,304.930000,88.240000,158.250000,358.200000,570.540000,71.280000,21.420000,72.060000,,537.680000,641.570000,181.610000,66.350000,1.319000,,,5.970000,0.012300,3.330000,5.910000,0.357600,1675.850000,27.980000,,25.180000,117.790000,45.660000,,,127.810000,,,5.260000,137.800000,46.970000,382.650000,15.330000,47.420000,14.450000,12.330000,516.850000,0.039800,,674.990000,27.680000
2025-01-31,141.390000,1.311000,323.200000,306.360000,88.670000,158.990000,360.340000,572.080000,71.620000,21.500000,72.380000,,540.050000,645.470000,182.780000,66.650000,1.327000,,,6.000000,0.012400,3.360000,5.940000,0.360000,1683.680000,28.150000,,25.350000,118.340000,45.930000,,,128.470000,,,5.310000,138.440000,47.130000,384.420000,15.400000,47.860000,14.510000,12.430000,519.280000,0.040100,,677.750000,28.040000
2025-02-01,141.080000,1.309000,322.020000,305.690000,88.200000,158.640000,357.660000,568.950000,71.460000,21.380000,72.060000,,537.570000,643.170000,183.410000,66.490000,1.316000,,,5.980000,0.012300,3.350000,5.930000,0.357100,1679.930000,28.010000,,24.990000,116.440000,45.730000,,,127.480000,,,5.270000,138.150000,46.880000,382.020000,15.390000,47.540000,14.450000,12.430000,518.140000,0.040000,,676.350000,27.790000
2025-02-04,142.020000,1.319000,320.520000,307.730000,89.310000,159.700000,355.510000,568.810000,71.940000,21.170000,71.610000,,534.270000,642.040000,185.950000,66.920000,1.307000,,,5.990000,0.012400,3.370000,5.960000,0.356100,1688.140000,28.350000,,24.730000,116.690000,45.620000,,,126.260000,,,5.250000,139.070000,46.480000,381.620000,15.320000,48.070000,14.560000,12.470000,521.600000,0.040400,,680.080000,27.530000
2025-02-05,141.660000,1.317000,323.240000,306.940000,89.600000,159.290000,360.920000,572.730000,71.750000,21.350000,72.080000,,537.650000,646.440000,185.680000,66.810000,1.320000,,,5.980000,0.012400,3.350000,5.950000,0.357500,1684.760000,27.900000,,25.540000,117.180000,45.920000,,,127.340000,,,5.240000,138.710000,47.150000,383.880000,15.380000,47.950000,14.470000,12.470000,520.270000,0.040100,,675.130000,27.770000
2025-02-06,140.490000,1.305000,324.290000,304.410000,89.610000,157.980000,361.400000,572.730000,70.970000,21.400000,72.100000,,537.800000,646.970000,185.530000,66.260000,1.326000,,,5.900000,0.012300,3.380000,5.900000,0.357100,1673.160000,27.730000,,25.180000,116.740000,46.130000,,,127.940000,,,5.250000,137.570000,47.360000,382.630000,15.370000,47.470000,14.360000,12.400000,515.970000,0.039900,,671.540000,27.760000
2025-02-07,140.310000,1.302000,322.690000,304.020000,88.770000,157.780000,358.930000,569.470000,70.690000,21.260000,71.590000,,533.960000,639.710000,185.970000,66.180000,1.315000,,,5.890000,0.012300,3.380000,5.890000,0.355600,1669.940000,27.700000,,24.990000,116.270000,45.830000,,,126.970000,,,5.300000,137.390000,47.140000,380.920000,15.270000,47.410000,14.350000,12.430000,515.310000,0.039700,,673.920000,27.700000
2025-02-08,139.190000,1.294000,321.170000,301.580000,88.710000,156.510000,356.940000,563.840000,70.140000,21.160000,71.140000,,530.600000,636.370000,185.480000,65.630000,1.310000,,,5.850000,0.012200,3.360000,5.850000,0.353900,1657.040000,27.480000,,24.970000,115.210000,45.560000,,,126.600000,,,5.280000,136.300000,46.970000,378.510000,15.200000,47.030000,14.210000,12.340000,511.180000,0.039600,,666.840000,27.750000
2025-02-11,139.000000,1.291000,320.540000,301.170000,87.890000,156.300000,356.160000,561.220000,69.880000,21.030000,70.700000,,527.290000,633.620000,185.770000,65.530000,1.303000,,,5.840000,0.012200,3.360000,5.840000,0.351900,1653.780000,27.280000,,24.790000,114.280000,45.530000,,,125.960000,,,5.270000,136.130000,46.770000,377.220000,15.060000,46.830000,14.190000,12.270000,510.490000,0.039600,,666.720000,27.680000
2025-02-12,137.890000,1.289000,317.530000,298.780000,87.510000,155.060000,353.090000,555.240000,69.310000,20.830000,70.050000,,522.430000,625.850000,182.890000,64.990000,1.294000,,,5.830000,0.012100,3.330000,5.790000,0.348500,1639.940000,27.110000,,24.550000,113.370000,45.140000,,,125.100000,,,5.280000,135.050000,46.380000,373.560000,14.860000,46.680000,14.110000,12.150000,506.430000,0.039200,,659.880000,27.410000
2025-02-13,136.490000,1.268000,314.570000,295.760000,86.980000,153.490000,350.420000,550.290000,68.590000,20.750000,69.750000,,520.110000,623.680000,180.390000,64.370000,1.294000,,,5.770000,0.011900,3.260000,5.730000,0.344900,1623.780000,26.810000,,24.380000,112.150000,44.530000,,,124.630000,,,5.330000,133.660000,46.070000,370.540000,14.690000,45.990000,13.890000,11.980000,501.310000,0.038600,,653.030000,27.190000
2025-02-14,135.560000,1.259000,311.920000,293.730000,86.380000,152.440000,348.440000,549.170000,68.270000,20.710000,69.540000,,518.590000,622.000000,178.130000,63.920000,1.291000,,,5.730000,0.011900,3.240000,5.690000,0.343800,1612.670000,26.770000,,24.200000,111.810000,44.210000,,,124.490000,,,5.440000,132.760000,45.930000,369.100000,14.730000,45.890000,13.790000,11.940000,497.880000,0.038300,,649.530000,26.920000
2025-02-15,134.850000,1.254000,313.610000,292.200000,85.880000,151.640000,349.210000,549.210000,68.180000,20.710000,69.500000,,518.410000,622.860000,176.950000,63.630000,1.290000,,,5.710000,0.011800,3.250000,5.660000,0.343800,1606.380000,26.630000,,24.290000,111.750000,44.500000,,,124.540000,,,5.440000,132.060000,46.180000,369.230000,14.730000,45.650000,13.680000,11.900000,495.280000,0.038300,,646.740000,26.980000
2025-02-18,135.800000,1.262000,317.450000,294.250000,87.450000,152.710000,351.480000,553.740000,68.680000,20.890000,70.130000,,523.090000,628.520000,179.340000,64.120000,1.302000,,,5.740000,0.011900,3.290000,5.700000,0.345700,1616.800000,26.920000,,24.460000,112.530000,44.890000,,,125.800000,,,5.460000,132.990000,46.590000,372.010000,14.810000,45.970000,13.770000,12.010000,498.750000,0.038400,,653.590000,27.060000
2025-02-19,135.560000,1.261000,316.410000,293.740000,87.190000,152.440000,350.800000,552.410000,68.410000,20.760000,69.850000,,520.890000,627.090000,178.900000,64.030000,1.297000,,,5.730000,0.011900,3.280000,5.690000,0.345600,1612.910000,26.840000,,24.580000,112.060000,44.740000,,,125.230000,,,5.470000,132.760000,46.450000,371.060000,14.790000,45.890000,13.730000,11.970000,497.890000,0.038500,,652.460000,27.020000
2025-02-20,137.120000,1.282000,319.890000,297.120000,88.520000,154.190000,354.530000,557.210000,69.120000,20.910000,70.390000,,524.960000,634.100000,180.960000,64.770000,1.307000,,,5.800000,0.012000,3.320000,5.760000,0.349300,1631.180000,27.150000,,24.850000,113.480000,45.220000,,,126.070000,,,5.580000,134.290000,46.940000,374.990000,14.960000,46.200000,13.870000,12.070000,503.610000,0.038800,,660.090000,27.320000
2025-02-21,136.070000,1.273000,318.700000,294.840000,87.350000,153.010000,351.820000,554.120000,68.850000,20.820000,69.970000,,521.700000,630.450000,179.900000,64.270000,1.299000,,,5.770000,0.011900,3.330000,5.710000,0.347700,1619.600000,26.900000,,24.520000,112.890000,45.030000,,,125.310000,,,5.630000,133.260000,46.780000,373.680000,14.870000,46.060000,13.760000,12.000000,499.760000,0.038800,,654.110000,27.090000
2025-02-22,136.810000,1.285000,320.830000,296.440000,88.120000,153.840000,353.950000,559.050000,69.260000,20.980000,70.500000,,525.830000,635.420000,181.530000,64.660000,1.299000,,,5.800000,0.012000,3.340000,5.750000,0.351100,1628.380000,27.160000,,24.700000,113.780000,45.260000,,,126.200000,,,5.680000,133.990000,47.210000,375.790000,14.950000,46.180000,13.800000,12.090000,502.470000,0.038900,,658.820000,27.380000
2025-02-25,136.930000,1.285000,320.090000,296.690000,87.760000,153.970000,353.870000,559.820000,69.360000,21.040000,70.660000,,527.030000,635.850000,180.250000,64.700000,1.313000,,,5.800000,0.012000,3.360000,5.750000,0.352300,1630.480000,27.180000,,24.630000,114.090000,45.330000,,,126.930000,,,5.710000,134.110000,47.270000,376.110000,15.010000,46.350000,13.800000,12.040000,502.890000,0.039100,,660.200000,27.360000
2025-02-26,135.790000,1.275000,315.470000,294.210000,86.300000,152.690000,349.520000,556.390000,68.650000,20.930000,70.020000,,522.230000,629.500000,179.380000,64.150000,1.302000,,,5.720000,0.011900,3.330000,5.700000,0.347600,1616.390000,26.880000,,24.330000,112.830000,44.800000,,,126.180000,,,5.790000,132.990000,46.880000,372.210000,14.800000,45.840000,13.680000,11.960000,498.690000,0.038900,,654.830000,27.090000
2025-02-27,136.500000,1.285000,316.660000,295.740000,87.340000,153.480000,349.490000,559.900000,69.070000,21.090000,70.550000,,526.190000,633.720000,180.320000,64.490000,1.316000,,,5.760000,0.011900,3.350000,5.730000,0.349600,1625.320000,27.020000,,24.510000,113.260000,45.060000,,,126.920000,,,5.860000,133.670000,47.240000,374.760000,14.880000,46.200000,13.780000,12.040000,501.280000,0.039100,,658.530000,27.230000
2025-02-28,136.560000,1.286000,315.990000,295.860000,86.410000,153.540000,349.960000,558.700000,69.000000,21.060000,70.500000,,525.710000,636.040000,180.720000,64.520000,1.316000,,,5.760000,0.011900,3.350000,5.730000,0.347700,1625.890000,27.030000,,24.610000,112.920000,44.940000,,,127.140000,,,5.770000,133.720000,47.020000,374.020000,14.810000,46.220000,13.790000,12.080000,501.490000,0.039100,,658.880000,27.240000
2025-03-01,135.930000,1.280000,310.170000,294.530000,85.480000,152.850000,345.770000,553.090000,68.590000,20.740000,69.610000,,519.140000,628.570000,181.010000,64.180000,1.296000,,,5.710000,0.011900,3.320000,5.710000,0.341900,1617.120000,26.910000,,24.440000,111.930000,44.290000,,,125.050000,,,5.640000,133.120000,46.380000,370.260000,14.640000,45.880000,13.670000,12.050000,499.220000,0.038800,,655.560000,26.970000
2025-03-04,135.920000,1.280000,310.550000,294.460000,84.810000,152.820000,345.980000,553.580000,68.470000,20.750000,69.880000,,521.120000,631.170000,181.170000,64.180000,1.296000,,,5.720000,0.011900,3.310000,5.710000,0.342200,1616.860000,26.910000,,24.400000,111.810000,44.600000,,,124.720000,,,5.580000,133.090000,46.740000,370.260000,14.620000,45.870000,13.680000,12.010000,499.110000,0.038700,,653.340000,26.760000
2025-03-05,136.080000,1.280000,310.940000,294.830000,84.910000,153.010000,346.370000,560.620000,68.740000,20.960000,70.430000,,525.230000,635.720000,181.070000,64.270000,1.316000,,,5.730000,0.011900,3.360000,5.710000,0.342400,1619.380000,27.090000,,23.950000,111.950000,44.660000,,,126.310000,,,5.600000,133.250000,47.330000,371.830000,14.780000,46.060000,13.730000,12.040000,499.740000,0.038800,,655.120000,26.910000
2025-03-06,135.270000,1.270000,312.080000,293.040000,84.400000,152.080000,345.300000,560.180000,68.390000,21.210000,71.240000,,531.330000,637.230000,180.490000,63.910000,1.333000,,,5.710000,0.011800,3.330000,5.680000,0.342500,1610.660000,26.920000,,24.210000,112.200000,45.000000,,,127.830000,,,5.550000,132.430000,48.220000,371.710000,14.760000,45.780000,13.660000,12.010000,496.710000,0.038500,,654.340000,27.000000
2025-03-07,135.060000,1.268000,313.640000,292.600000,86.410000,151.850000,345.440000,559.570000,68.440000,21.390000,71.770000,,535.280000,638.440000,180.210000,63.810000,1.336000,,,5.700000,0.011800,3.350000,5.670000,0.342400,1609.910000,27.250000,,24.220000,112.080000,45.600000,,,128.080000,,,5.540000,132.220000,49.110000,372.140000,14.700000,45.710000,13.640000,12.020000,495.950000,0.038500,,655.850000,27.030000
2025-03-08,134.740000,1.266000,312.100000,291.940000,85.870000,151.510000,345.730000,563.660000,68.420000,21.470000,72.040000,,537.400000,639.180000,180.270000,63.680000,1.347000,,,5.690000,0.011800,3.350000,5.660000,0.342700,1607.040000,27.570000,,24.440000,112.160000,45.760000,,,128.590000,,,5.580000,131.910000,48.980000,372.120000,14.720000,45.610000,13.580000,12.010000,494.840000,0.038300,,657.470000,27.370000
2025-03-12,133.020000,1.249000,306.940000,288.220000,83.410000,149.580000,339.140000,553.950000,67.540000,21.320000,71.330000,,531.910000,631.470000,177.320000,62.880000,1.330000,,,5.600000,0.011600,3.310000,5.590000,0.336400,1585.930000,27.680000,,24.030000,110.780000,45.750000,,,127.010000,,,5.680000,130.270000,48.440000,366.740000,14.470000,44.900000,13.360000,11.790000,488.530000,0.037900,,650.280000,26.760000
2025-03-13,133.190000,1.256000,307.530000,288.580000,84.190000,149.770000,339.220000,554.530000,67.530000,21.360000,71.520000,,533.470000,632.520000,178.330000,62.960000,1.332000,,,5.610000,0.011600,3.290000,5.590000,0.336800,1587.530000,27.640000,,24.170000,110.520000,45.860000,,,127.250000,,,5.640000,130.430000,48.540000,366.930000,14.470000,45.080000,13.390000,11.770000,489.150000,0.037800,,652.180000,26.630000
2025-03-14,134.860000,1.273000,311.430000,292.200000,85.410000,151.640000,344.590000,561.220000,68.350000,21.480000,72.180000,,538.320000,641.540000,180.560000,63.730000,1.347000,,,5.690000,0.011800,3.340000,5.660000,0.340400,1607.900000,28.090000,,24.530000,111.680000,46.430000,,,128.280000,,,5.770000,132.060000,48.730000,370.910000,14.670000,45.610000,13.540000,11.930000,495.280000,0.038500,,659.910000,26.970000
2025-03-15,137.550000,1.300000,318.400000,298.020000,87.110000,154.660000,350.390000,571.440000,69.850000,21.990000,73.780000,,550.310000,653.660000,184.290000,64.990000,1.378000,,,5.810000,0.012000,3.390000,5.780000,0.347500,1640.150000,28.640000,,25.220000,113.700000,47.360000,,,131.790000,,,5.890000,134.690000,49.850000,378.560000,15.030000,46.560000,13.830000,12.180000,505.150000,0.039100,,672.380000,27.740000
2025-03-18,135.890000,1.286000,316.840000,294.420000,86.860000,152.790000,347.710000,565.480000,69.000000,21.780000,72.980000,,544.450000,647.550000,181.600000,64.230000,1.363000,,,5.750000,0.011900,3.360000,5.710000,0.344700,1621.370000,28.040000,,25.070000,112.350000,47.220000,,,129.980000,,,5.960000,133.060000,49.420000,374.770000,14.870000,45.950000,13.630000,12.040000,499.040000,0.038500,,664.970000,27.520000
2025-03-19,135.170000,1.269000,316.160000,292.870000,87.320000,151.990000,347.310000,564.680000,68.680000,21.660000,72.760000,,542.770000,644.790000,180.450000,63.890000,1.364000,,,5.740000,0.011800,3.320000,5.680000,0.342000,1612.350000,27.940000,,24.820000,111.750000,47.220000,,,129.870000,,,6.050000,132.360000,49.330000,372.790000,14.790000,45.750000,13.570000,11.940000,496.410000,0.038500,,661.810000,27.490000
2025-03-20,136.250000,1.290000,316.650000,295.170000,88.190000,153.190000,349.240000,569.840000,69.190000,21.800000,73.110000,,545.300000,648.510000,182.270000,64.390000,1.367000,,,5.800000,0.011900,3.340000,5.720000,0.343100,1625.000000,28.060000,,25.070000,112.890000,47.230000,,,129.860000,,,6.000000,133.390000,49.520000,375.280000,14.890000,46.110000,13.070000,12.030000,500.320000,0.038900,,666.910000,27.520000
2025-03-21,136.910000,1.296000,316.230000,296.650000,89.010000,153.950000,349.790000,570.040000,69.430000,21.810000,73.120000,,545.370000,651.220000,183.380000,64.700000,1.366000,,,5.820000,0.012000,3.380000,5.780000,0.343000,1632.720000,28.090000,,24.960000,113.660000,47.260000,,,130.130000,,,5.950000,134.060000,49.350000,376.650000,14.900000,46.300000,13.240000,12.100000,502.830000,0.039100,,670.080000,27.640000
2025-03-27,136.630000,1.283000,317.390000,296.050000,88.050000,153.640000,352.320000,567.920000,69.080000,21.740000,72.590000,,541.500000,647.490000,182.810000,64.540000,1.353000,,,5.860000,0.011900,3.340000,5.790000,0.342800,1627.620000,27.940000,,24.990000,113.350000,47.750000,,,129.920000,,,5.960000,133.780000,49.950000,375.380000,14.790000,46.250000,13.230000,12.080000,501.810000,0.038800,,666.460000,27.530000
2025-03-28,135.660000,1.274000,314.250000,293.950000,86.880000,152.550000,348.670000,563.700000,68.580000,21.540000,72.010000,,537.160000,644.290000,181.840000,64.070000,1.341000,,,5.810000,0.011900,3.300000,5.760000,0.340100,1615.960000,27.760000,,24.740000,112.500000,47.290000,,,127.980000,,,5.960000,132.830000,49.660000,372.080000,14.730000,45.960000,13.140000,12.000000,498.250000,0.038800,,660.920000,27.340000
2025-03-29,137.070000,1.298000,316.750000,297.000000,87.680000,154.130000,351.310000,570.320000,69.310000,21.730000,72.660000,,542.080000,651.120000,184.070000,64.720000,1.347000,,,5.890000,0.012000,3.340000,5.820000,0.343000,1632.630000,28.120000,,24.800000,113.510000,47.890000,,,129.770000,,,6.000000,134.210000,50.070000,375.130000,14.810000,46.400000,13.250000,12.140000,503.420000,0.039000,,667.590000,27.750000
2025-04-01,137.340000,1.300000,315.330000,297.600000,87.600000,154.450000,351.350000,572.320000,69.550000,21.870000,73.150000,,545.650000,652.490000,184.640000,64.860000,1.357000,,,5.910000,0.012000,3.380000,5.830000,0.342200,1637.950000,28.340000,,24.720000,113.740000,47.820000,,,130.450000,,,5.950000,134.480000,50.320000,375.860000,14.880000,46.620000,13.290000,12.190000,504.440000,0.039000,,668.710000,27.510000
2025-04-02,136.990000,1.300000,314.420000,296.840000,88.270000,154.050000,349.870000,570.400000,69.210000,21.770000,72.820000,,543.300000,649.370000,184.300000,64.670000,1.350000,,,5.880000,0.012000,3.370000,5.820000,0.341900,1632.330000,28.310000,,24.540000,113.450000,47.950000,,,129.790000,,,5.930000,134.130000,50.220000,374.700000,14.750000,46.370000,13.270000,12.160000,503.150000,0.039100,,668.540000,27.390000
2025-04-03,136.960000,1.297000,316.970000,296.780000,88.540000,154.020000,351.220000,569.130000,69.190000,21.760000,72.790000,,542.990000,650.640000,184.270000,64.650000,1.355000,,,5.880000,0.012000,3.370000,5.820000,0.343800,1631.530000,28.310000,,24.700000,113.020000,48.180000,,,129.960000,,,5.980000,134.100000,50.490000,374.520000,14.730000,46.110000,13.270000,12.170000,503.050000,0.039100,,667.670000,26.940000
2025-04-04,136.570000,1.293000,317.740000,295.910000,88.540000,153.570000,355.020000,581.260000,68.740000,22.180000,74.310000,,554.340000,659.360000,184.060000,64.480000,1.382000,,,5.870000,0.011900,3.420000,5.790000,0.344700,1630.170000,28.340000,,24.970000,112.970000,48.780000,,,132.170000,,,5.980000,133.710000,51.750000,375.430000,14.640000,46.230000,13.220000,12.160000,501.570000,0.039000,,665.730000,26.610000
2025-04-05,137.310000,1.300000,309.660000,297.550000,89.550000,154.420000,356.170000,593.340000,69.270000,22.110000,74.560000,,556.340000,655.690000,185.280000,64.890000,1.369000,,,5.910000,0.012000,3.480000,5.810000,0.348500,1640.610000,28.800000,,24.860000,113.740000,47.910000,,,130.750000,,,5.970000,134.390000,50.830000,377.390000,14.760000,46.480000,13.270000,12.260000,504.340000,0.039200,,675.660000,26.430000
2025-04-08,141.120000,1.339000,312.960000,305.790000,88.760000,158.690000,363.550000,607.060000,70.900000,22.580000,76.110000,,567.960000,664.680000,190.420000,66.720000,1.394000,,,6.040000,0.012300,3.540000,5.980000,0.354100,1684.520000,29.420000,,25.090000,115.800000,47.510000,,,132.340000,,,6.030000,138.050000,51.290000,384.900000,14.990000,47.900000,13.640000,12.640000,518.310000,0.040200,,694.090000,26.770000
2025-04-09,141.190000,1.340000,313.060000,305.940000,87.730000,158.770000,365.270000,606.300000,70.660000,22.550000,75.920000,,566.590000,661.180000,190.300000,66.740000,1.388000,,,6.020000,0.012300,3.530000,5.980000,0.350100,1684.270000,29.430000,,25.130000,115.520000,47.230000,,,132.160000,,,6.050000,138.150000,51.550000,383.960000,14.920000,47.930000,13.650000,12.590000,518.570000,0.040000,,691.550000,26.640000
2025-04-10,141.720000,1.335000,314.060000,307.070000,86.590000,159.360000,366.920000,619.470000,70.820000,22.830000,76.910000,,574.610000,667.050000,191.000000,67.080000,1.406000,,,6.010000,0.012400,3.580000,5.990000,0.352400,1692.670000,29.540000,,24.990000,115.820000,47.560000,,,133.870000,,,6.060000,138.650000,52.290000,386.570000,15.090000,48.100000,13.700000,12.610000,520.480000,0.040200,,692.590000,26.410000
2025-04-11,140.270000,1.330000,318.380000,303.940000,88.490000,157.740000,366.700000,612.580000,70.290000,22.750000,76.450000,,570.660000,665.360000,189.060000,66.390000,1.406000,,,5.980000,0.012300,3.540000,5.920000,0.354000,1676.360000,29.190000,,25.340000,115.360000,47.660000,,,134.110000,,,6.060000,137.260000,51.780000,385.700000,15.110000,47.610000,13.580000,12.440000,515.180000,0.039700,,688.190000,26.540000
2025-04-12,140.200000,1.329000,320.650000,303.800000,87.500000,157.660000,370.010000,628.050000,70.560000,23.230000,78.180000,,583.740000,673.030000,189.180000,66.400000,1.428000,,,5.980000,0.012300,3.600000,5.890000,0.359400,1681.440000,29.210000,,25.220000,116.500000,48.230000,,,136.040000,,,6.130000,137.180000,52.630000,390.220000,15.370000,47.590000,13.530000,12.440000,514.940000,0.039900,,689.630000,26.730000
2025-04-15,141.090000,1.337000,327.350000,305.730000,88.350000,158.660000,373.830000,632.890000,70.870000,23.500000,79.030000,,590.090000,683.730000,190.380000,66.820000,1.439000,,,6.030000,0.012300,3.620000,5.930000,0.364900,1690.130000,30.300000,,25.690000,117.510000,49.190000,,,137.900000,,,6.300000,138.080000,53.690000,393.990000,15.450000,47.890000,13.620000,12.550000,518.210000,0.040100,,700.720000,27.400000
2025-04-16,140.740000,1.334000,328.650000,304.960000,88.270000,158.270000,372.870000,634.630000,70.660000,23.390000,78.560000,,586.330000,684.290000,189.900000,66.630000,1.432000,,,6.030000,0.012300,3.620000,5.910000,0.362300,1685.610000,30.230000,,25.780000,117.210000,48.940000,,,136.780000,,,6.300000,137.770000,53.000000,392.910000,15.440000,47.860000,13.570000,12.550000,516.910000,0.040100,,700.290000,27.370000
2025-04-17,142.040000,1.346000,332.250000,307.770000,88.620000,159.720000,374.950000,638.050000,71.420000,23.690000,79.360000,,592.460000,691.790000,191.790000,67.230000,1.452000,,,6.090000,0.012400,3.650000,5.970000,0.368100,1701.520000,30.330000,,26.020000,118.350000,49.150000,,,137.880000,,,6.320000,139.030000,53.170000,397.130000,15.710000,48.530000,13.680000,12.640000,521.670000,0.040400,,706.090000,27.670000
2025-04-18,142.450000,1.350000,332.340000,308.670000,89.180000,160.190000,376.620000,640.310000,71.670000,23.760000,79.600000,,594.300000,691.780000,192.570000,67.400000,1.459000,,,6.130000,0.012500,3.670000,5.980000,0.369300,1706.620000,30.330000,,26.270000,118.770000,49.710000,,,138.830000,,,6.380000,139.430000,53.970000,398.780000,15.720000,48.900000,13.780000,12.640000,523.200000,0.040500,,708.790000,27.750000
2025-04-19,142.090000,1.347000,332.550000,307.910000,89.880000,159.790000,376.630000,637.400000,71.470000,23.720000,79.510000,,593.500000,692.770000,192.090000,67.240000,1.457000,,,6.110000,0.012400,3.670000,5.970000,0.366900,1702.660000,30.570000,,26.490000,118.340000,49.880000,,,138.760000,,,6.390000,139.100000,54.300000,397.910000,15.620000,48.780000,13.680000,12.600000,521.900000,0.040500,,706.880000,27.710000
2025-04-22,141.990000,1.348000,334.930000,307.690000,89.820000,159.680000,377.700000,646.180000,71.550000,24.000000,80.500000,,601.010000,698.330000,191.950000,67.200000,1.476000,,,6.130000,0.012400,3.700000,5.980000,0.367700,1704.680000,30.550000,,26.530000,119.430000,50.140000,,,139.260000,,,6.430000,139.010000,54.840000,399.920000,15.770000,49.200000,13.650000,12.590000,521.530000,0.040500,,707.340000,27.920000
2025-04-23,141.050000,1.339000,331.460000,305.650000,89.220000,158.920000,374.380000,637.780000,70.840000,23.760000,79.740000,,595.210000,692.400000,190.680000,66.780000,1.456000,,,6.080000,0.012300,3.690000,5.950000,0.363700,1695.140000,30.620000,,26.410000,118.070000,50.040000,,,139.050000,,,6.370000,138.120000,54.520000,396.290000,15.610000,48.870000,13.550000,12.460000,518.070000,0.040300,,706.800000,27.810000
2025-04-24,141.130000,1.343000,332.200000,305.810000,90.610000,158.700000,375.230000,629.590000,71.120000,23.640000,79.180000,,591.060000,689.550000,190.780000,66.810000,1.447000,,,6.070000,0.012300,3.650000,5.970000,0.364600,1693.040000,30.490000,,26.530000,118.130000,49.820000,,,137.670000,,,6.270000,138.190000,54.120000,395.350000,15.530000,48.900000,13.540000,12.410000,518.340000,0.040400,,705.850000,27.910000
2025-04-25,140.800000,1.331000,330.150000,305.110000,90.660000,158.340000,373.450000,626.250000,70.970000,23.560000,78.840000,,588.480000,687.820000,190.340000,66.660000,1.445000,,,6.060000,0.012300,3.630000,5.950000,0.360500,1687.530000,30.240000,,26.420000,118.340000,49.730000,,,137.540000,,,6.230000,137.870000,53.920000,394.420000,15.470000,48.790000,13.500000,12.400000,517.160000,0.040400,,701.960000,27.730000
2025-04-26,140.220000,1.334000,328.430000,303.850000,90.640000,157.690000,370.930000,621.640000,70.670000,23.440000,78.350000,,584.820000,685.760000,189.560000,66.400000,1.438000,,,6.030000,0.012300,3.590000,5.920000,0.357900,1680.520000,30.140000,,26.190000,117.860000,49.310000,,,136.940000,,,6.240000,137.300000,53.050000,391.840000,15.360000,48.960000,13.410000,12.320000,515.030000,0.040000,,698.510000,27.310000
2025-04-29,139.860000,1.319000,328.450000,303.060000,90.290000,157.280000,370.140000,619.120000,70.390000,23.360000,78.110000,,583.030000,685.040000,189.060000,66.220000,1.439000,,,6.040000,0.012200,3.580000,5.880000,0.355800,1674.810000,30.070000,,26.300000,117.820000,49.250000,,,136.350000,,,6.240000,136.930000,53.070000,391.080000,15.280000,48.920000,13.360000,12.320000,513.680000,0.039700,,696.020000,27.530000
2025-04-30,139.490000,1.327000,327.730000,302.250000,90.640000,156.860000,369.990000,620.620000,70.450000,23.420000,78.100000,,582.920000,685.590000,188.350000,66.040000,1.443000,,,6.010000,0.012200,3.590000,5.870000,0.356900,1672.720000,30.100000,,26.090000,118.460000,49.370000,,,136.630000,,,6.290000,136.580000,53.150000,391.050000,15.340000,48.790000,13.330000,12.340000,512.320000,0.039800,,693.980000,27.630000
2025-05-01,139.500000,1.327000,327.440000,302.270000,91.160000,156.870000,370.430000,621.240000,70.530000,23.380000,77.980000,,582.070000,684.180000,188.500000,66.060000,1.440000,,,6.060000,0.012200,3.580000,5.860000,0.360400,1672.070000,30.170000,,26.230000,118.820000,49.430000,,,136.350000,,,6.310000,136.590000,53.130000,392.300000,15.340000,48.890000,13.310000,12.350000,512.340000,0.039800,,695.280000,27.540000
2025-05-03,140.530000,1.337000,331.790000,304.520000,90.990000,158.040000,373.270000,626.180000,70.990000,23.490000,78.380000,,584.860000,685.930000,190.110000,66.600000,1.447000,,,6.110000,0.012300,3.570000,5.900000,0.369200,1683.220000,30.260000,,26.250000,121.220000,49.760000,,,136.850000,,,6.250000,137.640000,53.410000,398.030000,15.620000,50.360000,13.380000,12.370000,516.160000,0.040200,,698.900000,28.060000
2025-05-06,141.180000,1.343000,336.060000,305.920000,91.660000,158.760000,375.860000,630.050000,71.320000,23.630000,78.840000,,588.170000,689.800000,191.130000,66.910000,1.456000,,,6.150000,0.012300,3.600000,5.930000,0.378100,1691.500000,30.270000,,26.470000,123.610000,49.980000,,,137.540000,,,6.390000,138.260000,53.900000,402.240000,15.790000,50.100000,13.440000,12.470000,518.530000,0.040200,,702.110000,28.340000
2025-05-07,140.080000,1.333000,332.110000,303.540000,90.460000,157.530000,372.340000,623.860000,71.290000,23.340000,78.090000,,582.670000,686.860000,189.640000,66.390000,1.440000,,,6.100000,0.012300,3.600000,5.880000,0.372200,1678.250000,30.260000,,26.080000,121.630000,49.630000,,,136.320000,,,6.350000,137.170000,53.440000,399.050000,15.770000,49.950000,13.350000,12.420000,514.500000,0.040000,,697.690000,28.180000
2025-05-09,140.500000,1.337000,331.120000,304.430000,89.820000,157.990000,371.950000,624.860000,71.300000,23.380000,78.090000,,582.470000,684.380000,190.200000,66.400000,1.435000,,,6.030000,0.012300,3.560000,5.900000,0.368400,1682.840000,30.190000,,26.360000,120.650000,49.850000,,,136.490000,,,6.260000,137.580000,53.440000,398.030000,15.730000,50.340000,13.390000,12.420000,516.010000,0.040200,,700.270000,28.400000
2025-05-13,139.880000,1.331000,327.870000,303.090000,90.930000,157.290000,367.350000,606.970000,71.260000,22.790000,76.310000,,569.170000,675.050000,189.360000,65.930000,1.403000,,,6.050000,0.012200,3.460000,5.870000,0.361800,1670.700000,29.960000,,26.240000,119.640000,49.100000,,,134.220000,,,6.330000,136.970000,52.230000,392.890000,15.340000,49.780000,13.250000,12.370000,513.740000,0.039900,,693.640000,28.030000
2025-05-14,138.880000,1.325000,327.100000,300.920000,89.890000,156.170000,364.770000,605.990000,70.840000,22.710000,75.930000,,566.320000,673.380000,188.080000,65.450000,1.399000,,,5.980000,0.012100,3.450000,5.830000,0.358500,1658.460000,29.450000,,26.050000,118.070000,48.940000,,,133.320000,,,6.320000,135.990000,52.350000,390.910000,15.360000,49.520000,13.150000,12.280000,510.060000,0.039800,,684.450000,27.840000
2025-05-15,137.830000,1.322000,327.770000,298.650000,90.270000,154.990000,363.470000,606.240000,70.270000,22.820000,76.230000,,568.420000,675.540000,186.660000,64.870000,1.408000,,,5.940000,0.012100,3.470000,5.790000,0.363600,1647.390000,29.290000,,26.140000,118.140000,49.160000,,,133.940000,,,6.300000,134.970000,52.360000,390.470000,15.260000,49.150000,13.060000,12.200000,506.210000,0.039300,,680.120000,27.780000
2025-05-16,139.020000,1.333000,327.030000,301.230000,90.570000,156.330000,365.040000,609.430000,70.830000,22.950000,76.650000,,571.800000,678.460000,188.270000,65.390000,1.418000,,,5.970000,0.012200,3.500000,5.840000,0.365700,1661.290000,29.530000,,26.370000,119.290000,49.050000,,,134.910000,,,6.340000,136.130000,52.470000,393.030000,15.330000,49.570000,13.220000,12.310000,510.580000,0.039500,,689.660000,28.170000
2025-05-17,138.730000,1.330000,327.050000,300.600000,89.680000,156.000000,365.060000,609.020000,70.720000,22.900000,76.500000,,570.600000,677.090000,188.010000,65.200000,1.416000,,,5.960000,0.012100,3.500000,5.830000,0.365200,1657.910000,29.490000,,26.190000,118.710000,49.040000,,,134.290000,,,6.300000,135.840000,52.170000,392.440000,15.310000,49.710000,13.130000,12.290000,509.510000,0.039500,,687.290000,28.220000
2025-05-20,139.070000,1.341000,329.150000,301.350000,90.200000,156.390000,366.200000,613.550000,70.820000,23.130000,77.220000,,576.060000,683.830000,188.480000,65.310000,1.431000,,,5.980000,0.012200,3.530000,5.840000,0.367800,1663.510000,29.560000,,26.240000,119.150000,49.580000,,,134.870000,,,6.350000,136.190000,52.760000,394.850000,15.460000,49.830000,13.150000,12.280000,510.780000,0.039700,,689.190000,28.300000
2025-05-21,139.300000,1.343000,327.980000,301.820000,90.620000,156.640000,366.860000,613.710000,70.860000,23.100000,77.130000,,575.280000,683.640000,188.780000,65.360000,1.430000,,,5.980000,0.012200,3.540000,5.850000,0.366800,1666.090000,29.660000,,26.570000,119.110000,49.670000,,,135.620000,,,6.330000,136.410000,52.870000,394.840000,15.480000,50.160000,13.170000,12.350000,511.590000,0.040000,,692.390000,28.440000
2025-05-22,139.030000,1.344000,328.970000,301.230000,90.090000,156.330000,367.910000,619.800000,70.890000,23.270000,77.620000,,578.910000,684.750000,188.410000,65.210000,1.440000,,,5.970000,0.012200,3.550000,5.840000,0.371500,1664.190000,29.750000,,26.480000,119.660000,50.320000,,,136.300000,,,6.370000,136.130000,53.380000,396.210000,15.600000,50.060000,13.150000,12.320000,510.590000,0.039600,,690.240000,28.570000
2025-05-23,138.070000,1.334000,325.290000,299.160000,89.820000,155.250000,365.380000,613.220000,70.370000,23.000000,76.770000,,572.530000,679.270000,187.320000,64.800000,1.421000,,,5.900000,0.012100,3.530000,5.800000,0.366500,1652.450000,29.430000,,26.140000,118.750000,49.680000,,,134.910000,,,6.370000,135.190000,52.700000,392.500000,15.430000,50.210000,13.050000,12.220000,507.070000,0.039400,,687.930000,28.120000
2025-05-24,139.090000,1.344000,330.050000,301.380000,89.350000,156.410000,369.910000,618.300000,71.110000,23.310000,77.730000,,579.700000,689.380000,188.710000,65.230000,1.440000,,,5.990000,0.012200,3.560000,5.840000,0.373100,1665.820000,29.700000,,26.520000,120.820000,50.520000,,,136.380000,,,6.390000,136.210000,53.560000,397.290000,15.670000,50.080000,13.090000,12.310000,510.840000,0.039600,,692.100000,28.550000
2025-05-27,139.140000,1.333000,332.530000,301.500000,90.510000,156.470000,372.610000,622.160000,71.110000,23.400000,78.010000,,581.720000,692.920000,188.780000,65.220000,1.442000,,,6.010000,0.012200,3.580000,5.840000,0.373600,1667.670000,29.990000,,26.600000,121.240000,50.660000,,,136.940000,,,6.410000,136.260000,53.770000,398.220000,15.680000,50.850000,13.130000,12.280000,511.040000,0.039600,,694.220000,28.610000
2025-05-28,139.450000,1.336000,329.980000,302.160000,90.370000,156.810000,372.130000,619.220000,71.180000,23.330000,77.920000,,580.940000,693.570000,189.340000,65.340000,1.438000,,,6.000000,0.012200,3.550000,5.860000,0.372700,1670.010000,30.000000,,26.600000,120.940000,50.560000,,,136.800000,,,6.390000,136.550000,53.530000,397.730000,15.630000,51.220000,13.130000,12.280000,512.160000,0.039800,,695.740000,28.630000
2025-05-29,139.590000,1.337000,330.100000,302.450000,90.880000,156.960000,371.040000,619.380000,71.280000,23.310000,77.880000,,580.590000,691.680000,189.520000,65.410000,1.441000,,,6.010000,0.012200,3.550000,5.860000,0.373600,1670.280000,29.890000,,26.580000,121.480000,50.530000,,,136.720000,,,6.450000,136.680000,53.400000,397.940000,15.720000,51.520000,13.120000,12.340000,512.660000,0.040000,,696.090000,28.660000
2025-05-30,138.670000,1.328000,328.010000,300.450000,89.510000,155.920000,368.390000,615.350000,70.860000,23.060000,77.060000,,574.750000,686.080000,188.410000,64.960000,1.422000,,,5.960000,0.012100,3.510000,5.820000,0.370700,1658.770000,29.570000,,26.250000,120.110000,50.050000,,,135.570000,,,6.460000,135.760000,52.870000,394.900000,15.570000,51.440000,13.020000,12.270000,509.260000,0.039900,,690.920000,28.540000
2025-05-31,139.080000,1.332000,327.890000,301.360000,90.090000,156.400000,369.780000,619.610000,71.010000,23.240000,77.570000,,578.590000,688.060000,188.980000,65.130000,1.434000,,,5.970000,0.012200,3.550000,5.840000,0.370400,1664.740000,29.630000,,26.490000,120.110000,50.220000,,,136.060000,,,6.510000,136.160000,53.250000,395.730000,15.550000,51.340000,13.080000,12.300000,510.810000,0.040200,,692.000000,28.540000
2025-06-03,139.240000,1.335000,331.470000,301.690000,89.350000,156.570000,373.370000,625.150000,71.030000,23.440000,78.250000,,583.730000,691.730000,189.260000,65.190000,1.450000,,,5.990000,0.012200,3.580000,5.850000,0.372000,1668.310000,29.900000,,26.490000,120.240000,50.640000,,,137.110000,,,6.460000,136.310000,53.730000,397.580000,15.710000,51.650000,13.050000,12.270000,511.370000,0.040000,,692.760000,28.520000
2025-06-04,139.430000,1.337000,330.660000,302.120000,90.260000,156.790000,372.920000,624.510000,71.230000,23.460000,78.250000,,583.640000,691.540000,189.530000,65.280000,1.447000,,,5.980000,0.012200,3.580000,5.860000,0.372700,1670.800000,30.050000,,26.640000,120.780000,50.580000,,,136.480000,,,6.500000,136.540000,53.390000,397.620000,15.730000,51.990000,13.080000,12.330000,512.100000,0.039900,,694.770000,28.610000
2025-06-05,139.320000,1.336000,331.310000,301.870000,90.740000,156.660000,373.210000,621.260000,71.180000,23.460000,78.100000,,582.380000,691.930000,189.370000,65.210000,1.443000,,,5.960000,0.012200,3.550000,5.850000,0.375200,1668.800000,29.840000,,26.620000,120.560000,50.570000,,,135.870000,,,6.530000,136.420000,53.240000,396.860000,15.650000,51.950000,13.080000,12.350000,511.670000,0.040000,,696.310000,28.700000
2025-06-06,138.920000,1.341000,332.130000,301.000000,90.530000,156.210000,373.600000,622.940000,71.080000,23.490000,78.140000,,582.790000,692.430000,188.820000,65.020000,1.444000,,,5.950000,0.012100,3.560000,5.830000,0.376100,1663.970000,29.730000,,26.550000,120.700000,50.610000,,,136.090000,,,6.460000,136.030000,53.260000,397.340000,15.720000,51.800000,12.970000,12.310000,510.190000,0.040000,,694.010000,28.760000
2025-06-10,138.460000,1.338000,331.640000,300.000000,91.410000,155.690000,371.820000,619.740000,70.820000,23.440000,77.840000,,580.660000,689.370000,188.330000,64.800000,1.445000,,,5.940000,0.012100,3.530000,5.810000,0.375700,1657.490000,29.650000,,26.680000,120.240000,50.530000,,,136.000000,,,6.440000,135.590000,52.950000,395.780000,15.560000,51.780000,12.960000,12.240000,508.500000,0.040000,,692.670000,28.720000
2025-06-11,138.440000,1.338000,331.080000,299.950000,91.490000,155.670000,371.140000,619.270000,70.770000,23.450000,77.860000,,580.720000,686.570000,188.440000,64.780000,1.448000,,,5.940000,0.012100,3.520000,5.810000,0.371900,1660.580000,29.660000,,26.700000,120.110000,50.500000,,,136.390000,,,6.480000,135.560000,53.090000,395.410000,15.580000,51.360000,12.960000,12.240000,508.420000,0.040200,,692.000000,28.680000
2025-06-12,138.270000,1.336000,330.530000,299.590000,91.100000,155.480000,371.120000,617.910000,70.660000,23.450000,77.880000,,580.820000,685.230000,188.070000,64.700000,1.452000,,,5.940000,0.012100,3.500000,5.810000,0.369900,1658.880000,29.630000,,26.720000,119.910000,50.240000,,,136.380000,,,6.440000,135.400000,52.870000,394.930000,15.560000,51.040000,12.960000,12.240000,507.800000,0.040300,,691.130000,28.560000
2025-06-13,139.360000,1.347000,333.420000,301.930000,92.430000,156.690000,375.340000,630.180000,71.330000,23.970000,79.540000,,593.190000,695.390000,189.610000,65.200000,1.480000,,,5.990000,0.012200,3.570000,5.850000,0.378500,1673.870000,30.190000,,27.070000,121.360000,51.300000,,,139.020000,,,6.410000,136.420000,54.170000,400.260000,15.800000,50.820000,13.020000,12.350000,511.770000,0.040700,,696.190000,28.770000
2025-06-14,139.410000,1.347000,331.010000,302.020000,92.450000,156.740000,375.390000,628.970000,71.270000,23.730000,78.970000,,588.910000,692.730000,189.670000,65.220000,1.462000,,,5.950000,0.012200,3.550000,5.850000,0.373300,1672.670000,30.110000,,26.920000,120.650000,51.440000,,,137.750000,,,6.440000,136.400000,53.640000,398.750000,15.780000,50.940000,13.040000,12.340000,511.920000,0.040500,,696.440000,28.460000
2025-06-17,139.550000,1.349000,333.850000,302.320000,92.440000,156.900000,377.630000,632.490000,71.380000,23.920000,79.540000,,593.150000,695.790000,189.930000,65.280000,1.479000,,,5.960000,0.012200,3.560000,5.860000,0.376800,1675.740000,30.270000,,27.110000,120.920000,51.780000,,,139.060000,,,6.520000,136.560000,54.160000,400.410000,15.790000,50.840000,13.010000,12.330000,512.440000,0.040200,,701.210000,28.830000
2025-06-18,140.910000,1.358000,338.150000,305.280000,94.230000,158.430000,381.520000,637.100000,72.040000,24.150000,80.250000,,598.590000,701.510000,191.860000,65.920000,1.486000,,,6.000000,0.012300,3.580000,5.920000,0.379000,1690.630000,30.640000,,27.330000,121.950000,52.370000,,,140.000000,,,6.580000,137.920000,54.690000,404.010000,15.910000,52.750000,13.160000,12.460000,517.450000,0.040900,,705.690000,29.020000
2025-06-19,141.280000,1.362000,336.550000,306.080000,94.440000,158.850000,379.610000,635.170000,72.180000,24.050000,79.960000,,596.270000,697.280000,192.440000,66.090000,1.477000,,,6.000000,0.012400,3.580000,5.930000,0.377200,1694.070000,30.520000,,27.330000,122.130000,52.140000,,,139.470000,,,6.630000,138.290000,54.130000,403.710000,15.900000,51.880000,13.160000,12.440000,518.810000,0.041200,,709.260000,28.670000
2025-06-20,141.490000,1.355000,335.730000,306.520000,94.620000,159.070000,378.900000,635.460000,72.290000,24.050000,79.920000,,596.030000,697.340000,192.710000,66.190000,1.478000,,,5.990000,0.012400,3.570000,5.940000,0.376700,1696.320000,30.450000,,27.210000,122.050000,51.630000,,,139.450000,,,6.630000,138.480000,53.870000,403.410000,15.840000,52.750000,13.180000,12.450000,519.550000,0.041200,,709.820000,28.760000
2025-06-21,142.040000,1.362000,338.290000,307.710000,94.990000,159.690000,380.620000,638.710000,72.640000,24.220000,80.580000,,601.010000,703.750000,193.460000,66.440000,1.493000,,,6.020000,0.012400,3.590000,5.960000,0.381500,1703.980000,30.570000,,27.430000,122.720000,51.880000,,,140.920000,,,6.650000,139.000000,54.090000,406.080000,15.940000,53.220000,13.190000,12.450000,521.570000,0.041700,,712.580000,28.900000
2025-06-24,142.540000,1.367000,333.970000,308.830000,94.950000,160.270000,379.650000,639.610000,72.830000,24.160000,80.450000,,600.040000,700.280000,194.230000,66.680000,1.486000,,,6.030000,0.012500,3.540000,5.990000,0.376700,1707.920000,30.680000,,27.190000,121.960000,51.430000,,,140.340000,,,6.690000,139.530000,53.760000,404.870000,15.850000,53.410000,13.200000,12.490000,523.460000,0.041900,,713.050000,28.900000
2025-06-25,141.400000,1.358000,337.930000,306.350000,94.500000,158.980000,378.520000,641.060000,72.390000,24.290000,80.730000,,602.130000,706.610000,192.750000,66.150000,1.499000,,,6.040000,0.012400,3.580000,5.940000,0.381900,1698.260000,30.760000,,27.300000,122.470000,51.440000,,,141.460000,,,6.620000,138.410000,54.400000,405.550000,15.900000,53.200000,13.130000,12.440000,519.260000,0.042000,,708.070000,29.310000
2025-06-26,141.190000,1.357000,336.710000,305.900000,94.100000,158.750000,377.560000,642.980000,72.280000,24.300000,80.650000,,601.620000,705.320000,192.460000,66.050000,1.500000,,,6.030000,0.012300,3.560000,5.930000,0.380400,1695.550000,30.750000,,27.320000,122.430000,51.080000,,,141.620000,,,6.610000,138.250000,54.480000,404.860000,15.910000,52.640000,13.040000,12.460000,518.500000,0.041800,,704.450000,29.180000
2025-06-27,141.160000,1.361000,338.740000,305.810000,93.290000,158.700000,378.930000,647.520000,72.290000,24.530000,81.400000,,607.180000,711.470000,192.410000,66.030000,1.520000,,,6.050000,0.012300,3.590000,5.940000,0.382400,1696.420000,30.850000,,27.500000,122.660000,51.520000,,,143.040000,,,6.620000,138.210000,54.840000,406.830000,15.970000,52.620000,13.040000,12.460000,518.340000,0.041600,,708.880000,29.350000
2025-06-28,141.710000,1.366000,339.970000,307.010000,94.980000,159.330000,380.960000,651.950000,72.570000,24.650000,81.720000,,609.580000,714.240000,193.170000,66.290000,1.528000,,,6.090000,0.012400,3.600000,5.970000,0.382700,1702.230000,31.070000,,27.550000,123.140000,51.710000,,,143.890000,,,6.630000,138.760000,54.940000,407.960000,15.960000,53.100000,13.060000,12.480000,520.390000,0.041600,,711.620000,29.080000
2025-07-01,141.500000,1.364000,339.270000,306.570000,94.860000,159.100000,380.100000,652.160000,72.530000,24.640000,81.660000,,609.230000,711.850000,193.030000,66.200000,1.525000,,,6.060000,0.012400,3.600000,5.950000,0.384000,1699.890000,31.150000,,27.570000,123.430000,51.540000,,,143.690000,,,6.620000,138.560000,54.730000,407.820000,15.990000,52.760000,13.080000,12.440000,519.640000,0.041100,,713.660000,29.290000
2025-07-02,141.380000,1.361000,341.900000,306.370000,95.610000,158.990000,381.720000,658.580000,72.510000,24.850000,82.210000,,613.280000,715.270000,192.970000,66.150000,1.537000,,,6.070000,0.012400,3.630000,5.950000,0.383700,1702.760000,31.260000,,27.770000,123.760000,51.850000,,,144.600000,,,6.620000,138.460000,55.070000,408.730000,16.040000,52.990000,13.050000,12.410000,519.290000,0.041100,,713.500000,29.550000
2025-07-03,141.140000,1.359000,340.260000,305.820000,94.970000,158.710000,379.930000,654.260000,72.310000,24.770000,81.760000,,609.970000,710.270000,192.770000,66.040000,1.530000,,,6.050000,0.012300,3.600000,5.930000,0.381500,1698.910000,31.210000,,27.680000,122.660000,51.370000,,,143.480000,,,6.600000,138.230000,54.480000,407.080000,15.990000,53.440000,13.040000,12.420000,518.370000,0.041100,,714.730000,29.350000
2025-07-04,141.460000,1.362000,341.510000,306.530000,95.780000,159.080000,382.400000,655.530000,72.560000,24.860000,82.130000,,612.780000,709.730000,193.220000,66.190000,1.535000,,,6.090000,0.012400,3.610000,5.940000,0.381500,1702.890000,31.210000,,27.700000,123.120000,51.630000,,,144.150000,,,6.610000,138.540000,54.470000,408.180000,16.060000,54.120000,13.030000,12.460000,519.570000,0.041500,,714.740000,29.660000
2025-07-05,141.450000,1.362000,340.540000,306.500000,96.050000,159.060000,382.190000,654.540000,72.540000,24.850000,82.020000,,611.830000,708.980000,193.270000,66.180000,1.536000,,,6.090000,0.012400,3.600000,5.940000,0.381200,1702.530000,31.160000,,27.880000,123.170000,51.580000,,,144.090000,,,6.600000,138.520000,54.360000,407.970000,16.060000,53.840000,13.100000,12.460000,519.510000,0.041600,,715.120000,29.540000
2025-07-09,141.470000,1.364000,339.700000,306.540000,94.670000,159.080000,380.530000,651.590000,72.430000,24.740000,81.680000,,609.360000,705.330000,193.370000,66.190000,1.526000,,,6.060000,0.012400,3.550000,5.940000,0.379300,1701.200000,30.930000,,27.880000,122.630000,51.570000,,,143.620000,,,6.630000,138.540000,54.620000,406.530000,15.990000,54.520000,12.980000,12.450000,519.580000,0.041200,,712.940000,29.230000
2025-07-10,141.300000,1.362000,338.470000,306.180000,95.270000,158.900000,378.980000,651.810000,72.280000,24.660000,81.400000,,607.300000,704.920000,193.140000,66.110000,1.517000,,,6.060000,0.012400,3.540000,5.930000,0.377100,1699.540000,30.890000,,27.930000,122.170000,51.380000,,,143.190000,,,6.640000,138.370000,54.450000,405.160000,15.880000,53.890000,12.990000,12.420000,518.970000,0.041000,,711.710000,29.110000
2025-07-11,141.130000,1.361000,340.240000,305.810000,92.850000,158.700000,379.130000,652.490000,72.240000,24.670000,81.480000,,607.910000,704.790000,192.910000,66.030000,1.525000,,,6.050000,0.012300,3.550000,5.930000,0.378100,1697.470000,30.950000,,27.830000,122.110000,51.560000,,,143.120000,,,6.660000,138.210000,54.580000,405.360000,15.930000,53.990000,12.940000,12.390000,518.340000,0.041200,,710.220000,29.220000
2025-07-12,141.840000,1.367000,343.080000,307.330000,94.170000,159.500000,380.520000,654.850000,72.680000,24.710000,81.640000,,609.070000,704.710000,194.010000,66.360000,1.525000,,,6.070000,0.012400,3.550000,5.960000,0.379100,1705.450000,31.040000,,27.890000,122.570000,51.560000,,,143.170000,,,6.680000,138.900000,54.660000,407.170000,16.090000,54.260000,13.020000,12.470000,520.930000,0.041400,,714.580000,29.210000
2025-07-15,142.730000,1.376000,344.320000,309.290000,94.300000,160.510000,383.470000,658.430000,73.150000,24.860000,82.160000,,612.940000,706.940000,195.320000,66.780000,1.532000,,,6.100000,0.012500,3.560000,5.990000,0.379500,1716.680000,31.200000,,28.070000,123.350000,51.910000,,,143.960000,,,6.680000,139.790000,54.690000,409.500000,16.190000,54.610000,13.080000,12.540000,524.240000,0.041600,,718.010000,29.360000
2025-07-16,143.180000,1.380000,345.290000,310.250000,94.120000,161.010000,384.440000,660.640000,73.310000,24.930000,82.320000,,614.370000,707.400000,196.000000,66.990000,1.535000,,,6.130000,0.012500,3.560000,6.010000,0.381500,1721.680000,31.300000,,28.150000,124.060000,51.770000,,,144.400000,,,6.720000,140.220000,54.580000,410.580000,16.240000,55.530000,13.080000,12.580000,525.870000,0.041600,,719.970000,29.560000
2025-07-17,143.350000,1.382000,343.330000,310.620000,94.710000,161.200000,383.750000,657.060000,73.340000,24.840000,81.970000,,611.640000,705.720000,196.310000,67.070000,1.529000,,,6.130000,0.012500,3.540000,6.020000,0.379000,1722.220000,31.300000,,28.010000,124.170000,51.210000,,,143.720000,,,6.720000,140.390000,54.050000,409.950000,16.190000,55.420000,13.080000,12.570000,526.500000,0.041400,,720.220000,29.400000
2025-07-18,145.050000,1.398000,344.360000,314.300000,95.680000,163.110000,387.030000,662.530000,74.200000,25.060000,82.720000,,617.230000,713.770000,198.710000,67.880000,1.547000,,,6.190000,0.012700,3.580000,6.090000,0.382700,1743.030000,31.710000,,28.320000,125.440000,51.630000,,,145.110000,,,6.770000,142.040000,54.610000,414.130000,16.390000,56.080000,13.230000,12.730000,532.740000,0.041900,,726.820000,29.770000
2025-07-19,145.290000,1.401000,348.020000,314.810000,96.160000,163.380000,388.990000,665.760000,74.340000,25.230000,83.220000,,621.070000,717.710000,199.030000,67.990000,1.557000,,,6.200000,0.012700,3.590000,6.100000,0.383700,1746.680000,31.610000,,28.500000,125.850000,52.320000,,,146.270000,,,6.780000,142.260000,55.220000,415.880000,16.500000,55.880000,13.240000,12.790000,533.610000,0.042400,,727.330000,30.150000
2025-07-22,144.160000,1.390000,344.980000,312.350000,94.880000,162.100000,386.060000,662.380000,73.780000,25.080000,82.680000,,617.060000,713.000000,197.550000,67.450000,1.547000,,,6.140000,0.012600,3.590000,6.050000,0.381700,1733.650000,31.460000,,28.320000,125.070000,52.000000,,,145.510000,,,6.760000,141.150000,55.040000,413.010000,16.370000,55.730000,13.130000,12.660000,529.440000,0.042200,,723.060000,29.850000
2025-07-23,144.840000,1.396000,346.310000,313.840000,95.560000,162.870000,388.860000,667.450000,74.140000,25.280000,83.400000,,622.450000,716.870000,198.570000,67.770000,1.559000,,,6.160000,0.012700,3.610000,6.080000,0.383600,1742.250000,31.660000,,28.490000,125.790000,52.280000,,,146.340000,,,6.790000,141.800000,55.500000,415.140000,16.470000,56.000000,13.160000,12.740000,531.960000,0.042400,,726.900000,30.220000
2025-07-24,146.660000,1.414000,354.910000,317.780000,96.800000,164.920000,396.530000,679.410000,75.210000,25.650000,84.620000,,631.560000,728.940000,201.060000,68.620000,1.582000,,,6.240000,0.012800,3.680000,6.160000,0.391400,1765.450000,32.120000,,28.830000,127.490000,53.480000,,,148.410000,,,6.850000,143.580000,56.670000,421.740000,16.750000,56.280000,13.320000,12.880000,538.640000,0.042600,,737.320000,30.700000
2025-07-25,147.550000,1.422000,358.110000,319.720000,98.170000,165.930000,398.010000,682.100000,75.720000,25.930000,85.310000,,636.710000,733.720000,202.290000,69.040000,1.601000,,,6.270000,0.012900,3.700000,6.200000,0.395300,1776.990000,32.550000,,29.200000,128.630000,53.670000,,,149.660000,,,6.830000,144.460000,56.870000,424.310000,16.790000,57.350000,13.410000,12.970000,541.930000,0.042700,,743.160000,30.760000
2025-07-26,148.350000,1.430000,357.650000,321.460000,98.650000,166.830000,398.530000,683.910000,76.020000,26.040000,85.620000,,639.020000,733.120000,203.460000,69.420000,1.612000,,,6.300000,0.013000,3.690000,6.240000,0.394500,1784.060000,32.630000,,29.340000,129.180000,53.710000,,,150.200000,,,6.880000,145.240000,57.200000,425.380000,16.820000,57.350000,13.490000,13.030000,544.870000,0.043100,,747.690000,30.720000
2025-07-29,147.420000,1.421000,353.300000,319.440000,97.380000,165.780000,394.560000,675.970000,75.480000,25.660000,84.580000,,631.170000,726.570000,202.410000,68.980000,1.588000,,,6.250000,0.012900,3.650000,6.200000,0.390700,1773.850000,32.420000,,29.080000,128.060000,53.160000,,,148.260000,,,6.780000,144.340000,56.550000,421.590000,16.730000,57.300000,13.380000,12.950000,541.450000,0.043100,,741.670000,30.320000
2025-07-30,147.580000,1.423000,352.860000,319.780000,97.000000,165.960000,394.090000,673.750000,75.540000,25.500000,84.070000,,627.290000,723.560000,202.630000,69.050000,1.571000,,,6.250000,0.012900,3.650000,6.210000,0.389500,1774.530000,32.110000,,28.880000,128.110000,53.090000,,,146.650000,,,6.660000,144.500000,56.320000,421.090000,16.730000,57.360000,13.370000,12.970000,542.030000,0.043500,,740.520000,30.220000
2025-07-31,148.760000,1.434000,354.590000,322.340000,98.020000,167.280000,396.290000,677.950000,76.090000,25.680000,84.500000,,630.440000,729.990000,204.250000,69.600000,1.581000,,,6.250000,0.013000,3.690000,6.260000,0.395200,1789.120000,32.330000,,29.170000,129.010000,53.510000,,,147.770000,,,6.700000,145.650000,56.600000,423.900000,16.820000,57.510000,13.490000,13.090000,546.360000,0.043900,,744.370000,30.600000
2025-08-01,147.240000,1.419000,348.050000,319.040000,96.970000,165.570000,390.570000,665.410000,75.150000,25.170000,82.910000,,618.650000,715.240000,202.240000,68.890000,1.546000,,,6.170000,0.012900,3.610000,6.190000,0.387800,1767.950000,31.750000,,28.690000,126.940000,52.440000,,,144.890000,,,6.710000,144.170000,55.430000,416.820000,16.540000,57.530000,13.320000,12.970000,540.780000,0.043200,,736.200000,29.820000
2025-08-02,147.900000,1.426000,348.980000,320.500000,97.020000,166.330000,391.640000,665.980000,75.330000,25.220000,83.080000,,619.890000,715.180000,203.230000,69.210000,1.550000,,,6.210000,0.012900,3.610000,6.210000,0.387000,1775.000000,31.770000,,28.670000,127.070000,52.460000,,,144.920000,,,6.780000,144.820000,55.290000,418.420000,16.560000,57.910000,13.360000,13.000000,543.240000,0.043000,,736.040000,29.670000
2025-08-05,147.520000,1.422000,351.050000,319.660000,97.830000,165.490000,393.220000,670.900000,75.520000,25.530000,84.030000,,627.100000,720.400000,202.850000,69.020000,1.575000,,,6.180000,0.012900,3.670000,6.200000,0.391600,1773.490000,32.060000,,28.780000,127.940000,52.760000,,,146.660000,,,6.780000,144.430000,56.090000,420.900000,16.710000,57.950000,13.320000,12.980000,541.820000,0.042600,,733.000000,30.070000
2025-08-06,146.350000,1.411000,347.030000,317.130000,97.770000,163.880000,389.400000,663.540000,74.800000,25.220000,83.140000,,620.520000,714.050000,201.400000,68.480000,1.555000,,,6.130000,0.012800,3.640000,6.150000,0.386600,1758.130000,31.810000,,28.400000,127.230000,52.360000,,,145.140000,,,6.710000,143.270000,55.540000,417.270000,16.590000,57.490000,13.220000,12.900000,537.530000,0.042800,,732.410000,29.810000
2025-08-07,146.100000,1.408000,348.940000,316.570000,97.480000,163.340000,390.070000,665.320000,74.680000,25.370000,83.470000,,622.750000,714.510000,201.120000,68.360000,1.564000,,,6.120000,0.012800,3.640000,6.140000,0.386600,1755.880000,31.940000,,28.680000,126.940000,52.560000,,,145.570000,,,6.710000,143.000000,55.650000,417.120000,16.580000,57.700000,13.200000,12.900000,536.580000,0.043100,,730.340000,30.130000
2025-08-08,146.860000,1.416000,352.000000,318.220000,98.800000,163.690000,392.990000,669.290000,75.140000,25.690000,84.350000,,629.460000,721.580000,202.320000,68.720000,1.588000,,,6.160000,0.012800,3.660000,6.170000,0.390900,1765.850000,32.360000,,28.990000,127.510000,52.910000,,,147.870000,,,6.760000,143.750000,56.210000,420.240000,16.680000,58.000000,13.270000,13.020000,539.380000,0.043400,,735.550000,30.400000
2025-08-09,146.890000,1.416000,351.960000,318.280000,99.620000,163.720000,393.010000,667.930000,75.100000,25.690000,84.110000,,627.700000,725.070000,202.440000,68.730000,1.586000,,,6.160000,0.012800,3.650000,6.170000,0.388000,1765.870000,32.380000,,29.000000,127.390000,52.680000,,,147.680000,,,6.750000,143.760000,56.170000,419.870000,16.690000,58.320000,13.290000,13.050000,539.490000,0.043100,,737.600000,30.450000
2025-08-12,147.750000,1.418000,353.810000,320.150000,99.890000,165.090000,394.170000,670.450000,75.540000,25.810000,84.690000,,631.980000,729.550000,203.780000,69.130000,1.598000,,,6.190000,0.012900,3.670000,6.210000,0.390200,1775.890000,32.650000,,29.210000,128.260000,53.010000,,,148.720000,,,6.770000,144.610000,56.560000,422.470000,16.760000,58.670000,13.330000,13.090000,542.660000,0.042800,,741.110000,30.610000
2025-08-13,147.650000,1.423000,351.840000,319.940000,99.620000,164.570000,393.220000,668.830000,75.440000,25.730000,84.380000,,629.540000,729.600000,203.640000,69.080000,1.590000,,,6.180000,0.012900,3.650000,6.200000,0.390200,1774.100000,32.630000,,29.060000,128.260000,52.960000,,,147.750000,,,6.770000,144.510000,56.280000,421.620000,16.720000,58.310000,13.320000,13.070000,542.290000,0.043300,,740.850000,30.620000
2025-08-14,146.480000,1.412000,352.580000,317.380000,99.590000,163.010000,391.040000,669.350000,74.980000,25.770000,84.470000,,630.270000,729.800000,199.690000,68.530000,1.596000,,,6.150000,0.012800,3.650000,6.150000,0.390500,1761.380000,32.560000,,29.040000,127.930000,52.820000,,,148.000000,,,6.730000,143.380000,56.540000,420.380000,16.680000,58.160000,13.210000,12.960000,537.960000,0.043200,,733.980000,30.740000
2025-08-15,146.490000,1.412000,351.120000,317.420000,99.790000,162.250000,390.610000,668.030000,75.030000,25.730000,84.330000,,629.230000,730.590000,200.310000,68.600000,1.593000,,,6.150000,0.012800,3.670000,6.160000,0.388100,1762.410000,32.650000,,28.830000,127.800000,52.780000,,,147.840000,,,6.740000,143.390000,56.260000,420.200000,16.620000,58.170000,13.210000,12.970000,538.030000,0.043300,,737.220000,30.650000
2025-08-16,147.270000,1.420000,352.210000,319.100000,99.950000,162.420000,392.300000,671.050000,75.350000,25.840000,84.690000,,632.010000,733.260000,203.110000,69.130000,1.601000,,,6.180000,0.012900,3.680000,6.190000,0.389600,1770.730000,32.680000,,28.870000,128.470000,53.190000,,,148.480000,,,6.760000,144.150000,56.580000,421.900000,16.690000,58.470000,13.230000,13.110000,540.870000,0.043200,,741.040000,30.760000
2025-08-19,147.030000,1.417000,351.490000,318.580000,99.990000,161.670000,391.470000,669.150000,75.230000,25.800000,84.520000,,630.720000,730.940000,202.700000,69.070000,1.596000,,,6.180000,0.012900,3.660000,6.180000,0.389700,1767.650000,32.630000,,28.720000,127.960000,53.030000,,,148.370000,,,6.720000,143.920000,56.480000,421.120000,16.650000,58.630000,13.230000,13.100000,540.000000,0.043100,,739.410000,30.650000
2025-08-20,146.640000,1.417000,349.480000,317.740000,99.060000,161.000000,389.990000,669.110000,75.020000,25.740000,84.340000,,629.480000,728.150000,202.010000,69.030000,1.601000,,,6.190000,0.012800,3.650000,6.160000,0.387800,1762.570000,32.440000,,28.680000,127.590000,52.780000,,,148.340000,,,6.710000,143.520000,56.500000,419.940000,16.600000,58.540000,13.200000,13.020000,538.570000,0.043300,,737.080000,30.630000
2025-08-21,146.580000,1.417000,346.310000,317.600000,97.900000,160.450000,387.990000,666.910000,75.020000,25.610000,84.000000,,626.990000,726.370000,201.770000,68.890000,1.590000,,,6.180000,0.012800,3.650000,6.160000,0.384800,1761.720000,32.350000,,28.630000,127.450000,52.450000,,,147.620000,,,6.710000,143.460000,56.170000,418.900000,16.540000,58.200000,13.160000,13.020000,538.330000,0.043200,,736.700000,30.410000
2025-08-22,146.410000,1.411000,345.720000,317.260000,98.080000,159.990000,387.400000,667.350000,74.920000,25.540000,83.940000,,626.430000,724.400000,201.180000,68.830000,1.584000,,,6.160000,0.012800,3.640000,6.150000,0.384700,1759.480000,32.320000,,28.640000,127.370000,52.830000,,,147.290000,,,6.710000,143.300000,56.090000,417.960000,16.500000,57.820000,13.140000,13.060000,537.750000,0.043400,,735.080000,30.380000
2025-08-23,146.310000,1.414000,344.810000,317.010000,98.330000,159.820000,386.160000,664.450000,74.850000,25.350000,83.480000,,623.050000,720.520000,201.100000,68.720000,1.573000,,,6.140000,0.012800,3.620000,6.150000,0.386300,1756.590000,32.230000,,28.700000,127.180000,52.590000,,,146.220000,,,6.650000,143.210000,55.760000,416.930000,16.480000,56.560000,13.150000,13.000000,537.340000,0.043500,,734.370000,30.470000
2025-08-26,145.940000,1.411000,347.750000,316.220000,98.830000,158.850000,387.470000,667.980000,74.900000,25.530000,83.930000,,626.360000,722.890000,201.050000,68.620000,1.577000,,,6.120000,0.012800,3.640000,6.130000,0.386300,1755.330000,32.410000,,28.750000,127.460000,52.980000,,,146.950000,,,6.640000,142.860000,56.280000,417.540000,16.520000,56.600000,13.100000,12.920000,535.990000,0.043400,,730.870000,30.560000
2025-08-27,145.360000,1.405000,346.110000,314.970000,98.660000,157.760000,385.470000,662.860000,74.560000,25.350000,83.300000,,621.640000,719.440000,200.100000,68.440000,1.566000,,,6.090000,0.012700,3.620000,6.110000,0.382600,1747.130000,32.400000,,28.630000,126.690000,52.490000,,,145.890000,,,6.640000,142.290000,55.720000,415.240000,16.440000,56.200000,13.010000,12.900000,533.870000,0.043600,,731.250000,30.260000
2025-08-28,146.390000,1.415000,347.580000,317.190000,98.990000,158.490000,388.180000,666.210000,75.070000,25.380000,83.410000,,622.520000,721.550000,201.810000,69.080000,1.569000,,,6.120000,0.012800,3.630000,6.150000,0.384500,1757.940000,32.620000,,28.710000,127.040000,52.800000,,,145.750000,,,6.690000,143.280000,56.030000,416.930000,16.550000,56.890000,13.120000,13.020000,537.630000,0.043700,,734.970000,30.270000
2025-08-29,146.420000,1.411000,350.940000,317.260000,99.260000,158.490000,390.790000,672.700000,75.410000,25.590000,84.080000,,627.620000,727.000000,201.860000,68.990000,1.582000,,,6.140000,0.012800,3.660000,6.160000,0.388200,1760.720000,32.530000,,28.880000,127.610000,53.410000,,,147.220000,,,6.700000,143.310000,56.640000,419.180000,16.640000,57.640000,13.120000,13.050000,537.760000,0.043500,,733.360000,30.450000
2025-08-30,146.640000,1.417000,351.450000,317.720000,99.470000,158.580000,391.690000,671.250000,75.500000,25.690000,84.190000,,628.310000,724.820000,202.150000,69.080000,1.583000,,,6.110000,0.012800,3.660000,6.170000,0.387100,1762.300000,32.680000,,28.830000,127.560000,53.550000,,,147.270000,,,6.700000,143.530000,56.850000,419.130000,16.640000,58.220000,13.150000,13.020000,538.540000,0.043400,,737.570000,30.360000
2025-09-03,146.900000,1.414000,351.250000,318.320000,99.190000,160.240000,391.720000,670.920000,75.520000,25.660000,84.090000,,627.550000,721.810000,202.610000,69.120000,1.585000,,,6.120000,0.012800,3.630000,6.170000,0.386800,1764.100000,32.820000,,28.740000,127.700000,53.910000,,,147.080000,,,6.700000,143.790000,57.060000,418.870000,16.660000,57.710000,13.110000,13.050000,539.550000,0.043500,,738.450000,30.450000
2025-09-04,147.080000,1.422000,352.680000,318.690000,98.760000,160.240000,391.490000,671.450000,75.590000,25.740000,84.280000,,628.930000,723.950000,202.620000,69.230000,1.599000,,,6.130000,0.012900,3.630000,6.180000,0.388700,1765.810000,32.680000,,28.870000,127.850000,53.850000,,,147.930000,,,6.680000,143.970000,57.210000,419.200000,16.690000,57.960000,13.120000,13.060000,540.180000,0.043700,,737.640000,30.640000
2025-09-05,147.040000,1.421000,352.000000,318.610000,99.090000,160.200000,390.800000,670.950000,75.640000,25.750000,84.310000,,629.160000,726.100000,202.720000,69.250000,1.601000,,,6.130000,0.012900,3.640000,6.180000,0.387600,1766.250000,32.590000,,28.790000,127.970000,53.490000,,,148.070000,,,6.650000,143.930000,57.130000,419.070000,16.720000,57.450000,13.120000,13.080000,540.050000,0.043900,,737.750000,30.390000
2025-09-06,146.460000,1.416000,351.900000,317.350000,98.740000,159.470000,389.990000,670.040000,75.360000,25.750000,84.250000,,628.870000,724.940000,202.070000,68.940000,1.600000,,,6.100000,0.012800,3.630000,6.150000,0.387000,1759.660000,32.370000,,28.810000,127.470000,53.530000,,,147.900000,,,6.600000,143.370000,57.190000,418.220000,16.730000,57.220000,13.040000,13.050000,537.910000,0.043500,,735.390000,30.440000
2025-09-09,145.700000,1.408000,352.440000,315.710000,98.870000,158.550000,387.690000,672.950000,75.050000,25.770000,84.050000,,627.440000,723.980000,201.030000,68.660000,1.596000,,,6.080000,0.012700,3.620000,6.120000,0.385100,1752.340000,32.330000,,28.650000,126.960000,53.620000,,,147.570000,,,6.520000,142.620000,57.090000,416.770000,16.840000,56.930000,12.970000,12.970000,535.130000,0.043000,,732.650000,30.480000
2025-09-10,146.150000,1.413000,354.960000,316.670000,99.030000,158.940000,388.730000,676.450000,75.380000,25.950000,84.500000,,630.850000,728.760000,201.710000,68.930000,1.605000,,,6.090000,0.012800,3.660000,6.140000,0.387400,1758.720000,32.730000,,28.880000,127.740000,53.850000,,,148.340000,,,6.450000,143.090000,57.340000,419.250000,16.950000,57.590000,13.010000,13.040000,536.760000,0.043400,,735.980000,30.740000
2025-09-11,146.540000,1.416000,355.320000,317.520000,99.080000,159.270000,388.370000,674.690000,75.570000,25.840000,84.350000,,629.640000,728.620000,202.250000,69.100000,1.600000,,,6.110000,0.012800,3.650000,6.150000,0.387500,1761.990000,32.660000,,28.880000,127.630000,54.220000,,,147.800000,,,6.340000,143.470000,57.550000,419.390000,16.950000,57.260000,13.040000,13.050000,538.200000,0.043600,,739.290000,30.650000
2025-09-12,146.720000,1.418000,355.940000,317.930000,99.690000,159.480000,388.190000,673.950000,75.650000,25.810000,84.340000,,629.530000,728.200000,202.290000,69.180000,1.603000,,,6.090000,0.012800,3.640000,6.160000,0.387100,1763.960000,32.700000,,28.940000,127.730000,54.260000,,,147.550000,,,6.340000,143.640000,57.450000,419.430000,16.920000,57.330000,13.050000,13.040000,538.890000,0.043800,,738.580000,30.740000
2025-09-13,147.280000,1.423000,359.600000,319.080000,100.350000,159.960000,390.920000,679.020000,75.950000,26.110000,85.020000,,634.460000,733.160000,202.870000,69.500000,1.624000,,,6.130000,0.012900,3.660000,6.180000,0.389000,1771.210000,32.880000,,29.290000,128.770000,54.790000,,,149.240000,,,6.430000,144.170000,58.020000,421.710000,17.060000,58.030000,13.130000,13.120000,540.840000,0.043700,,740.640000,31.180000
2025-09-16,147.350000,1.424000,360.100000,319.280000,101.120000,160.110000,391.560000,680.900000,75.990000,26.160000,85.220000,,636.050000,736.280000,202.390000,69.580000,1.632000,,,6.140000,0.012900,3.670000,6.190000,0.389900,1772.680000,32.840000,,29.390000,128.850000,55.020000,,,149.770000,,,6.520000,144.280000,58.280000,422.330000,16.980000,57.820000,13.100000,13.140000,541.180000,0.043600,,742.400000,31.200000
2025-09-17,146.900000,1.420000,359.600000,318.310000,101.480000,159.720000,392.020000,682.010000,75.830000,26.200000,85.350000,,637.090000,735.230000,201.620000,69.330000,1.634000,,,6.130000,0.012800,3.670000,6.170000,0.390300,1768.290000,32.860000,,29.400000,128.460000,54.950000,,,149.880000,,,6.520000,143.850000,58.290000,422.180000,17.030000,57.890000,13.070000,13.120000,539.540000,0.043900,,740.860000,31.080000
2025-09-18,147.300000,1.424000,360.800000,319.180000,102.170000,160.010000,393.320000,687.780000,76.150000,26.330000,85.800000,,640.340000,738.050000,201.270000,69.580000,1.642000,,,6.160000,0.012900,3.700000,6.190000,0.392700,1774.210000,33.150000,,29.580000,129.210000,55.070000,,,150.530000,,,6.520000,144.210000,58.460000,423.860000,17.050000,57.860000,13.100000,13.120000,541.010000,0.044300,,744.320000,31.130000
2025-09-19,147.400000,1.425000,360.210000,319.370000,101.940000,160.110000,393.100000,687.150000,76.190000,26.380000,85.850000,,640.730000,738.930000,200.420000,69.610000,1.650000,,,6.140000,0.012900,3.680000,6.190000,0.390700,1774.940000,33.010000,,29.680000,129.070000,55.350000,,,150.620000,,,6.530000,144.330000,58.390000,423.450000,17.030000,58.210000,13.110000,13.120000,541.340000,0.044400,,745.830000,31.250000
2025-09-20,147.350000,1.418000,357.350000,319.290000,102.020000,160.110000,392.000000,680.740000,76.080000,26.240000,85.290000,,636.440000,730.390000,200.070000,69.590000,1.629000,,,6.140000,0.012900,3.660000,6.190000,0.387600,1772.590000,32.920000,,29.490000,128.730000,54.620000,,,149.310000,,,6.490000,144.310000,57.660000,421.550000,17.000000,58.380000,13.130000,13.100000,541.190000,0.044000,,745.280000,31.190000
2025-09-23,147.750000,1.421000,357.780000,320.160000,101.850000,160.450000,393.100000,683.810000,76.300000,26.360000,85.620000,,638.890000,732.500000,201.810000,69.840000,1.642000,,,6.150000,0.012900,3.670000,6.210000,0.390100,1779.830000,32.750000,,29.520000,129.210000,54.640000,,,149.970000,,,6.510000,144.700000,57.830000,423.070000,17.080000,58.540000,13.110000,13.120000,542.670000,0.044000,,744.710000,31.410000
2025-09-24,148.390000,1.425000,360.030000,321.540000,102.150000,161.240000,394.250000,688.140000,76.650000,26.510000,86.130000,,642.840000,736.250000,203.360000,70.100000,1.654000,,,6.140000,0.013000,3.690000,6.230000,0.391100,1788.970000,33.030000,,29.700000,129.890000,55.170000,,,151.050000,,,6.520000,145.310000,58.600000,424.730000,17.120000,58.920000,13.160000,13.170000,545.010000,0.044700,,748.270000,31.500000
2025-09-25,147.790000,1.422000,358.520000,320.240000,102.760000,160.540000,391.290000,683.030000,76.190000,26.250000,85.470000,,637.840000,730.880000,202.610000,69.800000,1.629000,,,6.120000,0.012900,3.660000,6.210000,0.387800,1781.720000,32.840000,,29.520000,129.080000,54.620000,,,149.420000,,,6.490000,144.710000,57.870000,421.790000,16.970000,58.370000,13.100000,13.100000,542.800000,0.044800,,745.760000,31.360000
2025-09-26,147.480000,1.419000,356.970000,319.580000,101.650000,160.210000,389.870000,681.020000,76.050000,26.210000,85.250000,,636.260000,728.230000,202.120000,69.650000,1.630000,,,6.110000,0.012900,3.640000,6.190000,0.386500,1773.960000,32.670000,,29.400000,128.730000,54.480000,,,149.300000,,,6.480000,144.430000,57.620000,420.430000,16.860000,57.440000,13.060000,13.050000,541.680000,0.044600,,742.720000,31.300000
2025-09-27,148.190000,1.423000,354.970000,321.100000,101.460000,160.920000,389.980000,680.240000,76.270000,26.110000,85.050000,,634.720000,726.320000,203.310000,69.960000,1.620000,,,6.140000,0.013000,3.630000,6.220000,0.385500,1780.020000,32.710000,,29.420000,129.000000,54.210000,,,148.620000,,,6.520000,145.120000,57.450000,420.670000,16.880000,58.400000,13.140000,13.130000,544.260000,0.044800,,745.930000,31.150000
2025-09-30,149.430000,1.438000,360.060000,323.770000,102.590000,162.310000,394.130000,688.220000,77.080000,26.490000,86.180000,,643.020000,736.810000,204.700000,70.520000,1.645000,,,6.180000,0.013100,3.690000,6.280000,0.391600,1796.540000,33.120000,,29.910000,130.290000,55.070000,,,150.680000,,,6.630000,146.330000,58.310000,425.320000,17.020000,58.690000,13.200000,13.300000,548.790000,0.045200,,749.420000,31.750000
2025-10-01,149.490000,1.438000,362.820000,323.930000,103.150000,162.390000,394.470000,688.480000,77.130000,26.500000,86.410000,,644.870000,737.720000,203.880000,70.570000,1.652000,,,6.180000,0.013100,3.710000,6.280000,0.391200,1797.490000,33.140000,,29.960000,130.540000,54.970000,,,151.020000,,,6.660000,146.410000,58.300000,425.760000,16.960000,59.360000,13.230000,13.350000,549.060000,0.045700,,751.960000,31.800000
2025-10-02,149.520000,1.439000,362.880000,323.980000,103.230000,162.370000,394.140000,688.420000,77.140000,26.550000,86.260000,,643.880000,739.650000,203.840000,70.570000,1.659000,,,6.190000,0.013100,3.730000,6.280000,0.390800,1797.370000,33.180000,,30.030000,130.590000,55.200000,,,151.310000,,,6.710000,146.430000,58.400000,426.060000,16.990000,59.370000,13.200000,13.330000,549.150000,0.045500,,752.870000,31.950000
2025-10-03,148.920000,1.433000,361.650000,322.690000,102.630000,161.670000,392.510000,687.830000,76.830000,26.510000,86.090000,,642.730000,737.190000,202.800000,70.300000,1.654000,,,6.170000,0.013000,3.730000,6.260000,0.390100,1789.560000,33.030000,,29.770000,130.070000,55.130000,,,151.000000,,,6.700000,145.850000,58.490000,425.190000,16.910000,59.130000,13.150000,13.250000,546.960000,0.045500,,749.890000,31.840000
2025-10-04,149.120000,1.432000,361.510000,323.050000,102.590000,161.810000,392.070000,687.560000,76.920000,26.490000,86.080000,,642.630000,736.540000,203.410000,70.360000,1.654000,,,6.170000,0.013000,3.720000,6.260000,0.389600,1791.790000,33.010000,,29.800000,130.190000,55.070000,,,151.070000,,,6.680000,146.010000,58.380000,424.870000,16.930000,59.200000,13.190000,13.270000,547.570000,0.045500,,751.470000,31.780000
2025-10-07,148.570000,1.429000,359.810000,321.930000,102.290000,161.150000,391.020000,683.630000,76.650000,26.190000,85.250000,,636.410000,732.290000,203.080000,70.110000,1.635000,,,6.140000,0.013000,3.630000,6.240000,0.385900,1786.150000,32.790000,,29.610000,129.520000,54.790000,,,149.680000,,,6.570000,145.500000,57.930000,421.730000,16.820000,58.670000,13.090000,13.210000,545.670000,0.045500,,748.120000,31.610000
2025-10-08,147.470000,1.419000,356.990000,319.550000,101.990000,159.580000,388.240000,679.590000,76.080000,26.000000,84.700000,,632.240000,727.190000,201.950000,69.590000,1.613000,,,6.100000,0.012900,3.590000,6.190000,0.383400,1768.880000,32.570000,,29.480000,128.590000,54.470000,,,148.650000,,,6.610000,144.400000,57.790000,419.120000,16.660000,58.870000,12.990000,13.110000,541.630000,0.045100,,739.840000,31.520000
2025-10-09,147.040000,1.415000,355.140000,318.620000,100.790000,159.160000,387.280000,675.670000,75.860000,25.810000,84.160000,,628.250000,724.220000,201.510000,69.390000,1.601000,,,6.090000,0.012900,3.540000,6.180000,0.379100,1768.080000,32.130000,,29.360000,128.160000,54.120000,,,147.840000,,,6.610000,143.980000,57.350000,417.070000,16.630000,58.380000,12.950000,13.030000,540.060000,0.044900,,737.790000,31.470000
2025-10-10,147.440000,1.419000,357.150000,319.490000,101.510000,159.600000,388.260000,676.590000,76.040000,25.890000,84.270000,,629.160000,723.880000,202.070000,69.610000,1.608000,,,6.100000,0.012900,3.550000,6.190000,0.382000,1772.930000,32.250000,,29.580000,128.510000,54.130000,,,147.930000,,,6.640000,144.380000,57.270000,418.020000,16.630000,58.540000,13.000000,13.050000,541.540000,0.045100,,738.260000,31.700000
2025-10-11,146.770000,1.413000,353.080000,318.030000,100.220000,158.680000,384.550000,668.970000,75.690000,25.670000,83.550000,,623.750000,714.900000,201.140000,69.270000,1.598000,,,6.080000,0.012800,3.530000,6.160000,0.379200,1755.950000,32.030000,,29.300000,127.680000,53.380000,,,146.500000,,,6.630000,143.720000,56.570000,415.200000,16.490000,58.590000,12.940000,12.950000,539.060000,0.044700,,734.690000,31.280000
2025-10-14,146.420000,1.409000,350.570000,317.270000,97.290000,158.350000,384.090000,668.950000,75.400000,25.600000,83.420000,,622.950000,717.220000,200.740000,69.160000,1.590000,,,6.070000,0.012800,3.530000,6.150000,0.376800,1752.780000,32.090000,,29.120000,127.280000,53.370000,,,146.250000,,,6.650000,143.400000,56.540000,414.210000,16.540000,59.100000,12.870000,12.920000,537.770000,0.044500,,731.530000,31.060000
2025-10-15,146.650000,1.412000,347.090000,317.780000,98.540000,158.460000,382.690000,670.020000,75.430000,25.590000,83.330000,,622.230000,714.330000,201.060000,69.280000,1.582000,,,6.060000,0.012800,3.550000,6.160000,0.375500,1754.550000,32.160000,,28.930000,127.400000,52.820000,,,145.990000,,,6.710000,143.630000,56.370000,413.950000,16.430000,59.060000,12.900000,12.890000,538.630000,0.044600,,732.700000,30.790000
2025-10-16,146.900000,1.413000,351.690000,318.320000,98.470000,158.690000,384.380000,674.280000,75.710000,25.860000,84.010000,,627.350000,720.800000,201.400000,69.420000,1.607000,,,6.130000,0.012800,3.570000,6.170000,0.379200,1758.440000,32.170000,,29.240000,127.590000,53.490000,,,147.360000,,,6.840000,143.870000,56.910000,416.420000,16.580000,58.780000,12.900000,12.930000,539.560000,0.044300,,733.580000,31.200000
2025-10-17,146.430000,1.409000,349.970000,317.310000,98.690000,158.180000,383.100000,674.830000,75.480000,25.820000,83.940000,,626.850000,722.430000,200.840000,69.200000,1.609000,,,6.120000,0.012800,3.560000,6.150000,0.379700,1759.080000,32.190000,,29.210000,127.300000,53.430000,,,147.530000,,,6.790000,143.410000,56.970000,415.290000,16.530000,58.780000,12.880000,12.920000,537.840000,0.044200,,733.490000,31.100000
2025-10-18,146.020000,1.408000,347.370000,316.410000,98.510000,157.740000,382.210000,679.060000,75.270000,25.820000,83.950000,,626.900000,720.440000,200.420000,69.050000,1.604000,,,6.090000,0.012800,3.580000,6.130000,0.377000,1754.570000,32.120000,,28.980000,126.970000,53.280000,,,147.430000,,,6.600000,143.000000,56.740000,414.400000,16.410000,58.610000,12.840000,12.850000,536.320000,0.044300,,732.430000,30.790000
2025-10-21,146.510000,1.410000,349.190000,317.470000,99.580000,158.170000,383.490000,678.930000,75.560000,25.820000,83.970000,,627.020000,721.570000,200.790000,69.260000,1.610000,,,6.120000,0.012800,3.570000,6.150000,0.378400,1758.680000,31.940000,,29.260000,127.400000,53.470000,,,147.750000,,,6.650000,143.480000,57.060000,415.760000,16.450000,58.810000,12.830000,12.890000,538.120000,0.044700,,735.970000,31.040000
2025-10-22,146.630000,1.410000,349.360000,317.730000,100.230000,158.350000,383.290000,677.950000,75.650000,25.740000,83.780000,,625.650000,720.750000,201.180000,69.300000,1.608000,,,6.120000,0.012800,3.550000,6.160000,0.376300,1758.220000,32.040000,,29.250000,127.440000,53.570000,,,147.660000,,,6.620000,143.600000,57.220000,415.170000,16.460000,59.180000,12.830000,12.900000,538.560000,0.044900,,735.500000,31.140000
2025-10-23,146.620000,1.412000,349.240000,317.720000,99.950000,158.340000,384.140000,675.870000,75.590000,25.680000,83.540000,,623.940000,716.780000,201.090000,69.310000,1.605000,,,6.140000,0.012800,3.550000,6.160000,0.376200,1756.630000,31.870000,,29.270000,127.370000,53.590000,,,147.450000,,,6.590000,143.600000,57.060000,414.540000,16.380000,58.860000,12.830000,12.890000,538.530000,0.045100,,734.310000,30.830000
2025-10-24,146.510000,1.411000,349.990000,317.470000,99.640000,158.170000,384.500000,674.150000,75.530000,25.660000,83.480000,,623.510000,717.570000,200.260000,69.250000,1.597000,,,6.120000,0.012800,3.520000,6.150000,0.373600,1755.370000,31.800000,,29.230000,127.300000,53.850000,,,147.290000,,,6.610000,143.480000,57.120000,414.030000,16.420000,58.490000,12.820000,12.840000,538.110000,0.044700,,732.720000,31.000000
2025-10-25,146.510000,1.410000,349.570000,317.480000,100.030000,158.180000,383.750000,675.790000,75.560000,25.690000,83.670000,,624.880000,716.520000,200.650000,69.260000,1.604000,,,6.130000,0.012800,3.520000,6.150000,0.373900,1754.920000,31.730000,,29.260000,127.520000,53.780000,,,147.340000,,,6.640000,143.500000,57.320000,414.110000,16.430000,58.180000,12.850000,12.800000,538.130000,0.044600,,732.630000,31.020000
2025-10-29,145.890000,1.404000,351.450000,316.120000,99.650000,157.500000,382.930000,675.270000,75.470000,25.710000,83.680000,,624.940000,713.890000,199.420000,68.960000,1.609000,,,6.070000,0.012800,3.530000,6.130000,0.373400,1748.450000,31.800000,,29.070000,127.730000,53.590000,,,147.530000,,,6.690000,142.890000,57.210000,414.020000,16.530000,58.370000,12.770000,12.730000,535.830000,0.044700,,731.040000,31.090000
2025-10-30,144.370000,1.389000,349.950000,312.770000,98.940000,155.830000,380.440000,666.100000,74.670000,25.400000,82.690000,,617.470000,700.650000,197.450000,68.230000,1.591000,,,6.010000,0.012600,3.480000,6.060000,0.373500,1728.670000,31.440000,,28.760000,126.680000,53.070000,,,145.710000,,,6.640000,141.370000,56.670000,409.670000,16.430000,58.130000,12.640000,12.610000,530.150000,0.044400,,723.600000,31.010000
2025-10-31,144.320000,1.389000,347.940000,312.730000,98.930000,155.810000,379.870000,662.750000,74.540000,25.280000,82.400000,,615.200000,698.310000,197.570000,68.240000,1.585000,,,5.970000,0.012600,3.440000,6.060000,0.370600,1729.650000,31.510000,,28.650000,126.360000,52.750000,,,145.020000,,,6.580000,141.340000,56.260000,407.930000,16.350000,57.620000,12.630000,12.630000,530.070000,0.044400,,722.670000,30.700000
2025-11-01,144.440000,1.396000,346.980000,312.960000,98.530000,155.920000,378.640000,661.350000,74.570000,25.240000,82.200000,,613.750000,696.450000,197.860000,68.260000,1.582000,,,5.980000,0.012600,3.440000,6.070000,0.371700,1728.650000,31.480000,,28.580000,126.790000,52.590000,,,144.240000,,,6.560000,141.450000,56.170000,407.870000,16.430000,58.170000,12.620000,12.660000,530.470000,0.044300,,721.440000,30.600000
2025-11-04,143.840000,1.384000,345.940000,311.690000,98.290000,155.240000,376.260000,654.740000,74.190000,25.010000,81.480000,,608.350000,693.670000,197.200000,67.960000,1.572000,,,5.950000,0.012600,3.430000,6.040000,0.369600,1720.600000,31.300000,,28.540000,125.880000,52.200000,,,143.020000,,,6.550000,140.870000,55.590000,405.300000,16.270000,57.800000,12.560000,12.560000,528.310000,0.044300,,717.650000,30.530000
2025-11-05,142.260000,1.369000,339.670000,308.250000,97.560000,153.580000,371.320000,646.490000,73.340000,24.700000,80.520000,,601.070000,683.050000,195.030000,67.210000,1.548000,,,5.890000,0.012400,3.400000,5.970000,0.363500,1700.370000,30.920000,,28.080000,124.550000,51.240000,,,141.240000,,,6.470000,139.320000,54.800000,400.340000,16.070000,57.170000,12.420000,12.420000,522.490000,0.043900,,708.660000,29.970000
2025-11-06,142.920000,1.376000,340.060000,309.700000,97.210000,154.300000,371.480000,647.670000,73.660000,24.760000,80.750000,,602.790000,683.630000,196.020000,67.520000,1.555000,,,5.920000,0.012500,3.420000,6.000000,0.363200,1708.070000,30.880000,,28.110000,125.310000,51.360000,,,141.550000,,,6.450000,139.970000,54.750000,401.670000,16.140000,57.370000,12.470000,12.480000,524.940000,0.043900,,711.310000,30.030000
2025-11-07,143.430000,1.381000,342.730000,310.790000,98.290000,154.840000,373.690000,651.080000,73.970000,24.900000,81.220000,,606.340000,688.880000,196.780000,67.750000,1.569000,,,5.940000,0.012500,3.430000,6.020000,0.364000,1715.430000,31.060000,,28.340000,126.000000,51.780000,,,142.470000,,,6.510000,140.470000,55.190000,403.610000,16.280000,57.640000,12.560000,12.520000,526.790000,0.044200,,713.650000,30.330000
2025-11-08,143.220000,1.381000,341.070000,310.340000,98.330000,154.620000,372.770000,651.820000,73.870000,24.970000,81.370000,,607.550000,689.560000,196.570000,67.630000,1.577000,,,5.930000,0.012500,3.430000,6.020000,0.360800,1713.530000,31.160000,,28.390000,126.050000,51.570000,,,143.020000,,,6.500000,140.260000,55.030000,403.790000,16.290000,57.550000,12.460000,12.550000,526.020000,0.044000,,713.440000,30.370000
2025-11-11,142.550000,1.372000,342.000000,308.900000,98.190000,153.850000,373.530000,649.600000,73.540000,24.930000,81.090000,,605.360000,688.930000,195.800000,67.350000,1.579000,,,5.900000,0.012500,3.400000,5.990000,0.359700,1704.970000,31.110000,,28.500000,125.950000,51.760000,,,143.010000,,,6.450000,139.610000,55.070000,401.920000,16.170000,57.030000,12.400000,12.460000,523.580000,0.043600,,711.240000,30.450000
2025-11-12,143.050000,1.377000,342.540000,309.900000,99.280000,154.350000,374.400000,654.960000,73.790000,25.040000,81.410000,,607.850000,690.060000,196.370000,67.580000,1.577000,,,5.930000,0.012500,3.410000,6.010000,0.358700,1710.560000,31.230000,,28.580000,127.000000,52.060000,,,143.660000,,,6.470000,140.060000,55.370000,403.500000,16.220000,57.410000,12.440000,12.510000,525.280000,0.043900,,713.620000,30.610000
2025-11-13,142.850000,1.375000,342.650000,309.530000,99.520000,154.120000,374.320000,656.300000,73.720000,25.030000,81.300000,,607.020000,688.450000,196.060000,67.510000,1.575000,,,5.920000,0.012500,3.390000,6.000000,0.357700,1708.290000,31.270000,,28.680000,126.940000,52.160000,,,143.540000,,,6.480000,139.900000,55.540000,402.520000,16.170000,57.090000,12.420000,12.470000,524.650000,0.044000,,712.800000,30.620000
2025-11-14,142.750000,1.376000,344.370000,309.330000,99.070000,153.980000,374.670000,659.360000,73.880000,25.160000,81.560000,,609.050000,689.850000,195.790000,67.470000,1.587000,,,5.910000,0.012500,3.390000,6.000000,0.357800,1709.610000,31.250000,,28.720000,127.080000,52.210000,,,143.990000,,,6.520000,139.810000,55.730000,403.200000,16.230000,56.990000,12.430000,12.460000,524.320000,0.043800,,712.230000,30.890000
2025-11-15,142.170000,1.370000,340.150000,308.080000,98.570000,153.360000,371.930000,659.000000,73.560000,25.080000,81.210000,,606.420000,686.260000,194.990000,67.180000,1.578000,,,5.890000,0.012400,3.370000,5.970000,0.358100,1702.610000,31.230000,,28.440000,126.440000,51.790000,,,143.290000,,,6.470000,139.250000,55.170000,401.070000,16.100000,57.070000,12.340000,12.410000,522.190000,0.043800,,710.250000,30.490000
2025-11-18,142.700000,1.375000,341.220000,309.230000,98.960000,153.930000,373.590000,658.960000,73.750000,25.160000,81.410000,,607.790000,689.350000,195.790000,67.420000,1.584000,,,5.910000,0.012500,3.390000,5.990000,0.358500,1708.860000,31.250000,,28.620000,126.360000,51.880000,,,143.850000,,,6.460000,139.770000,55.500000,402.470000,16.140000,57.280000,12.380000,12.470000,524.140000,0.043800,,713.120000,30.710000
2025-11-19,141.850000,1.369000,338.600000,307.380000,97.800000,152.960000,371.250000,653.470000,73.260000,24.970000,80.800000,,603.430000,684.970000,194.620000,66.920000,1.570000,,,5.880000,0.012400,3.350000,5.960000,0.355700,1697.760000,31.010000,,28.260000,125.240000,51.390000,,,142.420000,,,6.420000,138.930000,54.870000,399.980000,16.080000,56.630000,12.310000,12.390000,521.010000,0.043600,,708.530000,30.290000
2025-11-20,141.420000,1.363000,336.840000,306.440000,97.600000,152.400000,370.980000,647.000000,73.040000,24.850000,80.460000,,600.850000,680.580000,194.030000,66.700000,1.567000,,,5.860000,0.012400,3.320000,5.940000,0.353600,1690.790000,30.730000,,28.350000,125.220000,51.330000,,,141.670000,,,6.410000,138.510000,54.680000,398.050000,16.020000,56.340000,12.260000,12.340000,519.410000,0.043700,,705.600000,30.230000
2025-11-21,141.110000,1.362000,335.890000,305.720000,97.210000,152.050000,368.820000,642.680000,72.840000,24.720000,79.990000,,597.320000,677.330000,193.640000,66.560000,1.563000,,,5.840000,0.012300,3.290000,5.930000,0.352900,1686.380000,30.460000,,28.250000,124.740000,50.970000,,,141.160000,,,6.430000,138.170000,54.360000,396.500000,15.980000,56.450000,12.230000,12.280000,518.190000,0.043700,,703.760000,30.100000
2025-11-22,141.220000,1.361000,333.760000,305.990000,97.260000,152.100000,368.050000,643.980000,72.940000,24.660000,80.000000,,597.440000,677.530000,193.890000,66.620000,1.557000,,,5.790000,0.012300,3.310000,5.930000,0.351700,1688.070000,30.510000,,28.110000,125.100000,50.540000,,,140.540000,,,6.560000,138.300000,54.150000,396.560000,15.960000,56.750000,12.270000,12.260000,518.660000,0.043700,,702.270000,29.900000
2025-11-25,141.580000,1.365000,335.390000,306.770000,96.240000,152.480000,368.540000,645.140000,73.170000,24.820000,80.350000,,600.060000,680.650000,194.390000,66.810000,1.569000,,,5.840000,0.012400,3.320000,5.950000,0.351900,1691.820000,30.520000,,28.170000,125.630000,50.850000,,,141.780000,,,6.600000,138.640000,54.510000,398.640000,16.000000,56.400000,12.250000,12.250000,519.980000,0.043700,,704.070000,30.020000
2025-11-26,141.150000,1.362000,334.580000,305.840000,96.210000,151.970000,367.350000,640.400000,73.160000,24.780000,80.090000,,598.130000,680.610000,193.790000,66.660000,1.566000,,,5.810000,0.012300,3.320000,5.930000,0.353800,1687.610000,30.420000,,28.070000,125.520000,50.640000,,,141.450000,,,6.550000,138.220000,54.210000,398.280000,16.040000,56.040000,12.240000,12.240000,518.400000,0.043500,,702.980000,30.060000
2025-11-27,141.250000,1.364000,336.620000,306.010000,96.360000,152.150000,368.280000,643.200000,73.270000,24.840000,80.380000,,600.270000,682.580000,193.970000,66.690000,1.572000,,,5.810000,0.012300,3.310000,5.930000,0.351800,1689.510000,30.800000,,28.210000,125.470000,50.720000,,,141.840000,,,6.580000,138.290000,54.410000,399.510000,16.100000,56.260000,12.220000,12.260000,518.680000,0.043700,,703.400000,30.250000
2025-11-28,140.730000,1.360000,337.150000,304.930000,96.940000,151.570000,368.000000,641.420000,72.970000,24.790000,80.170000,,598.680000,683.500000,193.360000,66.450000,1.570000,,,5.790000,0.012300,3.310000,5.910000,0.353700,1683.470000,30.780000,,28.180000,125.150000,50.840000,,,141.640000,,,6.580000,137.800000,54.520000,398.320000,16.040000,56.180000,12.180000,12.260000,516.860000,0.043700,,702.190000,30.130000
2025-11-29,139.560000,1.360000,334.220000,302.380000,95.690000,176.730000,364.870000,635.260000,72.440000,24.520000,79.330000,,592.430000,676.740000,191.820000,65.840000,1.554000,,,5.730000,0.012200,3.280000,5.860000,0.348500,1669.260000,30.490000,,27.950000,124.100000,50.370000,,,139.800000,,,6.530000,136.620000,53.930000,394.800000,15.920000,55.530000,12.060000,12.120000,512.530000,0.043300,,696.310000,29.880000
2025-12-02,139.800000,1.358000,336.260000,302.920000,96.220000,177.660000,367.170000,639.570000,72.610000,24.730000,79.950000,,596.990000,679.140000,192.380000,65.930000,1.570000,,,5.730000,0.012200,3.310000,5.870000,0.349500,1673.240000,30.600000,,28.090000,124.410000,50.690000,,,141.190000,,,6.590000,136.820000,54.440000,396.520000,16.070000,55.930000,12.090000,12.120000,513.450000,0.043200,,697.560000,30.050000
2025-12-03,138.370000,1.337000,332.620000,299.820000,94.860000,175.790000,362.870000,631.380000,71.890000,24.410000,78.990000,,589.820000,670.570000,190.410000,65.270000,1.548000,,,5.650000,0.012100,3.260000,5.810000,0.345900,1655.640000,30.120000,,27.750000,123.050000,50.040000,,,139.090000,,,6.540000,135.390000,53.720000,391.590000,15.870000,55.850000,11.980000,12.010000,508.200000,0.042900,,692.220000,29.670000
2025-12-04,137.200000,1.325000,331.960000,297.280000,94.580000,173.760000,361.320000,629.230000,71.330000,24.350000,78.680000,,587.540000,669.270000,188.860000,64.730000,1.544000,,,5.590000,0.012000,3.240000,5.760000,0.343900,1642.190000,29.860000,,27.610000,122.270000,50.030000,,,138.860000,,,6.480000,134.280000,53.690000,389.280000,15.800000,55.370000,11.870000,11.930000,503.890000,0.042600,,685.650000,29.510000
2025-12-05,136.040000,1.314000,330.420000,294.780000,94.140000,173.190000,357.740000,624.090000,70.660000,24.090000,78.060000,,582.890000,666.630000,187.200000,64.190000,1.525000,,,5.560000,0.011900,3.230000,5.710000,0.339600,1629.060000,29.570000,,27.360000,121.570000,49.580000,,,137.780000,,,6.470000,133.140000,53.220000,385.770000,15.600000,54.490000,11.770000,11.840000,499.650000,0.042200,,681.550000,29.380000
2025-12-06,137.370000,1.335000,334.630000,297.630000,95.000000,176.090000,361.800000,628.410000,71.370000,24.290000,78.700000,,587.730000,672.790000,189.020000,64.810000,1.540000,,,5.610000,0.012000,3.250000,5.770000,0.342600,1644.090000,29.850000,,27.700000,122.840000,49.890000,,,138.920000,,,6.570000,134.430000,53.630000,389.570000,15.850000,55.440000,11.870000,12.000000,504.490000,0.042200,,688.810000,29.790000
2025-12-09,138.410000,1.336000,337.310000,299.880000,93.450000,176.370000,367.720000,632.060000,71.920000,24.450000,79.290000,,592.170000,676.900000,190.520000,65.340000,1.549000,,,5.640000,0.012100,3.270000,5.810000,0.346600,1655.920000,30.200000,,27.950000,123.670000,50.240000,,,140.020000,,,6.630000,135.420000,54.080000,392.180000,15.970000,55.860000,11.960000,12.060000,508.300000,0.042400,,693.100000,29.940000
2025-12-10,140.160000,1.353000,341.680000,303.680000,94.760000,178.730000,371.840000,638.560000,72.870000,24.710000,80.260000,,599.360000,686.300000,192.930000,66.160000,1.563000,,,5.730000,0.012300,3.300000,5.890000,0.350700,1676.900000,30.530000,,28.190000,125.150000,50.920000,,,141.650000,,,6.710000,137.170000,55.030000,397.150000,16.200000,56.260000,12.090000,12.210000,514.740000,0.043100,,701.800000,30.220000
2025-12-11,141.150000,1.371000,344.520000,305.830000,95.410000,179.370000,374.210000,643.720000,73.390000,24.890000,80.750000,,603.090000,690.030000,194.300000,66.620000,1.572000,,,5.760000,0.012300,3.310000,5.930000,0.352600,1688.290000,30.770000,,28.480000,125.950000,51.110000,,,142.740000,,,6.680000,138.140000,55.480000,399.990000,16.290000,56.970000,12.190000,12.250000,518.390000,0.043200,,706.520000,30.510000
2025-12-12,141.590000,1.366000,346.020000,306.800000,95.050000,177.910000,376.720000,652.470000,73.680000,25.150000,81.510000,,608.790000,695.580000,194.980000,66.820000,1.598000,,,5.760000,0.012400,3.340000,5.950000,0.353200,1695.260000,30.730000,,28.600000,126.590000,51.450000,,,144.030000,,,6.570000,138.580000,56.190000,401.960000,16.380000,56.770000,12.210000,12.310000,520.020000,0.043500,,708.380000,30.760000
2025-12-13,142.240000,1.372000,348.270000,308.190000,96.640000,178.100000,379.720000,656.830000,74.050000,25.290000,82.020000,,612.600000,698.630000,195.870000,67.100000,1.595000,,,5.770000,0.012400,3.350000,5.970000,0.353700,1703.390000,31.220000,,28.960000,127.630000,51.680000,,,145.020000,,,6.540000,139.210000,56.260000,404.410000,16.560000,57.090000,12.240000,12.370000,522.380000,0.043600,,713.760000,30.980000
2025-12-16,141.480000,1.365000,345.280000,306.550000,95.890000,177.810000,377.270000,652.780000,73.730000,25.130000,81.680000,,610.130000,695.130000,194.900000,66.770000,1.585000,,,5.730000,0.012400,3.350000,5.940000,0.354700,1693.420000,31.000000,,28.900000,127.040000,51.250000,,,144.650000,,,6.540000,138.490000,55.900000,403.140000,16.530000,56.970000,12.170000,12.290000,519.610000,0.043000,,710.210000,30.910000
2025-12-18,140.060000,1.351000,340.420000,303.430000,93.360000,174.610000,373.200000,645.710000,73.010000,24.760000,80.720000,,603.030000,685.680000,192.910000,66.110000,1.560000,,,5.690000,0.012200,3.310000,5.880000,0.347900,1675.990000,30.780000,,28.640000,125.870000,50.400000,,,143.040000,,,6.400000,137.120000,55.110000,398.170000,16.330000,56.030000,12.040000,12.130000,514.310000,0.042500,,704.360000,30.740000
2025-12-19,139.830000,1.349000,339.300000,302.980000,93.050000,175.790000,372.790000,645.810000,72.940000,24.680000,80.590000,,602.090000,685.540000,192.630000,66.000000,1.548000,,,5.690000,0.012200,3.290000,5.870000,0.347900,1672.370000,30.770000,,28.530000,125.750000,50.360000,,,143.240000,,,6.420000,136.930000,55.200000,397.880000,16.330000,56.130000,12.020000,12.130000,513.550000,0.042800,,701.650000,30.640000
2025-12-20,140.950000,1.361000,342.070000,305.400000,93.750000,177.180000,375.330000,651.310000,73.520000,24.930000,81.190000,,606.490000,692.580000,194.170000,66.530000,1.569000,,,5.780000,0.012300,3.290000,5.920000,0.350200,1685.590000,30.790000,,28.720000,127.060000,50.850000,,,144.030000,,,6.440000,138.020000,55.580000,400.670000,16.450000,56.390000,12.090000,12.250000,517.660000,0.043100,,707.630000,30.860000
2025-12-23,140.240000,1.354000,341.970000,303.850000,92.920000,177.840000,374.070000,649.290000,73.190000,24.850000,80.910000,,604.220000,691.720000,192.960000,66.200000,1.561000,,,5.740000,0.012300,3.270000,5.890000,0.348000,1675.030000,30.660000,,28.640000,126.350000,50.850000,,,143.550000,,,6.500000,137.330000,55.640000,399.240000,16.520000,56.470000,12.030000,12.240000,515.020000,0.043000,,703.410000,30.850000
2025-12-24,138.930000,1.346000,341.570000,300.990000,91.250000,176.420000,372.480000,648.010000,72.600000,24.720000,80.590000,,601.910000,689.410000,191.370000,65.600000,1.540000,,,5.700000,0.012100,3.270000,5.830000,0.344400,1661.990000,30.590000,,28.430000,125.660000,50.700000,,,142.450000,,,6.510000,136.030000,55.580000,397.090000,16.420000,55.940000,11.930000,12.110000,510.180000,0.042300,,697.510000,30.580000
2025-12-25,139.160000,1.348000,342.930000,301.470000,92.590000,176.210000,373.810000,649.630000,72.850000,24.840000,80.710000,,602.720000,690.670000,191.670000,65.720000,1.549000,,,5.690000,0.012200,3.280000,5.840000,0.352400,1663.570000,30.780000,,28.570000,126.390000,51.120000,,,143.150000,,,6.490000,136.240000,55.760000,398.250000,16.470000,56.150000,11.950000,12.110000,511.000000,0.042400,,700.690000,30.750000
2025-12-26,139.640000,1.348000,343.480000,302.540000,92.900000,177.030000,374.970000,651.350000,73.200000,24.920000,80.870000,,604.190000,693.470000,192.420000,65.960000,1.554000,,,5.720000,0.012200,3.290000,5.860000,0.354600,1670.010000,30.890000,,28.630000,126.840000,51.440000,,,143.300000,,,6.570000,136.730000,56.080000,399.660000,16.510000,55.800000,11.980000,12.220000,512.810000,0.042500,,703.240000,30.800000
2025-12-27,137.410000,1.331000,338.230000,297.700000,91.410000,174.200000,368.860000,639.380000,72.010000,24.510000,79.570000,,594.270000,680.760000,189.410000,64.930000,1.529000,,,5.610000,0.012000,3.230000,5.770000,0.349300,1642.740000,30.490000,,28.160000,124.750000,50.370000,,,140.770000,,,6.480000,134.540000,55.010000,393.110000,16.270000,55.090000,11.800000,11.990000,504.600000,0.041800,,691.980000,30.280000
2025-12-30,137.450000,1.327000,338.040000,297.790000,91.040000,175.520000,368.760000,639.180000,72.050000,24.520000,79.530000,,593.800000,681.120000,189.470000,64.940000,1.533000,,,5.610000,0.012000,3.230000,5.770000,0.351700,1641.600000,30.430000,,28.200000,124.390000,50.270000,,,140.480000,,,6.500000,134.580000,55.050000,392.900000,16.050000,55.170000,11.760000,11.950000,504.760000,0.041900,,691.420000,30.310000
2025-12-31,136.860000,1.326000,337.070000,296.500000,90.220000,174.270000,367.240000,637.780000,71.900000,24.410000,79.240000,,591.680000,679.370000,188.720000,64.560000,1.533000,,,5.600000,0.012000,3.220000,5.750000,0.348100,1633.740000,30.280000,,27.990000,124.240000,50.050000,,,139.930000,,,6.420000,134.020000,54.720000,391.900000,16.010000,54.690000,11.700000,11.850000,502.570000,0.041800,,688.540000,30.210000
2026-01-01,137.670000,1.329000,337.590000,298.250000,92.300000,173.540000,368.810000,637.330000,72.330000,24.530000,79.460000,,593.440000,679.330000,189.620000,64.960000,1.543000,,,5.620000,0.012000,3.230000,5.780000,0.349500,1643.410000,30.290000,,28.140000,124.640000,50.260000,,,140.520000,,,6.340000,134.800000,54.910000,393.010000,15.990000,55.250000,11.800000,11.940000,505.530000,0.042100,,692.940000,30.470000
2026-01-06,139.200000,1.349000,341.730000,301.630000,94.290000,174.280000,371.390000,643.660000,73.060000,24.740000,80.020000,,597.610000,688.210000,191.840000,65.650000,1.555000,,,5.660000,0.012200,3.260000,5.850000,0.353300,1664.200000,30.670000,,28.430000,125.620000,50.700000,,,141.760000,,,6.320000,136.320000,55.480000,397.250000,16.340000,55.390000,11.880000,12.040000,511.260000,0.042600,,699.630000,31.050000
2026-01-07,139.630000,1.348000,344.370000,302.550000,94.750000,176.480000,372.620000,647.190000,73.430000,24.830000,80.390000,,600.580000,693.910000,192.430000,65.850000,1.560000,,,5.690000,0.012200,3.280000,5.870000,0.354400,1669.910000,30.620000,,28.550000,126.810000,51.210000,,,142.640000,,,6.360000,136.740000,55.810000,400.810000,16.420000,55.860000,11.910000,12.050000,512.830000,0.042900,,701.060000,31.310000
2026-01-09,138.560000,1.343000,340.870000,300.240000,94.510000,174.730000,366.990000,638.770000,72.730000,24.510000,79.550000,,594.360000,684.230000,190.960000,65.310000,1.544000,,,5.660000,0.000500,3.250000,5.820000,0.350300,1665.550000,30.570000,,28.340000,125.350000,50.330000,,,141.130000,,,6.330000,135.710000,55.280000,396.380000,16.180000,55.020000,11.820000,11.810000,508.910000,0.042300,,695.950000,30.910000
2026-01-10,138.840000,1.346000,340.590000,300.850000,94.650000,175.420000,367.660000,637.900000,73.020000,24.440000,79.490000,,593.880000,683.680000,191.350000,65.420000,1.540000,,,5.660000,0.000500,3.230000,5.830000,0.350200,1668.920000,30.350000,,28.320000,125.290000,50.520000,,,141.050000,,,6.430000,135.980000,55.300000,396.350000,16.240000,55.430000,11.820000,11.820000,509.940000,0.042100,,696.910000,30.830000
2026-01-13,138.830000,1.349000,342.150000,300.790000,94.960000,175.380000,367.450000,639.780000,73.120000,24.530000,79.740000,,595.750000,686.700000,191.310000,65.390000,1.541000,,,5.650000,0.000500,3.230000,5.830000,0.347700,1667.510000,30.350000,,28.480000,125.580000,50.710000,,,141.470000,,,6.470000,135.960000,55.590000,396.550000,16.310000,55.120000,11.820000,11.790000,509.840000,0.042000,,695.810000,31.080000
2026-01-14,138.790000,1.349000,341.330000,300.740000,94.920000,175.260000,367.280000,638.700000,73.070000,24.510000,79.590000,,594.670000,686.480000,191.280000,65.350000,1.542000,,,5.650000,0.000500,3.210000,5.830000,0.345800,1667.210000,30.200000,,28.480000,125.710000,50.560000,,,141.260000,,,6.460000,135.930000,55.540000,396.140000,16.230000,54.990000,11.810000,11.810000,509.750000,0.042100,,696.570000,31.030000
2026-01-15,138.980000,1.354000,341.170000,301.140000,95.010000,175.790000,367.590000,637.400000,73.210000,24.580000,79.620000,,594.860000,686.630000,191.530000,65.470000,1.542000,,,5.650000,0.000500,3.220000,5.840000,0.345900,1669.440000,30.150000,,28.640000,126.160000,50.700000,,,141.230000,,,6.490000,136.110000,55.480000,396.480000,16.260000,55.180000,11.830000,11.860000,510.430000,0.042400,,697.050000,31.110000
2026-01-16,139.120000,1.355000,342.230000,301.450000,94.680000,176.380000,367.560000,638.450000,73.340000,24.510000,79.570000,,594.490000,685.690000,191.800000,65.510000,1.542000,,,5.660000,0.000500,3.220000,5.840000,0.348200,1671.140000,30.180000,,28.720000,126.100000,50.740000,,,141.300000,,,6.500000,136.250000,55.640000,397.070000,16.300000,55.120000,11.830000,11.750000,510.950000,0.042600,,697.380000,31.240000
2026-01-17,139.450000,1.359000,343.400000,302.160000,95.410000,177.720000,368.670000,638.920000,73.490000,24.520000,79.610000,,594.720000,686.500000,192.250000,65.660000,1.544000,,,5.640000,0.000500,3.240000,5.860000,0.347600,1675.090000,30.180000,,29.020000,126.300000,50.810000,,,140.920000,,,6.570000,136.580000,55.560000,397.760000,16.310000,55.250000,11.830000,11.810000,512.160000,0.042800,,698.630000,31.260000
2026-01-20,138.760000,1.355000,341.400000,300.670000,94.930000,177.270000,366.980000,637.990000,73.190000,24.410000,79.290000,,592.340000,683.360000,191.300000,65.360000,1.535000,,,5.600000,0.000500,3.230000,5.830000,0.345800,1666.820000,30.050000,,28.880000,125.770000,50.460000,,,140.220000,,,6.540000,135.910000,55.180000,396.630000,16.310000,54.920000,11.780000,11.780000,509.630000,0.042600,,695.050000,30.990000
2026-01-21,138.060000,1.352000,341.300000,299.140000,94.430000,176.020000,366.790000,642.570000,72.860000,24.460000,79.640000,,594.820000,683.400000,190.330000,65.020000,1.542000,,,5.580000,0.000500,3.210000,5.800000,0.343600,1658.920000,30.000000,,28.770000,125.140000,50.660000,,,140.680000,,,6.510000,135.220000,55.530000,395.580000,16.330000,54.700000,11.710000,11.720000,507.050000,0.042100,,691.540000,30.840000
2026-01-22,137.960000,1.351000,341.820000,298.940000,94.290000,176.560000,366.220000,639.610000,72.760000,24.380000,79.410000,,593.140000,679.280000,190.200000,64.980000,1.540000,,,5.530000,0.000500,3.210000,5.790000,0.345100,1658.590000,29.980000,,28.890000,125.300000,50.840000,,,140.370000,,,6.530000,135.120000,55.530000,394.810000,16.300000,54.600000,11.700000,11.740000,506.700000,0.042000,,693.720000,31.010000
2026-01-23,137.690000,1.349000,343.980000,298.350000,95.070000,179.340000,365.870000,637.640000,72.510000,24.320000,79.200000,,591.430000,679.980000,189.830000,64.860000,1.543000,,,5.520000,0.000500,3.190000,5.780000,0.344300,1654.810000,29.920000,,28.950000,125.240000,51.090000,,,140.450000,,,6.650000,134.860000,55.810000,394.040000,16.140000,54.490000,11.680000,11.690000,505.710000,0.041700,,691.580000,31.240000
2026-01-24,137.050000,1.342000,344.540000,296.960000,95.250000,178.200000,365.250000,636.910000,72.280000,24.370000,79.090000,,590.630000,680.780000,188.950000,64.560000,1.545000,,,5.480000,0.000500,3.180000,5.760000,0.343100,1647.090000,29.780000,,28.840000,125.740000,51.060000,,,140.430000,,,6.620000,134.230000,55.750000,393.490000,16.140000,54.120000,11.650000,11.660000,503.350000,0.041500,,687.810000,31.150000
2026-01-27,136.620000,1.335000,347.240000,296.040000,94.870000,176.580000,366.860000,646.050000,72.160000,24.550000,79.700000,,595.070000,685.850000,188.430000,64.360000,1.560000,,,5.480000,0.000500,3.270000,5.740000,0.348600,1645.210000,30.070000,,28.900000,126.620000,51.360000,,,141.480000,,,6.560000,133.820000,56.090000,395.730000,16.160000,54.010000,11.570000,11.640000,501.790000,0.041500,,685.680000,31.340000
2026-01-28,136.780000,1.329000,347.820000,296.320000,95.110000,176.750000,366.460000,648.090000,72.220000,24.650000,79.970000,,597.150000,688.210000,188.680000,64.390000,1.564000,,,5.480000,0.000500,3.270000,5.740000,0.348000,1646.790000,29.990000,,28.990000,127.160000,51.510000,,,142.070000,,,6.570000,133.950000,56.310000,396.640000,16.200000,53.890000,11.570000,11.690000,502.270000,0.041500,,686.340000,31.340000
2026-01-29,137.200000,1.334000,352.830000,297.290000,97.190000,177.640000,371.310000,656.120000,72.540000,24.820000,80.810000,,603.320000,693.920000,189.290000,64.590000,1.586000,,,5.490000,0.000500,3.300000,5.760000,0.352500,1653.760000,30.280000,,29.330000,128.710000,52.360000,,,143.520000,,,6.610000,134.360000,57.060000,399.480000,16.200000,54.070000,11.610000,11.780000,503.900000,0.041700,,695.050000,31.720000
2026-01-30,137.000000,1.332000,353.780000,296.860000,96.770000,178.160000,371.100000,654.910000,72.450000,24.710000,80.480000,,600.890000,693.470000,189.090000,64.470000,1.575000,,,5.470000,0.000500,3.280000,5.750000,0.350400,1651.360000,30.240000,,29.310000,128.200000,52.540000,,,142.820000,,,6.630000,134.160000,56.810000,397.760000,16.100000,54.100000,11.590000,11.760000,503.170000,0.041400,,696.070000,31.900000
2026-01-31,136.440000,1.325000,350.460000,295.590000,96.480000,176.860000,370.170000,651.780000,72.080000,24.560000,79.990000,,597.270000,688.800000,188.350000,64.170000,1.566000,,,5.450000,0.000500,3.250000,5.730000,0.347400,1644.310000,30.040000,,28.950000,127.190000,52.220000,,,141.790000,,,6.590000,133.590000,56.570000,395.250000,15.970000,53.930000,11.520000,11.690000,501.020000,0.041100,,692.520000,31.390000
2026-02-03,137.540000,1.344000,351.550000,298.040000,96.010000,177.380000,370.630000,651.500000,72.760000,24.670000,80.270000,,599.540000,692.130000,190.060000,64.680000,1.575000,,,5.520000,0.000500,3.260000,5.780000,0.348100,1654.940000,30.140000,,29.000000,128.250000,52.280000,,,142.190000,,,6.590000,134.700000,56.650000,397.800000,16.010000,54.320000,11.620000,11.740000,505.170000,0.041300,,698.080000,31.490000
2026-02-04,137.100000,1.339000,352.510000,297.010000,95.700000,176.160000,367.980000,646.760000,72.570000,24.430000,79.450000,,593.350000,687.400000,189.410000,64.430000,1.559000,,,5.580000,0.000400,3.230000,5.760000,0.347200,1648.460000,30.000000,,29.010000,128.100000,51.910000,,,140.590000,,,6.550000,134.250000,56.190000,396.160000,15.970000,54.130000,11.580000,11.640000,503.440000,0.041100,,693.590000,31.410000
2026-02-05,135.770000,1.330000,349.900000,294.190000,95.190000,175.160000,364.990000,642.180000,71.840000,24.190000,78.880000,,589.060000,683.850000,187.670000,63.830000,1.547000,,,5.510000,0.000400,3.180000,5.700000,0.342100,1632.780000,29.680000,,28.880000,126.920000,51.630000,,,139.370000,,,6.490000,132.970000,55.670000,392.080000,15.780000,53.500000,11.460000,11.570000,498.650000,0.040700,,685.130000,31.180000
2026-02-06,134.810000,1.320000,345.630000,292.090000,94.500000,173.320000,361.810000,636.700000,71.330000,24.030000,78.190000,,583.720000,673.480000,186.340000,63.380000,1.540000,,,5.480000,0.000400,3.150000,5.660000,0.337800,1620.360000,29.420000,,28.550000,125.530000,51.180000,,,138.480000,,,6.460000,132.030000,54.990000,388.830000,15.610000,53.350000,11.370000,11.480000,495.100000,0.040400,,680.620000,30.690000
2026-02-07,134.680000,1.319000,344.960000,291.820000,93.840000,172.410000,361.390000,636.180000,71.280000,24.090000,78.120000,,583.220000,671.360000,186.230000,63.300000,1.542000,,,5.460000,0.000400,3.150000,5.660000,0.337200,1618.820000,29.200000,,28.500000,125.380000,50.840000,,,138.420000,,,6.420000,131.900000,54.690000,388.550000,15.630000,53.070000,11.340000,11.500000,494.630000,0.040300,,678.940000,30.600000
2026-02-10,134.710000,1.323000,347.310000,291.890000,94.840000,172.060000,362.560000,640.620000,71.450000,24.220000,78.570000,,586.770000,673.160000,186.350000,63.300000,1.555000,,,5.450000,0.000400,3.160000,5.660000,0.337200,1619.740000,29.450000,,28.670000,125.830000,51.230000,,,139.240000,,,6.380000,131.930000,54.980000,389.720000,15.830000,53.200000,11.350000,11.480000,494.750000,0.040200,,679.200000,30.810000
2026-02-11,133.930000,1.315000,347.860000,290.190000,94.720000,172.290000,362.800000,642.310000,71.180000,24.170000,78.420000,,585.830000,672.010000,185.410000,62.920000,1.552000,,,5.430000,0.000400,3.170000,5.620000,0.336600,1612.190000,29.350000,,28.610000,125.450000,51.690000,,,139.020000,,,6.360000,131.150000,55.110000,388.750000,15.820000,52.660000,11.280000,11.420000,491.880000,0.039900,,677.310000,30.900000
2026-02-12,133.570000,1.312000,349.240000,289.430000,94.370000,171.750000,363.180000,640.610000,71.000000,24.130000,78.300000,,584.770000,672.340000,184.980000,62.760000,1.545000,,,5.410000,0.000400,3.200000,5.610000,0.338900,1608.460000,29.340000,,28.630000,125.400000,51.960000,,,138.760000,,,6.340000,130.810000,55.430000,388.920000,15.820000,52.470000,11.240000,11.400000,490.580000,0.039800,,676.650000,30.950000
2026-02-13,134.580000,1.322000,352.030000,291.610000,95.360000,172.950000,364.380000,643.590000,71.620000,24.220000,78.580000,,587.060000,674.050000,186.450000,63.240000,1.546000,,,5.460000,0.000400,3.230000,5.650000,0.344500,1620.060000,29.460000,,28.800000,126.740000,52.090000,,,139.270000,,,6.400000,131.800000,55.630000,392.070000,15.970000,52.700000,11.320000,11.500000,494.280000,0.040200,,682.460000,31.120000
2026-02-14,135.050000,1.326000,350.280000,292.630000,95.170000,173.890000,364.280000,644.570000,71.800000,24.250000,78.740000,,588.010000,675.450000,187.240000,63.450000,1.552000,,,5.470000,0.000400,3.230000,5.670000,0.343200,1625.700000,29.420000,,28.780000,127.020000,52.100000,,,139.590000,,,6.420000,132.260000,55.460000,392.500000,15.950000,52.820000,11.390000,11.500000,496.000000,0.040500,,684.420000,30.900000
2026-02-17,133.950000,1.315000,348.560000,290.250000,94.180000,173.030000,361.340000,639.170000,71.220000,24.080000,78.150000,,583.770000,671.440000,185.790000,62.950000,1.546000,,,5.430000,0.000400,3.200000,5.630000,0.340900,1612.490000,29.270000,,28.690000,126.210000,51.730000,,,138.690000,,,6.390000,131.190000,55.010000,389.990000,15.820000,52.390000,11.260000,11.390000,491.970000,0.040300,,678.080000,30.870000
2026-02-18,133.410000,1.310000,346.130000,289.080000,93.800000,172.370000,359.200000,636.930000,70.930000,23.910000,77.680000,,580.250000,666.090000,185.040000,62.700000,1.536000,,,5.400000,0.000400,3.200000,5.600000,0.339600,1606.000000,29.050000,,28.510000,125.700000,51.580000,,,137.650000,,,6.380000,130.660000,54.620000,388.200000,15.680000,51.960000,11.200000,11.320000,489.990000,0.040200,,675.350000,30.520000
2026-02-19,133.230000,1.308000,346.030000,288.670000,93.690000,171.850000,358.300000,633.890000,70.830000,23.880000,77.500000,,578.940000,663.740000,184.850000,62.610000,1.533000,,,5.400000,0.000400,3.180000,5.600000,0.339500,1602.950000,28.880000,,28.630000,125.530000,51.530000,,,137.350000,,,6.380000,130.470000,54.430000,387.100000,15.650000,52.110000,11.180000,11.300000,489.300000,0.040300,,673.990000,30.630000
2026-02-20,133.190000,1.308000,345.010000,288.600000,93.440000,172.130000,357.550000,632.330000,70.810000,23.800000,77.200000,,576.630000,659.740000,184.870000,62.590000,1.520000,,,5.370000,0.000400,3.160000,5.590000,0.337900,1601.740000,28.790000,,28.380000,125.270000,51.280000,,,136.510000,,,6.380000,130.420000,54.070000,386.120000,15.700000,52.090000,11.180000,11.310000,489.170000,0.040300,,673.820000,30.280000
2026-02-21,134.690000,1.323000,348.880000,291.830000,94.890000,173.020000,361.380000,637.280000,71.610000,24.020000,77.890000,,581.870000,666.500000,187.020000,63.300000,1.535000,,,5.440000,0.000400,3.190000,5.660000,0.341700,1619.710000,29.030000,,28.710000,126.840000,51.660000,,,137.800000,,,6.430000,131.900000,54.540000,389.990000,15.870000,52.620000,11.280000,11.430000,494.660000,0.040700,,679.530000,30.720000
2026-02-24,135.410000,1.323000,351.910000,293.410000,96.080000,174.070000,363.700000,641.960000,71.990000,24.220000,78.530000,,586.700000,671.590000,188.100000,63.600000,1.545000,,,5.470000,0.000400,3.210000,5.690000,0.344700,1629.250000,29.390000,,28.970000,127.910000,52.100000,,,139.200000,,,6.480000,132.580000,54.870000,393.020000,16.040000,52.910000,11.350000,11.480000,497.330000,0.040900,,682.790000,31.110000
2026-02-25,135.280000,1.322000,350.430000,293.130000,96.070000,174.030000,362.610000,642.340000,72.230000,24.180000,78.380000,,585.540000,670.450000,187.920000,63.520000,1.545000,,,5.460000,0.000400,3.190000,5.680000,0.344300,1626.620000,29.310000,,28.770000,127.720000,52.050000,,,138.810000,,,6.490000,132.450000,54.800000,392.360000,16.020000,52.630000,11.330000,11.480000,496.850000,0.040600,,682.750000,31.110000
2026-02-26,136.480000,1.340000,354.940000,295.730000,97.290000,175.470000,365.960000,647.120000,72.970000,24.390000,79.030000,,590.380000,677.050000,189.660000,64.090000,1.571000,,,5.510000,0.000400,3.200000,5.730000,0.349900,1641.050000,29.430000,,29.170000,128.960000,52.250000,,,139.920000,,,6.540000,133.620000,55.340000,396.030000,16.130000,52.990000,11.430000,11.590000,501.260000,0.041100,,688.590000,31.480000
2026-02-27,136.630000,1.342000,356.840000,296.020000,97.840000,174.890000,366.780000,647.840000,73.350000,24.430000,79.230000,,591.960000,679.070000,189.840000,64.140000,1.578000,,,5.520000,0.000400,3.220000,5.740000,0.351500,1642.660000,29.550000,,29.210000,129.250000,52.390000,,,140.210000,,,6.520000,133.790000,55.490000,397.170000,16.180000,53.380000,11.440000,11.610000,501.750000,0.041500,,689.090000,31.570000
2026-02-28,135.500000,1.330000,353.720000,293.550000,96.800000,172.580000,363.900000,643.920000,72.550000,24.220000,78.570000,,586.920000,670.410000,188.180000,63.590000,1.565000,,,5.470000,0.000400,3.190000,5.690000,0.345500,1628.940000,29.320000,,28.940000,127.970000,52.300000,,,139.060000,,,6.440000,132.670000,54.980000,393.170000,16.010000,52.490000,11.320000,11.550000,497.560000,0.041100,,684.460000,31.280000
2026-03-03,136.840000,1.344000,356.290000,296.520000,97.970000,173.950000,368.230000,650.360000,73.030000,24.340000,78.970000,,589.950000,673.740000,189.300000,64.250000,1.559000,,,5.490000,0.000400,3.200000,5.750000,0.345300,1644.360000,29.460000,,29.100000,128.080000,52.750000,,,139.540000,,,6.500000,133.940000,55.180000,395.530000,15.980000,53.020000,11.430000,11.620000,502.600000,0.041300,,690.960000,31.290000
2026-03-04,135.620000,1.332000,349.810000,293.860000,96.320000,171.860000,363.360000,632.900000,72.190000,23.720000,77.300000,,577.340000,661.610000,185.850000,63.830000,1.489000,,,5.410000,0.000400,3.160000,5.700000,0.336300,1628.010000,29.060000,,28.490000,126.320000,51.290000,,,134.930000,,,6.410000,132.730000,53.720000,389.590000,15.720000,52.490000,11.330000,11.440000,498.090000,0.040900,,682.670000,30.420000
2026-03-05,136.100000,1.336000,352.080000,294.890000,94.730000,172.160000,365.690000,639.990000,72.470000,23.880000,77.820000,,581.500000,668.670000,185.810000,63.940000,1.512000,,,5.430000,0.000400,3.180000,5.720000,0.341000,1632.630000,29.160000,,28.400000,126.920000,51.790000,,,136.370000,,,6.420000,133.170000,54.300000,392.020000,15.900000,52.610000,11.390000,11.410000,499.830000,0.041100,,681.460000,30.560000
2026-03-06,134.360000,1.319000,347.620000,291.070000,94.310000,168.840000,361.700000,632.270000,71.590000,23.490000,76.670000,,572.840000,658.640000,183.410000,63.080000,1.484000,,,5.390000,0.000400,3.140000,5.640000,0.335700,1611.500000,28.730000,,27.970000,125.220000,51.080000,,,134.110000,,,6.290000,131.450000,53.600000,386.590000,15.620000,51.390000,11.210000,11.260000,493.360000,0.040600,,673.950000,29.950000
2026-03-07,134.460000,1.321000,346.190000,291.360000,93.820000,168.230000,361.560000,632.010000,71.530000,23.450000,76.540000,,571.780000,658.750000,183.930000,63.160000,1.458000,,,5.380000,0.000400,3.130000,5.650000,0.333000,1613.100000,28.850000,,27.800000,125.280000,51.150000,,,133.690000,,,6.250000,131.590000,53.490000,385.880000,15.470000,51.660000,11.250000,11.280000,493.850000,0.040500,,674.090000,29.690000
2026-03-11,133.850000,1.314000,349.470000,290.020000,95.180000,168.000000,362.420000,633.660000,71.520000,23.500000,76.610000,,572.160000,661.040000,182.070000,62.830000,1.485000,,,5.350000,0.000400,3.120000,5.620000,0.334400,1605.980000,28.850000,,27.990000,125.410000,51.330000,,,134.480000,,,6.240000,131.000000,53.920000,386.560000,15.560000,51.530000,11.160000,11.210000,491.590000,0.040500,,669.420000,30.200000
2026-03-12,133.250000,1.307000,350.450000,288.730000,94.770000,166.520000,360.690000,628.870000,71.280000,23.310000,76.030000,,567.990000,657.980000,181.390000,62.530000,1.472000,,,5.320000,0.000400,3.090000,5.600000,0.332400,1598.790000,28.620000,,27.830000,125.070000,50.800000,,,133.380000,,,6.190000,130.420000,53.300000,384.740000,15.440000,51.300000,11.100000,11.110000,489.390000,0.040400,,669.000000,29.990000
2026-03-13,133.900000,1.313000,350.720000,290.080000,95.300000,167.570000,361.740000,629.710000,71.570000,23.310000,76.050000,,568.230000,658.410000,182.440000,62.820000,1.467000,,,5.330000,0.000400,3.100000,5.620000,0.332600,1604.440000,28.590000,,27.770000,125.300000,50.810000,,,133.440000,,,6.200000,131.030000,53.080000,385.720000,15.470000,51.540000,11.150000,11.100000,491.680000,0.040500,,671.130000,29.730000
2026-03-14,133.770000,1.312000,345.820000,289.850000,93.660000,167.070000,359.180000,623.460000,71.250000,23.060000,75.340000,,562.920000,651.400000,182.500000,62.770000,1.437000,,,5.320000,0.000400,3.080000,5.620000,0.329000,1603.170000,28.480000,,27.510000,124.820000,50.400000,,,131.950000,,,6.100000,130.930000,52.250000,383.790000,15.220000,51.280000,11.120000,11.140000,491.290000,0.040800,,669.780000,29.250000
2026-03-17,132.390000,1.298000,342.720000,286.840000,91.230000,163.870000,355.100000,617.010000,70.510000,22.840000,74.670000,,557.820000,645.280000,180.270000,62.090000,1.430000,,,5.270000,0.000400,3.050000,5.560000,0.325800,1583.970000,28.020000,,27.310000,123.780000,50.090000,,,130.930000,,,6.000000,129.570000,51.840000,380.140000,14.980000,50.750000,11.010000,11.030000,486.200000,0.040200,,660.240000,28.970000
2026-03-18,130.460000,1.279000,339.340000,282.610000,91.530000,160.190000,349.650000,608.900000,69.560000,22.550000,73.770000,,551.110000,638.150000,178.540000,61.130000,1.410000,,,5.180000,0.000400,3.010000,5.480000,0.321200,1561.600000,27.720000,,27.090000,122.320000,49.740000,,,129.160000,,,5.820000,127.650000,51.400000,374.760000,14.780000,50.160000,10.840000,10.900000,479.020000,0.039500,,650.820000,28.600000
2026-03-19,131.400000,1.288000,342.660000,284.650000,92.970000,160.020000,352.260000,614.010000,70.200000,22.780000,74.520000,,556.750000,644.220000,179.630000,61.550000,1.430000,,,5.210000,0.000400,3.030000,5.520000,0.323900,1573.940000,27.860000,,27.380000,123.300000,50.270000,,,130.580000,,,5.790000,128.510000,51.840000,377.980000,14.880000,50.470000,10.920000,10.980000,482.490000,0.039600,,656.270000,28.960000
2026-03-20,131.360000,1.288000,340.040000,284.550000,91.890000,157.020000,351.190000,606.390000,69.900000,22.590000,74.080000,,553.370000,640.420000,179.100000,61.580000,1.409000,,,5.170000,0.000400,3.030000,5.520000,0.321700,1573.380000,27.720000,,27.110000,122.540000,50.340000,,,129.350000,,,5.630000,128.440000,51.330000,376.110000,14.690000,50.290000,10.880000,10.970000,482.320000,0.039600,,657.060000,28.510000
2026-03-21,131.350000,1.288000,340.720000,284.560000,92.390000,159.610000,351.450000,612.250000,70.050000,22.770000,74.630000,,557.570000,645.210000,179.770000,61.550000,1.419000,,,5.150000,0.000400,3.040000,5.520000,0.321600,1573.410000,27.950000,,27.070000,122.540000,50.530000,,,130.320000,,,5.740000,128.460000,51.750000,377.000000,14.740000,50.450000,10.890000,10.990000,482.330000,0.039600,,655.290000,28.500000
2026-03-27,131.220000,1.287000,334.000000,284.270000,92.190000,161.240000,348.420000,608.600000,69.760000,22.770000,74.530000,,556.800000,643.340000,180.530000,61.590000,1.435000,,,5.120000,0.000400,3.020000,5.510000,0.320100,1571.530000,27.660000,,27.050000,120.700000,49.970000,,,130.320000,,,5.850000,128.440000,51.440000,375.430000,14.710000,50.670000,10.860000,10.970000,481.830000,0.039600,,657.450000,28.340000
2026-03-28,131.420000,1.289000,332.560000,284.680000,92.130000,162.510000,348.420000,605.130000,69.830000,22.640000,74.340000,,555.440000,641.810000,181.270000,61.600000,1.426000,,,5.090000,0.000400,3.020000,5.520000,0.319800,1573.810000,27.680000,,26.780000,120.270000,49.810000,,,129.580000,,,5.920000,128.600000,51.140000,374.980000,14.670000,50.740000,10.890000,11.000000,482.530000,0.039600,,656.150000,28.080000
2026-03-31,131.140000,1.280000,330.140000,284.090000,91.910000,162.560000,346.180000,602.380000,69.690000,22.540000,74.040000,,553.240000,636.980000,181.030000,61.470000,1.421000,,,5.090000,0.000400,3.020000,5.510000,0.317600,1569.050000,27.520000,,26.650000,119.610000,49.330000,,,129.010000,,,5.930000,128.330000,50.730000,373.430000,14.650000,50.690000,10.830000,11.000000,481.540000,0.039500,,654.260000,28.060000
2026-04-01,130.390000,1.272000,328.010000,282.460000,91.180000,161.630000,343.380000,597.790000,69.310000,22.380000,73.440000,,548.620000,631.980000,179.500000,61.070000,1.423000,,,5.090000,0.000400,3.000000,5.470000,0.312900,1560.020000,27.280000,,26.480000,118.330000,48.920000,,,127.760000,,,5.870000,127.590000,50.010000,370.910000,14.540000,50.190000,10.760000,10.900000,478.770000,0.039300,,650.070000,27.920000
2026-04-02,129.390000,1.269000,329.810000,280.290000,91.750000,160.380000,341.990000,599.710000,69.120000,22.500000,73.760000,,551.060000,631.870000,178.250000,60.620000,1.443000,,,5.090000,0.000400,3.000000,5.430000,0.315500,1549.040000,27.150000,,26.590000,118.060000,49.140000,,,128.720000,,,5.870000,126.600000,50.580000,370.500000,14.620000,49.750000,10.680000,10.860000,475.090000,0.039100,,644.410000,28.300000
2026-04-03,128.630000,1.261000,324.150000,278.650000,91.630000,159.850000,339.080000,589.950000,68.480000,22.180000,72.780000,,543.720000,622.740000,177.270000,60.260000,1.417000,,,5.070000,0.000400,2.960000,5.400000,0.311500,1539.470000,27.110000,,26.330000,117.020000,48.460000,,,126.900000,,,5.860000,125.810000,49.700000,366.840000,14.420000,49.460000,10.620000,10.790000,472.310000,0.038900,,644.250000,27.820000
2026-04-04,128.130000,1.256000,324.810000,277.560000,91.230000,158.960000,337.950000,589.550000,68.380000,22.180000,72.690000,,543.100000,622.420000,176.530000,60.030000,1.411000,,,5.080000,0.000400,2.950000,5.380000,0.311700,1533.440000,27.050000,,26.340000,116.800000,48.330000,,,126.960000,,,5.860000,125.300000,49.880000,366.060000,14.450000,49.420000,10.550000,10.790000,470.460000,0.038700,,639.150000,27.730000
2026-04-07,126.980000,1.240000,322.980000,275.120000,90.390000,158.930000,334.980000,584.740000,67.760000,21.990000,72.070000,,538.470000,617.510000,175.380000,59.510000,1.407000,,,5.010000,0.000400,2.920000,5.330000,0.310100,1519.490000,26.800000,,26.210000,115.860000,47.930000,,,126.200000,,,5.900000,124.220000,49.530000,363.160000,14.360000,48.930000,10.460000,10.700000,466.330000,0.038300,,633.930000,27.680000
2026-04-08,125.380000,1.226000,318.940000,271.600000,89.580000,157.020000,330.750000,575.820000,67.140000,21.690000,71.190000,,531.870000,609.580000,173.140000,58.750000,1.396000,,,4.950000,0.000300,2.880000,5.260000,0.306900,1500.070000,26.610000,,25.940000,114.290000,47.450000,,,124.540000,,,5.820000,122.610000,48.350000,358.400000,14.140000,48.560000,10.320000,10.600000,460.370000,0.037800,,626.510000,27.260000
2026-04-09,129.450000,1.266000,334.480000,280.420000,92.260000,163.340000,342.760000,602.880000,69.600000,22.780000,74.360000,,555.540000,638.770000,178.760000,60.680000,1.472000,,,5.150000,0.000400,3.000000,5.440000,0.321500,1551.020000,27.910000,,27.220000,119.600000,49.750000,,,130.480000,,,6.050000,126.670000,51.310000,372.880000,14.880000,50.300000,10.680000,10.970000,475.310000,0.038900,,647.110000,28.990000
2026-04-10,130.670000,1.278000,337.270000,283.080000,94.150000,165.720000,346.370000,606.140000,70.150000,22.950000,74.940000,,559.900000,642.720000,180.320000,61.250000,1.483000,,,5.180000,0.000400,3.020000,5.490000,0.324000,1565.740000,28.060000,,27.490000,120.560000,50.350000,,,131.490000,,,6.150000,127.870000,51.440000,376.300000,14.960000,50.670000,10.760000,11.050000,479.820000,0.039400,,657.220000,29.110000
2026-04-11,128.830000,1.263000,334.690000,279.130000,93.610000,165.390000,342.380000,600.110000,69.290000,22.750000,74.160000,,554.080000,636.360000,177.200000,60.410000,1.469000,,,5.100000,0.000400,2.970000,5.410000,0.319200,1543.910000,27.770000,,27.280000,119.480000,49.850000,,,130.560000,,,6.130000,126.080000,51.170000,371.490000,14.750000,50.010000,10.590000,10.890000,473.130000,0.038900,,647.300000,28.840000
2026-04-14,129.290000,1.277000,334.800000,280.180000,94.860000,166.920000,343.140000,601.220000,69.510000,22.790000,74.330000,,555.300000,637.930000,178.470000,60.640000,1.513000,,,5.090000,0.000400,2.970000,5.430000,0.319300,1549.430000,27.870000,,27.350000,119.530000,50.070000,,,130.590000,,,6.240000,126.550000,51.010000,372.440000,14.740000,50.360000,10.620000,10.940000,474.900000,0.039200,,650.680000,28.750000
2026-04-15,129.900000,1.282000,339.510000,281.400000,95.540000,168.350000,346.740000,610.870000,69.980000,23.100000,75.300000,,562.590000,646.680000,179.380000,60.890000,1.548000,,,5.120000,0.000400,3.000000,5.450000,0.324200,1557.200000,28.170000,,27.660000,120.780000,50.660000,,,132.570000,,,6.270000,127.100000,52.050000,375.210000,14.880000,50.580000,10.660000,10.960000,476.970000,0.039300,,653.020000,29.150000
2026-04-16,129.070000,1.278000,338.350000,279.690000,95.120000,166.670000,344.060000,605.930000,69.500000,22.930000,74.720000,,558.280000,642.140000,178.360000,60.510000,1.533000,,,5.070000,0.000400,2.980000,5.420000,0.321000,1547.760000,28.050000,,27.400000,120.020000,50.270000,,,131.670000,,,6.260000,126.370000,51.510000,372.700000,14.780000,50.430000,10.590000,10.890000,474.080000,0.038900,,651.780000,28.930000
2026-04-17,128.360000,1.274000,337.850000,278.150000,94.450000,166.130000,343.300000,601.510000,69.120000,22.820000,74.330000,,555.380000,638.550000,177.370000,60.240000,1.523000,,,5.060000,0.000400,2.960000,5.390000,0.319200,1539.960000,27.850000,,27.300000,119.300000,50.190000,,,130.900000,,,6.180000,125.670000,51.290000,370.620000,14.750000,49.940000,10.530000,10.790000,471.460000,0.038800,,647.680000,28.760000
2026-04-18,127.830000,1.258000,336.690000,277.000000,94.020000,165.720000,343.170000,600.100000,68.820000,22.780000,74.110000,,553.750000,634.880000,176.780000,59.960000,1.526000,,,5.060000,0.000400,2.950000,5.370000,0.317200,1533.630000,27.490000,,27.260000,118.870000,50.150000,,,130.860000,,,6.150000,125.170000,51.220000,369.060000,14.650000,50.060000,10.470000,10.670000,469.520000,0.038700,,645.030000,28.660000
2026-04-21,127.820000,1.269000,335.970000,276.990000,94.330000,166.240000,342.920000,601.140000,68.870000,22.770000,73.950000,,552.590000,634.610000,176.830000,59.960000,1.527000,,,5.040000,0.000400,2.950000,5.370000,0.319000,1532.780000,27.490000,,27.070000,118.860000,50.340000,,,130.550000,,,6.240000,125.170000,51.290000,369.440000,14.640000,49.730000,10.460000,10.630000,469.490000,0.038800,,645.060000,28.680000
2026-04-22,126.530000,1.259000,332.650000,274.180000,93.820000,164.560000,340.240000,595.960000,68.180000,22.500000,73.140000,,546.570000,627.850000,174.970000,59.350000,1.510000,,,4.970000,0.000400,2.920000,5.310000,0.316500,1517.240000,27.180000,,26.840000,117.710000,49.880000,,,129.190000,,,6.190000,123.900000,50.810000,365.530000,14.500000,49.700000,10.350000,10.540000,464.730000,0.038600,,638.250000,28.420000
2026-04-23,125.610000,1.238000,330.390000,272.190000,93.140000,164.360000,337.950000,590.820000,67.610000,22.290000,72.550000,,542.160000,623.770000,173.710000,58.910000,1.491000,,,4.920000,0.000300,2.900000,5.280000,0.312000,1505.780000,27.010000,,26.680000,116.800000,49.720000,,,127.700000,,,6.140000,123.020000,50.360000,362.510000,14.340000,49.240000,10.270000,10.520000,461.370000,0.038100,,633.350000,28.100000
2026-04-24,126.020000,1.258000,330.300000,273.080000,93.190000,164.280000,338.430000,589.340000,67.720000,22.200000,72.370000,,540.720000,624.090000,174.270000,59.100000,1.481000,,,4.920000,0.000400,2.900000,5.290000,0.312200,1509.930000,26.910000,,26.620000,116.890000,49.640000,,,127.270000,,,6.160000,123.410000,50.060000,362.500000,14.270000,49.500000,10.300000,10.540000,462.870000,0.038500,,635.140000,27.950000
2026-04-25,126.560000,1.254000,331.630000,274.250000,92.510000,164.420000,339.790000,591.650000,68.000000,22.320000,72.810000,,544.030000,627.240000,175.020000,59.330000,1.485000,,,4.930000,0.000400,2.910000,5.320000,0.313600,1516.420000,26.890000,,26.680000,117.330000,49.730000,,,128.190000,,,6.140000,123.940000,50.230000,363.940000,14.350000,49.660000,10.320000,10.550000,464.860000,0.038700,,636.350000,27.980000
2026-04-28,125.460000,1.252000,331.130000,271.860000,92.540000,164.650000,338.650000,587.680000,67.540000,22.240000,72.440000,,541.210000,624.710000,173.490000,58.800000,1.492000,,,4.890000,0.000400,2.900000,5.270000,0.313500,1504.160000,26.710000,,26.550000,116.660000,49.720000,,,127.540000,,,6.130000,122.860000,50.160000,362.090000,14.280000,49.230000,10.230000,10.450000,460.800000,0.038200,,631.190000,27.970000
2026-04-29,124.480000,1.246000,327.550000,269.740000,91.750000,162.410000,334.610000,579.260000,66.890000,21.950000,71.550000,,534.620000,616.500000,172.210000,58.340000,1.465000,,,4.840000,0.000300,2.860000,5.230000,0.310100,1492.440000,26.660000,,26.250000,115.780000,49.180000,,,125.870000,,,6.080000,121.900000,49.330000,358.090000,14.070000,49.000000,10.150000,10.380000,457.210000,0.038000,,627.560000,27.580000
2026-04-30,125.660000,1.258000,330.380000,272.300000,92.760000,164.370000,337.340000,584.830000,67.540000,22.180000,72.310000,,540.380000,623.600000,173.840000,58.900000,1.486000,,,4.870000,0.000400,2.890000,5.280000,0.312100,1505.870000,27.120000,,26.540000,116.850000,49.660000,,,127.160000,,,6.150000,123.070000,49.800000,361.400000,14.140000,49.470000,10.240000,10.470000,461.550000,0.038600,,632.020000,27.870000
2026-05-01,126.030000,1.261000,331.260000,273.100000,92.670000,164.500000,339.080000,589.470000,67.820000,22.250000,72.580000,,542.160000,626.180000,174.420000,59.090000,1.488000,,,4.880000,0.000400,2.950000,5.290000,0.314100,1509.330000,27.070000,,26.450000,116.690000,49.730000,,,127.250000,,,6.160000,123.430000,50.090000,362.920000,14.230000,49.560000,10.250000,10.530000,462.910000,0.038800,,634.200000,27.610000
2026-05-05,126.490000,1.256000,333.760000,274.060000,93.690000,164.840000,341.540000,592.820000,68.010000,22.290000,72.770000,,543.730000,629.110000,175.160000,59.310000,1.496000,,,4.890000,0.000400,2.960000,5.310000,0.315300,1516.830000,27.230000,,26.570000,117.600000,50.250000,,,127.710000,,,6.150000,123.850000,50.160000,364.170000,14.240000,49.840000,10.280000,10.550000,464.530000,0.038700,,638.220000,27.780000
2026-05-06,126.630000,1.264000,333.230000,274.340000,93.660000,164.840000,341.670000,593.880000,68.080000,22.310000,72.750000,,543.550000,629.720000,175.340000,59.340000,1.498000,,,4.880000,0.000400,2.950000,5.320000,0.315800,1517.660000,27.190000,,26.640000,117.430000,50.240000,,,127.840000,,,6.150000,123.930000,50.110000,364.290000,14.250000,50.000000,10.280000,10.580000,465.010000,0.038700,,637.670000,27.790000
2026-05-07,126.190000,1.266000,336.760000,273.400000,94.330000,164.680000,341.070000,596.100000,68.040000,22.480000,73.120000,,546.270000,631.860000,174.810000,59.140000,1.527000,,,4.900000,0.000400,2.980000,5.300000,0.321900,1513.180000,27.070000,,26.930000,118.220000,49.990000,,,129.240000,,,6.180000,123.530000,50.500000,366.040000,14.470000,49.830000,10.260000,10.570000,463.410000,0.038400,,635.200000,28.460000
2026-05-09,125.620000,1.252000,333.770000,272.130000,93.650000,163.800000,337.920000,592.650000,67.820000,22.330000,72.610000,,542.580000,627.410000,174.060000,58.930000,1.526000,,,4.880000,0.000350,2.940000,5.280000,0.314600,1506.650000,27.050000,,26.780000,117.730000,50.130000,,,128.270000,,,6.180000,122.960000,50.100000,363.880000,14.340000,49.700000,10.170000,10.500000,461.260000,0.038100,,634.640000,28.130000
2026-05-13,126.330000,1.271000,335.130000,273.690000,94.770000,166.280000,338.420000,594.070000,68.300000,22.400000,72.900000,,544.630000,627.810000,175.260000,59.260000,1.528000,,,4.850000,0.000350,2.940000,5.310000,0.311400,1515.060000,27.370000,,26.910000,117.980000,50.690000,,,128.280000,,,6.260000,123.640000,50.010000,364.540000,14.310000,49.880000,10.220000,10.560000,463.910000,0.038300,,638.040000,28.070000
2026-05-14,127.350000,1.281000,338.890000,275.890000,95.540000,168.250000,341.590000,598.450000,68.860000,22.510000,73.310000,,547.690000,631.530000,176.460000,59.720000,1.526000,,,4.890000,0.000360,2.960000,5.350000,0.313900,1526.710000,27.560000,,27.140000,119.050000,51.060000,,,128.860000,,,6.360000,124.630000,50.170000,367.580000,14.460000,50.070000,10.300000,10.640000,467.630000,0.038500,,642.360000,28.410000
2026-05-15,129.090000,1.289000,343.300000,279.670000,94.590000,170.140000,345.610000,606.420000,69.860000,22.850000,74.280000,,555.010000,640.480000,178.880000,60.520000,1.553000,,,4.950000,0.000360,3.000000,5.420000,0.317800,1547.630000,27.670000,,27.590000,120.620000,51.500000,,,130.980000,,,6.450000,126.350000,50.860000,372.380000,14.670000,50.860000,10.430000,10.790000,474.040000,0.039600,,650.530000,28.910000
2026-05-16,128.030000,1.278000,336.830000,277.390000,94.320000,169.350000,342.170000,599.320000,69.040000,22.510000,73.270000,,547.470000,629.130000,177.960000,60.040000,1.525000,,,4.900000,0.000360,2.970000,5.380000,0.314200,1535.000000,27.370000,,27.130000,119.120000,50.550000,,,129.010000,,,6.420000,125.300000,49.930000,367.750000,14.430000,50.660000,10.320000,10.650000,470.170000,0.039300,,645.210000,28.350000
2026-05-19,127.300000,1.273000,334.270000,275.860000,92.490000,169.910000,340.210000,594.730000,68.760000,22.350000,72.740000,,543.660000,623.940000,177.110000,59.710000,1.503000,,,4.850000,0.000350,2.940000,5.350000,0.311500,1524.300000,27.260000,,27.000000,117.660000,50.360000,,,127.990000,,,6.440000,124.590000,49.560000,365.330000,14.310000,50.390000,10.290000,10.590000,467.580000,0.038900,,639.790000,28.020000
2026-05-20,128.510000,1.286000,335.830000,278.420000,94.570000,173.640000,342.970000,599.730000,69.350000,22.590000,73.400000,,548.430000,632.670000,178.900000,60.260000,1.520000,,,4.890000,0.000360,2.970000,5.400000,0.313200,1538.480000,27.520000,,27.260000,118.720000,50.920000,,,129.340000,,,6.610000,125.760000,50.250000,368.490000,14.460000,51.070000,10.360000,10.690000,471.930000,0.039300,,645.100000,28.370000
2026-05-21,128.440000,1.285000,336.040000,278.330000,93.460000,172.550000,342.680000,597.480000,69.350000,22.520000,73.240000,,547.250000,631.940000,178.840000,60.230000,1.516000,,,4.870000,0.000360,2.970000,5.390000,0.313500,1537.960000,27.380000,,27.170000,118.890000,50.860000,,,128.650000,,,6.600000,125.720000,50.230000,368.510000,14.450000,51.060000,10.350000,10.660000,471.770000,0.039100,,644.890000,28.440000
2026-05-22,128.380000,1.285000,335.860000,278.140000,94.380000,172.620000,342.520000,598.360000,69.310000,22.520000,73.230000,,547.210000,632.830000,178.710000,60.180000,1.520000,,,4.900000,0.000360,2.960000,5.390000,0.312600,1536.920000,27.350000,,27.170000,119.050000,51.030000,,,128.810000,,,6.630000,125.640000,50.320000,368.380000,14.420000,51.020000,10.340000,10.660000,471.450000,0.039300,,644.110000,28.460000
2026-05-23,128.220000,1.283000,335.450000,277.760000,94.060000,171.800000,341.260000,598.450000,69.290000,22.480000,73.080000,,545.990000,631.910000,178.540000,60.080000,1.520000,,,4.920000,0.000360,2.960000,5.380000,0.310400,1534.800000,27.310000,,27.160000,118.740000,50.910000,,,128.680000,,,6.600000,125.460000,50.240000,367.840000,14.420000,50.950000,10.290000,10.640000,470.800000,0.039300,,643.450000,28.560000
2026-05-26,128.640000,1.288000,338.530000,278.750000,93.740000,172.170000,342.080000,604.810000,69.640000,22.680000,73.630000,,550.060000,637.420000,179.240000,60.310000,1.544000,,,4.960000,0.000360,2.970000,5.400000,0.312200,1540.780000,27.440000,,27.360000,119.620000,51.180000,,,129.970000,,,6.590000,125.920000,50.930000,369.990000,14.550000,51.580000,10.340000,10.670000,472.480000,0.039400,,645.610000,28.940000
2026-05-27,130.020000,1.301000,342.110000,281.700000,95.310000,173.300000,346.030000,608.800000,70.370000,22.920000,74.400000,,555.830000,643.830000,181.140000,60.940000,1.564000,,,4.990000,0.000360,3.000000,5.460000,0.318000,1557.080000,27.740000,,27.640000,120.580000,51.570000,,,131.430000,,,6.650000,127.240000,51.350000,373.910000,14.640000,51.680000,10.400000,10.780000,477.480000,0.039900,,652.440000,29.240000
2026-05-29,132.190000,1.323000,345.320000,286.460000,95.980000,177.280000,350.270000,614.850000,71.620000,23.200000,75.400000,,563.380000,650.010000,184.410000,61.990000,1.587000,,,5.070000,0.000360,3.050000,5.550000,0.323100,1583.400000,28.180000,,27.890000,122.150000,52.230000,,,133.080000,,,6.810000,129.390000,52.080000,379.480000,14.840000,52.890000,10.580000,10.970000,485.550000,0.040500,,664.420000,29.630000
2026-05-30,132.320000,1.324000,347.790000,286.700000,96.330000,177.650000,351.910000,620.940000,71.810000,23.310000,75.710000,,565.740000,652.050000,184.630000,62.030000,1.598000,,,5.120000,0.000360,3.050000,5.560000,0.322300,1584.710000,28.300000,,28.030000,122.620000,52.540000,,,133.810000,,,6.830000,129.500000,52.520000,380.390000,14.930000,52.940000,10.590000,10.970000,485.950000,0.040600,,664.140000,29.950000
2026-06-02,133.170000,1.332000,350.830000,288.470000,97.090000,177.370000,353.730000,623.830000,72.280000,23.450000,76.200000,,569.490000,658.240000,185.920000,62.390000,1.608000,,,5.150000,0.000360,3.070000,5.590000,0.324100,1594.520000,28.430000,,28.220000,123.380000,52.860000,,,134.540000,,,6.810000,130.300000,52.780000,382.750000,15.030000,53.260000,10.650000,11.040000,488.960000,0.041100,,669.260000,30.100000
2026-06-03,134.280000,1.342000,354.180000,290.940000,98.120000,178.880000,356.040000,627.980000,72.930000,23.670000,76.840000,,574.170000,664.080000,187.580000,62.920000,1.619000,,,5.180000,0.000370,3.090000,5.640000,0.325000,1607.660000,28.770000,,28.530000,124.440000,53.240000,,,135.640000,,,6.770000,131.410000,53.080000,385.760000,15.140000,53.720000,10.740000,11.120000,493.150000,0.041400,,675.250000,30.460000
2026-06-04,133.230000,1.331000,350.690000,288.680000,97.770000,174.040000,353.240000,620.160000,72.280000,23.500000,76.070000,,568.330000,658.070000,186.190000,62.440000,1.602000,,,5.110000,0.000360,3.060000,5.600000,0.320600,1595.140000,28.460000,,28.310000,122.630000,52.760000,,,134.090000,,,6.630000,130.350000,52.250000,381.830000,14.950000,53.190000,10.650000,11.040000,489.310000,0.040900,,669.890000,30.060000
2026-06-05,132.160000,1.326000,346.240000,286.340000,95.920000,171.960000,349.190000,614.900000,71.650000,23.310000,75.540000,,564.450000,652.390000,184.330000,61.950000,1.593000,,,5.070000,0.000350,3.040000,5.550000,0.316400,1581.430000,28.220000,,28.080000,121.030000,52.140000,,,133.190000,,,6.530000,129.280000,51.880000,378.200000,14.860000,52.470000,10.560000,10.940000,485.340000,0.040500,,663.760000,29.850000
2026-06-06,132.730000,1.326000,348.080000,287.580000,96.260000,174.090000,351.310000,618.970000,72.050000,23.490000,75.920000,,567.380000,656.730000,185.130000,62.220000,1.604000,,,5.130000,0.000350,3.050000,5.570000,0.317000,1588.270000,28.370000,,28.230000,121.100000,52.350000,,,134.040000,,,6.620000,129.840000,52.210000,380.010000,14.950000,52.530000,10.620000,10.990000,487.440000,0.040500,,666.820000,30.000000
2026-06-09,132.000000,1.325000,342.160000,286.010000,93.740000,173.110000,347.710000,608.100000,71.460000,23.060000,74.760000,,558.660000,646.700000,184.680000,61.870000,1.567000,,,5.070000,0.000350,3.030000,5.540000,0.316000,1578.060000,28.070000,,27.810000,119.110000,51.210000,,,131.630000,,,6.600000,129.090000,51.310000,376.270000,14.770000,51.960000,10.530000,10.860000,484.780000,0.040500,,663.540000,29.350000
2026-06-10,133.470000,1.339000,345.890000,289.210000,94.410000,177.930000,351.860000,615.760000,72.390000,23.460000,75.860000,,566.930000,656.590000,186.890000,62.550000,1.597000,,,5.140000,0.000360,3.060000,5.610000,0.321700,1595.740000,28.480000,,28.180000,120.800000,51.890000,,,133.820000,,,6.810000,130.590000,52.070000,381.400000,14.930000,52.820000,10.630000,10.920000,490.210000,0.040800,,668.080000,29.810000
2026-06-11,133.030000,1.335000,342.550000,288.250000,94.500000,177.870000,350.750000,611.810000,72.080000,23.350000,75.520000,,564.370000,654.170000,186.340000,62.350000,1.587000,,,5.130000,0.000360,3.050000,5.590000,0.321000,1590.460000,28.340000,,28.030000,120.140000,51.480000,,,132.930000,,,6.790000,130.170000,51.480000,379.550000,14.860000,52.370000,10.590000,10.850000,488.590000,0.040500,,666.970000,29.510000
2026-06-12,132.810000,1.333000,341.140000,287.760000,94.110000,177.100000,348.950000,610.080000,71.970000,23.250000,75.250000,,562.390000,651.550000,186.030000,62.240000,1.582000,,,5.090000,0.000350,3.040000,5.580000,0.318700,1587.760000,28.280000,,28.030000,120.020000,51.250000,,,132.280000,,,6.750000,129.940000,51.140000,378.670000,14.810000,52.500000,10.570000,10.860000,487.760000,0.040600,,665.410000,29.540000
2026-06-13,133.220000,1.337000,344.640000,288.690000,95.940000,177.480000,349.870000,614.890000,72.360000,23.430000,75.770000,,566.300000,656.140000,186.770000,62.450000,1.606000,,,5.140000,0.000360,3.060000,5.600000,0.321800,1592.870000,28.300000,,28.440000,120.670000,51.340000,,,133.370000,,,6.740000,130.390000,51.880000,381.280000,14.960000,52.730000,10.580000,10.920000,489.330000,0.040900,,667.040000,30.060000
2026-06-16,133.790000,1.343000,347.500000,289.890000,97.050000,178.390000,351.760000,620.030000,72.720000,23.640000,76.340000,,570.480000,659.520000,187.620000,62.720000,1.626000,,,5.190000,0.000360,3.070000,5.620000,0.324700,1601.080000,28.530000,,28.590000,121.390000,51.690000,,,134.420000,,,6.780000,130.950000,52.400000,383.370000,15.100000,53.290000,10.620000,10.960000,491.370000,0.041100,,671.080000,30.380000
2026-06-17,132.650000,1.331000,344.770000,287.420000,96.160000,176.870000,348.130000,613.560000,72.110000,23.440000,75.690000,,565.650000,654.220000,186.080000,62.200000,1.621000,,,5.150000,0.000350,3.040000,5.570000,0.323500,1587.390000,28.190000,,28.360000,119.850000,51.190000,,,133.370000,,,6.720000,129.820000,51.920000,380.330000,15.000000,52.840000,10.520000,10.880000,487.170000,0.040600,,666.160000,30.200000
2026-06-18,133.250000,1.337000,345.410000,288.730000,96.120000,177.680000,349.340000,617.760000,72.420000,23.510000,75.940000,,567.500000,656.270000,187.000000,62.460000,1.625000,,,5.180000,0.000360,3.050000,5.600000,0.322700,1594.620000,28.290000,,28.440000,120.390000,51.600000,,,133.890000,,,6.690000,130.410000,52.150000,381.440000,15.020000,53.020000,10.570000,10.910000,489.390000,0.040600,,669.180000,30.170000
2026-06-19,132.800000,1.333000,341.610000,287.750000,95.540000,177.070000,345.370000,607.010000,72.050000,23.120000,74.800000,,558.990000,645.220000,185.870000,62.230000,1.585000,,,5.170000,0.000350,3.030000,5.580000,0.316700,1587.400000,28.190000,,28.110000,118.520000,50.420000,,,131.270000,,,6.630000,129.950000,50.900000,377.940000,14.880000,52.730000,10.500000,10.850000,487.730000,0.040400,,666.560000,29.660000
2026-06-20,132.980000,1.336000,342.450000,288.120000,94.680000,176.100000,345.260000,605.690000,72.150000,23.120000,74.900000,,559.770000,646.310000,186.120000,62.300000,1.587000,,,5.180000,0.000360,3.030000,5.580000,0.319200,1589.490000,27.920000,,28.150000,118.130000,50.400000,,,131.360000,,,6.640000,130.110000,50.990000,378.290000,14.880000,52.850000,10.520000,10.870000,488.370000,0.040600,,663.880000,29.630000
2026-06-23,132.600000,1.332000,340.910000,287.320000,94.500000,174.500000,343.670000,602.880000,71.890000,23.060000,74.650000,,557.870000,644.610000,186.520000,62.120000,1.584000,,,5.140000,0.000350,3.010000,5.570000,0.316800,1583.260000,27.940000,,28.100000,117.470000,50.320000,,,130.700000,,,6.590000,129.720000,50.730000,376.620000,14.800000,52.760000,10.480000,10.830000,487.010000,0.040700,,662.030000,29.670000
2026-06-24,132.390000,1.330000,337.610000,286.840000,94.570000,173.420000,342.700000,600.310000,71.660000,22.910000,74.160000,,554.260000,642.690000,186.210000,62.010000,1.565000,,,5.130000,0.000350,3.010000,5.560000,0.316400,1580.590000,27.810000,,27.820000,117.490000,49.860000,,,129.380000,,,6.510000,129.530000,50.180000,375.320000,14.660000,52.670000,10.460000,10.840000,486.190000,0.040500,,660.580000,29.510000
2026-06-25,132.610000,1.334000,335.510000,287.330000,93.960000,173.170000,342.390000,599.410000,71.510000,22.780000,73.890000,,552.230000,640.630000,186.600000,62.110000,1.550000,,,5.140000,0.000350,3.010000,5.570000,0.314800,1582.000000,27.770000,,27.620000,117.780000,49.520000,,,128.720000,,,6.510000,129.730000,49.810000,375.030000,14.580000,52.590000,10.480000,10.850000,487.020000,0.040500,,660.620000,29.320000
2026-06-26,132.170000,1.323000,334.590000,286.370000,93.560000,171.020000,340.850000,597.420000,71.410000,22.730000,73.690000,,550.690000,639.080000,185.980000,61.910000,1.551000,,,5.140000,0.000350,3.000000,5.550000,0.314600,1576.740000,27.560000,,27.520000,117.960000,49.080000,,,128.500000,,,6.410000,129.290000,49.710000,374.160000,14.550000,52.760000,10.440000,10.800000,485.400000,0.040400,,656.680000,29.320000
2026-06-27,132.460000,1.333000,335.810000,287.000000,94.000000,168.240000,343.090000,601.840000,71.560000,22.880000,74.230000,,554.770000,643.160000,186.460000,62.030000,1.568000,,,5.150000,0.000350,3.010000,5.560000,0.316400,1580.220000,27.670000,,27.770000,119.090000,49.200000,,,129.550000,,,6.260000,129.550000,50.150000,376.090000,14.590000,52.820000,10.470000,10.840000,486.470000,0.040500,,658.350000,29.620000
2026-06-30,132.280000,1.323000,335.120000,286.620000,93.960000,167.930000,342.270000,601.040000,71.510000,22.840000,74.130000,,554.030000,642.350000,186.280000,61.950000,1.563000,,,5.140000,0.000350,3.000000,5.560000,0.314900,1578.110000,27.730000,,27.800000,119.450000,48.930000,,,129.170000,,,6.240000,129.380000,49.980000,375.670000,14.610000,52.630000,10.420000,10.830000,485.820000,0.040400,,658.840000,29.590000
2026-07-01,130.880000,1.310000,331.170000,283.610000,92.920000,164.330000,337.820000,594.440000,70.850000,22.600000,73.340000,,548.070000,636.230000,184.400000,61.300000,1.538000,,,5.080000,0.000350,2.960000,5.500000,0.310100,1561.540000,27.450000,,27.540000,117.770000,48.510000,,,127.560000,,,6.140000,127.990000,49.450000,371.410000,14.480000,52.250000,10.300000,10.730000,480.720000,0.040100,,651.960000,29.390000
2026-07-02,130.500000,1.306000,330.590000,282.750000,92.880000,164.850000,337.170000,591.970000,70.540000,22.530000,73.090000,,546.210000,635.070000,183.980000,61.100000,1.536000,,,5.030000,0.000350,2.950000,5.480000,0.307700,1556.800000,27.340000,,27.370000,117.120000,48.310000,,,127.260000,,,6.130000,127.580000,49.270000,369.830000,14.370000,52.090000,10.270000,10.690000,479.260000,0.040200,,649.920000,29.230000
2026-07-03,129.190000,1.293000,327.240000,279.920000,91.220000,163.930000,334.020000,589.040000,69.890000,22.370000,72.440000,,541.370000,632.520000,182.140000,60.500000,1.523000,,,4.970000,0.000350,2.940000,5.430000,0.306700,1541.240000,27.020000,,27.060000,116.380000,48.060000,,,126.210000,,,6.080000,126.370000,48.910000,366.750000,14.250000,51.570000,10.180000,10.590000,474.470000,0.039900,,643.270000,28.990000
2026-07-04,128.520000,1.293000,327.450000,278.480000,90.670000,163.110000,332.770000,587.760000,69.610000,22.340000,72.290000,,540.290000,630.350000,181.270000,60.180000,1.532000,,,4.960000,0.000340,2.930000,5.400000,0.308400,1533.310000,27.100000,,27.080000,116.060000,48.010000,,,126.120000,,,6.110000,125.720000,48.940000,365.770000,14.250000,51.200000,10.090000,10.610000,472.030000,0.039400,,640.840000,29.110000
2026-07-08,128.260000,1.294000,327.140000,277.900000,91.890000,165.310000,331.480000,584.050000,69.340000,22.240000,72.060000,9.660000,538.540000,630.390000,181.030000,60.070000,1.521000,0.026210,155.810000,4.960000,0.000343,2.910000,5.390000,0.311200,1531.590000,27.040000,0.131900,27.050000,115.820000,48.090000,1223.580000,1.690000,125.460000,129.220000,102.920000,6.170000,125.460000,48.770000,364.750000,14.150000,51.200000,10.060000,10.590000,471.040000,0.039200,0.017920,639.430000,29.010000
2026-07-09,127.420000,1.286000,323.940000,276.090000,90.660000,163.210000,330.330000,579.400000,68.840000,22.010000,71.430000,9.440000,533.870000,624.470000,179.920000,59.700000,1.492000,0.026010,153.680000,4.900000,0.000341,2.880000,5.350000,0.310600,1520.900000,26.900000,0.130600,26.640000,114.870000,47.940000,1215.600000,1.680000,123.960000,128.380000,101.990000,6.110000,124.640000,48.300000,361.820000,13.990000,50.760000,9.990000,10.520000,467.980000,0.039000,0.017800,635.770000,28.550000
2026-07-10,127.270000,1.284000,323.960000,275.760000,90.740000,163.860000,329.720000,578.760000,68.780000,22.020000,71.420000,9.410000,533.880000,626.000000,179.770000,59.650000,1.488000,0.025870,153.930000,4.900000,0.000340,2.880000,5.340000,0.308800,1519.040000,26.890000,0.130500,26.600000,114.730000,47.900000,1214.150000,1.680000,123.920000,128.230000,102.020000,6.140000,124.490000,48.180000,361.380000,13.980000,50.810000,9.970000,10.500000,467.410000,0.039000,0.017780,634.210000,28.500000
2026-07-11,126.530000,1.277000,322.880000,274.170000,90.790000,163.080000,328.070000,576.130000,68.600000,21.910000,71.080000,9.380000,531.260000,624.150000,178.730000,59.280000,1.495000,0.025750,154.930000,4.880000,0.000338,2.870000,5.310000,0.309100,1510.270000,26.710000,0.130100,26.530000,114.260000,47.670000,1207.130000,1.670000,122.250000,127.610000,101.590000,6.050000,123.790000,48.260000,360.100000,13.960000,50.240000,9.890000,10.450000,464.710000,0.038500,0.017700,631.020000,28.540000
2026-07-14,129.910000,1.311000,331.310000,281.480000,93.410000,167.810000,337.730000,589.830000,70.400000,22.500000,73.000000,9.510000,545.580000,639.280000,183.650000,60.870000,1.531000,0.026360,157.610000,4.990000,0.000347,2.940000,5.460000,0.319800,1550.570000,27.340000,0.133100,27.300000,117.280000,48.860000,1239.340000,1.720000,126.220000,130.880000,104.280000,6.200000,127.080000,49.460000,369.420000,14.310000,51.860000,10.150000,10.670000,477.110000,0.039500,0.018180,648.630000,29.190000
2026-07-15,127.670000,1.288000,325.400000,276.630000,91.380000,163.770000,332.400000,576.940000,69.160000,22.000000,71.460000,9.250000,534.100000,626.990000,180.480000,59.830000,1.477000,0.025930,155.500000,4.870000,0.000341,2.890000,5.360000,0.313300,1523.820000,26.750000,0.130800,26.760000,115.030000,48.200000,1217.970000,1.690000,123.030000,128.640000,101.910000,6.040000,124.840000,48.370000,362.630000,13.980000,50.910000,9.970000,10.430000,468.880000,0.038900,0.017860,637.230000,28.450000
2026-07-16,127.890000,1.290000,328.000000,277.120000,92.560000,163.290000,333.980000,579.390000,69.330000,22.140000,71.730000,9.290000,536.170000,629.320000,180.870000,59.920000,1.491000,0.026010,156.660000,4.880000,0.000342,2.890000,5.370000,0.315100,1527.020000,26.960000,0.131100,26.970000,115.240000,48.300000,1220.120000,1.690000,123.900000,128.900000,102.370000,6.010000,125.100000,48.510000,363.610000,13.970000,51.220000,9.990000,10.500000,469.710000,0.038900,0.017890,637.430000,28.690000
2026-07-17,128.620000,1.298000,330.780000,278.670000,93.050000,163.590000,336.520000,585.090000,69.800000,22.380000,72.410000,9.350000,541.250000,637.750000,181.950000,60.250000,1.504000,0.026270,157.180000,4.900000,0.000344,2.910000,5.400000,0.319600,1536.310000,27.150000,0.131800,27.120000,116.050000,48.880000,1226.950000,1.700000,125.060000,129.590000,103.310000,6.010000,125.790000,49.090000,366.520000,14.080000,51.450000,10.040000,10.590000,472.340000,0.039100,0.017990,641.530000,28.880000
2026-07-18,127.930000,1.294000,327.470000,277.190000,92.190000,162.780000,334.730000,581.540000,69.320000,22.190000,71.820000,9.300000,536.830000,630.980000,181.050000,59.930000,1.476000,0.026270,154.110000,4.880000,0.000342,2.890000,5.370000,0.316200,1528.150000,26.960000,0.131100,26.890000,114.870000,48.580000,1220.430000,1.690000,123.540000,128.930000,102.460000,5.970000,125.110000,48.630000,363.840000,13.980000,51.120000,10.000000,10.520000,469.830000,0.039200,0.017870,639.470000,28.490000
2026-07-21,128.050000,1.296000,329.480000,277.450000,92.020000,163.020000,335.320000,582.170000,69.500000,22.230000,71.920000,9.220000,537.530000,633.280000,181.300000,59.980000,1.488000,0.026230,154.320000,4.880000,0.000342,2.900000,5.380000,0.317600,1529.120000,26.950000,0.131200,26.890000,114.980000,48.730000,1221.600000,1.690000,124.080000,129.020000,102.590000,5.990000,125.230000,48.680000,364.390000,13.990000,51.120000,9.990000,10.520000,470.280000,0.039400,0.017890,639.060000,28.530000
2026-07-22,127.860000,1.294000,329.610000,277.040000,92.240000,162.750000,334.010000,579.740000,69.410000,22.190000,71.750000,9.200000,536.220000,629.860000,181.170000,59.890000,1.489000,0.026260,154.100000,4.880000,0.000342,2.890000,5.370000,0.317900,1526.380000,26.940000,0.131000,27.010000,114.900000,48.840000,1219.810000,1.690000,123.870000,128.830000,102.400000,5.960000,125.080000,48.550000,364.020000,13.960000,50.930000,9.950000,10.490000,469.590000,0.039200,0.017840,638.460000,28.570000
2026-07-23,127.320000,1.288000,326.890000,275.900000,92.220000,162.580000,331.670000,575.570000,69.050000,22.070000,71.340000,9.120000,533.260000,625.150000,180.420000,59.650000,1.465000,0.026160,152.740000,4.840000,0.000340,2.870000,5.350000,0.316000,1519.580000,26.830000,0.130400,26.840000,114.510000,48.720000,1214.770000,1.680000,123.170000,128.300000,101.840000,5.960000,124.610000,48.130000,362.210000,13.840000,50.720000,9.910000,10.440000,467.650000,0.038800,0.017770,635.380000,28.410000
2026-07-24,126.810000,1.283000,325.880000,274.770000,92.110000,161.760000,330.690000,571.460000,68.790000,21.970000,71.060000,9.090000,531.080000,622.510000,179.750000,59.400000,1.459000,0.026030,151.740000,4.820000,0.000339,2.850000,5.330000,0.317000,1513.370000,26.660000,0.129900,26.710000,113.960000,48.550000,1209.810000,1.680000,122.860000,127.760000,101.510000,5.920000,124.080000,47.910000,360.870000,13.790000,50.620000,9.860000,10.390000,465.740000,0.038500,0.017700,632.190000,28.380000
2026-07-25,129.630000,1.311000,332.770000,280.870000,93.660000,166.420000,338.190000,582.850000,70.300000,22.440000,72.500000,9.280000,541.860000,634.130000,183.740000,60.710000,1.496000,0.026540,155.780000,4.930000,0.000346,2.910000,5.440000,0.325900,1546.940000,27.160000,0.132600,27.250000,116.460000,49.730000,1236.580000,1.710000,125.490000,130.590000,103.570000,6.080000,126.820000,48.970000,368.790000,14.140000,51.860000,10.060000,10.630000,476.070000,0.039400,0.018090,646.140000,28.190000
2026-07-28,128.890000,1.304000,331.430000,279.290000,93.060000,165.350000,335.630000,580.930000,69.970000,22.340000,72.160000,9.350000,539.390000,630.430000,182.710000,60.370000,1.500000,0.026300,156.180000,4.940000,0.000344,2.890000,5.410000,0.322100,1538.260000,27.040000,0.131800,27.150000,115.940000,49.130000,1229.640000,1.710000,124.910000,129.860000,103.150000,6.070000,126.120000,48.870000,366.980000,14.110000,51.460000,10.000000,10.540000,473.400000,0.039500,0.017990,641.830000,28.340000
2026-07-29,129.820000,1.313000,332.060000,281.270000,93.260000,166.520000,337.930000,581.400000,70.410000,22.390000,72.460000,9.450000,541.590000,632.930000,184.070000,60.800000,1.500000,0.026410,156.020000,4.970000,0.000347,2.910000,5.450000,0.326700,1548.390000,27.170000,0.132700,27.270000,116.590000,49.220000,1238.340000,1.720000,125.160000,130.780000,103.580000,6.060000,126.990000,48.940000,368.630000,14.180000,51.990000,10.080000,10.600000,476.750000,0.039600,0.018100,646.690000,28.380000
2026-07-30,129.930000,1.315000,331.160000,281.520000,93.030000,163.800000,338.440000,582.060000,70.520000,22.470000,72.690000,9.420000,543.260000,634.020000,184.240000,60.840000,1.501000,0.026440,155.800000,4.990000,0.000347,2.920000,5.460000,0.328800,1550.260000,27.170000,0.132800,27.330000,116.750000,49.360000,1239.430000,1.720000,125.570000,130.890000,103.840000,6.010000,127.110000,49.140000,369.270000,14.240000,51.870000,10.070000,10.650000,477.170000,0.039700,0.018130,646.360000,28.470000
2026-07-31,129.240000,1.308000,331.100000,280.020000,92.710000,162.730000,338.010000,584.090000,70.260000,22.540000,72.860000,9.290000,544.500000,635.480000,183.250000,60.510000,1.505000,0.026260,154.430000,4.960000,0.000345,2.920000,5.430000,0.331000,1542.760000,27.250000,0.132100,27.280000,116.470000,49.580000,1232.840000,1.710000,126.460000,130.200000,103.870000,5.920000,126.410000,49.430000,368.530000,14.150000,51.530000,10.010000,10.640000,474.630000,0.039600,0.018060,643.500000,28.630000
2026-08-01,128.960000,1.305000,332.890000,279.400000,93.570000,163.250000,337.800000,585.470000,70.150000,22.520000,72.870000,9.270000,544.680000,636.600000,182.920000,60.380000,1.500000,0.026330,155.160000,4.970000,0.000344,2.960000,5.420000,0.328900,1539.380000,27.340000,0.131800,27.320000,115.990000,49.760000,1230.140000,1.710000,126.340000,130.040000,103.890000,5.940000,126.130000,49.640000,369.070000,14.180000,51.480000,10.000000,10.610000,473.590000,0.039600,0.018010,644.440000,28.640000
2026-08-04,129.440000,1.310000,332.720000,280.460000,93.660000,162.980000,338.540000,587.690000,70.400000,22.640000,73.290000,9.480000,547.730000,639.770000,183.690000,60.620000,1.503000,0.026440,155.420000,4.990000,0.000346,3.030000,5.440000,0.333100,1545.200000,27.460000,0.132300,27.430000,116.140000,49.830000,1234.790000,1.710000,127.300000,130.400000,104.440000,5.930000,126.590000,49.830000,370.750000,14.260000,51.670000,10.000000,10.600000,475.380000,0.039700,0.018080,648.270000,28.820000
2026-08-05,128.500000,1.300000,331.750000,278.450000,92.740000,160.510000,336.190000,582.910000,69.890000,22.460000,72.700000,9.400000,543.390000,634.390000,182.510000,60.180000,1.495000,0.026200,155.460000,4.950000,0.000343,2.990000,5.400000,0.330100,1536.640000,27.170000,0.131300,27.300000,115.540000,49.590000,1225.950000,1.700000,126.130000,129.490000,103.560000,5.820000,125.670000,49.410000,367.810000,14.140000,51.300000,9.920000,10.560000,471.980000,0.039600,0.017970,644.870000,28.640000
2026-08-06,127.930000,1.294000,330.870000,277.200000,91.640000,159.130000,334.060000,580.420000,69.610000,22.400000,72.540000,9.440000,542.160000,632.560000,181.760000,59.910000,1.496000,0.026210,156.320000,4.940000,0.000342,2.980000,5.370000,0.329700,1530.210000,27.210000,0.130700,27.270000,114.880000,49.350000,1220.420000,1.690000,125.880000,128.880000,103.390000,5.780000,125.110000,49.360000,366.500000,14.160000,51.130000,9.880000,10.500000,469.850000,0.039500,0.017900,641.460000,28.650000
2026-08-07,127.280000,1.288000,329.200000,275.800000,91.270000,158.290000,333.960000,577.630000,69.270000,22.310000,72.180000,9.400000,539.520000,629.230000,180.840000,59.590000,1.485000,0.026100,155.330000,4.910000,0.000340,2.960000,5.350000,0.328400,1522.490000,27.070000,0.130100,27.100000,114.380000,49.080000,1214.270000,1.680000,125.510000,128.230000,102.710000,5.730000,124.480000,49.350000,364.710000,14.140000,50.920000,9.820000,10.440000,467.480000,0.039300,0.017820,638.850000,28.670000
2026-08-08,127.960000,1.287000,330.550000,277.240000,91.920000,158.150000,335.160000,580.160000,69.650000,22.330000,72.470000,9.450000,541.640000,631.400000,181.860000,59.900000,1.482000,0.026280,156.500000,4.940000,0.000342,2.970000,5.370000,0.331800,1530.470000,27.180000,0.130800,27.390000,114.950000,49.360000,1220.950000,1.690000,126.050000,129.030000,103.180000,5.710000,125.170000,49.480000,366.790000,14.220000,51.190000,9.850000,10.490000,469.930000,0.039300,0.017930,642.160000,28.940000
2026-08-11,126.900000,1.284000,329.330000,274.970000,91.650000,157.120000,334.400000,576.620000,69.120000,22.210000,72.050000,9.330000,538.560000,629.070000,180.510000,59.410000,1.483000,0.026260,155.370000,4.890000,0.000339,2.940000,5.330000,0.328900,1517.930000,27.050000,0.129700,27.180000,114.010000,49.080000,1210.630000,1.680000,125.280000,127.850000,102.790000,5.650000,124.110000,49.160000,364.300000,14.120000,50.660000,9.770000,10.390000,466.080000,0.039100,0.017820,636.470000,28.820000
2026-08-12,126.810000,1.283000,328.810000,274.770000,91.170000,157.330000,334.320000,574.420000,69.050000,22.170000,71.880000,9.280000,537.230000,628.470000,180.380000,59.360000,1.472000,0.026120,155.020000,4.880000,0.000339,2.930000,5.330000,0.329300,1516.820000,27.050000,0.129600,27.190000,113.870000,49.100000,1209.750000,1.680000,125.040000,127.760000,102.540000,5.620000,124.040000,48.970000,363.720000,14.050000,50.790000,9.760000,10.390000,465.740000,0.039200,0.017820,636.630000,28.710000
2026-08-13,126.670000,1.274000,328.660000,274.450000,90.150000,156.540000,333.900000,572.610000,68.990000,22.140000,71.790000,9.270000,536.550000,628.700000,180.240000,59.280000,1.474000,0.026040,155.550000,4.880000,0.000339,2.920000,5.320000,0.328400,1514.290000,27.090000,0.129400,27.280000,113.930000,48.980000,1208.320000,1.680000,124.670000,127.610000,102.450000,5.610000,123.910000,48.780000,363.600000,14.080000,50.450000,9.740000,10.420000,465.190000,0.039000,0.017860,635.480000,28.810000
2026-08-14,126.640000,1.281000,328.070000,274.380000,89.600000,155.170000,333.650000,572.900000,68.970000,22.150000,71.780000,9.250000,536.520000,627.300000,180.260000,59.270000,1.479000,0.026040,155.960000,4.870000,0.000338,2.920000,5.320000,0.327200,1513.930000,27.040000,0.129400,27.280000,113.850000,48.880000,1208.030000,1.680000,124.630000,127.580000,102.370000,5.560000,123.880000,48.660000,363.400000,14.040000,50.550000,9.740000,10.410000,465.080000,0.039000,0.017840,635.350000,28.830000
2026-08-15,126.350000,1.272000,328.290000,273.760000,89.580000,153.230000,334.140000,570.750000,68.830000,22.160000,71.730000,9.240000,536.180000,627.590000,179.920000,59.130000,1.478000,0.026040,157.190000,4.860000,0.000338,2.920000,5.310000,0.328600,1510.480000,26.960000,0.129100,27.290000,113.620000,49.030000,1205.280000,1.670000,124.440000,127.410000,102.330000,5.540000,123.610000,48.680000,362.830000,14.000000,50.440000,9.690000,10.380000,464.020000,0.039000,0.017750,633.780000,28.690000
2026-08-18,125.630000,1.265000,328.690000,272.210000,88.450000,152.360000,332.890000,569.480000,68.470000,22.100000,71.540000,9.200000,534.750000,625.410000,178.970000,58.810000,1.477000,0.025890,156.410000,4.830000,0.000336,2.900000,5.280000,0.326700,1502.900000,27.050000,0.128300,27.130000,113.640000,49.020000,1198.450000,1.660000,124.210000,126.580000,102.070000,5.450000,122.890000,48.600000,361.510000,13.980000,50.260000,9.630000,10.320000,461.390000,0.038900,0.017610,630.720000,28.550000
2026-08-19,125.290000,1.271000,326.970000,271.460000,88.490000,151.950000,331.720000,566.590000,68.250000,22.040000,71.260000,9.120000,532.600000,622.280000,178.480000,58.670000,1.463000,0.025780,154.050000,4.810000,0.000335,2.880000,5.260000,0.326300,1498.310000,26.910000,0.128000,26.990000,113.440000,48.790000,1195.200000,1.660000,123.260000,126.240000,101.620000,5.420000,122.560000,48.280000,360.100000,13.920000,50.010000,9.600000,10.270000,460.130000,0.039000,0.017580,629.730000,28.370000
2026-08-20,125.860000,1.279000,327.070000,272.700000,88.620000,152.640000,333.280000,570.430000,68.610000,22.200000,71.770000,9.130000,536.500000,626.590000,179.360000,58.950000,1.470000,0.025930,154.790000,4.830000,0.000336,2.910000,5.290000,0.332300,1505.110000,27.050000,0.128600,27.130000,114.040000,49.180000,1200.630000,1.670000,123.950000,126.810000,102.310000,5.430000,123.110000,48.600000,362.180000,13.990000,50.350000,9.660000,10.350000,462.220000,0.039200,0.017660,632.050000,28.450000
2026-08-21,124.770000,1.268000,326.400000,270.340000,88.460000,151.320000,332.850000,575.230000,68.170000,22.210000,71.700000,9.010000,535.990000,625.210000,177.950000,58.420000,1.472000,0.025830,153.850000,4.790000,0.000333,2.890000,5.240000,0.328600,1494.070000,26.950000,0.127500,27.010000,113.420000,49.200000,1190.330000,1.650000,124.200000,125.820000,102.070000,5.460000,122.040000,48.400000,360.580000,13.950000,49.810000,9.560000,10.280000,458.230000,0.038800,0.017560,627.450000,28.410000
2026-08-22,124.400000,1.264000,327.080000,269.550000,87.980000,153.130000,332.470000,571.890000,67.980000,22.160000,71.520000,8.990000,534.640000,623.500000,177.430000,58.280000,1.470000,0.025830,152.870000,4.770000,0.000333,2.880000,5.250000,0.330000,1489.660000,26.810000,0.127200,27.040000,113.230000,49.260000,1187.130000,1.650000,124.020000,125.450000,101.750000,5.470000,121.690000,48.280000,360.120000,13.980000,49.770000,9.510000,10.230000,456.880000,0.038600,0.017500,627.770000,28.520000
2026-08-25,124.700000,1.263000,327.880000,270.200000,89.160000,153.270000,330.940000,570.630000,68.130000,22.170000,71.460000,9.010000,534.150000,623.920000,177.860000,58.450000,1.476000,0.025870,153.060000,4.780000,0.000333,2.880000,5.240000,0.330700,1493.280000,26.750000,0.127400,27.050000,113.360000,49.120000,1189.710000,1.650000,123.880000,125.650000,101.780000,5.470000,121.980000,48.210000,360.540000,14.010000,49.730000,9.530000,10.240000,457.990000,0.038800,0.017500,629.390000,28.590000
2026-08-26,124.840000,1.268000,327.900000,270.490000,88.860000,152.760000,330.840000,571.170000,68.230000,22.190000,71.530000,9.100000,534.680000,624.950000,177.640000,58.500000,1.478000,0.025900,153.600000,4.810000,0.000334,2.880000,5.240000,0.331300,1494.390000,26.690000,0.127500,27.060000,113.370000,49.180000,1190.980000,1.650000,124.210000,125.820000,101.770000,5.430000,122.110000,48.310000,360.920000,14.010000,49.940000,9.550000,10.260000,458.480000,0.039000,0.017560,629.190000,28.670000
2026-08-27,124.950000,1.269000,329.470000,270.720000,89.140000,152.930000,330.910000,570.590000,68.280000,22.230000,71.590000,9.150000,535.090000,624.940000,177.650000,58.540000,1.486000,0.025930,154.550000,4.810000,0.000334,2.880000,5.250000,0.331600,1495.660000,26.870000,0.127700,27.110000,114.090000,49.170000,1191.990000,1.660000,124.580000,125.890000,101.860000,5.420000,122.220000,48.330000,361.290000,14.010000,49.930000,9.540000,10.300000,458.870000,0.038900,0.017580,629.740000,28.810000
2026-08-28,125.880000,1.279000,331.890000,272.740000,89.720000,154.070000,332.950000,573.640000,68.790000,22.300000,72.000000,9.210000,538.070000,627.530000,179.530000,58.980000,1.478000,0.026100,155.320000,4.840000,0.000336,2.900000,5.290000,0.334700,1506.840000,27.070000,0.128600,27.220000,114.710000,49.480000,1200.900000,1.670000,124.270000,126.830000,102.370000,5.410000,123.130000,48.520000,363.500000,14.070000,50.360000,9.610000,10.380000,462.300000,0.039300,0.017730,634.430000,28.890000
2026-08-29,126.540000,1.279000,334.590000,274.200000,90.040000,154.890000,335.720000,578.650000,69.160000,22.420000,72.440000,9.260000,541.360000,631.620000,180.420000,59.290000,1.485000,0.026280,156.330000,4.870000,0.000338,2.910000,5.310000,0.338100,1514.900000,27.180000,0.129200,27.420000,115.560000,49.920000,1207.320000,1.680000,124.890000,127.510000,103.010000,5.410000,123.800000,48.840000,365.760000,14.110000,50.410000,9.630000,10.430000,464.770000,0.039400,0.017830,637.170000,29.080000
2026-09-01,125.880000,1.272000,330.830000,272.830000,89.180000,151.050000,332.760000,571.740000,68.800000,22.230000,71.730000,9.090000,536.090000,625.920000,179.470000,58.990000,1.470000,0.026100,154.760000,4.860000,0.000336,2.890000,5.290000,0.338100,1505.410000,27.040000,0.128600,27.170000,114.950000,49.430000,1200.930000,1.670000,123.870000,126.830000,102.000000,5.340000,123.130000,48.220000,363.250000,13.940000,50.360000,9.580000,10.390000,462.310000,0.039100,0.017730,633.960000,28.670000
2026-09-02,124.830000,1.270000,327.470000,270.470000,88.420000,148.770000,330.490000,565.920000,68.200000,22.010000,71.100000,9.010000,531.390000,620.420000,177.350000,58.470000,1.451000,0.025890,152.200000,4.830000,0.000334,2.860000,5.240000,0.333700,1492.840000,26.790000,0.127500,26.970000,113.590000,49.150000,1190.840000,1.650000,122.650000,125.780000,101.110000,5.290000,122.110000,47.800000,360.050000,13.790000,49.940000,9.500000,10.310000,458.450000,0.038800,0.017590,627.560000,28.390000
2026-09-03,124.000000,1.256000,324.790000,268.670000,88.320000,147.670000,326.940000,558.840000,67.750000,21.780000,70.520000,8.920000,526.990000,614.060000,176.310000,58.070000,1.428000,0.025660,149.760000,4.800000,0.000331,2.850000,5.210000,0.333900,1482.900000,26.570000,0.126700,26.760000,112.640000,48.780000,1182.920000,1.640000,121.660000,124.940000,100.320000,5.250000,121.290000,47.150000,357.460000,13.680000,49.450000,9.430000,10.200000,455.400000,0.038600,0.017470,623.150000,28.210000
2026-09-04,124.120000,1.259000,327.720000,268.940000,89.580000,148.080000,330.310000,563.350000,67.840000,21.850000,70.770000,8.950000,528.840000,615.090000,176.690000,58.140000,1.440000,0.025830,150.690000,4.820000,0.000332,2.920000,5.210000,0.335500,1485.130000,26.630000,0.126800,26.790000,112.880000,48.990000,1184.110000,1.640000,122.330000,125.060000,100.760000,5.250000,121.400000,47.570000,359.370000,13.810000,49.500000,9.450000,10.180000,455.860000,0.038700,0.017490,623.320000,28.400000
2026-09-05,124.310000,1.265000,328.680000,269.360000,89.460000,148.470000,330.700000,564.280000,68.030000,21.940000,70.990000,8.970000,530.520000,617.730000,177.300000,58.230000,1.461000,0.025900,151.770000,4.830000,0.000332,2.920000,5.220000,0.338000,1487.410000,26.700000,0.127000,27.010000,112.980000,49.070000,1185.930000,1.650000,122.950000,125.260000,101.040000,5.280000,121.590000,47.770000,360.320000,13.880000,49.730000,9.460000,10.260000,456.560000,0.038700,0.017520,625.770000,28.580000
2026-09-08,123.700000,1.255000,327.920000,268.030000,88.630000,147.980000,328.830000,561.780000,67.700000,21.830000,70.660000,8.930000,528.040000,615.040000,176.500000,57.950000,1.456000,0.025770,150.930000,4.810000,0.000331,2.940000,5.200000,0.337700,1480.800000,26.570000,0.126300,26.880000,112.340000,49.030000,1180.090000,1.640000,122.580000,124.640000,100.630000,5.250000,120.990000,47.330000,358.850000,13.820000,49.380000,9.380000,10.230000,454.310000,0.038600,0.017460,623.260000,28.430000
2026-09-09,123.740000,1.259000,327.710000,268.120000,88.660000,147.890000,329.080000,559.960000,67.720000,21.820000,70.610000,8.910000,527.720000,614.750000,176.630000,57.960000,1.447000,0.025780,150.640000,4.790000,0.000331,2.950000,5.200000,0.338600,1482.260000,26.580000,0.126400,26.790000,112.020000,49.090000,1180.480000,1.640000,122.290000,124.680000,100.540000,5.250000,121.020000,47.300000,358.970000,13.800000,49.290000,9.380000,10.220000,454.460000,0.038500,0.017500,623.470000,28.330000
2026-09-10,124.410000,1.266000,329.600000,269.550000,89.760000,149.480000,331.540000,564.550000,68.110000,21.910000,71.100000,8.930000,531.360000,618.400000,177.570000,58.260000,1.459000,0.026110,151.220000,4.800000,0.000333,2.980000,5.220000,0.341500,1490.180000,26.700000,0.127100,27.030000,112.310000,49.620000,1189.820000,1.650000,123.110000,125.350000,101.160000,5.320000,121.680000,47.630000,361.290000,13.900000,49.660000,9.430000,10.230000,456.890000,0.038700,0.017640,627.160000,28.470000
2026-09-11,122.730000,1.245000,324.520000,265.950000,88.210000,148.730000,326.280000,555.840000,67.220000,21.630000,70.130000,8.790000,524.130000,610.230000,175.270000,57.490000,1.441000,0.025720,149.100000,4.720000,0.000328,2.930000,5.150000,0.335800,1470.290000,26.320000,0.125400,26.660000,111.000000,48.800000,1170.940000,1.630000,121.400000,123.670000,99.810000,5.310000,120.060000,46.890000,356.130000,13.680000,49.000000,9.300000,10.130000,450.790000,0.038300,0.017390,619.330000,28.010000
